$MeshFormat
4.1 0 8
$EndMeshFormat
$PhysicalNames
10
1 1 "Material:Structural Steel (AISI 4130)"
1 2 "Material:Aluminum 2024-T3"
1 3 "Material:Aluminum 7075-T6"
1 4 "Section:CHS 114.3x5"
1 5 "Section:CHS 168.3x8"
1 6 "Section:Box 40x40x2"
1 7 "Section:Box 60x40x3"
1 8 "Section:Box 80x40x3"
1 9 "Section:Box 120x60x4"
1 10 "Section:Box 200x100x6"
$EndPhysicalNames
$Entities
0 11 0 0
1 1 1.2000000000000002 -17 37.400000000000006 11 17 2 2 8 0
2 1 1.35 -6.933333333333334 37 3.973688103937538 6.933333333333334 2 2 9 0
3 15 1.2000000000000002 -2 17 5.2 2 2 2 10 0
4 1 1.2000000000000002 -2 37 5.2 2 2 3 7 0
5 1 1.2000000000000002 -17 37.400000000000006 11 17 2 2 6 0
6 15 1.35 -17 37.400000000000006 11 17 2 2 7 0
7 15 1.35 -7.9399999999999995 36 5.062222222222222 7.9399999999999995 2 3 10 0
8 17.718 1.9432 -12.973333333333333 21.249666666666666 2.8342 12.973333333333333 2 3 9 0
9 19.983 2.4375333333333336 -17 37.400000000000006 11 17 2 3 8 0
10 17.772666666666666 0 -3.913333333333333 17.772666666666666 1.5477333333333334 3.913333333333333 2 1 5 0
11 4 0 -5.926666666666666 18.545333333333335 1.7454666666666667 5.926666666666666 2 1 4 0
$EndEntities
$Nodes
1 961 1 961
1 1 0 961
1
2
3
4
5
6
7
8
9
10
11
12
13
14
15
16
17
18
19
20
21
22
23
24
25
26
27
28
29
30
31
32
33
34
35
36
37
38
39
40
41
42
43
44
45
46
47
48
49
50
51
52
53
54
55
56
57
58
59
60
61
62
63
64
65
66
67
68
69
70
71
72
73
74
75
76
77
78
79
80
81
82
83
84
85
86
87
88
89
90
91
92
93
94
95
96
97
98
99
100
101
102
103
104
105
106
107
108
109
110
111
112
113
114
115
116
117
118
119
120
121
122
123
124
125
126
127
128
129
130
131
132
133
134
135
136
137
138
139
140
141
142
143
144
145
146
147
148
149
150
151
152
153
154
155
156
157
158
159
160
161
162
163
164
165
166
167
168
169
170
171
172
173
174
175
176
177
178
179
180
181
182
183
184
185
186
187
188
189
190
191
192
193
194
195
196
197
198
199
200
201
202
203
204
205
206
207
208
209
210
211
212
213
214
215
216
217
218
219
220
221
222
223
224
225
226
227
228
229
230
231
232
233
234
235
236
237
238
239
240
241
242
243
244
245
246
247
248
249
250
251
252
253
254
255
256
257
258
259
260
261
262
263
264
265
266
267
268
269
270
271
272
273
274
275
276
277
278
279
280
281
282
283
284
285
286
287
288
289
290
291
292
293
294
295
296
297
298
299
300
301
302
303
304
305
306
307
308
309
310
311
312
313
314
315
316
317
318
319
320
321
322
323
324
325
326
327
328
329
330
331
332
333
334
335
336
337
338
339
340
341
342
343
344
345
346
347
348
349
350
351
352
353
354
355
356
357
358
359
360
361
362
363
364
365
366
367
368
369
370
371
372
373
374
375
376
377
378
379
380
381
382
383
384
385
386
387
388
389
390
391
392
393
394
395
396
397
398
399
400
401
402
403
404
405
406
407
408
409
410
411
412
413
414
415
416
417
418
419
420
421
422
423
424
425
426
427
428
429
430
431
432
433
434
435
436
437
438
439
440
441
442
443
444
445
446
447
448
449
450
451
452
453
454
455
456
457
458
459
460
461
462
463
464
465
466
467
468
469
470
471
472
473
474
475
476
477
478
479
480
481
482
483
484
485
486
487
488
489
490
491
492
493
494
495
496
497
498
499
500
501
502
503
504
505
506
507
508
509
510
511
512
513
514
515
516
517
518
519
520
521
522
523
524
525
526
527
528
529
530
531
532
533
534
535
536
537
538
539
540
541
542
543
544
545
546
547
548
549
550
551
552
553
554
555
556
557
558
559
560
561
562
563
564
565
566
567
568
569
570
571
572
573
574
575
576
577
578
579
580
581
582
583
584
585
586
587
588
589
590
591
592
593
594
595
596
597
598
599
600
601
602
603
604
605
606
607
608
609
610
611
612
613
614
615
616
617
618
619
620
621
622
623
624
625
626
627
628
629
630
631
632
633
634
635
636
637
638
639
640
641
642
643
644
645
646
647
648
649
650
651
652
653
654
655
656
657
658
659
660
661
662
663
664
665
666
667
668
669
670
671
672
673
674
675
676
677
678
679
680
681
682
683
684
685
686
687
688
689
690
691
692
693
694
695
696
697
698
699
700
701
702
703
704
705
706
707
708
709
710
711
712
713
714
715
716
717
718
719
720
721
722
723
724
725
726
727
728
729
730
731
732
733
734
735
736
737
738
739
740
741
742
743
744
745
746
747
748
749
750
751
752
753
754
755
756
757
758
759
760
761
762
763
764
765
766
767
768
769
770
771
772
773
774
775
776
777
778
779
780
781
782
783
784
785
786
787
788
789
790
791
792
793
794
795
796
797
798
799
800
801
802
803
804
805
806
807
808
809
810
811
812
813
814
815
816
817
818
819
820
821
822
823
824
825
826
827
828
829
830
831
832
833
834
835
836
837
838
839
840
841
842
843
844
845
846
847
848
849
850
851
852
853
854
855
856
857
858
859
860
861
862
863
864
865
866
867
868
869
870
871
872
873
874
875
876
877
878
879
880
881
882
883
884
885
886
887
888
889
890
891
892
893
894
895
896
897
898
899
900
901
902
903
904
905
906
907
908
909
910
911
912
913
914
915
916
917
918
919
920
921
922
923
924
925
926
927
928
929
930
931
932
933
934
935
936
937
938
939
940
941
942
943
944
945
946
947
948
949
950
951
952
953
954
955
956
957
958
959
960
961
1 3.2 0.816496580927726
1 3.452311319355707 0.776534393824027
1 3.679924648816545 0.66055960981957
1 3.8605596098195702 0.4799246488165452
1 3.976534393824027 0.25231131935570694
1 4.016496580927726 4.9995996217394874e-17
1 3.976534393824027 -0.25231131935570683
1 3.8605596098195702 -0.47992464881654506
1 3.6799246488165456 -0.6605596098195698
1 3.452311319355707 -0.776534393824027
1 3.2 -0.816496580927726
1 2.9476886806442937 -0.7765343938240272
1 2.7200753511834552 -0.6605596098195701
1 2.53944039018043 -0.47992464881654523
1 2.423465606175973 -0.25231131935570705
1 2.383503419072274 -1.4998798865218462e-16
1 2.423465606175973 0.2523113193557068
1 2.53944039018043 0.47992464881654495
1 2.720075351183455 0.6605596098195698
1 2.9476886806442932 0.776534393824027
2 3.2 1.1547005383792515
2 3.5568220897730902 1.0981854713951091
2 3.878715947273503 0.9341723589627157
2 4.134172358962716 0.6787159472735029
2 4.29818547139511 0.35682208977308993
2 4.354700538379252 7.070501591499379e-17
2 4.29818547139511 -0.3568220897730898
2 4.134172358962716 -0.6787159472735027
2 3.8787159472735033 -0.9341723589627156
2 3.5568220897730902 -1.0981854713951091
2 3.2 -1.1547005383792515
2 2.843177910226911 -1.0981854713951094
2 2.5212840527264975 -0.9341723589627158
2 2.2658276410372844 -0.678715947273503
2 2.101814528604891 -0.35682208977309005
2 2.0452994616207487 -2.1211504774498136e-16
2 2.1018145286048906 0.3568220897730897
2 2.2658276410372844 0.6787159472735026
2 2.521284052726497 0.9341723589627156
2 2.84317791022691 1.0981854713951091
3 3.2 1.4142135623730951
3 3.637016024448821 1.3449970239279148
3 4.031253875554907 1.1441228056353687
3 4.344122805635369 0.8312538755549069
3 4.544997023927915 0.43701602444882115
3 4.614213562373095 8.659560562354934e-17
3 4.544997023927915 -0.437016024448821
3 4.344122805635369 -0.8312538755549068
3 4.031253875554907 -1.1441228056353685
3 3.637016024448821 -1.3449970239279148
3 3.2 -1.4142135623730951
3 2.7629839755511796 -1.344997023927915
3 2.368746124445093 -1.144122805635369
3 2.0558771943646317 -0.831253875554907
3 1.8550029760720854 -0.4370160244488213
3 1.785786437626905 -2.59786816870648e-16
3 1.8550029760720854 0.4370160244488208
3 2.0558771943646312 0.8312538755549066
3 2.368746124445093 1.1441228056353685
3 2.7629839755511787 1.3449970239279148
4 3.2 1.632993161855452
4 3.704622638711414 1.553068787648054
4 4.159849297633091 1.32111921963914
4 4.52111921963914 0.9598492976330903
4 4.753068787648054 0.5046226387114139
4 4.832993161855452 9.999199243478975e-17
4 4.753068787648054 -0.5046226387114137
4 4.52111921963914 -0.9598492976330901
4 4.159849297633091 -1.3211192196391397
4 3.704622638711414 -1.553068787648054
4 3.2 -1.632993161855452
4 2.695377361288587 -1.5530687876480544
4 2.2401507023669103 -1.3211192196391401
4 1.8788807803608605 -0.9598492976330905
4 1.6469312123519462 -0.5046226387114141
4 1.567006838144548 -2.9997597730436923e-16
4 1.646931212351946 0.5046226387114136
4 1.87888078036086 0.9598492976330899
4 2.2401507023669094 1.3211192196391397
4 2.6953773612885863 1.553068787648054
5 3.2 1.8257418583505538
5 3.7641852615720195 1.7363836914571174
5 4.273144138831509 1.477056190747296
5 4.6770561907472965 1.073144138831509
5 4.9363836914571175 0.5641852615720192
5 5.025741858350554 1.117944461449173e-16
5 4.9363836914571175 -0.564185261572019
5 4.6770561907472965 -1.0731441388315088
5 4.273144138831509 -1.4770561907472959
5 3.7641852615720195 -1.7363836914571174
5 3.2000000000000006 -1.8257418583505538
5 2.6358147384279818 -1.7363836914571178
5 2.126855861168491 -1.4770561907472963
5 1.7229438092527043 -1.0731441388315093
5 1.4636163085428828 -0.5641852615720194
5 1.3742581416494464 -3.353833384347519e-16
5 1.4636163085428826 0.5641852615720188
5 1.7229438092527039 1.0731441388315086
5 2.1268558611684907 1.4770561907472959
5 2.635814738427981 1.7363836914571174
6 3.2 2
6 3.818033988749895 1.902113032590307
6 4.375570504584946 1.618033988749895
6 4.818033988749895 1.1755705045849463
6 5.1021130325903075 0.6180339887498949
6 5.2 1.2246467991473532e-16
6 5.1021130325903075 -0.6180339887498947
6 4.818033988749895 -1.175570504584946
6 4.375570504584947 -1.6180339887498947
6 3.818033988749895 -1.902113032590307
6 3.2000000000000006 -2
6 2.581966011250106 -1.9021130325903075
6 2.0244294954150543 -1.6180339887498951
6 1.5819660112501055 -1.1755705045849465
6 1.2978869674096931 -0.6180339887498951
6 1.2000000000000002 -3.6739403974420594e-16
6 1.297886967409693 0.6180339887498945
6 1.581966011250105 1.1755705045849458
6 2.0244294954150535 1.6180339887498947
6 2.581966011250105 1.902113032590307
7 3.2 2
7 3.818033988749895 1.902113032590307
7 4.375570504584946 1.618033988749895
7 4.818033988749895 1.1755705045849463
7 5.1021130325903075 0.6180339887498949
7 5.2 1.2246467991473532e-16
7 5.1021130325903075 -0.6180339887498947
7 4.818033988749895 -1.175570504584946
7 4.375570504584947 -1.6180339887498947
7 3.818033988749895 -1.902113032590307
7 3.2000000000000006 -2
7 2.581966011250106 -1.9021130325903075
7 2.0244294954150543 -1.6180339887498951
7 1.5819660112501055 -1.1755705045849465
7 1.2978869674096931 -0.6180339887498951
7 1.2000000000000002 -3.6739403974420594e-16
7 1.297886967409693 0.6180339887498945
7 1.581966011250105 1.1755705045849458
7 2.0244294954150535 1.6180339887498947
7 2.581966011250105 1.902113032590307
8 3.2 2
8 3.818033988749895 1.902113032590307
8 4.375570504584946 1.618033988749895
8 4.818033988749895 1.1755705045849463
8 5.1021130325903075 0.6180339887498949
8 5.2 1.2246467991473532e-16
8 5.1021130325903075 -0.6180339887498947
8 4.818033988749895 -1.175570504584946
8 4.375570504584947 -1.6180339887498947
8 3.818033988749895 -1.902113032590307
8 3.2000000000000006 -2
8 2.581966011250106 -1.9021130325903075
8 2.0244294954150543 -1.6180339887498951
8 1.5819660112501055 -1.1755705045849465
8 1.2978869674096931 -0.6180339887498951
8 1.2000000000000002 -3.6739403974420594e-16
8 1.297886967409693 0.6180339887498945
8 1.581966011250105 1.1755705045849458
8 2.0244294954150535 1.6180339887498947
8 2.581966011250105 1.902113032590307
9 3.2 2
9 3.818033988749895 1.902113032590307
9 4.375570504584946 1.618033988749895
9 4.818033988749895 1.1755705045849463
9 5.1021130325903075 0.6180339887498949
9 5.2 1.2246467991473532e-16
9 5.1021130325903075 -0.6180339887498947
9 4.818033988749895 -1.175570504584946
9 4.375570504584947 -1.6180339887498947
9 3.818033988749895 -1.902113032590307
9 3.2000000000000006 -2
9 2.581966011250106 -1.9021130325903075
9 2.0244294954150543 -1.6180339887498951
9 1.5819660112501055 -1.1755705045849465
9 1.2978869674096931 -0.6180339887498951
9 1.2000000000000002 -3.6739403974420594e-16
9 1.297886967409693 0.6180339887498945
9 1.581966011250105 1.1755705045849458
9 2.0244294954150535 1.6180339887498947
9 2.581966011250105 1.902113032590307
10 3.2 2
10 3.818033988749895 1.902113032590307
10 4.375570504584946 1.618033988749895
10 4.818033988749895 1.1755705045849463
10 5.1021130325903075 0.6180339887498949
10 5.2 1.2246467991473532e-16
10 5.1021130325903075 -0.6180339887498947
10 4.818033988749895 -1.175570504584946
10 4.375570504584947 -1.6180339887498947
10 3.818033988749895 -1.902113032590307
10 3.2000000000000006 -2
10 2.581966011250106 -1.9021130325903075
10 2.0244294954150543 -1.6180339887498951
10 1.5819660112501055 -1.1755705045849465
10 1.2978869674096931 -0.6180339887498951
10 1.2000000000000002 -3.6739403974420594e-16
10 1.297886967409693 0.6180339887498945
10 1.581966011250105 1.1755705045849458
10 2.0244294954150535 1.6180339887498947
10 2.581966011250105 1.902113032590307
11 3.2 2
11 3.818033988749895 1.902113032590307
11 4.375570504584946 1.618033988749895
11 4.818033988749895 1.1755705045849463
11 5.1021130325903075 0.6180339887498949
11 5.2 1.2246467991473532e-16
11 5.1021130325903075 -0.6180339887498947
11 4.818033988749895 -1.175570504584946
11 4.375570504584947 -1.6180339887498947
11 3.818033988749895 -1.902113032590307
11 3.2000000000000006 -2
11 2.581966011250106 -1.9021130325903075
11 2.0244294954150543 -1.6180339887498951
11 1.5819660112501055 -1.1755705045849465
11 1.2978869674096931 -0.6180339887498951
11 1.2000000000000002 -3.6739403974420594e-16
11 1.297886967409693 0.6180339887498945
11 1.581966011250105 1.1755705045849458
11 2.0244294954150535 1.6180339887498947
11 2.581966011250105 1.902113032590307
12 3.2 2
12 3.818033988749895 1.902113032590307
12 4.375570504584946 1.618033988749895
12 4.818033988749895 1.1755705045849463
12 5.1021130325903075 0.6180339887498949
12 5.2 1.2246467991473532e-16
12 5.1021130325903075 -0.6180339887498947
12 4.818033988749895 -1.175570504584946
12 4.375570504584947 -1.6180339887498947
12 3.818033988749895 -1.902113032590307
12 3.2000000000000006 -2
12 2.581966011250106 -1.9021130325903075
12 2.0244294954150543 -1.6180339887498951
12 1.5819660112501055 -1.1755705045849465
12 1.2978869674096931 -0.6180339887498951
12 1.2000000000000002 -3.6739403974420594e-16
12 1.297886967409693 0.6180339887498945
12 1.581966011250105 1.1755705045849458
12 2.0244294954150535 1.6180339887498947
12 2.581966011250105 1.902113032590307
13 3.2 2
13 3.818033988749895 1.902113032590307
13 4.375570504584946 1.618033988749895
13 4.818033988749895 1.1755705045849463
13 5.1021130325903075 0.6180339887498949
13 5.2 1.2246467991473532e-16
13 5.1021130325903075 -0.6180339887498947
13 4.818033988749895 -1.175570504584946
13 4.375570504584947 -1.6180339887498947
13 3.818033988749895 -1.902113032590307
13 3.2000000000000006 -2
13 2.581966011250106 -1.9021130325903075
13 2.0244294954150543 -1.6180339887498951
13 1.5819660112501055 -1.1755705045849465
13 1.2978869674096931 -0.6180339887498951
13 1.2000000000000002 -3.6739403974420594e-16
13 1.297886967409693 0.6180339887498945
13 1.581966011250105 1.1755705045849458
13 2.0244294954150535 1.6180339887498947
13 2.581966011250105 1.902113032590307
14 3.2 2
14 3.818033988749895 1.902113032590307
14 4.375570504584946 1.618033988749895
14 4.818033988749895 1.1755705045849463
14 5.1021130325903075 0.6180339887498949
14 5.2 1.2246467991473532e-16
14 5.1021130325903075 -0.6180339887498947
14 4.818033988749895 -1.175570504584946
14 4.375570504584947 -1.6180339887498947
14 3.818033988749895 -1.902113032590307
14 3.2000000000000006 -2
14 2.581966011250106 -1.9021130325903075
14 2.0244294954150543 -1.6180339887498951
14 1.5819660112501055 -1.1755705045849465
14 1.2978869674096931 -0.6180339887498951
14 1.2000000000000002 -3.6739403974420594e-16
14 1.297886967409693 0.6180339887498945
14 1.581966011250105 1.1755705045849458
14 2.0244294954150535 1.6180339887498947
14 2.581966011250105 1.902113032590307
15 3.2 2
15 3.818033988749895 1.902113032590307
15 4.375570504584946 1.618033988749895
15 4.818033988749895 1.1755705045849463
15 5.1021130325903075 0.6180339887498949
15 5.2 1.2246467991473532e-16
15 5.1021130325903075 -0.6180339887498947
15 4.818033988749895 -1.175570504584946
15 4.375570504584947 -1.6180339887498947
15 3.818033988749895 -1.902113032590307
15 3.2000000000000006 -2
15 2.581966011250106 -1.9021130325903075
15 2.0244294954150543 -1.6180339887498951
15 1.5819660112501055 -1.1755705045849465
15 1.2978869674096931 -0.6180339887498951
15 1.2000000000000002 -3.6739403974420594e-16
15 1.297886967409693 0.6180339887498945
15 1.581966011250105 1.1755705045849458
15 2.0244294954150535 1.6180339887498947
15 2.581966011250105 1.902113032590307
16 3.2 2
16 3.818033988749895 1.902113032590307
16 4.375570504584946 1.618033988749895
16 4.818033988749895 1.1755705045849463
16 5.1021130325903075 0.6180339887498949
16 5.2 1.2246467991473532e-16
16 5.1021130325903075 -0.6180339887498947
16 4.818033988749895 -1.175570504584946
16 4.375570504584947 -1.6180339887498947
16 3.818033988749895 -1.902113032590307
16 3.2000000000000006 -2
16 2.581966011250106 -1.9021130325903075
16 2.0244294954150543 -1.6180339887498951
16 1.5819660112501055 -1.1755705045849465
16 1.2978869674096931 -0.6180339887498951
16 1.2000000000000002 -3.6739403974420594e-16
16 1.297886967409693 0.6180339887498945
16 1.581966011250105 1.1755705045849458
16 2.0244294954150535 1.6180339887498947
16 2.581966011250105 1.902113032590307
17 3.2 2
17 3.818033988749895 1.902113032590307
17 4.375570504584946 1.618033988749895
17 4.818033988749895 1.1755705045849463
17 5.1021130325903075 0.6180339887498949
17 5.2 1.2246467991473532e-16
17 5.1021130325903075 -0.6180339887498947
17 4.818033988749895 -1.175570504584946
17 4.375570504584947 -1.6180339887498947
17 3.818033988749895 -1.902113032590307
17 3.2000000000000006 -2
17 2.581966011250106 -1.9021130325903075
17 2.0244294954150543 -1.6180339887498951
17 1.5819660112501055 -1.1755705045849465
17 1.2978869674096931 -0.6180339887498951
17 1.2000000000000002 -3.6739403974420594e-16
17 1.297886967409693 0.6180339887498945
17 1.581966011250105 1.1755705045849458
17 2.0244294954150535 1.6180339887498947
17 2.581966011250105 1.902113032590307
18 3.2 2
18 3.818033988749895 1.902113032590307
18 4.375570504584946 1.618033988749895
18 4.818033988749895 1.1755705045849463
18 5.1021130325903075 0.6180339887498949
18 5.2 1.2246467991473532e-16
18 5.1021130325903075 -0.6180339887498947
18 4.818033988749895 -1.175570504584946
18 4.375570504584947 -1.6180339887498947
18 3.818033988749895 -1.902113032590307
18 3.2000000000000006 -2
18 2.581966011250106 -1.9021130325903075
18 2.0244294954150543 -1.6180339887498951
18 1.5819660112501055 -1.1755705045849465
18 1.2978869674096931 -0.6180339887498951
18 1.2000000000000002 -3.6739403974420594e-16
18 1.297886967409693 0.6180339887498945
18 1.581966011250105 1.1755705045849458
18 2.0244294954150535 1.6180339887498947
18 2.581966011250105 1.902113032590307
19 3.2 2
19 3.818033988749895 1.902113032590307
19 4.375570504584946 1.618033988749895
19 4.818033988749895 1.1755705045849463
19 5.1021130325903075 0.6180339887498949
19 5.2 1.2246467991473532e-16
19 5.1021130325903075 -0.6180339887498947
19 4.818033988749895 -1.175570504584946
19 4.375570504584947 -1.6180339887498947
19 3.818033988749895 -1.902113032590307
19 3.2000000000000006 -2
19 2.581966011250106 -1.9021130325903075
19 2.0244294954150543 -1.6180339887498951
19 1.5819660112501055 -1.1755705045849465
19 1.2978869674096931 -0.6180339887498951
19 1.2000000000000002 -3.6739403974420594e-16
19 1.297886967409693 0.6180339887498945
19 1.581966011250105 1.1755705045849458
19 2.0244294954150535 1.6180339887498947
19 2.581966011250105 1.902113032590307
20 3.2 2
20 3.818033988749895 1.902113032590307
20 4.375570504584946 1.618033988749895
20 4.818033988749895 1.1755705045849463
20 5.1021130325903075 0.6180339887498949
20 5.2 1.2246467991473532e-16
20 5.1021130325903075 -0.6180339887498947
20 4.818033988749895 -1.175570504584946
20 4.375570504584947 -1.6180339887498947
20 3.818033988749895 -1.902113032590307
20 3.2000000000000006 -2
20 2.581966011250106 -1.9021130325903075
20 2.0244294954150543 -1.6180339887498951
20 1.5819660112501055 -1.1755705045849465
20 1.2978869674096931 -0.6180339887498951
20 1.2000000000000002 -3.6739403974420594e-16
20 1.297886967409693 0.6180339887498945
20 1.581966011250105 1.1755705045849458
20 2.0244294954150535 1.6180339887498947
20 2.581966011250105 1.902113032590307
21 3.2 2
21 3.818033988749895 1.902113032590307
21 4.375570504584946 1.618033988749895
21 4.818033988749895 1.1755705045849463
21 5.1021130325903075 0.6180339887498949
21 5.2 1.2246467991473532e-16
21 5.1021130325903075 -0.6180339887498947
21 4.818033988749895 -1.175570504584946
21 4.375570504584947 -1.6180339887498947
21 3.818033988749895 -1.902113032590307
21 3.2000000000000006 -2
21 2.581966011250106 -1.9021130325903075
21 2.0244294954150543 -1.6180339887498951
21 1.5819660112501055 -1.1755705045849465
21 1.2978869674096931 -0.6180339887498951
21 1.2000000000000002 -3.6739403974420594e-16
21 1.297886967409693 0.6180339887498945
21 1.581966011250105 1.1755705045849458
21 2.0244294954150535 1.6180339887498947
21 2.581966011250105 1.902113032590307
22 3.2 2
22 3.818033988749895 1.902113032590307
22 4.375570504584946 1.618033988749895
22 4.818033988749895 1.1755705045849463
22 5.1021130325903075 0.6180339887498949
22 5.2 1.2246467991473532e-16
22 5.1021130325903075 -0.6180339887498947
22 4.818033988749895 -1.175570504584946
22 4.375570504584947 -1.6180339887498947
22 3.818033988749895 -1.902113032590307
22 3.2000000000000006 -2
22 2.581966011250106 -1.9021130325903075
22 2.0244294954150543 -1.6180339887498951
22 1.5819660112501055 -1.1755705045849465
22 1.2978869674096931 -0.6180339887498951
22 1.2000000000000002 -3.6739403974420594e-16
22 1.297886967409693 0.6180339887498945
22 1.581966011250105 1.1755705045849458
22 2.0244294954150535 1.6180339887498947
22 2.581966011250105 1.902113032590307
23 3.2 2
23 3.818033988749895 1.902113032590307
23 4.375570504584946 1.618033988749895
23 4.818033988749895 1.1755705045849463
23 5.1021130325903075 0.6180339887498949
23 5.2 1.2246467991473532e-16
23 5.1021130325903075 -0.6180339887498947
23 4.818033988749895 -1.175570504584946
23 4.375570504584947 -1.6180339887498947
23 3.818033988749895 -1.902113032590307
23 3.2000000000000006 -2
23 2.581966011250106 -1.9021130325903075
23 2.0244294954150543 -1.6180339887498951
23 1.5819660112501055 -1.1755705045849465
23 1.2978869674096931 -0.6180339887498951
23 1.2000000000000002 -3.6739403974420594e-16
23 1.297886967409693 0.6180339887498945
23 1.581966011250105 1.1755705045849458
23 2.0244294954150535 1.6180339887498947
23 2.581966011250105 1.902113032590307
24 3.2 2
24 3.818033988749895 1.902113032590307
24 4.375570504584946 1.618033988749895
24 4.818033988749895 1.1755705045849463
24 5.1021130325903075 0.6180339887498949
24 5.2 1.2246467991473532e-16
24 5.1021130325903075 -0.6180339887498947
24 4.818033988749895 -1.175570504584946
24 4.375570504584947 -1.6180339887498947
24 3.818033988749895 -1.902113032590307
24 3.2000000000000006 -2
24 2.581966011250106 -1.9021130325903075
24 2.0244294954150543 -1.6180339887498951
24 1.5819660112501055 -1.1755705045849465
24 1.2978869674096931 -0.6180339887498951
24 1.2000000000000002 -3.6739403974420594e-16
24 1.297886967409693 0.6180339887498945
24 1.581966011250105 1.1755705045849458
24 2.0244294954150535 1.6180339887498947
24 2.581966011250105 1.902113032590307
25 3.2 2
25 3.818033988749895 1.902113032590307
25 4.375570504584946 1.618033988749895
25 4.818033988749895 1.1755705045849463
25 5.1021130325903075 0.6180339887498949
25 5.2 1.2246467991473532e-16
25 5.1021130325903075 -0.6180339887498947
25 4.818033988749895 -1.175570504584946
25 4.375570504584947 -1.6180339887498947
25 3.818033988749895 -1.902113032590307
25 3.2000000000000006 -2
25 2.581966011250106 -1.9021130325903075
25 2.0244294954150543 -1.6180339887498951
25 1.5819660112501055 -1.1755705045849465
25 1.2978869674096931 -0.6180339887498951
25 1.2000000000000002 -3.6739403974420594e-16
25 1.297886967409693 0.6180339887498945
25 1.581966011250105 1.1755705045849458
25 2.0244294954150535 1.6180339887498947
25 2.581966011250105 1.902113032590307
26 3.2 2
26 3.818033988749895 1.902113032590307
26 4.375570504584946 1.618033988749895
26 4.818033988749895 1.1755705045849463
26 5.1021130325903075 0.6180339887498949
26 5.2 1.2246467991473532e-16
26 5.1021130325903075 -0.6180339887498947
26 4.818033988749895 -1.175570504584946
26 4.375570504584947 -1.6180339887498947
26 3.818033988749895 -1.902113032590307
26 3.2000000000000006 -2
26 2.581966011250106 -1.9021130325903075
26 2.0244294954150543 -1.6180339887498951
26 1.5819660112501055 -1.1755705045849465
26 1.2978869674096931 -0.6180339887498951
26 1.2000000000000002 -3.6739403974420594e-16
26 1.297886967409693 0.6180339887498945
26 1.581966011250105 1.1755705045849458
26 2.0244294954150535 1.6180339887498947
26 2.581966011250105 1.902113032590307
27 3.2 2
27 3.818033988749895 1.902113032590307
27 4.375570504584946 1.618033988749895
27 4.818033988749895 1.1755705045849463
27 5.1021130325903075 0.6180339887498949
27 5.2 1.2246467991473532e-16
27 5.1021130325903075 -0.6180339887498947
27 4.818033988749895 -1.175570504584946
27 4.375570504584947 -1.6180339887498947
27 3.818033988749895 -1.902113032590307
27 3.2000000000000006 -2
27 2.581966011250106 -1.9021130325903075
27 2.0244294954150543 -1.6180339887498951
27 1.5819660112501055 -1.1755705045849465
27 1.2978869674096931 -0.6180339887498951
27 1.2000000000000002 -3.6739403974420594e-16
27 1.297886967409693 0.6180339887498945
27 1.581966011250105 1.1755705045849458
27 2.0244294954150535 1.6180339887498947
27 2.581966011250105 1.902113032590307
28 3.2 2
28 3.818033988749895 1.902113032590307
28 4.375570504584946 1.618033988749895
28 4.818033988749895 1.1755705045849463
28 5.1021130325903075 0.6180339887498949
28 5.2 1.2246467991473532e-16
28 5.1021130325903075 -0.6180339887498947
28 4.818033988749895 -1.175570504584946
28 4.375570504584947 -1.6180339887498947
28 3.818033988749895 -1.902113032590307
28 3.2000000000000006 -2
28 2.581966011250106 -1.9021130325903075
28 2.0244294954150543 -1.6180339887498951
28 1.5819660112501055 -1.1755705045849465
28 1.2978869674096931 -0.6180339887498951
28 1.2000000000000002 -3.6739403974420594e-16
28 1.297886967409693 0.6180339887498945
28 1.581966011250105 1.1755705045849458
28 2.0244294954150535 1.6180339887498947
28 2.581966011250105 1.902113032590307
29 3.31 1.8555555555555556
29 3.8833982006735135 1.764738202458785
29 4.4006681903649225 1.5011759784512915
29 4.811175978451292 1.0906681903649225
29 5.074738202458785 0.5733982006735137
29 5.165555555555556 1.1362000858756e-16
29 5.074738202458786 -0.5733982006735134
29 4.811175978451292 -1.0906681903649222
29 4.4006681903649225 -1.5011759784512912
29 3.883398200673514 -1.764738202458785
29 3.3100000000000005 -1.8555555555555556
29 2.7366017993264875 -1.7647382024587854
29 2.2193318096350776 -1.5011759784512917
29 1.8088240215487088 -1.0906681903649227
29 1.545261797541215 -0.5733982006735139
29 1.4544444444444444 -3.4086002576267997e-16
29 1.5452617975412148 0.5733982006735132
29 1.8088240215487084 1.090668190364922
29 2.219331809635077 1.5011759784512912
29 2.736601799326486 1.764738202458785
30 3.4200000000000004 1.711111111111111
30 3.948762412597133 1.6273633723272627
30 4.425765876144899 1.3843179681526878
30 4.804317968152688 1.0057658761448984
30 5.047363372327263 0.5287624125971323
30 5.131111111111111 1.0477533726038466e-16
30 5.047363372327263 -0.5287624125971321
30 4.804317968152688 -1.0057658761448982
30 4.425765876144899 -1.3843179681526876
30 3.948762412597133 -1.6273633723272627
30 3.4200000000000004 -1.711111111111111
30 2.891237587402869 -1.627363372327263
30 2.414234123855102 -1.384317968152688
30 2.035682031847313 -1.0057658761448987
30 1.7926366276727377 -0.5287624125971324
30 1.7088888888888893 -3.1432601178115395e-16
30 1.7926366276727375 0.5287624125971319
30 2.0356820318473123 1.005765876144898
30 2.4142341238551017 1.3843179681526876
30 2.891237587402868 1.6273633723272627
31 3.5300000000000002 1.5666666666666667
31 4.014126624520751 1.4899885421957406
31 4.450863561924875 1.2674599578540844
31 4.797459957854085 0.9208635619248746
31 5.01998854219574 0.484126624520751
31 5.096666666666667 9.593066593320933e-17
31 5.01998854219574 -0.48412662452075084
31 4.797459957854085 -0.9208635619248744
31 4.450863561924875 -1.2674599578540842
31 4.014126624520752 -1.4899885421957406
31 3.5300000000000002 -1.5666666666666667
31 3.04587337547925 -1.4899885421957408
31 2.609136438075126 -1.2674599578540846
31 2.262540042145916 -0.9208635619248747
31 2.0400114578042596 -0.48412662452075117
31 1.9633333333333336 -2.87791997799628e-16
31 2.0400114578042596 0.48412662452075067
31 2.2625400421459156 0.9208635619248742
31 2.6091364380751254 1.2674599578540842
31 3.045873375479249 1.4899885421957406
32 3.64 1.422222222222222
32 4.07949083644437 1.352613712064218
32 4.47596124770485 1.1506019475554807
32 4.790601947555481 0.8359612477048506
32 4.992613712064218 0.43949083644436965
32 5.062222222222222 8.7085994606034e-17
32 4.992613712064219 -0.4394908364443695
32 4.790601947555481 -0.8359612477048505
32 4.475961247704851 -1.1506019475554805
32 4.07949083644437 -1.352613712064218
32 3.64 -1.422222222222222
32 3.200509163555631 -1.3526137120642185
32 2.8040387522951495 -1.1506019475554807
32 2.4893980524445194 -0.8359612477048507
32 2.287386287935782 -0.4394908364443698
32 2.217777777777778 -2.6125798381810196e-16
32 2.2873862879357816 0.4394908364443693
32 2.4893980524445194 0.8359612477048503
32 2.804038752295149 1.1506019475554805
32 3.20050916355563 1.352613712064218
33 3.75 1.2777777777777777
33 4.1448550483679885 1.215238881932696
33 4.501058933484827 1.0337439372568773
33 4.783743937256878 0.7510589334848268
33 4.965238881932696 0.3948550483679884
33 5.027777777777778 7.824132327885867e-17
33 4.965238881932696 -0.39485504836798824
33 4.783743937256878 -0.7510589334848266
33 4.501058933484827 -1.033743937256877
33 4.1448550483679885 -1.215238881932696
33 3.75 -1.2777777777777777
33 3.3551449516320124 -1.2152388819326965
33 2.9989410665151732 -1.0337439372568773
33 2.716256062743123 -0.7510589334848269
33 2.534761118067304 -0.3948550483679885
33 2.4722222222222223 -2.34723969836576e-16
33 2.534761118067304 0.39485504836798807
33 2.7162560627431227 0.7510589334848264
33 2.9989410665151732 1.033743937256877
33 3.3551449516320115 1.215238881932696
34 3.8600000000000003 1.1333333333333333
34 4.210219260291607 1.077864051801174
34 4.526156619264803 0.9168859269582738
34 4.776885926958274 0.6661566192648029
34 4.937864051801174 0.3502192602916071
34 4.993333333333334 6.939665195168335e-17
34 4.937864051801174 -0.350219260291607
34 4.776885926958274 -0.6661566192648027
34 4.526156619264803 -0.9168859269582736
34 4.210219260291607 -1.077864051801174
34 3.8600000000000003 -1.1333333333333333
34 3.5097807397083938 -1.0778640518011742
34 3.1938433807351974 -0.9168859269582739
34 2.943114073041727 -0.666156619264803
34 2.7821359481988264 -0.3502192602916072
34 2.726666666666667 -2.0818995585505003e-16
34 2.7821359481988264 0.3502192602916068
34 2.9431140730417265 0.6661566192648026
34 3.1938433807351974 0.9168859269582736
34 3.509780739708393 1.077864051801174
35 3.97 0.9888888888888889
35 4.275583472215226 0.9404892216696519
35 4.551254305044779 0.8000279166596703
35 4.770027916659671 0.581254305044779
35 4.910489221669652 0.3055834722152258
35 4.95888888888889 6.055198062450803e-17
35 4.9104892216696525 -0.3055834722152257
35 4.770027916659671 -0.5812543050447789
35 4.551254305044779 -0.8000279166596702
35 4.275583472215226 -0.9404892216696519
35 3.97 -0.9888888888888889
35 3.664416527784775 -0.9404892216696521
35 3.3887456949552215 -0.8000279166596704
35 3.1699720833403298 -0.5812543050447792
35 3.0295107783303483 -0.3055834722152259
35 2.9811111111111113 -1.8165594187352406e-16
35 3.0295107783303483 0.3055834722152256
35 3.1699720833403298 0.5812543050447788
35 3.388745694955221 0.8000279166596702
35 3.6644165277847742 0.9404892216696519
36 4.08 0.8444444444444443
36 4.340947684138844 0.8031143915381296
36 4.576351990824755 0.6831699063610667
36 4.763169906361067 0.496351990824755
36 4.88311439153813 0.2609476841388445
36 4.924444444444444 5.1707309297332685e-17
36 4.88311439153813 -0.2609476841388444
36 4.763169906361067 -0.49635199082475495
36 4.576351990824755 -0.6831699063610666
36 4.340947684138845 -0.8031143915381296
36 4.08 -0.8444444444444443
36 3.819052315861156 -0.8031143915381297
36 3.583648009175245 -0.6831699063610668
36 3.3968300936389335 -0.4963519908247551
36 3.2768856084618703 -0.26094768413884456
36 3.235555555555556 -1.5512192789199804e-16
36 3.2768856084618703 0.2609476841388443
36 3.3968300936389335 0.49635199082475484
36 3.5836480091752447 0.6831699063610666
36 3.8190523158611556 0.8031143915381296
37 4.19 0.7
37 4.406311896062464 0.6657395614066074
37 4.601449676604732 0.5663118960624631
37 4.7563118960624635 0.4114496766047312
37 4.855739561406608 0.2163118960624632
37 4.890000000000001 4.286263797015736e-17
37 4.855739561406608 -0.21631189606246312
37 4.7563118960624635 -0.4114496766047311
37 4.601449676604732 -0.5663118960624631
37 4.406311896062464 -0.6657395614066074
37 4.19 -0.7
37 3.973688103937538 -0.6657395614066076
37 3.7785503233952693 -0.5663118960624632
37 3.6236881039375373 -0.41144967660473125
37 3.524260438593393 -0.2163118960624633
37 3.49 -1.2858791391047207e-16
37 3.5242604385933927 0.21631189606246304
37 3.6236881039375373 0.41144967660473103
37 3.778550323395269 0.5663118960624631
37 3.973688103937537 0.6657395614066074
15 2.15 1.9
15 1.35 1.9
17 2.15 1.9
17 1.35 1.9
15.453 2.2122 2.9066666666666663
15.453 1.4488666666666665 2.9066666666666663
17.386333333333333 2.2122 2.9066666666666663
17.386333333333333 1.4488666666666665 2.9066666666666663
15.906 2.2744 3.913333333333333
15.906 1.5477333333333334 3.913333333333333
17.772666666666666 2.2744 3.913333333333333
17.772666666666666 1.5477333333333334 3.913333333333333
16.359 2.3366000000000002 4.92
16.359 1.6466 4.92
18.159000000000002 2.3366000000000002 4.92
18.159000000000002 1.6466 4.92
16.812 2.3988 5.926666666666666
16.812 1.7454666666666667 5.926666666666666
18.545333333333335 2.3988 5.926666666666666
18.545333333333335 1.7454666666666667 5.926666666666666
17.265 2.4610000000000003 6.933333333333334
17.265 1.8443333333333334 6.933333333333334
18.93166666666667 2.4610000000000003 6.933333333333334
18.93166666666667 1.8443333333333334 6.933333333333334
17.718 2.5232 7.9399999999999995
17.718 1.9432 7.9399999999999995
19.318 2.5232 7.9399999999999995
19.318 1.9432 7.9399999999999995
18.171 2.5854 8.946666666666667
18.171 2.042066666666667 8.946666666666667
19.70433333333333 2.5854 8.946666666666667
19.70433333333333 2.042066666666667 8.946666666666667
18.624 2.6476 9.953333333333333
18.624 2.1409333333333334 9.953333333333333
20.090666666666664 2.6476 9.953333333333333
20.090666666666664 2.1409333333333334 9.953333333333333
19.076999999999998 2.7098 10.96
19.076999999999998 2.2398000000000002 10.96
20.476999999999997 2.7098 10.96
20.476999999999997 2.2398000000000002 10.96
19.53 2.7720000000000002 11.966666666666667
19.53 2.3386666666666667 11.966666666666667
20.863333333333333 2.7720000000000002 11.966666666666667
20.863333333333333 2.3386666666666667 11.966666666666667
19.983 2.8342 12.973333333333333
19.983 2.4375333333333336 12.973333333333333
21.249666666666666 2.8342 12.973333333333333
21.249666666666666 2.4375333333333336 12.973333333333333
20.436 2.8964000000000003 13.98
20.436 2.5364 13.98
21.636 2.8964000000000003 13.98
21.636 2.5364 13.98
20.889 2.9586 14.986666666666666
20.889 2.635266666666667 14.986666666666666
22.022333333333332 2.9586 14.986666666666666
22.022333333333332 2.635266666666667 14.986666666666666
21.342 3.0208000000000004 15.993333333333334
21.342 2.7341333333333333 15.993333333333334
22.408666666666665 3.0208000000000004 15.993333333333334
22.408666666666665 2.7341333333333333 15.993333333333334
21.795 3.083 17
21.795 2.833 17
22.795 3.083 17
22.795 2.833 17
17.772666666666666 0 3.913333333333333
14.612000000000002 0.6454666666666666 5.926666666666666
15 2.15 -1.9
15 1.35 -1.9
17 2.15 -1.9
17 1.35 -1.9
15.453 2.2122 -2.9066666666666663
15.453 1.4488666666666665 -2.9066666666666663
17.386333333333333 2.2122 -2.9066666666666663
17.386333333333333 1.4488666666666665 -2.9066666666666663
15.906 2.2744 -3.913333333333333
15.906 1.5477333333333334 -3.913333333333333
17.772666666666666 2.2744 -3.913333333333333
17.772666666666666 1.5477333333333334 -3.913333333333333
16.359 2.3366000000000002 -4.92
16.359 1.6466 -4.92
18.159000000000002 2.3366000000000002 -4.92
18.159000000000002 1.6466 -4.92
16.812 2.3988 -5.926666666666666
16.812 1.7454666666666667 -5.926666666666666
18.545333333333335 2.3988 -5.926666666666666
18.545333333333335 1.7454666666666667 -5.926666666666666
17.265 2.4610000000000003 -6.933333333333334
17.265 1.8443333333333334 -6.933333333333334
18.93166666666667 2.4610000000000003 -6.933333333333334
18.93166666666667 1.8443333333333334 -6.933333333333334
17.718 2.5232 -7.9399999999999995
17.718 1.9432 -7.9399999999999995
19.318 2.5232 -7.9399999999999995
19.318 1.9432 -7.9399999999999995
18.171 2.5854 -8.946666666666667
18.171 2.042066666666667 -8.946666666666667
19.70433333333333 2.5854 -8.946666666666667
19.70433333333333 2.042066666666667 -8.946666666666667
18.624 2.6476 -9.953333333333333
18.624 2.1409333333333334 -9.953333333333333
20.090666666666664 2.6476 -9.953333333333333
20.090666666666664 2.1409333333333334 -9.953333333333333
19.076999999999998 2.7098 -10.96
19.076999999999998 2.2398000000000002 -10.96
20.476999999999997 2.7098 -10.96
20.476999999999997 2.2398000000000002 -10.96
19.53 2.7720000000000002 -11.966666666666667
19.53 2.3386666666666667 -11.966666666666667
20.863333333333333 2.7720000000000002 -11.966666666666667
20.863333333333333 2.3386666666666667 -11.966666666666667
19.983 2.8342 -12.973333333333333
19.983 2.4375333333333336 -12.973333333333333
21.249666666666666 2.8342 -12.973333333333333
21.249666666666666 2.4375333333333336 -12.973333333333333
20.436 2.8964000000000003 -13.98
20.436 2.5364 -13.98
21.636 2.8964000000000003 -13.98
21.636 2.5364 -13.98
20.889 2.9586 -14.986666666666666
20.889 2.635266666666667 -14.986666666666666
22.022333333333332 2.9586 -14.986666666666666
22.022333333333332 2.635266666666667 -14.986666666666666
21.342 3.0208000000000004 -15.993333333333334
21.342 2.7341333333333333 -15.993333333333334
22.408666666666665 3.0208000000000004 -15.993333333333334
22.408666666666665 2.7341333333333333 -15.993333333333334
21.795 3.083 -17
21.795 2.833 -17
22.795 3.083 -17
22.795 2.833 -17
17.772666666666666 0 -3.913333333333333
14.612000000000002 0.6454666666666666 -5.926666666666666
34 4.010000000000001 1
34 3.7100000000000004 1
36 4.010000000000001 1
36 3.7100000000000004 1
34.416666666666664 3.995 1.8333333333333335
34.416666666666664 3.7250000000000005 1.8333333333333335
36.233333333333334 3.995 1.8333333333333335
36.233333333333334 3.7250000000000005 1.8333333333333335
34.833333333333336 3.9800000000000004 2.666666666666667
34.833333333333336 3.74 2.666666666666667
36.46666666666667 3.9800000000000004 2.666666666666667
36.46666666666667 3.74 2.666666666666667
35.25 3.9650000000000003 3.5
35.25 3.7550000000000003 3.5
36.7 3.9650000000000003 3.5
36.7 3.7550000000000003 3.5
35.666666666666664 3.95 4.333333333333334
35.666666666666664 3.7700000000000005 4.333333333333334
36.93333333333333 3.95 4.333333333333334
36.93333333333333 3.7700000000000005 4.333333333333334
36.083333333333336 3.9350000000000005 5.166666666666667
36.083333333333336 3.785 5.166666666666667
37.16666666666667 3.9350000000000005 5.166666666666667
37.16666666666667 3.785 5.166666666666667
36.5 3.9200000000000004 6
36.5 3.8000000000000003 6
37.4 3.9200000000000004 6
37.4 3.8000000000000003 6
34 4.010000000000001 -1
34 3.7100000000000004 -1
36 4.010000000000001 -1
36 3.7100000000000004 -1
34.416666666666664 3.995 -1.8333333333333335
34.416666666666664 3.7250000000000005 -1.8333333333333335
36.233333333333334 3.995 -1.8333333333333335
36.233333333333334 3.7250000000000005 -1.8333333333333335
34.833333333333336 3.9800000000000004 -2.666666666666667
34.833333333333336 3.74 -2.666666666666667
36.46666666666667 3.9800000000000004 -2.666666666666667
36.46666666666667 3.74 -2.666666666666667
35.25 3.9650000000000003 -3.5
35.25 3.7550000000000003 -3.5
36.7 3.9650000000000003 -3.5
36.7 3.7550000000000003 -3.5
35.666666666666664 3.95 -4.333333333333334
35.666666666666664 3.7700000000000005 -4.333333333333334
36.93333333333333 3.95 -4.333333333333334
36.93333333333333 3.7700000000000005 -4.333333333333334
36.083333333333336 3.9350000000000005 -5.166666666666667
36.083333333333336 3.785 -5.166666666666667
37.16666666666667 3.9350000000000005 -5.166666666666667
37.16666666666667 3.785 -5.166666666666667
36.5 3.9200000000000004 -6
36.5 3.8000000000000003 -6
37.4 3.9200000000000004 -6
37.4 3.8000000000000003 -6
32 5 0.175
32 5 -0.175
35 5 0.175
35 5 -0.175
32.6 5.857142857142857 0.15857142857142856
32.6 5.857142857142857 -0.15857142857142856
35.34285714285714 5.857142857142857 0.15857142857142856
35.34285714285714 5.857142857142857 -0.15857142857142856
33.2 6.714285714285714 0.14214285714285713
33.2 6.714285714285714 -0.14214285714285713
35.68571428571429 6.714285714285714 0.14214285714285713
35.68571428571429 6.714285714285714 -0.14214285714285713
33.8 7.571428571428571 0.1257142857142857
33.8 7.571428571428571 -0.1257142857142857
36.028571428571425 7.571428571428571 0.1257142857142857
36.028571428571425 7.571428571428571 -0.1257142857142857
34.4 8.428571428571429 0.10928571428571428
34.4 8.428571428571429 -0.10928571428571428
36.37142857142857 8.428571428571429 0.10928571428571428
36.37142857142857 8.428571428571429 -0.10928571428571428
35 9.285714285714285 0.09285714285714283
35 9.285714285714285 -0.09285714285714283
36.714285714285715 9.285714285714285 0.09285714285714283
36.714285714285715 9.285714285714285 -0.09285714285714283
35.6 10.142857142857142 0.07642857142857142
35.6 10.142857142857142 -0.07642857142857142
37.05714285714286 10.142857142857142 0.07642857142857142
37.05714285714286 10.142857142857142 -0.07642857142857142
36.2 11 0.059999999999999984
36.2 11 -0.059999999999999984
37.400000000000006 11 0.059999999999999984
37.400000000000006 11 -0.059999999999999984
4 0 -2.9997597730436923e-16
$EndNodes
$Elements
11 2910 1 2910
1 1 1 788
1 1 2
2 2 3
3 3 4
4 4 5
5 5 6
6 6 7
7 7 8
8 8 9
9 9 10
10 10 11
11 11 12
12 12 13
13 13 14
14 14 15
15 15 16
16 16 17
17 17 18
18 18 19
19 19 20
20 20 1
22 21 22
23 22 23
24 23 24
25 24 25
26 25 26
27 26 27
28 27 28
29 28 29
30 29 30
31 30 31
32 31 32
33 32 33
34 33 34
35 34 35
36 35 36
37 36 37
38 37 38
39 38 39
40 39 40
41 40 21
43 41 42
44 42 43
45 43 44
46 44 45
47 45 46
48 46 47
49 47 48
50 48 49
51 49 50
52 50 51
53 51 52
54 52 53
55 53 54
56 54 55
57 55 56
58 56 57
59 57 58
60 58 59
61 59 60
62 60 41
64 61 62
65 62 63
66 63 64
67 64 65
68 65 66
69 66 67
70 67 68
71 68 69
72 69 70
73 70 71
74 71 72
75 72 73
76 73 74
77 74 75
78 75 76
79 76 77
80 77 78
81 78 79
82 79 80
83 80 61
85 81 82
86 82 83
87 83 84
88 84 85
89 85 86
90 86 87
91 87 88
92 88 89
93 89 90
94 90 91
95 91 92
96 92 93
97 93 94
98 94 95
99 95 96
100 96 97
101 97 98
102 98 99
103 99 100
104 100 81
106 101 102
107 102 103
108 103 104
109 104 105
110 105 106
111 106 107
112 107 108
113 108 109
114 109 110
115 110 111
116 111 112
117 112 113
118 113 114
119 114 115
120 115 116
121 116 117
122 117 118
123 118 119
124 119 120
125 120 101
127 121 122
128 122 123
129 123 124
130 124 125
131 125 126
132 126 127
133 127 128
134 128 129
135 129 130
136 130 131
137 131 132
138 132 133
139 133 134
140 134 135
141 135 136
142 136 137
143 137 138
144 138 139
145 139 140
146 140 121
148 141 142
149 142 143
150 143 144
151 144 145
152 145 146
153 146 147
154 147 148
155 148 149
156 149 150
157 150 151
158 151 152
159 152 153
160 153 154
161 154 155
162 155 156
163 156 157
164 157 158
165 158 159
166 159 160
167 160 141
169 161 162
170 162 163
171 163 164
172 164 165
173 165 166
174 166 167
175 167 168
176 168 169
177 169 170
178 170 171
179 171 172
180 172 173
181 173 174
182 174 175
183 175 176
184 176 177
185 177 178
186 178 179
187 179 180
188 180 161
190 181 182
191 182 183
192 183 184
193 184 185
194 185 186
195 186 187
196 187 188
197 188 189
198 189 190
199 190 191
200 191 192
201 192 193
202 193 194
203 194 195
204 195 196
205 196 197
206 197 198
207 198 199
208 199 200
209 200 181
211 201 202
212 202 203
213 203 204
214 204 205
215 205 206
216 206 207
217 207 208
218 208 209
219 209 210
220 210 211
221 211 212
222 212 213
223 213 214
224 214 215
225 215 216
226 216 217
227 217 218
228 218 219
229 219 220
230 220 201
232 221 222
233 222 223
234 223 224
235 224 225
236 225 226
237 226 227
238 227 228
239 228 229
240 229 230
241 230 231
242 231 232
243 232 233
244 233 234
245 234 235
246 235 236
247 236 237
248 237 238
249 238 239
250 239 240
251 240 221
253 241 242
254 242 243
255 243 244
256 244 245
257 245 246
258 246 247
259 247 248
260 248 249
261 249 250
262 250 251
263 251 252
264 252 253
265 253 254
266 254 255
267 255 256
268 256 257
269 257 258
270 258 259
271 259 260
272 260 241
274 261 262
275 262 263
276 263 264
277 264 265
278 265 266
279 266 267
280 267 268
281 268 269
282 269 270
283 270 271
284 271 272
285 272 273
286 273 274
287 274 275
288 275 276
289 276 277
290 277 278
291 278 279
292 279 280
293 280 261
316 301 302
317 302 303
318 303 304
319 304 305
320 305 306
321 306 307
322 307 308
323 308 309
324 309 310
325 310 311
326 311 312
327 312 313
328 313 314
329 314 315
330 315 316
331 316 317
332 317 318
333 318 319
334 319 320
335 320 301
358 341 342
359 342 343
360 343 344
361 344 345
362 345 346
363 346 347
364 347 348
365 348 349
366 349 350
367 350 351
368 351 352
369 352 353
370 353 354
371 354 355
372 355 356
373 356 357
374 357 358
375 358 359
376 359 360
377 360 341
379 361 362
380 362 363
381 363 364
382 364 365
383 365 366
384 366 367
385 367 368
386 368 369
387 369 370
388 370 371
389 371 372
390 372 373
391 373 374
392 374 375
393 375 376
394 376 377
395 377 378
396 378 379
397 379 380
398 380 361
400 381 382
401 382 383
402 383 384
403 384 385
404 385 386
405 386 387
406 387 388
407 388 389
408 389 390
409 390 391
410 391 392
411 392 393
412 393 394
413 394 395
414 395 396
415 396 397
416 397 398
417 398 399
418 399 400
419 400 381
421 401 402
422 402 403
423 403 404
424 404 405
425 405 406
426 406 407
427 407 408
428 408 409
429 409 410
430 410 411
431 411 412
432 412 413
433 413 414
434 414 415
435 415 416
436 416 417
437 417 418
438 418 419
439 419 420
440 420 401
442 421 422
443 422 423
444 423 424
445 424 425
446 425 426
447 426 427
448 427 428
449 428 429
450 429 430
451 430 431
452 431 432
453 432 433
454 433 434
455 434 435
456 435 436
457 436 437
458 437 438
459 438 439
460 439 440
461 440 421
463 441 442
464 442 443
465 443 444
466 444 445
467 445 446
468 446 447
469 447 448
470 448 449
471 449 450
472 450 451
473 451 452
474 452 453
475 453 454
476 454 455
477 455 456
478 456 457
479 457 458
480 458 459
481 459 460
482 460 441
484 461 462
485 462 463
486 463 464
487 464 465
488 465 466
489 466 467
490 467 468
491 468 469
492 469 470
493 470 471
494 471 472
495 472 473
496 473 474
497 474 475
498 475 476
499 476 477
500 477 478
501 478 479
502 479 480
503 480 461
505 481 482
506 482 483
507 483 484
508 484 485
509 485 486
510 486 487
511 487 488
512 488 489
513 489 490
514 490 491
515 491 492
516 492 493
517 493 494
518 494 495
519 495 496
520 496 497
521 497 498
522 498 499
523 499 500
524 500 481
526 501 502
527 502 503
528 503 504
529 504 505
530 505 506
531 506 507
532 507 508
533 508 509
534 509 510
535 510 511
536 511 512
537 512 513
538 513 514
539 514 515
540 515 516
541 516 517
542 517 518
543 518 519
544 519 520
545 520 501
547 521 522
548 522 523
549 523 524
550 524 525
551 525 526
552 526 527
553 527 528
554 528 529
555 529 530
556 530 531
557 531 532
558 532 533
559 533 534
560 534 535
561 535 536
562 536 537
563 537 538
564 538 539
565 539 540
566 540 521
568 541 542
569 542 543
570 543 544
571 544 545
572 545 546
573 546 547
574 547 548
575 548 549
576 549 550
577 550 551
578 551 552
579 552 553
580 553 554
581 554 555
582 555 556
583 556 557
584 557 558
585 558 559
586 559 560
587 560 541
589 561 562
590 562 563
591 563 564
592 564 565
593 565 566
594 566 567
595 567 568
596 568 569
597 569 570
598 570 571
599 571 572
600 572 573
601 573 574
602 574 575
603 575 576
604 576 577
605 577 578
606 578 579
607 579 580
608 580 561
610 581 582
611 582 583
612 583 584
613 584 585
614 585 586
615 586 587
616 587 588
617 588 589
618 589 590
619 590 591
620 591 592
621 592 593
622 593 594
623 594 595
624 595 596
625 596 597
626 597 598
627 598 599
628 599 600
629 600 581
631 601 602
632 602 603
633 603 604
634 604 605
635 605 606
636 606 607
637 607 608
638 608 609
639 609 610
640 610 611
641 611 612
642 612 613
643 613 614
644 614 615
645 615 616
646 616 617
647 617 618
648 618 619
649 619 620
650 620 601
652 621 622
653 622 623
654 623 624
655 624 625
656 625 626
657 626 627
658 627 628
659 628 629
660 629 630
661 630 631
662 631 632
663 632 633
664 633 634
665 634 635
666 635 636
667 636 637
668 637 638
669 638 639
670 639 640
671 640 621
673 641 642
674 642 643
675 643 644
676 644 645
677 645 646
678 646 647
679 647 648
680 648 649
681 649 650
682 650 651
683 651 652
684 652 653
685 653 654
686 654 655
687 655 656
688 656 657
689 657 658
690 658 659
691 659 660
692 660 641
694 661 662
695 662 663
696 663 664
697 664 665
698 665 666
699 666 667
700 667 668
701 668 669
702 669 670
703 670 671
704 671 672
705 672 673
706 673 674
707 674 675
708 675 676
709 676 677
710 677 678
711 678 679
712 679 680
713 680 661
715 681 682
716 682 683
717 683 684
718 684 685
719 685 686
720 686 687
721 687 688
722 688 689
723 689 690
724 690 691
725 691 692
726 692 693
727 693 694
728 694 695
729 695 696
730 696 697
731 697 698
732 698 699
733 699 700
734 700 681
736 701 702
737 702 703
738 703 704
739 704 705
740 705 706
741 706 707
742 707 708
743 708 709
744 709 710
745 710 711
746 711 712
747 712 713
748 713 714
749 714 715
750 715 716
751 716 717
752 717 718
753 718 719
754 719 720
755 720 701
757 721 722
758 722 723
759 723 724
760 724 725
761 725 726
762 726 727
763 727 728
764 728 729
765 729 730
766 730 731
767 731 732
768 732 733
769 733 734
770 734 735
771 735 736
772 736 737
773 737 738
774 738 739
775 739 740
776 740 721
2245 761 762
2246 763 764
2250 765 766
2251 767 768
2255 769 770
2256 771 772
2260 773 774
2261 775 776
2265 777 778
2266 779 780
2270 781 782
2271 783 784
2275 785 786
2276 787 788
2280 789 790
2281 791 792
2285 793 794
2286 795 796
2290 797 798
2291 799 800
2295 801 802
2296 803 804
2452 827 828
2453 829 830
2457 831 832
2458 833 834
2462 835 836
2463 837 838
2467 839 840
2468 841 842
2472 843 844
2473 845 846
2477 847 848
2478 849 850
2482 851 852
2483 853 854
2487 855 856
2488 857 858
2492 859 860
2493 861 862
2497 863 864
2498 865 866
2502 867 868
2503 869 870
2638 873 874
2639 875 876
2643 877 878
2644 879 880
2648 881 882
2649 883 884
2653 885 886
2654 887 888
2658 889 890
2659 891 892
2663 893 894
2664 895 896
2668 897 898
2669 899 900
2725 901 902
2726 903 904
2730 905 906
2731 907 908
2735 909 910
2736 911 912
2740 913 914
2741 915 916
2745 917 918
2746 919 920
2750 921 922
2751 923 924
2755 925 926
2756 927 928
2812 929 930
2813 931 932
2817 933 934
2818 935 936
2822 937 938
2823 939 940
2827 941 942
2828 943 944
2832 945 946
2833 947 948
2837 949 950
2838 951 952
2842 953 954
2843 955 956
2847 957 958
2848 959 960
1 2 1 77
21 12 20
42 32 40
63 52 60
84 72 80
105 92 100
126 112 120
147 132 140
168 152 160
189 172 180
210 192 200
231 212 220
252 232 240
273 252 260
294 272 280
315 292 300
336 312 320
357 332 340
378 352 360
399 372 380
420 392 400
441 412 420
462 432 440
483 452 460
504 472 480
525 492 500
546 512 520
567 532 540
588 552 560
609 572 580
630 592 600
651 612 620
672 632 640
693 652 660
714 672 680
735 692 700
756 712 720
777 732 740
2220 741 742
2221 743 744
2225 745 746
2226 747 748
2230 749 750
2231 751 752
2235 753 754
2236 755 756
2240 757 758
2241 759 760
2302 741 746
2303 743 748
2310 745 750
2311 747 752
2318 749 754
2319 751 756
2326 753 758
2327 755 760
2334 757 762
2335 759 764
2427 807 808
2428 809 810
2432 811 812
2433 813 814
2437 815 816
2438 817 818
2442 819 820
2443 821 822
2447 823 824
2448 825 826
2509 807 812
2510 809 814
2517 811 816
2518 813 818
2525 815 820
2526 817 822
2533 819 824
2534 821 826
2541 823 828
2542 825 830
1 3 1 40
295 281 282
296 282 283
297 283 284
298 284 285
299 285 286
300 286 287
301 287 288
302 288 289
303 289 290
304 290 291
305 291 292
306 292 293
307 293 294
308 294 295
309 295 296
310 296 297
311 297 298
312 298 299
313 299 300
314 300 281
337 321 322
338 322 323
339 323 324
340 324 325
341 325 326
342 326 327
343 327 328
344 328 329
345 329 330
346 330 331
347 331 332
348 332 333
349 333 334
350 334 335
351 335 336
352 336 337
353 337 338
354 338 339
355 339 340
356 340 321
1 4 1 720
778 1 21
780 2 22
782 3 23
784 4 24
786 5 25
788 6 26
790 7 27
792 8 28
794 9 29
796 10 30
798 11 31
800 12 32
802 13 33
804 14 34
806 15 35
808 16 36
810 17 37
812 18 38
814 19 39
816 20 40
818 21 41
820 22 42
822 23 43
824 24 44
826 25 45
828 26 46
830 27 47
832 28 48
834 29 49
836 30 50
838 31 51
840 32 52
842 33 53
844 34 54
846 35 55
848 36 56
850 37 57
852 38 58
854 39 59
856 40 60
858 41 61
860 42 62
862 43 63
864 44 64
866 45 65
868 46 66
870 47 67
872 48 68
874 49 69
876 50 70
878 51 71
880 52 72
882 53 73
884 54 74
886 55 75
888 56 76
890 57 77
892 58 78
894 59 79
896 60 80
898 61 81
900 62 82
902 63 83
904 64 84
906 65 85
908 66 86
910 67 87
912 68 88
914 69 89
916 70 90
918 71 91
920 72 92
922 73 93
924 74 94
926 75 95
928 76 96
930 77 97
932 78 98
934 79 99
936 80 100
938 81 101
940 82 102
942 83 103
944 84 104
946 85 105
948 86 106
950 87 107
952 88 108
954 89 109
956 90 110
958 91 111
960 92 112
962 93 113
964 94 114
966 95 115
968 96 116
970 97 117
972 98 118
974 99 119
976 100 120
978 101 121
980 102 122
982 103 123
984 104 124
986 105 125
988 106 126
990 107 127
992 108 128
994 109 129
996 110 130
998 111 131
1000 112 132
1002 113 133
1004 114 134
1006 115 135
1008 116 136
1010 117 137
1012 118 138
1014 119 139
1016 120 140
1018 121 141
1020 122 142
1022 123 143
1024 124 144
1026 125 145
1028 126 146
1030 127 147
1032 128 148
1034 129 149
1036 130 150
1038 131 151
1040 132 152
1042 133 153
1044 134 154
1046 135 155
1048 136 156
1050 137 157
1052 138 158
1054 139 159
1056 140 160
1058 141 161
1060 142 162
1062 143 163
1064 144 164
1066 145 165
1068 146 166
1070 147 167
1072 148 168
1074 149 169
1076 150 170
1078 151 171
1080 152 172
1082 153 173
1084 154 174
1086 155 175
1088 156 176
1090 157 177
1092 158 178
1094 159 179
1096 160 180
1098 161 181
1100 162 182
1102 163 183
1104 164 184
1106 165 185
1108 166 186
1110 167 187
1112 168 188
1114 169 189
1116 170 190
1118 171 191
1120 172 192
1122 173 193
1124 174 194
1126 175 195
1128 176 196
1130 177 197
1132 178 198
1134 179 199
1136 180 200
1138 181 201
1140 182 202
1142 183 203
1144 184 204
1146 185 205
1148 186 206
1150 187 207
1152 188 208
1154 189 209
1156 190 210
1158 191 211
1160 192 212
1162 193 213
1164 194 214
1166 195 215
1168 196 216
1170 197 217
1172 198 218
1174 199 219
1176 200 220
1178 201 221
1180 202 222
1182 203 223
1184 204 224
1186 205 225
1188 206 226
1190 207 227
1192 208 228
1194 209 229
1196 210 230
1198 211 231
1200 212 232
1202 213 233
1204 214 234
1206 215 235
1208 216 236
1210 217 237
1212 218 238
1214 219 239
1216 220 240
1218 221 241
1220 222 242
1222 223 243
1224 224 244
1226 225 245
1228 226 246
1230 227 247
1232 228 248
1234 229 249
1236 230 250
1238 231 251
1240 232 252
1242 233 253
1244 234 254
1246 235 255
1248 236 256
1250 237 257
1252 238 258
1254 239 259
1256 240 260
1258 241 261
1260 242 262
1262 243 263
1264 244 264
1266 245 265
1268 246 266
1270 247 267
1272 248 268
1274 249 269
1276 250 270
1278 251 271
1280 252 272
1282 253 273
1284 254 274
1286 255 275
1288 256 276
1290 257 277
1292 258 278
1294 259 279
1296 260 280
1298 261 281
1300 262 282
1302 263 283
1304 264 284
1306 265 285
1308 266 286
1310 267 287
1312 268 288
1314 269 289
1316 270 290
1318 271 291
1320 272 292
1322 273 293
1324 274 294
1326 275 295
1328 276 296
1330 277 297
1332 278 298
1334 279 299
1336 280 300
1338 281 301
1340 282 302
1342 283 303
1344 284 304
1346 285 305
1348 286 306
1350 287 307
1352 288 308
1354 289 309
1356 290 310
1358 291 311
1360 292 312
1362 293 313
1364 294 314
1366 295 315
1368 296 316
1370 297 317
1372 298 318
1374 299 319
1376 300 320
1378 301 321
1380 302 322
1382 303 323
1384 304 324
1386 305 325
1388 306 326
1390 307 327
1392 308 328
1394 309 329
1396 310 330
1398 311 331
1400 312 332
1402 313 333
1404 314 334
1406 315 335
1408 316 336
1410 317 337
1412 318 338
1414 319 339
1416 320 340
1418 321 341
1420 322 342
1422 323 343
1424 324 344
1426 325 345
1428 326 346
1430 327 347
1432 328 348
1434 329 349
1436 330 350
1438 331 351
1440 332 352
1442 333 353
1444 334 354
1446 335 355
1448 336 356
1450 337 357
1452 338 358
1454 339 359
1456 340 360
1458 341 361
1460 342 362
1462 343 363
1464 344 364
1466 345 365
1468 346 366
1470 347 367
1472 348 368
1474 349 369
1476 350 370
1478 351 371
1480 352 372
1482 353 373
1484 354 374
1486 355 375
1488 356 376
1490 357 377
1492 358 378
1494 359 379
1496 360 380
1498 361 381
1500 362 382
1502 363 383
1504 364 384
1506 365 385
1508 366 386
1510 367 387
1512 368 388
1514 369 389
1516 370 390
1518 371 391
1520 372 392
1522 373 393
1524 374 394
1526 375 395
1528 376 396
1530 377 397
1532 378 398
1534 379 399
1536 380 400
1538 381 401
1540 382 402
1542 383 403
1544 384 404
1546 385 405
1548 386 406
1550 387 407
1552 388 408
1554 389 409
1556 390 410
1558 391 411
1560 392 412
1562 393 413
1564 394 414
1566 395 415
1568 396 416
1570 397 417
1572 398 418
1574 399 419
1576 400 420
1578 401 421
1580 402 422
1582 403 423
1584 404 424
1586 405 425
1588 406 426
1590 407 427
1592 408 428
1594 409 429
1596 410 430
1598 411 431
1600 412 432
1602 413 433
1604 414 434
1606 415 435
1608 416 436
1610 417 437
1612 418 438
1614 419 439
1616 420 440
1618 421 441
1620 422 442
1622 423 443
1624 424 444
1626 425 445
1628 426 446
1630 427 447
1632 428 448
1634 429 449
1636 430 450
1638 431 451
1640 432 452
1642 433 453
1644 434 454
1646 435 455
1648 436 456
1650 437 457
1652 438 458
1654 439 459
1656 440 460
1658 441 461
1660 442 462
1662 443 463
1664 444 464
1666 445 465
1668 446 466
1670 447 467
1672 448 468
1674 449 469
1676 450 470
1678 451 471
1680 452 472
1682 453 473
1684 454 474
1686 455 475
1688 456 476
1690 457 477
1692 458 478
1694 459 479
1696 460 480
1698 461 481
1700 462 482
1702 463 483
1704 464 484
1706 465 485
1708 466 486
1710 467 487
1712 468 488
1714 469 489
1716 470 490
1718 471 491
1720 472 492
1722 473 493
1724 474 494
1726 475 495
1728 476 496
1730 477 497
1732 478 498
1734 479 499
1736 480 500
1738 481 501
1740 482 502
1742 483 503
1744 484 504
1746 485 505
1748 486 506
1750 487 507
1752 488 508
1754 489 509
1756 490 510
1758 491 511
1760 492 512
1762 493 513
1764 494 514
1766 495 515
1768 496 516
1770 497 517
1772 498 518
1774 499 519
1776 500 520
1778 501 521
1780 502 522
1782 503 523
1784 504 524
1786 505 525
1788 506 526
1790 507 527
1792 508 528
1794 509 529
1796 510 530
1798 511 531
1800 512 532
1802 513 533
1804 514 534
1806 515 535
1808 516 536
1810 517 537
1812 518 538
1814 519 539
1816 520 540
1818 521 541
1820 522 542
1822 523 543
1824 524 544
1826 525 545
1828 526 546
1830 527 547
1832 528 548
1834 529 549
1836 530 550
1838 531 551
1840 532 552
1842 533 553
1844 534 554
1846 535 555
1848 536 556
1850 537 557
1852 538 558
1854 539 559
1856 540 560
1858 541 561
1860 542 562
1862 543 563
1864 544 564
1866 545 565
1868 546 566
1870 547 567
1872 548 568
1874 549 569
1876 550 570
1878 551 571
1880 552 572
1882 553 573
1884 554 574
1886 555 575
1888 556 576
1890 557 577
1892 558 578
1894 559 579
1896 560 580
1898 561 581
1900 562 582
1902 563 583
1904 564 584
1906 565 585
1908 566 586
1910 567 587
1912 568 588
1914 569 589
1916 570 590
1918 571 591
1920 572 592
1922 573 593
1924 574 594
1926 575 595
1928 576 596
1930 577 597
1932 578 598
1934 579 599
1936 580 600
1938 581 601
1940 582 602
1942 583 603
1944 584 604
1946 585 605
1948 586 606
1950 587 607
1952 588 608
1954 589 609
1956 590 610
1958 591 611
1960 592 612
1962 593 613
1964 594 614
1966 595 615
1968 596 616
1970 597 617
1972 598 618
1974 599 619
1976 600 620
1978 601 621
1980 602 622
1982 603 623
1984 604 624
1986 605 625
1988 606 626
1990 607 627
1992 608 628
1994 609 629
1996 610 630
1998 611 631
2000 612 632
2002 613 633
2004 614 634
2006 615 635
2008 616 636
2010 617 637
2012 618 638
2014 619 639
2016 620 640
2018 621 641
2020 622 642
2022 623 643
2024 624 644
2026 625 645
2028 626 646
2030 627 647
2032 628 648
2034 629 649
2036 630 650
2038 631 651
2040 632 652
2042 633 653
2044 634 654
2046 635 655
2048 636 656
2050 637 657
2052 638 658
2054 639 659
2056 640 660
2058 641 661
2060 642 662
2062 643 663
2064 644 664
2066 645 665
2068 646 666
2070 647 667
2072 648 668
2074 649 669
2076 650 670
2078 651 671
2080 652 672
2082 653 673
2084 654 674
2086 655 675
2088 656 676
2090 657 677
2092 658 678
2094 659 679
2096 660 680
2098 661 681
2100 662 682
2102 663 683
2104 664 684
2106 665 685
2108 666 686
2110 667 687
2112 668 688
2114 669 689
2116 670 690
2118 671 691
2120 672 692
2122 673 693
2124 674 694
2126 675 695
2128 676 696
2130 677 697
2132 678 698
2134 679 699
2136 680 700
2138 681 701
2140 682 702
2142 683 703
2144 684 704
2146 685 705
2148 686 706
2150 687 707
2152 688 708
2154 689 709
2156 690 710
2158 691 711
2160 692 712
2162 693 713
2164 694 714
2166 695 715
2168 696 716
2170 697 717
2172 698 718
2174 699 719
2176 700 720
2178 701 721
2180 702 722
2182 703 723
2184 704 724
2186 705 725
2188 706 726
2190 707 727
2192 708 728
2194 709 729
2196 710 730
2198 711 731
2200 712 732
2202 713 733
2204 714 734
2206 715 735
2208 716 736
2210 717 737
2212 718 738
2214 719 739
2216 720 740
1 5 1 774
779 1 22
781 3 22
783 3 24
785 5 24
787 5 26
789 7 26
791 7 28
793 9 28
795 9 30
797 11 30
799 11 32
801 13 32
803 13 34
805 15 34
807 15 36
809 17 36
811 17 38
813 19 38
815 19 40
817 1 40
819 22 41
821 22 43
823 24 43
825 24 45
827 26 45
829 26 47
831 28 47
833 28 49
835 30 49
837 30 51
839 32 51
841 32 53
843 34 53
845 34 55
847 36 55
849 36 57
851 38 57
853 38 59
855 40 59
857 40 41
859 41 62
861 43 62
863 43 64
865 45 64
867 45 66
869 47 66
871 47 68
873 49 68
875 49 70
877 51 70
879 51 72
881 53 72
883 53 74
885 55 74
887 55 76
889 57 76
891 57 78
893 59 78
895 59 80
897 41 80
899 62 81
901 62 83
903 64 83
905 64 85
907 66 85
909 66 87
911 68 87
913 68 89
915 70 89
917 70 91
919 72 91
921 72 93
923 74 93
925 74 95
927 76 95
929 76 97
931 78 97
933 78 99
935 80 99
937 80 81
939 81 102
941 83 102
943 83 104
945 85 104
947 85 106
949 87 106
951 87 108
953 89 108
955 89 110
957 91 110
959 91 112
961 93 112
963 93 114
965 95 114
967 95 116
969 97 116
971 97 118
973 99 118
975 99 120
977 81 120
979 102 121
981 102 123
983 104 123
985 104 125
987 106 125
989 106 127
991 108 127
993 108 129
995 110 129
997 110 131
999 112 131
1001 112 133
1003 114 133
1005 114 135
1007 116 135
1009 116 137
1011 118 137
1013 118 139
1015 120 139
1017 120 121
1019 121 142
1021 123 142
1023 123 144
1025 125 144
1027 125 146
1029 127 146
1031 127 148
1033 129 148
1035 129 150
1037 131 150
1039 131 152
1041 133 152
1043 133 154
1045 135 154
1047 135 156
1049 137 156
1051 137 158
1053 139 158
1055 139 160
1057 121 160
1059 142 161
1061 142 163
1063 144 163
1065 144 165
1067 146 165
1069 146 167
1071 148 167
1073 148 169
1075 150 169
1077 150 171
1079 152 171
1081 152 173
1083 154 173
1085 154 175
1087 156 175
1089 156 177
1091 158 177
1093 158 179
1095 160 179
1097 160 161
1099 161 182
1101 163 182
1103 163 184
1105 165 184
1107 165 186
1109 167 186
1111 167 188
1113 169 188
1115 169 190
1117 171 190
1119 171 192
1121 173 192
1123 173 194
1125 175 194
1127 175 196
1129 177 196
1131 177 198
1133 179 198
1135 179 200
1137 161 200
1139 182 201
1141 182 203
1143 184 203
1145 184 205
1147 186 205
1149 186 207
1151 188 207
1153 188 209
1155 190 209
1157 190 211
1159 192 211
1161 192 213
1163 194 213
1165 194 215
1167 196 215
1169 196 217
1171 198 217
1173 198 219
1175 200 219
1177 200 201
1179 201 222
1181 203 222
1183 203 224
1185 205 224
1187 205 226
1189 207 226
1191 207 228
1193 209 228
1195 209 230
1197 211 230
1199 211 232
1201 213 232
1203 213 234
1205 215 234
1207 215 236
1209 217 236
1211 217 238
1213 219 238
1215 219 240
1217 201 240
1219 222 241
1221 222 243
1223 224 243
1225 224 245
1227 226 245
1229 226 247
1231 228 247
1233 228 249
1235 230 249
1237 230 251
1239 232 251
1241 232 253
1243 234 253
1245 234 255
1247 236 255
1249 236 257
1251 238 257
1253 238 259
1255 240 259
1257 240 241
1259 241 262
1261 243 262
1263 243 264
1265 245 264
1267 245 266
1269 247 266
1271 247 268
1273 249 268
1275 249 270
1277 251 270
1279 251 272
1281 253 272
1283 253 274
1285 255 274
1287 255 276
1289 257 276
1291 257 278
1293 259 278
1295 259 280
1297 241 280
1299 262 281
1301 262 283
1303 264 283
1305 264 285
1307 266 285
1309 266 287
1311 268 287
1313 268 289
1315 270 289
1317 270 291
1319 272 291
1321 272 293
1323 274 293
1325 274 295
1327 276 295
1329 276 297
1331 278 297
1333 278 299
1335 280 299
1337 280 281
1339 281 302
1341 283 302
1343 283 304
1345 285 304
1347 285 306
1349 287 306
1351 287 308
1353 289 308
1355 289 310
1357 291 310
1359 291 312
1361 293 312
1363 293 314
1365 295 314
1367 295 316
1369 297 316
1371 297 318
1373 299 318
1375 299 320
1377 281 320
1379 302 321
1381 302 323
1383 304 323
1385 304 325
1387 306 325
1389 306 327
1391 308 327
1393 308 329
1395 310 329
1397 310 331
1399 312 331
1401 312 333
1403 314 333
1405 314 335
1407 316 335
1409 316 337
1411 318 337
1413 318 339
1415 320 339
1417 320 321
1419 321 342
1421 323 342
1423 323 344
1425 325 344
1427 325 346
1429 327 346
1431 327 348
1433 329 348
1435 329 350
1437 331 350
1439 331 352
1441 333 352
1443 333 354
1445 335 354
1447 335 356
1449 337 356
1451 337 358
1453 339 358
1455 339 360
1457 321 360
1459 342 361
1461 342 363
1463 344 363
1465 344 365
1467 346 365
1469 346 367
1471 348 367
1473 348 369
1475 350 369
1477 350 371
1479 352 371
1481 352 373
1483 354 373
1485 354 375
1487 356 375
1489 356 377
1491 358 377
1493 358 379
1495 360 379
1497 360 361
1499 361 382
1501 363 382
1503 363 384
1505 365 384
1507 365 386
1509 367 386
1511 367 388
1513 369 388
1515 369 390
1517 371 390
1519 371 392
1521 373 392
1523 373 394
1525 375 394
1527 375 396
1529 377 396
1531 377 398
1533 379 398
1535 379 400
1537 361 400
1539 382 401
1541 382 403
1543 384 403
1545 384 405
1547 386 405
1549 386 407
1551 388 407
1553 388 409
1555 390 409
1557 390 411
1559 392 411
1561 392 413
1563 394 413
1565 394 415
1567 396 415
1569 396 417
1571 398 417
1573 398 419
1575 400 419
1577 400 401
1579 401 422
1581 403 422
1583 403 424
1585 405 424
1587 405 426
1589 407 426
1591 407 428
1593 409 428
1595 409 430
1597 411 430
1599 411 432
1601 413 432
1603 413 434
1605 415 434
1607 415 436
1609 417 436
1611 417 438
1613 419 438
1615 419 440
1617 401 440
1619 422 441
1621 422 443
1623 424 443
1625 424 445
1627 426 445
1629 426 447
1631 428 447
1633 428 449
1635 430 449
1637 430 451
1639 432 451
1641 432 453
1643 434 453
1645 434 455
1647 436 455
1649 436 457
1651 438 457
1653 438 459
1655 440 459
1657 440 441
1659 441 462
1661 443 462
1663 443 464
1665 445 464
1667 445 466
1669 447 466
1671 447 468
1673 449 468
1675 449 470
1677 451 470
1679 451 472
1681 453 472
1683 453 474
1685 455 474
1687 455 476
1689 457 476
1691 457 478
1693 459 478
1695 459 480
1697 441 480
1699 462 481
1701 462 483
1703 464 483
1705 464 485
1707 466 485
1709 466 487
1711 468 487
1713 468 489
1715 470 489
1717 470 491
1719 472 491
1721 472 493
1723 474 493
1725 474 495
1727 476 495
1729 476 497
1731 478 497
1733 478 499
1735 480 499
1737 480 481
1739 481 502
1741 483 502
1743 483 504
1745 485 504
1747 485 506
1749 487 506
1751 487 508
1753 489 508
1755 489 510
1757 491 510
1759 491 512
1761 493 512
1763 493 514
1765 495 514
1767 495 516
1769 497 516
1771 497 518
1773 499 518
1775 499 520
1777 481 520
1779 502 521
1781 502 523
1783 504 523
1785 504 525
1787 506 525
1789 506 527
1791 508 527
1793 508 529
1795 510 529
1797 510 531
1799 512 531
1801 512 533
1803 514 533
1805 514 535
1807 516 535
1809 516 537
1811 518 537
1813 518 539
1815 520 539
1817 520 521
1819 521 542
1821 523 542
1823 523 544
1825 525 544
1827 525 546
1829 527 546
1831 527 548
1833 529 548
1835 529 550
1837 531 550
1839 531 552
1841 533 552
1843 533 554
1845 535 554
1847 535 556
1849 537 556
1851 537 558
1853 539 558
1855 539 560
1857 521 560
1859 542 561
1861 542 563
1863 544 563
1865 544 565
1867 546 565
1869 546 567
1871 548 567
1873 548 569
1875 550 569
1877 550 571
1879 552 571
1881 552 573
1883 554 573
1885 554 575
1887 556 575
1889 556 577
1891 558 577
1893 558 579
1895 560 579
1897 560 561
1899 561 582
1901 563 582
1903 563 584
1905 565 584
1907 565 586
1909 567 586
1911 567 588
1913 569 588
1915 569 590
1917 571 590
1919 571 592
1921 573 592
1923 573 594
1925 575 594
1927 575 596
1929 577 596
1931 577 598
1933 579 598
1935 579 600
1937 561 600
1939 582 601
1941 582 603
1943 584 603
1945 584 605
1947 586 605
1949 586 607
1951 588 607
1953 588 609
1955 590 609
1957 590 611
1959 592 611
1961 592 613
1963 594 613
1965 594 615
1967 596 615
1969 596 617
1971 598 617
1973 598 619
1975 600 619
1977 600 601
1979 601 622
1981 603 622
1983 603 624
1985 605 624
1987 605 626
1989 607 626
1991 607 628
1993 609 628
1995 609 630
1997 611 630
1999 611 632
2001 613 632
2003 613 634
2005 615 634
2007 615 636
2009 617 636
2011 617 638
2013 619 638
2015 619 640
2017 601 640
2019 622 641
2021 622 643
2023 624 643
2025 624 645
2027 626 645
2029 626 647
2031 628 647
2033 628 649
2035 630 649
2037 630 651
2039 632 651
2041 632 653
2043 634 653
2045 634 655
2047 636 655
2049 636 657
2051 638 657
2053 638 659
2055 640 659
2057 640 641
2059 641 662
2061 643 662
2063 643 664
2065 645 664
2067 645 666
2069 647 666
2071 647 668
2073 649 668
2075 649 670
2077 651 670
2079 651 672
2081 653 672
2083 653 674
2085 655 674
2087 655 676
2089 657 676
2091 657 678
2093 659 678
2095 659 680
2097 641 680
2099 662 681
2101 662 683
2103 664 683
2105 664 685
2107 666 685
2109 666 687
2111 668 687
2113 668 689
2115 670 689
2117 670 691
2119 672 691
2121 672 693
2123 674 693
2125 674 695
2127 676 695
2129 676 697
2131 678 697
2133 678 699
2135 680 699
2137 680 681
2139 681 702
2141 683 702
2143 683 704
2145 685 704
2147 685 706
2149 687 706
2151 687 708
2153 689 708
2155 689 710
2157 691 710
2159 691 712
2161 693 712
2163 693 714
2165 695 714
2167 695 716
2169 697 716
2171 697 718
2173 699 718
2175 699 720
2177 681 720
2179 702 721
2181 702 723
2183 704 723
2185 704 725
2187 706 725
2189 706 727
2191 708 727
2193 708 729
2195 710 729
2197 710 731
2199 712 731
2201 712 733
2203 714 733
2205 714 735
2207 716 735
2209 716 737
2211 718 737
2213 718 739
2215 720 739
2217 720 721
2222 741 744
2227 745 748
2232 749 752
2237 753 756
2242 757 760
2247 761 764
2252 765 768
2257 769 772
2262 773 776
2267 777 780
2272 781 784
2277 785 788
2282 789 792
2287 793 796
2292 797 800
2297 801 804
2429 807 810
2434 811 814
2439 815 818
2444 819 822
2449 823 826
2454 827 830
2459 831 834
2464 835 838
2469 839 842
2474 843 846
2479 847 850
2484 851 854
2489 855 858
2494 859 862
2499 863 866
2504 867 870
2640 873 876
2645 877 880
2650 881 884
2655 885 888
2660 889 892
2665 893 896
2670 897 900
2727 901 904
2732 905 908
2737 909 912
2742 913 916
2747 917 920
2752 921 924
2757 925 928
2814 929 932
2819 933 936
2824 937 940
2829 941 944
2834 945 948
2839 949 952
2844 953 956
2849 957 960
1 6 1 284
2218 741 743
2219 742 744
2223 745 747
2224 746 748
2228 749 751
2229 750 752
2233 753 755
2234 754 756
2238 757 759
2239 758 760
2243 761 763
2244 762 764
2248 765 767
2249 766 768
2253 769 771
2254 770 772
2258 773 775
2259 774 776
2263 777 779
2264 778 780
2268 781 783
2269 782 784
2273 785 787
2274 786 788
2278 789 791
2279 790 792
2283 793 795
2284 794 796
2288 797 799
2289 798 800
2293 801 803
2294 802 804
2304 741 747
2305 742 748
2312 745 751
2313 746 752
2320 749 755
2321 750 756
2328 753 759
2329 754 760
2336 757 763
2337 758 764
2342 761 766
2343 763 768
2344 761 767
2345 762 768
2350 765 770
2351 767 772
2352 765 771
2353 766 772
2358 769 774
2359 771 776
2360 769 775
2361 770 776
2366 773 778
2367 775 780
2368 773 779
2369 774 780
2374 777 782
2375 779 784
2376 777 783
2377 778 784
2382 781 786
2383 783 788
2384 781 787
2385 782 788
2390 785 790
2391 787 792
2392 785 791
2393 786 792
2398 789 794
2399 791 796
2400 789 795
2401 790 796
2406 793 798
2407 795 800
2408 793 799
2409 794 800
2414 797 802
2415 799 804
2416 797 803
2417 798 804
2425 807 809
2426 808 810
2430 811 813
2431 812 814
2435 815 817
2436 816 818
2440 819 821
2441 820 822
2445 823 825
2446 824 826
2450 827 829
2451 828 830
2455 831 833
2456 832 834
2460 835 837
2461 836 838
2465 839 841
2466 840 842
2470 843 845
2471 844 846
2475 847 849
2476 848 850
2480 851 853
2481 852 854
2485 855 857
2486 856 858
2490 859 861
2491 860 862
2495 863 865
2496 864 866
2500 867 869
2501 868 870
2511 807 813
2512 808 814
2519 811 817
2520 812 818
2527 815 821
2528 816 822
2535 819 825
2536 820 826
2543 823 829
2544 824 830
2549 827 832
2550 829 834
2551 827 833
2552 828 834
2557 831 836
2558 833 838
2559 831 837
2560 832 838
2565 835 840
2566 837 842
2567 835 841
2568 836 842
2573 839 844
2574 841 846
2575 839 845
2576 840 846
2581 843 848
2582 845 850
2583 843 849
2584 844 850
2589 847 852
2590 849 854
2591 847 853
2592 848 854
2597 851 856
2598 853 858
2599 851 857
2600 852 858
2605 855 860
2606 857 862
2607 855 861
2608 856 862
2613 859 864
2614 861 866
2615 859 865
2616 860 866
2621 863 868
2622 865 870
2623 863 869
2624 864 870
2636 873 875
2637 874 876
2641 877 879
2642 878 880
2646 881 883
2647 882 884
2651 885 887
2652 886 888
2656 889 891
2657 890 892
2661 893 895
2662 894 896
2666 897 899
2667 898 900
2675 873 878
2676 875 880
2677 873 879
2678 874 880
2683 877 882
2684 879 884
2685 877 883
2686 878 884
2691 881 886
2692 883 888
2693 881 887
2694 882 888
2699 885 890
2700 887 892
2701 885 891
2702 886 892
2707 889 894
2708 891 896
2709 889 895
2710 890 896
2715 893 898
2716 895 900
2717 893 899
2718 894 900
2723 901 903
2724 902 904
2728 905 907
2729 906 908
2733 909 911
2734 910 912
2738 913 915
2739 914 916
2743 917 919
2744 918 920
2748 921 923
2749 922 924
2753 925 927
2754 926 928
2762 901 906
2763 903 908
2764 901 907
2765 902 908
2770 905 910
2771 907 912
2772 905 911
2773 906 912
2778 909 914
2779 911 916
2780 909 915
2781 910 916
2786 913 918
2787 915 920
2788 913 919
2789 914 920
2794 917 922
2795 919 924
2796 917 923
2797 918 924
2802 921 926
2803 923 928
2804 921 927
2805 922 928
2810 929 931
2811 930 932
2815 933 935
2816 934 936
2820 937 939
2821 938 940
2825 941 943
2826 942 944
2830 945 947
2831 946 948
2835 949 951
2836 950 952
2840 953 955
2841 954 956
2845 957 959
2846 958 960
2854 929 934
2855 931 936
2856 929 935
2857 930 936
2862 933 938
2863 935 940
2864 933 939
2865 934 940
2870 937 942
2871 939 944
2872 937 943
2873 938 944
2878 941 946
2879 943 948
2880 941 947
2881 942 948
2886 945 950
2887 947 952
2888 945 951
2889 946 952
2894 949 954
2895 951 956
2896 949 955
2897 950 956
2902 953 958
2903 955 960
2904 953 959
2905 954 960
1 7 1 72
2298 741 745
2299 742 746
2300 743 747
2301 744 748
2306 745 749
2307 746 750
2308 747 751
2309 748 752
2314 749 753
2315 750 754
2316 751 755
2317 752 756
2322 753 757
2323 754 758
2324 755 759
2325 756 760
2330 757 761
2331 758 762
2332 759 763
2333 760 764
2338 761 765
2339 762 766
2340 763 767
2341 764 768
2418 741 299
2419 742 299
2420 743 339
2421 744 339
2505 807 811
2506 808 812
2507 809 813
2508 810 814
2513 811 815
2514 812 816
2515 813 817
2516 814 818
2521 815 819
2522 816 820
2523 817 821
2524 818 822
2529 819 823
2530 820 824
2531 821 825
2532 822 826
2537 823 827
2538 824 828
2539 825 829
2540 826 830
2545 827 831
2546 828 832
2547 829 833
2548 830 834
2625 807 293
2626 808 293
2627 809 333
2628 810 333
2632 741 807
2633 742 808
2634 743 809
2635 744 810
2719 873 661
2720 874 661
2721 875 701
2722 876 720
2806 901 671
2807 902 671
2808 903 711
2809 904 712
2906 929 626
2907 930 626
2908 931 685
2909 932 687
1 8 1 40
2346 765 769
2347 766 770
2348 767 771
2349 768 772
2354 769 773
2355 770 774
2356 771 775
2357 772 776
2362 773 777
2363 774 778
2364 775 779
2365 776 780
2370 777 781
2371 778 782
2372 779 783
2373 780 784
2378 781 785
2379 782 786
2380 783 787
2381 784 788
2553 831 835
2554 832 836
2555 833 837
2556 834 838
2561 835 839
2562 836 840
2563 837 841
2564 838 842
2569 839 843
2570 840 844
2571 841 845
2572 842 846
2577 843 847
2578 844 848
2579 845 849
2580 846 850
2585 847 851
2586 848 852
2587 849 853
2588 850 854
1 9 1 108
2386 785 789
2387 786 790
2388 787 791
2389 788 792
2394 789 793
2395 790 794
2396 791 795
2397 792 796
2402 793 797
2403 794 798
2404 795 799
2405 796 800
2410 797 801
2411 798 802
2412 799 803
2413 800 804
2593 851 855
2594 852 856
2595 853 857
2596 854 858
2601 855 859
2602 856 860
2603 857 861
2604 858 862
2609 859 863
2610 860 864
2611 861 865
2612 862 866
2617 863 867
2618 864 868
2619 865 869
2620 866 870
2671 873 877
2672 874 878
2673 875 879
2674 876 880
2679 877 881
2680 878 882
2681 879 883
2682 880 884
2687 881 885
2688 882 886
2689 883 887
2690 884 888
2695 885 889
2696 886 890
2697 887 891
2698 888 892
2703 889 893
2704 890 894
2705 891 895
2706 892 896
2711 893 897
2712 894 898
2713 895 899
2714 896 900
2758 901 905
2759 902 906
2760 903 907
2761 904 908
2766 905 909
2767 906 910
2768 907 911
2769 908 912
2774 909 913
2775 910 914
2776 911 915
2777 912 916
2782 913 917
2783 914 918
2784 915 919
2785 916 920
2790 917 921
2791 918 922
2792 919 923
2793 920 924
2798 921 925
2799 922 926
2800 923 927
2801 924 928
2850 929 933
2851 930 934
2852 931 935
2853 932 936
2858 933 937
2859 934 938
2860 935 939
2861 936 940
2866 937 941
2867 938 942
2868 939 943
2869 940 944
2874 941 945
2875 942 946
2876 943 947
2877 944 948
2882 945 949
2883 946 950
2884 947 951
2885 948 952
2890 949 953
2891 950 954
2892 951 955
2893 952 956
2898 953 957
2899 954 958
2900 955 959
2901 956 960
1 10 1 2
2422 752 805
2629 818 871
1 11 1 5
2423 758 806
2424 760 806
2630 824 872
2631 826 872
2910 76 961
$EndElements
$NodeData
1
"Fixity"
1
0
3
0
3
961
1 0 0 0
2 0 0 0
3 0 0 0
4 0 0 0
5 0 0 0
6 0 0 0
7 0 0 0
8 0 0 0
9 0 0 0
10 0 0 0
11 0 0 0
12 0 0 0
13 0 0 0
14 0 0 0
15 0 0 0
16 0 0 0
17 0 0 0
18 0 0 0
19 0 0 0
20 0 0 0
21 0 0 0
22 0 0 0
23 0 0 0
24 0 0 0
25 0 0 0
26 0 0 0
27 0 0 0
28 0 0 0
29 0 0 0
30 0 0 0
31 0 0 0
32 0 0 0
33 0 0 0
34 0 0 0
35 0 0 0
36 0 0 0
37 0 0 0
38 0 0 0
39 0 0 0
40 0 0 0
41 0 0 0
42 0 0 0
43 0 0 0
44 0 0 0
45 0 0 0
46 0 0 0
47 0 0 0
48 0 0 0
49 0 0 0
50 0 0 0
51 0 0 0
52 0 0 0
53 0 0 0
54 0 0 0
55 0 0 0
56 0 0 0
57 0 0 0
58 0 0 0
59 0 0 0
60 0 0 0
61 0 0 0
62 0 0 0
63 0 0 0
64 0 0 0
65 0 0 0
66 0 0 0
67 0 0 0
68 0 0 0
69 0 0 0
70 0 0 0
71 0 0 0
72 0 0 0
73 0 0 0
74 0 0 0
75 0 0 0
76 0 0 0
77 0 0 0
78 0 0 0
79 0 0 0
80 0 0 0
81 0 0 0
82 0 0 0
83 0 0 0
84 0 0 0
85 0 0 0
86 0 0 0
87 0 0 0
88 0 0 0
89 0 0 0
90 0 0 0
91 0 0 0
92 0 0 0
93 0 0 0
94 0 0 0
95 0 0 0
96 0 0 0
97 0 0 0
98 0 0 0
99 0 0 0
100 0 0 0
101 0 0 0
102 0 0 0
103 0 0 0
104 0 0 0
105 0 0 0
106 0 0 0
107 0 0 0
108 0 0 0
109 0 0 0
110 0 0 0
111 0 0 0
112 0 0 0
113 0 0 0
114 0 0 0
115 0 0 0
116 0 0 0
117 0 0 0
118 0 0 0
119 0 0 0
120 0 0 0
121 0 0 0
122 0 0 0
123 0 0 0
124 0 0 0
125 0 0 0
126 0 0 0
127 0 0 0
128 0 0 0
129 0 0 0
130 0 0 0
131 0 0 0
132 0 0 0
133 0 0 0
134 0 0 0
135 0 0 0
136 0 0 0
137 0 0 0
138 0 0 0
139 0 0 0
140 0 0 0
141 0 0 0
142 0 0 0
143 0 0 0
144 0 0 0
145 0 0 0
146 0 0 0
147 0 0 0
148 0 0 0
149 0 0 0
150 0 0 0
151 0 0 0
152 0 0 0
153 0 0 0
154 0 0 0
155 0 0 0
156 0 0 0
157 0 0 0
158 0 0 0
159 0 0 0
160 0 0 0
161 0 0 0
162 0 0 0
163 0 0 0
164 0 0 0
165 0 0 0
166 0 0 0
167 0 0 0
168 0 0 0
169 0 0 0
170 0 0 0
171 0 0 0
172 0 0 0
173 0 0 0
174 0 0 0
175 0 0 0
176 0 0 0
177 0 0 0
178 0 0 0
179 0 0 0
180 0 0 0
181 0 0 0
182 0 0 0
183 0 0 0
184 0 0 0
185 0 0 0
186 0 0 0
187 0 0 0
188 0 0 0
189 0 0 0
190 0 0 0
191 0 0 0
192 0 0 0
193 0 0 0
194 0 0 0
195 0 0 0
196 0 0 0
197 0 0 0
198 0 0 0
199 0 0 0
200 0 0 0
201 0 0 0
202 0 0 0
203 0 0 0
204 0 0 0
205 0 0 0
206 0 0 0
207 0 0 0
208 0 0 0
209 0 0 0
210 0 0 0
211 0 0 0
212 0 0 0
213 0 0 0
214 0 0 0
215 0 0 0
216 0 0 0
217 0 0 0
218 0 0 0
219 0 0 0
220 0 0 0
221 0 0 0
222 0 0 0
223 0 0 0
224 0 0 0
225 0 0 0
226 0 0 0
227 0 0 0
228 0 0 0
229 0 0 0
230 0 0 0
231 0 0 0
232 0 0 0
233 0 0 0
234 0 0 0
235 0 0 0
236 0 0 0
237 0 0 0
238 0 0 0
239 0 0 0
240 0 0 0
241 0 0 0
242 0 0 0
243 0 0 0
244 0 0 0
245 0 0 0
246 0 0 0
247 0 0 0
248 0 0 0
249 0 0 0
250 0 0 0
251 0 0 0
252 0 0 0
253 0 0 0
254 0 0 0
255 0 0 0
256 0 0 0
257 0 0 0
258 0 0 0
259 0 0 0
260 0 0 0
261 0 0 0
262 0 0 0
263 0 0 0
264 0 0 0
265 0 0 0
266 0 0 0
267 0 0 0
268 0 0 0
269 0 0 0
270 0 0 0
271 0 0 0
272 0 0 0
273 0 0 0
274 0 0 0
275 0 0 0
276 0 0 0
277 0 0 0
278 0 0 0
279 0 0 0
280 0 0 0
281 0 0 0
282 0 0 0
283 0 0 0
284 0 0 0
285 0 0 0
286 0 0 0
287 0 0 0
288 0 0 0
289 0 0 0
290 0 0 0
291 0 0 0
292 0 0 0
293 0 0 0
294 0 0 0
295 0 0 0
296 0 0 0
297 0 0 0
298 0 0 0
299 0 0 0
300 0 0 0
301 0 0 0
302 0 0 0
303 0 0 0
304 0 0 0
305 0 0 0
306 0 0 0
307 0 0 0
308 0 0 0
309 0 0 0
310 0 0 0
311 0 0 0
312 0 0 0
313 0 0 0
314 0 0 0
315 0 0 0
316 0 0 0
317 0 0 0
318 0 0 0
319 0 0 0
320 0 0 0
321 0 0 0
322 0 0 0
323 0 0 0
324 0 0 0
325 0 0 0
326 0 0 0
327 0 0 0
328 0 0 0
329 0 0 0
330 0 0 0
331 0 0 0
332 0 0 0
333 0 0 0
334 0 0 0
335 0 0 0
336 0 0 0
337 0 0 0
338 0 0 0
339 0 0 0
340 0 0 0
341 0 0 0
342 0 0 0
343 0 0 0
344 0 0 0
345 0 0 0
346 0 0 0
347 0 0 0
348 0 0 0
349 0 0 0
350 0 0 0
351 0 0 0
352 0 0 0
353 0 0 0
354 0 0 0
355 0 0 0
356 0 0 0
357 0 0 0
358 0 0 0
359 0 0 0
360 0 0 0
361 0 0 0
362 0 0 0
363 0 0 0
364 0 0 0
365 0 0 0
366 0 0 0
367 0 0 0
368 0 0 0
369 0 0 0
370 0 0 0
371 0 0 0
372 0 0 0
373 0 0 0
374 0 0 0
375 0 0 0
376 0 0 0
377 0 0 0
378 0 0 0
379 0 0 0
380 0 0 0
381 0 0 0
382 0 0 0
383 0 0 0
384 0 0 0
385 0 0 0
386 0 0 0
387 0 0 0
388 0 0 0
389 0 0 0
390 0 0 0
391 0 0 0
392 0 0 0
393 0 0 0
394 0 0 0
395 0 0 0
396 0 0 0
397 0 0 0
398 0 0 0
399 0 0 0
400 0 0 0
401 0 0 0
402 0 0 0
403 0 0 0
404 0 0 0
405 0 0 0
406 0 0 0
407 0 0 0
408 0 0 0
409 0 0 0
410 0 0 0
411 0 0 0
412 0 0 0
413 0 0 0
414 0 0 0
415 0 0 0
416 0 0 0
417 0 0 0
418 0 0 0
419 0 0 0
420 0 0 0
421 0 0 0
422 0 0 0
423 0 0 0
424 0 0 0
425 0 0 0
426 0 0 0
427 0 0 0
428 0 0 0
429 0 0 0
430 0 0 0
431 0 0 0
432 0 0 0
433 0 0 0
434 0 0 0
435 0 0 0
436 0 0 0
437 0 0 0
438 0 0 0
439 0 0 0
440 0 0 0
441 0 0 0
442 0 0 0
443 0 0 0
444 0 0 0
445 0 0 0
446 0 0 0
447 0 0 0
448 0 0 0
449 0 0 0
450 0 0 0
451 0 0 0
452 0 0 0
453 0 0 0
454 0 0 0
455 0 0 0
456 0 0 0
457 0 0 0
458 0 0 0
459 0 0 0
460 0 0 0
461 0 0 0
462 0 0 0
463 0 0 0
464 0 0 0
465 0 0 0
466 0 0 0
467 0 0 0
468 0 0 0
469 0 0 0
470 0 0 0
471 0 0 0
472 0 0 0
473 0 0 0
474 0 0 0
475 0 0 0
476 0 0 0
477 0 0 0
478 0 0 0
479 0 0 0
480 0 0 0
481 0 0 0
482 0 0 0
483 0 0 0
484 0 0 0
485 0 0 0
486 0 0 0
487 0 0 0
488 0 0 0
489 0 0 0
490 0 0 0
491 0 0 0
492 0 0 0
493 0 0 0
494 0 0 0
495 0 0 0
496 0 0 0
497 0 0 0
498 0 0 0
499 0 0 0
500 0 0 0
501 0 0 0
502 0 0 0
503 0 0 0
504 0 0 0
505 0 0 0
506 0 0 0
507 0 0 0
508 0 0 0
509 0 0 0
510 0 0 0
511 0 0 0
512 0 0 0
513 0 0 0
514 0 0 0
515 0 0 0
516 0 0 0
517 0 0 0
518 0 0 0
519 0 0 0
520 0 0 0
521 0 0 0
522 0 0 0
523 0 0 0
524 0 0 0
525 0 0 0
526 0 0 0
527 0 0 0
528 0 0 0
529 0 0 0
530 0 0 0
531 0 0 0
532 0 0 0
533 0 0 0
534 0 0 0
535 0 0 0
536 0 0 0
537 0 0 0
538 0 0 0
539 0 0 0
540 0 0 0
541 0 0 0
542 0 0 0
543 0 0 0
544 0 0 0
545 0 0 0
546 0 0 0
547 0 0 0
548 0 0 0
549 0 0 0
550 0 0 0
551 0 0 0
552 0 0 0
553 0 0 0
554 0 0 0
555 0 0 0
556 0 0 0
557 0 0 0
558 0 0 0
559 0 0 0
560 0 0 0
561 0 0 0
562 0 0 0
563 0 0 0
564 0 0 0
565 0 0 0
566 0 0 0
567 0 0 0
568 0 0 0
569 0 0 0
570 0 0 0
571 0 0 0
572 0 0 0
573 0 0 0
574 0 0 0
575 0 0 0
576 0 0 0
577 0 0 0
578 0 0 0
579 0 0 0
580 0 0 0
581 0 0 0
582 0 0 0
583 0 0 0
584 0 0 0
585 0 0 0
586 0 0 0
587 0 0 0
588 0 0 0
589 0 0 0
590 0 0 0
591 0 0 0
592 0 0 0
593 0 0 0
594 0 0 0
595 0 0 0
596 0 0 0
597 0 0 0
598 0 0 0
599 0 0 0
600 0 0 0
601 0 0 0
602 0 0 0
603 0 0 0
604 0 0 0
605 0 0 0
606 0 0 0
607 0 0 0
608 0 0 0
609 0 0 0
610 0 0 0
611 0 0 0
612 0 0 0
613 0 0 0
614 0 0 0
615 0 0 0
616 0 0 0
617 0 0 0
618 0 0 0
619 0 0 0
620 0 0 0
621 0 0 0
622 0 0 0
623 0 0 0
624 0 0 0
625 0 0 0
626 0 0 0
627 0 0 0
628 0 0 0
629 0 0 0
630 0 0 0
631 0 0 0
632 0 0 0
633 0 0 0
634 0 0 0
635 0 0 0
636 0 0 0
637 0 0 0
638 0 0 0
639 0 0 0
640 0 0 0
641 0 0 0
642 0 0 0
643 0 0 0
644 0 0 0
645 0 0 0
646 0 0 0
647 0 0 0
648 0 0 0
649 0 0 0
650 0 0 0
651 0 0 0
652 0 0 0
653 0 0 0
654 0 0 0
655 0 0 0
656 0 0 0
657 0 0 0
658 0 0 0
659 0 0 0
660 0 0 0
661 0 0 0
662 0 0 0
663 0 0 0
664 0 0 0
665 0 0 0
666 0 0 0
667 0 0 0
668 0 0 0
669 0 0 0
670 0 0 0
671 0 0 0
672 0 0 0
673 0 0 0
674 0 0 0
675 0 0 0
676 0 0 0
677 0 0 0
678 0 0 0
679 0 0 0
680 0 0 0
681 0 0 0
682 0 0 0
683 0 0 0
684 0 0 0
685 0 0 0
686 0 0 0
687 0 0 0
688 0 0 0
689 0 0 0
690 0 0 0
691 0 0 0
692 0 0 0
693 0 0 0
694 0 0 0
695 0 0 0
696 0 0 0
697 0 0 0
698 0 0 0
699 0 0 0
700 0 0 0
701 0 0 0
702 0 0 0
703 0 0 0
704 0 0 0
705 0 0 0
706 0 0 0
707 0 0 0
708 0 0 0
709 0 0 0
710 0 0 0
711 0 0 0
712 0 0 0
713 0 0 0
714 0 0 0
715 0 0 0
716 0 0 0
717 0 0 0
718 0 0 0
719 0 0 0
720 0 0 0
721 0 0 0
722 0 0 0
723 0 0 0
724 0 0 0
725 0 0 0
726 0 0 0
727 0 0 0
728 0 0 0
729 0 0 0
730 0 0 0
731 0 0 0
732 0 0 0
733 0 0 0
734 0 0 0
735 0 0 0
736 0 0 0
737 0 0 0
738 0 0 0
739 0 0 0
740 0 0 0
741 0 0 0
742 0 0 0
743 0 0 0
744 0 0 0
745 0 0 0
746 0 0 0
747 0 0 0
748 0 0 0
749 0 0 0
750 0 0 0
751 0 0 0
752 0 0 0
753 0 0 0
754 0 0 0
755 0 0 0
756 0 0 0
757 0 0 0
758 0 0 0
759 0 0 0
760 0 0 0
761 0 0 0
762 0 0 0
763 0 0 0
764 0 0 0
765 0 0 0
766 0 0 0
767 0 0 0
768 0 0 0
769 0 0 0
770 0 0 0
771 0 0 0
772 0 0 0
773 0 0 0
774 0 0 0
775 0 0 0
776 0 0 0
777 0 0 0
778 0 0 0
779 0 0 0
780 0 0 0
781 0 0 0
782 0 0 0
783 0 0 0
784 0 0 0
785 0 0 0
786 0 0 0
787 0 0 0
788 0 0 0
789 0 0 0
790 0 0 0
791 0 0 0
792 0 0 0
793 0 0 0
794 0 0 0
795 0 0 0
796 0 0 0
797 0 0 0
798 0 0 0
799 0 0 0
800 0 0 0
801 0 0 0
802 0 0 0
803 0 0 0
804 0 0 0
805 1 1 1
806 0 0 0
807 0 0 0
808 0 0 0
809 0 0 0
810 0 0 0
811 0 0 0
812 0 0 0
813 0 0 0
814 0 0 0
815 0 0 0
816 0 0 0
817 0 0 0
818 0 0 0
819 0 0 0
820 0 0 0
821 0 0 0
822 0 0 0
823 0 0 0
824 0 0 0
825 0 0 0
826 0 0 0
827 0 0 0
828 0 0 0
829 0 0 0
830 0 0 0
831 0 0 0
832 0 0 0
833 0 0 0
834 0 0 0
835 0 0 0
836 0 0 0
837 0 0 0
838 0 0 0
839 0 0 0
840 0 0 0
841 0 0 0
842 0 0 0
843 0 0 0
844 0 0 0
845 0 0 0
846 0 0 0
847 0 0 0
848 0 0 0
849 0 0 0
850 0 0 0
851 0 0 0
852 0 0 0
853 0 0 0
854 0 0 0
855 0 0 0
856 0 0 0
857 0 0 0
858 0 0 0
859 0 0 0
860 0 0 0
861 0 0 0
862 0 0 0
863 0 0 0
864 0 0 0
865 0 0 0
866 0 0 0
867 0 0 0
868 0 0 0
869 0 0 0
870 0 0 0
871 1 1 1
872 0 0 0
873 0 0 0
874 0 0 0
875 0 0 0
876 0 0 0
877 0 0 0
878 0 0 0
879 0 0 0
880 0 0 0
881 0 0 0
882 0 0 0
883 0 0 0
884 0 0 0
885 0 0 0
886 0 0 0
887 0 0 0
888 0 0 0
889 0 0 0
890 0 0 0
891 0 0 0
892 0 0 0
893 0 0 0
894 0 0 0
895 0 0 0
896 0 0 0
897 0 0 0
898 0 0 0
899 0 0 0
900 0 0 0
901 0 0 0
902 0 0 0
903 0 0 0
904 0 0 0
905 0 0 0
906 0 0 0
907 0 0 0
908 0 0 0
909 0 0 0
910 0 0 0
911 0 0 0
912 0 0 0
913 0 0 0
914 0 0 0
915 0 0 0
916 0 0 0
917 0 0 0
918 0 0 0
919 0 0 0
920 0 0 0
921 0 0 0
922 0 0 0
923 0 0 0
924 0 0 0
925 0 0 0
926 0 0 0
927 0 0 0
928 0 0 0
929 0 0 0
930 0 0 0
931 0 0 0
932 0 0 0
933 0 0 0
934 0 0 0
935 0 0 0
936 0 0 0
937 0 0 0
938 0 0 0
939 0 0 0
940 0 0 0
941 0 0 0
942 0 0 0
943 0 0 0
944 0 0 0
945 0 0 0
946 0 0 0
947 0 0 0
948 0 0 0
949 0 0 0
950 0 0 0
951 0 0 0
952 0 0 0
953 0 0 0
954 0 0 0
955 0 0 0
956 0 0 0
957 0 0 0
958 0 0 0
959 0 0 0
960 0 0 0
961 1 1 1
$EndNodeData
$NodeData
1
"FixityRotation"
1
0
3
0
3
961
1 0 0 0
2 0 0 0
3 0 0 0
4 0 0 0
5 0 0 0
6 0 0 0
7 0 0 0
8 0 0 0
9 0 0 0
10 0 0 0
11 0 0 0
12 0 0 0
13 0 0 0
14 0 0 0
15 0 0 0
16 0 0 0
17 0 0 0
18 0 0 0
19 0 0 0
20 0 0 0
21 0 0 0
22 0 0 0
23 0 0 0
24 0 0 0
25 0 0 0
26 0 0 0
27 0 0 0
28 0 0 0
29 0 0 0
30 0 0 0
31 0 0 0
32 0 0 0
33 0 0 0
34 0 0 0
35 0 0 0
36 0 0 0
37 0 0 0
38 0 0 0
39 0 0 0
40 0 0 0
41 0 0 0
42 0 0 0
43 0 0 0
44 0 0 0
45 0 0 0
46 0 0 0
47 0 0 0
48 0 0 0
49 0 0 0
50 0 0 0
51 0 0 0
52 0 0 0
53 0 0 0
54 0 0 0
55 0 0 0
56 0 0 0
57 0 0 0
58 0 0 0
59 0 0 0
60 0 0 0
61 0 0 0
62 0 0 0
63 0 0 0
64 0 0 0
65 0 0 0
66 0 0 0
67 0 0 0
68 0 0 0
69 0 0 0
70 0 0 0
71 0 0 0
72 0 0 0
73 0 0 0
74 0 0 0
75 0 0 0
76 0 0 0
77 0 0 0
78 0 0 0
79 0 0 0
80 0 0 0
81 0 0 0
82 0 0 0
83 0 0 0
84 0 0 0
85 0 0 0
86 0 0 0
87 0 0 0
88 0 0 0
89 0 0 0
90 0 0 0
91 0 0 0
92 0 0 0
93 0 0 0
94 0 0 0
95 0 0 0
96 0 0 0
97 0 0 0
98 0 0 0
99 0 0 0
100 0 0 0
101 0 0 0
102 0 0 0
103 0 0 0
104 0 0 0
105 0 0 0
106 0 0 0
107 0 0 0
108 0 0 0
109 0 0 0
110 0 0 0
111 0 0 0
112 0 0 0
113 0 0 0
114 0 0 0
115 0 0 0
116 0 0 0
117 0 0 0
118 0 0 0
119 0 0 0
120 0 0 0
121 0 0 0
122 0 0 0
123 0 0 0
124 0 0 0
125 0 0 0
126 0 0 0
127 0 0 0
128 0 0 0
129 0 0 0
130 0 0 0
131 0 0 0
132 0 0 0
133 0 0 0
134 0 0 0
135 0 0 0
136 0 0 0
137 0 0 0
138 0 0 0
139 0 0 0
140 0 0 0
141 0 0 0
142 0 0 0
143 0 0 0
144 0 0 0
145 0 0 0
146 0 0 0
147 0 0 0
148 0 0 0
149 0 0 0
150 0 0 0
151 0 0 0
152 0 0 0
153 0 0 0
154 0 0 0
155 0 0 0
156 0 0 0
157 0 0 0
158 0 0 0
159 0 0 0
160 0 0 0
161 0 0 0
162 0 0 0
163 0 0 0
164 0 0 0
165 0 0 0
166 0 0 0
167 0 0 0
168 0 0 0
169 0 0 0
170 0 0 0
171 0 0 0
172 0 0 0
173 0 0 0
174 0 0 0
175 0 0 0
176 0 0 0
177 0 0 0
178 0 0 0
179 0 0 0
180 0 0 0
181 0 0 0
182 0 0 0
183 0 0 0
184 0 0 0
185 0 0 0
186 0 0 0
187 0 0 0
188 0 0 0
189 0 0 0
190 0 0 0
191 0 0 0
192 0 0 0
193 0 0 0
194 0 0 0
195 0 0 0
196 0 0 0
197 0 0 0
198 0 0 0
199 0 0 0
200 0 0 0
201 0 0 0
202 0 0 0
203 0 0 0
204 0 0 0
205 0 0 0
206 0 0 0
207 0 0 0
208 0 0 0
209 0 0 0
210 0 0 0
211 0 0 0
212 0 0 0
213 0 0 0
214 0 0 0
215 0 0 0
216 0 0 0
217 0 0 0
218 0 0 0
219 0 0 0
220 0 0 0
221 0 0 0
222 0 0 0
223 0 0 0
224 0 0 0
225 0 0 0
226 0 0 0
227 0 0 0
228 0 0 0
229 0 0 0
230 0 0 0
231 0 0 0
232 0 0 0
233 0 0 0
234 0 0 0
235 0 0 0
236 0 0 0
237 0 0 0
238 0 0 0
239 0 0 0
240 0 0 0
241 0 0 0
242 0 0 0
243 0 0 0
244 0 0 0
245 0 0 0
246 0 0 0
247 0 0 0
248 0 0 0
249 0 0 0
250 0 0 0
251 0 0 0
252 0 0 0
253 0 0 0
254 0 0 0
255 0 0 0
256 0 0 0
257 0 0 0
258 0 0 0
259 0 0 0
260 0 0 0
261 0 0 0
262 0 0 0
263 0 0 0
264 0 0 0
265 0 0 0
266 0 0 0
267 0 0 0
268 0 0 0
269 0 0 0
270 0 0 0
271 0 0 0
272 0 0 0
273 0 0 0
274 0 0 0
275 0 0 0
276 0 0 0
277 0 0 0
278 0 0 0
279 0 0 0
280 0 0 0
281 0 0 0
282 0 0 0
283 0 0 0
284 0 0 0
285 0 0 0
286 0 0 0
287 0 0 0
288 0 0 0
289 0 0 0
290 0 0 0
291 0 0 0
292 0 0 0
293 0 0 0
294 0 0 0
295 0 0 0
296 0 0 0
297 0 0 0
298 0 0 0
299 0 0 0
300 0 0 0
301 0 0 0
302 0 0 0
303 0 0 0
304 0 0 0
305 0 0 0
306 0 0 0
307 0 0 0
308 0 0 0
309 0 0 0
310 0 0 0
311 0 0 0
312 0 0 0
313 0 0 0
314 0 0 0
315 0 0 0
316 0 0 0
317 0 0 0
318 0 0 0
319 0 0 0
320 0 0 0
321 0 0 0
322 0 0 0
323 0 0 0
324 0 0 0
325 0 0 0
326 0 0 0
327 0 0 0
328 0 0 0
329 0 0 0
330 0 0 0
331 0 0 0
332 0 0 0
333 0 0 0
334 0 0 0
335 0 0 0
336 0 0 0
337 0 0 0
338 0 0 0
339 0 0 0
340 0 0 0
341 0 0 0
342 0 0 0
343 0 0 0
344 0 0 0
345 0 0 0
346 0 0 0
347 0 0 0
348 0 0 0
349 0 0 0
350 0 0 0
351 0 0 0
352 0 0 0
353 0 0 0
354 0 0 0
355 0 0 0
356 0 0 0
357 0 0 0
358 0 0 0
359 0 0 0
360 0 0 0
361 0 0 0
362 0 0 0
363 0 0 0
364 0 0 0
365 0 0 0
366 0 0 0
367 0 0 0
368 0 0 0
369 0 0 0
370 0 0 0
371 0 0 0
372 0 0 0
373 0 0 0
374 0 0 0
375 0 0 0
376 0 0 0
377 0 0 0
378 0 0 0
379 0 0 0
380 0 0 0
381 0 0 0
382 0 0 0
383 0 0 0
384 0 0 0
385 0 0 0
386 0 0 0
387 0 0 0
388 0 0 0
389 0 0 0
390 0 0 0
391 0 0 0
392 0 0 0
393 0 0 0
394 0 0 0
395 0 0 0
396 0 0 0
397 0 0 0
398 0 0 0
399 0 0 0
400 0 0 0
401 0 0 0
402 0 0 0
403 0 0 0
404 0 0 0
405 0 0 0
406 0 0 0
407 0 0 0
408 0 0 0
409 0 0 0
410 0 0 0
411 0 0 0
412 0 0 0
413 0 0 0
414 0 0 0
415 0 0 0
416 0 0 0
417 0 0 0
418 0 0 0
419 0 0 0
420 0 0 0
421 0 0 0
422 0 0 0
423 0 0 0
424 0 0 0
425 0 0 0
426 0 0 0
427 0 0 0
428 0 0 0
429 0 0 0
430 0 0 0
431 0 0 0
432 0 0 0
433 0 0 0
434 0 0 0
435 0 0 0
436 0 0 0
437 0 0 0
438 0 0 0
439 0 0 0
440 0 0 0
441 0 0 0
442 0 0 0
443 0 0 0
444 0 0 0
445 0 0 0
446 0 0 0
447 0 0 0
448 0 0 0
449 0 0 0
450 0 0 0
451 0 0 0
452 0 0 0
453 0 0 0
454 0 0 0
455 0 0 0
456 0 0 0
457 0 0 0
458 0 0 0
459 0 0 0
460 0 0 0
461 0 0 0
462 0 0 0
463 0 0 0
464 0 0 0
465 0 0 0
466 0 0 0
467 0 0 0
468 0 0 0
469 0 0 0
470 0 0 0
471 0 0 0
472 0 0 0
473 0 0 0
474 0 0 0
475 0 0 0
476 0 0 0
477 0 0 0
478 0 0 0
479 0 0 0
480 0 0 0
481 0 0 0
482 0 0 0
483 0 0 0
484 0 0 0
485 0 0 0
486 0 0 0
487 0 0 0
488 0 0 0
489 0 0 0
490 0 0 0
491 0 0 0
492 0 0 0
493 0 0 0
494 0 0 0
495 0 0 0
496 0 0 0
497 0 0 0
498 0 0 0
499 0 0 0
500 0 0 0
501 0 0 0
502 0 0 0
503 0 0 0
504 0 0 0
505 0 0 0
506 0 0 0
507 0 0 0
508 0 0 0
509 0 0 0
510 0 0 0
511 0 0 0
512 0 0 0
513 0 0 0
514 0 0 0
515 0 0 0
516 0 0 0
517 0 0 0
518 0 0 0
519 0 0 0
520 0 0 0
521 0 0 0
522 0 0 0
523 0 0 0
524 0 0 0
525 0 0 0
526 0 0 0
527 0 0 0
528 0 0 0
529 0 0 0
530 0 0 0
531 0 0 0
532 0 0 0
533 0 0 0
534 0 0 0
535 0 0 0
536 0 0 0
537 0 0 0
538 0 0 0
539 0 0 0
540 0 0 0
541 0 0 0
542 0 0 0
543 0 0 0
544 0 0 0
545 0 0 0
546 0 0 0
547 0 0 0
548 0 0 0
549 0 0 0
550 0 0 0
551 0 0 0
552 0 0 0
553 0 0 0
554 0 0 0
555 0 0 0
556 0 0 0
557 0 0 0
558 0 0 0
559 0 0 0
560 0 0 0
561 0 0 0
562 0 0 0
563 0 0 0
564 0 0 0
565 0 0 0
566 0 0 0
567 0 0 0
568 0 0 0
569 0 0 0
570 0 0 0
571 0 0 0
572 0 0 0
573 0 0 0
574 0 0 0
575 0 0 0
576 0 0 0
577 0 0 0
578 0 0 0
579 0 0 0
580 0 0 0
581 0 0 0
582 0 0 0
583 0 0 0
584 0 0 0
585 0 0 0
586 0 0 0
587 0 0 0
588 0 0 0
589 0 0 0
590 0 0 0
591 0 0 0
592 0 0 0
593 0 0 0
594 0 0 0
595 0 0 0
596 0 0 0
597 0 0 0
598 0 0 0
599 0 0 0
600 0 0 0
601 0 0 0
602 0 0 0
603 0 0 0
604 0 0 0
605 0 0 0
606 0 0 0
607 0 0 0
608 0 0 0
609 0 0 0
610 0 0 0
611 0 0 0
612 0 0 0
613 0 0 0
614 0 0 0
615 0 0 0
616 0 0 0
617 0 0 0
618 0 0 0
619 0 0 0
620 0 0 0
621 0 0 0
622 0 0 0
623 0 0 0
624 0 0 0
625 0 0 0
626 0 0 0
627 0 0 0
628 0 0 0
629 0 0 0
630 0 0 0
631 0 0 0
632 0 0 0
633 0 0 0
634 0 0 0
635 0 0 0
636 0 0 0
637 0 0 0
638 0 0 0
639 0 0 0
640 0 0 0
641 0 0 0
642 0 0 0
643 0 0 0
644 0 0 0
645 0 0 0
646 0 0 0
647 0 0 0
648 0 0 0
649 0 0 0
650 0 0 0
651 0 0 0
652 0 0 0
653 0 0 0
654 0 0 0
655 0 0 0
656 0 0 0
657 0 0 0
658 0 0 0
659 0 0 0
660 0 0 0
661 0 0 0
662 0 0 0
663 0 0 0
664 0 0 0
665 0 0 0
666 0 0 0
667 0 0 0
668 0 0 0
669 0 0 0
670 0 0 0
671 0 0 0
672 0 0 0
673 0 0 0
674 0 0 0
675 0 0 0
676 0 0 0
677 0 0 0
678 0 0 0
679 0 0 0
680 0 0 0
681 0 0 0
682 0 0 0
683 0 0 0
684 0 0 0
685 0 0 0
686 0 0 0
687 0 0 0
688 0 0 0
689 0 0 0
690 0 0 0
691 0 0 0
692 0 0 0
693 0 0 0
694 0 0 0
695 0 0 0
696 0 0 0
697 0 0 0
698 0 0 0
699 0 0 0
700 0 0 0
701 0 0 0
702 0 0 0
703 0 0 0
704 0 0 0
705 0 0 0
706 0 0 0
707 0 0 0
708 0 0 0
709 0 0 0
710 0 0 0
711 0 0 0
712 0 0 0
713 0 0 0
714 0 0 0
715 0 0 0
716 0 0 0
717 0 0 0
718 0 0 0
719 0 0 0
720 0 0 0
721 0 0 0
722 0 0 0
723 0 0 0
724 0 0 0
725 0 0 0
726 0 0 0
727 0 0 0
728 0 0 0
729 0 0 0
730 0 0 0
731 0 0 0
732 0 0 0
733 0 0 0
734 0 0 0
735 0 0 0
736 0 0 0
737 0 0 0
738 0 0 0
739 0 0 0
740 0 0 0
741 0 0 0
742 0 0 0
743 0 0 0
744 0 0 0
745 0 0 0
746 0 0 0
747 0 0 0
748 0 0 0
749 0 0 0
750 0 0 0
751 0 0 0
752 0 0 0
753 0 0 0
754 0 0 0
755 0 0 0
756 0 0 0
757 0 0 0
758 0 0 0
759 0 0 0
760 0 0 0
761 0 0 0
762 0 0 0
763 0 0 0
764 0 0 0
765 0 0 0
766 0 0 0
767 0 0 0
768 0 0 0
769 0 0 0
770 0 0 0
771 0 0 0
772 0 0 0
773 0 0 0
774 0 0 0
775 0 0 0
776 0 0 0
777 0 0 0
778 0 0 0
779 0 0 0
780 0 0 0
781 0 0 0
782 0 0 0
783 0 0 0
784 0 0 0
785 0 0 0
786 0 0 0
787 0 0 0
788 0 0 0
789 0 0 0
790 0 0 0
791 0 0 0
792 0 0 0
793 0 0 0
794 0 0 0
795 0 0 0
796 0 0 0
797 0 0 0
798 0 0 0
799 0 0 0
800 0 0 0
801 0 0 0
802 0 0 0
803 0 0 0
804 0 0 0
805 1 1 1
806 0 0 0
807 0 0 0
808 0 0 0
809 0 0 0
810 0 0 0
811 0 0 0
812 0 0 0
813 0 0 0
814 0 0 0
815 0 0 0
816 0 0 0
817 0 0 0
818 0 0 0
819 0 0 0
820 0 0 0
821 0 0 0
822 0 0 0
823 0 0 0
824 0 0 0
825 0 0 0
826 0 0 0
827 0 0 0
828 0 0 0
829 0 0 0
830 0 0 0
831 0 0 0
832 0 0 0
833 0 0 0
834 0 0 0
835 0 0 0
836 0 0 0
837 0 0 0
838 0 0 0
839 0 0 0
840 0 0 0
841 0 0 0
842 0 0 0
843 0 0 0
844 0 0 0
845 0 0 0
846 0 0 0
847 0 0 0
848 0 0 0
849 0 0 0
850 0 0 0
851 0 0 0
852 0 0 0
853 0 0 0
854 0 0 0
855 0 0 0
856 0 0 0
857 0 0 0
858 0 0 0
859 0 0 0
860 0 0 0
861 0 0 0
862 0 0 0
863 0 0 0
864 0 0 0
865 0 0 0
866 0 0 0
867 0 0 0
868 0 0 0
869 0 0 0
870 0 0 0
871 1 1 1
872 0 0 0
873 0 0 0
874 0 0 0
875 0 0 0
876 0 0 0
877 0 0 0
878 0 0 0
879 0 0 0
880 0 0 0
881 0 0 0
882 0 0 0
883 0 0 0
884 0 0 0
885 0 0 0
886 0 0 0
887 0 0 0
888 0 0 0
889 0 0 0
890 0 0 0
891 0 0 0
892 0 0 0
893 0 0 0
894 0 0 0
895 0 0 0
896 0 0 0
897 0 0 0
898 0 0 0
899 0 0 0
900 0 0 0
901 0 0 0
902 0 0 0
903 0 0 0
904 0 0 0
905 0 0 0
906 0 0 0
907 0 0 0
908 0 0 0
909 0 0 0
910 0 0 0
911 0 0 0
912 0 0 0
913 0 0 0
914 0 0 0
915 0 0 0
916 0 0 0
917 0 0 0
918 0 0 0
919 0 0 0
920 0 0 0
921 0 0 0
922 0 0 0
923 0 0 0
924 0 0 0
925 0 0 0
926 0 0 0
927 0 0 0
928 0 0 0
929 0 0 0
930 0 0 0
931 0 0 0
932 0 0 0
933 0 0 0
934 0 0 0
935 0 0 0
936 0 0 0
937 0 0 0
938 0 0 0
939 0 0 0
940 0 0 0
941 0 0 0
942 0 0 0
943 0 0 0
944 0 0 0
945 0 0 0
946 0 0 0
947 0 0 0
948 0 0 0
949 0 0 0
950 0 0 0
951 0 0 0
952 0 0 0
953 0 0 0
954 0 0 0
955 0 0 0
956 0 0 0
957 0 0 0
958 0 0 0
959 0 0 0
960 0 0 0
961 1 1 1
$EndNodeData
$NodeData
1
"NodalForce"
1
0
3
0
3
961
1 0 0 0
2 0 0 0
3 0 0 0
4 0 0 0
5 0 0 0
6 0 0 0
7 0 0 0
8 0 0 0
9 0 0 0
10 0 0 0
11 0 0 0
12 0 0 0
13 0 0 0
14 0 0 0
15 0 0 0
16 0 0 0
17 0 0 0
18 0 0 0
19 0 0 0
20 0 0 0
21 0 0 0
22 0 0 0
23 0 0 0
24 0 0 0
25 0 0 0
26 0 0 0
27 0 0 0
28 0 0 0
29 0 0 0
30 0 0 0
31 0 0 0
32 0 0 0
33 0 0 0
34 0 0 0
35 0 0 0
36 0 0 0
37 0 0 0
38 0 0 0
39 0 0 0
40 0 0 0
41 0 0 0
42 0 0 0
43 0 0 0
44 0 0 0
45 0 0 0
46 0 0 0
47 0 0 0
48 0 0 0
49 0 0 0
50 0 0 0
51 0 0 0
52 0 0 0
53 0 0 0
54 0 0 0
55 0 0 0
56 0 0 0
57 0 0 0
58 0 0 0
59 0 0 0
60 0 0 0
61 0 0 0
62 0 0 0
63 0 0 0
64 0 0 0
65 0 0 0
66 0 0 0
67 0 0 0
68 0 0 0
69 0 0 0
70 0 0 0
71 0 0 0
72 0 0 0
73 0 0 0
74 0 0 0
75 0 0 0
76 0 0 0
77 0 0 0
78 0 0 0
79 0 0 0
80 0 0 0
81 0 0 0
82 0 0 0
83 0 0 0
84 0 0 0
85 0 0 0
86 0 0 0
87 0 0 0
88 0 0 0
89 0 0 0
90 0 0 0
91 0 0 0
92 0 0 0
93 0 0 0
94 0 0 0
95 0 0 0
96 0 0 0
97 0 0 0
98 0 0 0
99 0 0 0
100 0 0 0
101 0 0 0
102 0 0 0
103 0 0 0
104 0 0 0
105 0 0 0
106 0 0 0
107 0 0 0
108 0 0 0
109 0 0 0
110 0 0 0
111 0 0 0
112 0 0 0
113 0 0 0
114 0 0 0
115 0 0 0
116 0 0 0
117 0 0 0
118 0 0 0
119 0 0 0
120 0 0 0
121 0 0 0
122 0 0 0
123 0 0 0
124 0 0 0
125 0 0 0
126 0 0 0
127 0 0 0
128 0 0 0
129 0 0 0
130 0 0 0
131 0 0 0
132 0 0 0
133 0 0 0
134 0 0 0
135 0 0 0
136 0 0 0
137 0 0 0
138 0 0 0
139 0 0 0
140 0 0 0
141 0 0 0
142 0 0 0
143 0 0 0
144 0 0 0
145 0 0 0
146 0 0 0
147 0 0 0
148 0 0 0
149 0 0 0
150 0 0 0
151 0 0 0
152 0 0 0
153 0 0 0
154 0 0 0
155 0 0 0
156 0 0 0
157 0 0 0
158 0 0 0
159 0 0 0
160 0 0 0
161 0 0 0
162 0 0 0
163 0 0 0
164 0 0 0
165 0 0 0
166 0 0 0
167 0 0 0
168 0 0 0
169 0 0 0
170 0 0 0
171 0 0 0
172 0 0 0
173 0 0 0
174 0 0 0
175 0 0 0
176 0 0 0
177 0 0 0
178 0 0 0
179 0 0 0
180 0 0 0
181 0 0 0
182 0 0 0
183 0 0 0
184 0 0 0
185 0 0 0
186 0 0 0
187 0 0 0
188 0 0 0
189 0 0 0
190 0 0 0
191 0 0 0
192 0 0 0
193 0 0 0
194 0 0 0
195 0 0 0
196 0 0 0
197 0 0 0
198 0 0 0
199 0 0 0
200 0 0 0
201 0 0 0
202 0 0 0
203 0 0 0
204 0 0 0
205 0 0 0
206 0 0 0
207 0 0 0
208 0 0 0
209 0 0 0
210 0 0 0
211 0 0 0
212 0 0 0
213 0 0 0
214 0 0 0
215 0 0 0
216 0 0 0
217 0 0 0
218 0 0 0
219 0 0 0
220 0 0 0
221 0 0 0
222 0 0 0
223 0 0 0
224 0 0 0
225 0 0 0
226 0 0 0
227 0 0 0
228 0 0 0
229 0 0 0
230 0 0 0
231 0 0 0
232 0 0 0
233 0 0 0
234 0 0 0
235 0 0 0
236 0 0 0
237 0 0 0
238 0 0 0
239 0 0 0
240 0 0 0
241 0 0 0
242 0 0 0
243 0 0 0
244 0 0 0
245 0 0 0
246 0 0 0
247 0 0 0
248 0 0 0
249 0 0 0
250 0 0 0
251 0 0 0
252 0 0 0
253 0 0 0
254 0 0 0
255 0 0 0
256 0 0 0
257 0 0 0
258 0 0 0
259 0 0 0
260 0 0 0
261 0 0 0
262 0 0 0
263 0 0 0
264 0 0 0
265 0 0 0
266 0 0 0
267 0 0 0
268 0 0 0
269 0 0 0
270 0 0 0
271 0 0 0
272 0 0 0
273 0 0 0
274 0 0 0
275 0 0 0
276 0 0 0
277 0 0 0
278 0 0 0
279 0 0 0
280 0 0 0
281 0 0 0
282 0 0 0
283 0 0 0
284 0 0 0
285 0 0 0
286 0 0 0
287 0 0 0
288 0 0 0
289 0 0 0
290 0 0 0
291 0 0 0
292 0 0 0
293 0 0 0
294 0 0 0
295 0 0 0
296 0 0 0
297 0 0 0
298 0 0 0
299 0 0 0
300 0 0 0
301 0 0 0
302 0 0 0
303 0 0 0
304 0 0 0
305 0 0 0
306 0 0 0
307 0 0 0
308 0 0 0
309 0 0 0
310 0 0 0
311 0 0 0
312 0 0 0
313 0 0 0
314 0 0 0
315 0 0 0
316 0 0 0
317 0 0 0
318 0 0 0
319 0 0 0
320 0 0 0
321 0 0 0
322 0 0 0
323 0 0 0
324 0 0 0
325 0 0 0
326 0 0 0
327 0 0 0
328 0 0 0
329 0 0 0
330 0 0 0
331 0 0 0
332 0 0 0
333 0 0 0
334 0 0 0
335 0 0 0
336 0 0 0
337 0 0 0
338 0 0 0
339 0 0 0
340 0 0 0
341 0 0 0
342 0 0 0
343 0 0 0
344 0 0 0
345 0 0 0
346 0 0 0
347 0 0 0
348 0 0 0
349 0 0 0
350 0 0 0
351 0 0 0
352 0 0 0
353 0 0 0
354 0 0 0
355 0 0 0
356 0 0 0
357 0 0 0
358 0 0 0
359 0 0 0
360 0 0 0
361 0 0 0
362 0 0 0
363 0 0 0
364 0 0 0
365 0 0 0
366 0 0 0
367 0 0 0
368 0 0 0
369 0 0 0
370 0 0 0
371 0 0 0
372 0 0 0
373 0 0 0
374 0 0 0
375 0 0 0
376 0 0 0
377 0 0 0
378 0 0 0
379 0 0 0
380 0 0 0
381 0 0 0
382 0 0 0
383 0 0 0
384 0 0 0
385 0 0 0
386 0 0 0
387 0 0 0
388 0 0 0
389 0 0 0
390 0 0 0
391 0 0 0
392 0 0 0
393 0 0 0
394 0 0 0
395 0 0 0
396 0 0 0
397 0 0 0
398 0 0 0
399 0 0 0
400 0 0 0
401 0 0 0
402 0 0 0
403 0 0 0
404 0 0 0
405 0 0 0
406 0 0 0
407 0 0 0
408 0 0 0
409 0 0 0
410 0 0 0
411 0 0 0
412 0 0 0
413 0 0 0
414 0 0 0
415 0 0 0
416 0 0 0
417 0 0 0
418 0 0 0
419 0 0 0
420 0 0 0
421 0 0 0
422 0 0 0
423 0 0 0
424 0 0 0
425 0 0 0
426 0 0 0
427 0 0 0
428 0 0 0
429 0 0 0
430 0 0 0
431 0 0 0
432 0 0 0
433 0 0 0
434 0 0 0
435 0 0 0
436 0 0 0
437 0 0 0
438 0 0 0
439 0 0 0
440 0 0 0
441 0 0 0
442 0 0 0
443 0 0 0
444 0 0 0
445 0 0 0
446 0 0 0
447 0 0 0
448 0 0 0
449 0 0 0
450 0 0 0
451 0 0 0
452 0 0 0
453 0 0 0
454 0 0 0
455 0 0 0
456 0 0 0
457 0 0 0
458 0 0 0
459 0 0 0
460 0 0 0
461 0 0 0
462 0 0 0
463 0 0 0
464 0 0 0
465 0 0 0
466 0 0 0
467 0 0 0
468 0 0 0
469 0 0 0
470 0 0 0
471 0 0 0
472 0 0 0
473 0 0 0
474 0 0 0
475 0 0 0
476 0 0 0
477 0 0 0
478 0 0 0
479 0 0 0
480 0 0 0
481 0 0 0
482 0 0 0
483 0 0 0
484 0 0 0
485 0 0 0
486 0 0 0
487 0 0 0
488 0 0 0
489 0 0 0
490 0 0 0
491 0 0 0
492 0 0 0
493 0 0 0
494 0 0 0
495 0 0 0
496 0 0 0
497 0 0 0
498 0 0 0
499 0 0 0
500 0 0 0
501 0 0 0
502 0 0 0
503 0 0 0
504 0 0 0
505 0 0 0
506 0 0 0
507 0 0 0
508 0 0 0
509 0 0 0
510 0 0 0
511 0 0 0
512 0 0 0
513 0 0 0
514 0 0 0
515 0 0 0
516 0 0 0
517 0 0 0
518 0 0 0
519 0 0 0
520 0 0 0
521 0 0 0
522 0 0 0
523 0 0 0
524 0 0 0
525 0 0 0
526 0 0 0
527 0 0 0
528 0 0 0
529 0 0 0
530 0 0 0
531 0 0 0
532 0 0 0
533 0 0 0
534 0 0 0
535 0 0 0
536 0 0 0
537 0 0 0
538 0 0 0
539 0 0 0
540 0 0 0
541 0 0 0
542 0 0 0
543 0 0 0
544 0 0 0
545 0 0 0
546 0 0 0
547 0 0 0
548 0 0 0
549 0 0 0
550 0 0 0
551 0 0 0
552 0 0 0
553 0 0 0
554 0 0 0
555 0 0 0
556 0 0 0
557 0 0 0
558 0 0 0
559 0 0 0
560 0 0 0
561 0 0 0
562 0 0 0
563 0 0 0
564 0 0 0
565 0 0 0
566 0 0 0
567 0 0 0
568 0 0 0
569 0 0 0
570 0 0 0
571 0 0 0
572 0 0 0
573 0 0 0
574 0 0 0
575 0 0 0
576 0 0 0
577 0 0 0
578 0 0 0
579 0 0 0
580 0 0 0
581 0 0 0
582 0 0 0
583 0 0 0
584 0 0 0
585 0 0 0
586 0 0 0
587 0 0 0
588 0 0 0
589 0 0 0
590 0 0 0
591 0 0 0
592 0 0 0
593 0 0 0
594 0 0 0
595 0 0 0
596 0 0 0
597 0 0 0
598 0 0 0
599 0 0 0
600 0 0 0
601 0 0 0
602 0 0 0
603 0 0 0
604 0 0 0
605 0 0 0
606 0 0 0
607 0 0 0
608 0 0 0
609 0 0 0
610 0 0 0
611 0 0 0
612 0 0 0
613 0 0 0
614 0 0 0
615 0 0 0
616 0 0 0
617 0 0 0
618 0 0 0
619 0 0 0
620 0 0 0
621 0 0 0
622 0 0 0
623 0 0 0
624 0 0 0
625 0 0 0
626 0 0 0
627 0 0 0
628 0 0 0
629 0 0 0
630 0 0 0
631 0 0 0
632 0 0 0
633 0 0 0
634 0 0 0
635 0 0 0
636 0 0 0
637 0 0 0
638 0 0 0
639 0 0 0
640 0 0 0
641 0 0 0
642 0 0 0
643 0 0 0
644 0 0 0
645 0 0 0
646 0 0 0
647 0 0 0
648 0 0 0
649 0 0 0
650 0 0 0
651 0 0 0
652 0 0 0
653 0 0 0
654 0 0 0
655 0 0 0
656 0 0 0
657 0 0 0
658 0 0 0
659 0 0 0
660 0 0 0
661 0 0 0
662 0 0 0
663 0 0 0
664 0 0 0
665 0 0 0
666 0 0 0
667 0 0 0
668 0 0 0
669 0 0 0
670 0 0 0
671 0 0 0
672 0 0 0
673 0 0 0
674 0 0 0
675 0 0 0
676 0 0 0
677 0 0 0
678 0 0 0
679 0 0 0
680 0 0 0
681 0 0 0
682 0 0 0
683 0 0 0
684 0 0 0
685 0 0 0
686 0 0 0
687 0 0 0
688 0 0 0
689 0 0 0
690 0 0 0
691 0 0 0
692 0 0 0
693 0 0 0
694 0 0 0
695 0 0 0
696 0 0 0
697 0 0 0
698 0 0 0
699 0 0 0
700 0 0 0
701 0 0 0
702 0 0 0
703 0 0 0
704 0 0 0
705 0 0 0
706 0 0 0
707 0 0 0
708 0 0 0
709 0 0 0
710 0 0 0
711 0 0 0
712 0 0 0
713 0 0 0
714 0 0 0
715 0 0 0
716 0 0 0
717 0 0 0
718 0 0 0
719 0 0 0
720 0 0 0
721 0 0 0
722 0 0 0
723 0 0 0
724 0 0 0
725 0 0 0
726 0 0 0
727 0 0 0
728 0 0 0
729 0 0 0
730 0 0 0
731 0 0 0
732 0 0 0
733 0 0 0
734 0 0 0
735 0 0 0
736 0 0 0
737 0 0 0
738 0 0 0
739 0 0 0
740 0 0 0
741 0 0 0
742 0 -3000 0
743 0 0 0
744 0 -3000 0
745 0 0 0
746 0 -3000 0
747 0 0 0
748 0 -3000 0
749 0 0 0
750 0 -3000 0
751 0 0 0
752 0 -3000 0
753 0 0 0
754 0 -3000 0
755 0 0 0
756 0 -3000 0
757 0 0 0
758 0 -3000 0
759 0 0 0
760 0 -3000 0
761 0 0 0
762 0 -3000 0
763 0 0 0
764 0 -3000 0
765 0 0 0
766 0 -3000 0
767 0 0 0
768 0 -3000 0
769 0 0 0
770 0 -3000 0
771 0 0 0
772 0 -3000 0
773 0 0 0
774 0 -3000 0
775 0 0 0
776 0 -3000 0
777 0 0 0
778 0 -3000 0
779 0 0 0
780 0 -3000 0
781 0 0 0
782 0 -3000 0
783 0 0 0
784 0 -3000 0
785 0 0 0
786 0 0 0
787 0 0 0
788 0 0 0
789 0 0 0
790 0 0 0
791 0 0 0
792 0 0 0
793 0 0 0
794 0 0 0
795 0 0 0
796 0 0 0
797 0 0 0
798 0 0 0
799 0 0 0
800 0 0 0
801 0 0 0
802 0 0 0
803 0 0 0
804 0 0 0
805 0 0 0
806 0 -30000 0
807 0 0 0
808 0 -3000 0
809 0 0 0
810 0 -3000 0
811 0 0 0
812 0 -3000 0
813 0 0 0
814 0 -3000 0
815 0 0 0
816 0 -3000 0
817 0 0 0
818 0 -3000 0
819 0 0 0
820 0 -3000 0
821 0 0 0
822 0 -3000 0
823 0 0 0
824 0 -3000 0
825 0 0 0
826 0 -3000 0
827 0 0 0
828 0 -3000 0
829 0 0 0
830 0 -3000 0
831 0 0 0
832 0 -3000 0
833 0 0 0
834 0 -3000 0
835 0 0 0
836 0 -3000 0
837 0 0 0
838 0 -3000 0
839 0 0 0
840 0 -3000 0
841 0 0 0
842 0 -3000 0
843 0 0 0
844 0 -3000 0
845 0 0 0
846 0 -3000 0
847 0 0 0
848 0 -3000 0
849 0 0 0
850 0 -3000 0
851 0 0 0
852 0 0 0
853 0 0 0
854 0 0 0
855 0 0 0
856 0 0 0
857 0 0 0
858 0 0 0
859 0 0 0
860 0 0 0
861 0 0 0
862 0 0 0
863 0 0 0
864 0 0 0
865 0 0 0
866 0 0 0
867 0 0 0
868 0 0 0
869 0 0 0
870 0 0 0
871 0 0 0
872 0 -30000 0
873 0 0 0
874 0 0 0
875 0 0 0
876 0 0 0
877 0 0 0
878 0 0 0
879 0 0 0
880 0 0 0
881 0 0 0
882 0 0 0
883 0 0 0
884 0 0 0
885 0 0 0
886 0 0 0
887 0 0 0
888 0 0 0
889 0 0 0
890 0 0 0
891 0 0 0
892 0 0 0
893 0 0 0
894 0 0 0
895 0 0 0
896 0 0 0
897 0 0 0
898 0 0 0
899 0 0 0
900 0 0 0
901 0 0 0
902 0 0 0
903 0 0 0
904 0 0 0
905 0 0 0
906 0 0 0
907 0 0 0
908 0 0 0
909 0 0 0
910 0 0 0
911 0 0 0
912 0 0 0
913 0 0 0
914 0 0 0
915 0 0 0
916 0 0 0
917 0 0 0
918 0 0 0
919 0 0 0
920 0 0 0
921 0 0 0
922 0 0 0
923 0 0 0
924 0 0 0
925 0 0 0
926 0 0 0
927 0 0 0
928 0 0 0
929 0 0 0
930 0 0 0
931 0 0 0
932 0 0 0
933 0 0 0
934 0 0 0
935 0 0 0
936 0 0 0
937 0 0 0
938 0 0 0
939 0 0 0
940 0 0 0
941 0 0 0
942 0 0 0
943 0 0 0
944 0 0 0
945 0 0 0
946 0 0 0
947 0 0 0
948 0 0 0
949 0 0 0
950 0 0 0
951 0 0 0
952 0 0 0
953 0 0 0
954 0 0 0
955 0 0 0
956 0 0 0
957 0 0 0
958 0 0 0
959 0 0 0
960 0 0 0
961 0 0 0
$EndNodeData
$ElementData
1
"CrossSectionArea"
1
0
3
0
1
2910
1 0.0006608230016469244
2 0.0006608230016469244
3 0.0006608230016469244
4 0.0006608230016469244
5 0.0006608230016469244
6 0.0006608230016469244
7 0.0006608230016469244
8 0.0006608230016469244
9 0.0006608230016469244
10 0.0006608230016469244
11 0.0006608230016469244
12 0.0006608230016469244
13 0.0006608230016469244
14 0.0006608230016469244
15 0.0006608230016469244
16 0.0006608230016469244
17 0.0006608230016469244
18 0.0006608230016469244
19 0.0006608230016469244
20 0.0006608230016469244
21 0.0013347964473723111
22 0.0006608230016469244
23 0.0006608230016469244
24 0.0006608230016469244
25 0.0006608230016469244
26 0.0006608230016469244
27 0.0006608230016469244
28 0.0006608230016469244
29 0.0006608230016469244
30 0.0006608230016469244
31 0.0006608230016469244
32 0.0006608230016469244
33 0.0006608230016469244
34 0.0006608230016469244
35 0.0006608230016469244
36 0.0006608230016469244
37 0.0006608230016469244
38 0.0006608230016469244
39 0.0006608230016469244
40 0.0006608230016469244
41 0.0006608230016469244
42 0.0013347964473723111
43 0.0006608230016469244
44 0.0006608230016469244
45 0.0006608230016469244
46 0.0006608230016469244
47 0.0006608230016469244
48 0.0006608230016469244
49 0.0006608230016469244
50 0.0006608230016469244
51 0.0006608230016469244
52 0.0006608230016469244
53 0.0006608230016469244
54 0.0006608230016469244
55 0.0006608230016469244
56 0.0006608230016469244
57 0.0006608230016469244
58 0.0006608230016469244
59 0.0006608230016469244
60 0.0006608230016469244
61 0.0006608230016469244
62 0.0006608230016469244
63 0.0013347964473723111
64 0.0006608230016469244
65 0.0006608230016469244
66 0.0006608230016469244
67 0.0006608230016469244
68 0.0006608230016469244
69 0.0006608230016469244
70 0.0006608230016469244
71 0.0006608230016469244
72 0.0006608230016469244
73 0.0006608230016469244
74 0.0006608230016469244
75 0.0006608230016469244
76 0.0006608230016469244
77 0.0006608230016469244
78 0.0006608230016469244
79 0.0006608230016469244
80 0.0006608230016469244
81 0.0006608230016469244
82 0.0006608230016469244
83 0.0006608230016469244
84 0.0013347964473723111
85 0.0006608230016469244
86 0.0006608230016469244
87 0.0006608230016469244
88 0.0006608230016469244
89 0.0006608230016469244
90 0.0006608230016469244
91 0.0006608230016469244
92 0.0006608230016469244
93 0.0006608230016469244
94 0.0006608230016469244
95 0.0006608230016469244
96 0.0006608230016469244
97 0.0006608230016469244
98 0.0006608230016469244
99 0.0006608230016469244
100 0.0006608230016469244
101 0.0006608230016469244
102 0.0006608230016469244
103 0.0006608230016469244
104 0.0006608230016469244
105 0.0013347964473723111
106 0.0006608230016469244
107 0.0006608230016469244
108 0.0006608230016469244
109 0.0006608230016469244
110 0.0006608230016469244
111 0.0006608230016469244
112 0.0006608230016469244
113 0.0006608230016469244
114 0.0006608230016469244
115 0.0006608230016469244
116 0.0006608230016469244
117 0.0006608230016469244
118 0.0006608230016469244
119 0.0006608230016469244
120 0.0006608230016469244
121 0.0006608230016469244
122 0.0006608230016469244
123 0.0006608230016469244
124 0.0006608230016469244
125 0.0006608230016469244
126 0.0013347964473723111
127 0.0006608230016469244
128 0.0006608230016469244
129 0.0006608230016469244
130 0.0006608230016469244
131 0.0006608230016469244
132 0.0006608230016469244
133 0.0006608230016469244
134 0.0006608230016469244
135 0.0006608230016469244
136 0.0006608230016469244
137 0.0006608230016469244
138 0.0006608230016469244
139 0.0006608230016469244
140 0.0006608230016469244
141 0.0006608230016469244
142 0.0006608230016469244
143 0.0006608230016469244
144 0.0006608230016469244
145 0.0006608230016469244
146 0.0006608230016469244
147 0.0013347964473723111
148 0.0006608230016469244
149 0.0006608230016469244
150 0.0006608230016469244
151 0.0006608230016469244
152 0.0006608230016469244
153 0.0006608230016469244
154 0.0006608230016469244
155 0.0006608230016469244
156 0.0006608230016469244
157 0.0006608230016469244
158 0.0006608230016469244
159 0.0006608230016469244
160 0.0006608230016469244
161 0.0006608230016469244
162 0.0006608230016469244
163 0.0006608230016469244
164 0.0006608230016469244
165 0.0006608230016469244
166 0.0006608230016469244
167 0.0006608230016469244
168 0.0013347964473723111
169 0.0006608230016469244
170 0.0006608230016469244
171 0.0006608230016469244
172 0.0006608230016469244
173 0.0006608230016469244
174 0.0006608230016469244
175 0.0006608230016469244
176 0.0006608230016469244
177 0.0006608230016469244
178 0.0006608230016469244
179 0.0006608230016469244
180 0.0006608230016469244
181 0.0006608230016469244
182 0.0006608230016469244
183 0.0006608230016469244
184 0.0006608230016469244
185 0.0006608230016469244
186 0.0006608230016469244
187 0.0006608230016469244
188 0.0006608230016469244
189 0.0013347964473723111
190 0.0006608230016469244
191 0.0006608230016469244
192 0.0006608230016469244
193 0.0006608230016469244
194 0.0006608230016469244
195 0.0006608230016469244
196 0.0006608230016469244
197 0.0006608230016469244
198 0.0006608230016469244
199 0.0006608230016469244
200 0.0006608230016469244
201 0.0006608230016469244
202 0.0006608230016469244
203 0.0006608230016469244
204 0.0006608230016469244
205 0.0006608230016469244
206 0.0006608230016469244
207 0.0006608230016469244
208 0.0006608230016469244
209 0.0006608230016469244
210 0.0013347964473723111
211 0.0006608230016469244
212 0.0006608230016469244
213 0.0006608230016469244
214 0.0006608230016469244
215 0.0006608230016469244
216 0.0006608230016469244
217 0.0006608230016469244
218 0.0006608230016469244
219 0.0006608230016469244
220 0.0006608230016469244
221 0.0006608230016469244
222 0.0006608230016469244
223 0.0006608230016469244
224 0.0006608230016469244
225 0.0006608230016469244
226 0.0006608230016469244
227 0.0006608230016469244
228 0.0006608230016469244
229 0.0006608230016469244
230 0.0006608230016469244
231 0.0013347964473723111
232 0.0006608230016469244
233 0.0006608230016469244
234 0.0006608230016469244
235 0.0006608230016469244
236 0.0006608230016469244
237 0.0006608230016469244
238 0.0006608230016469244
239 0.0006608230016469244
240 0.0006608230016469244
241 0.0006608230016469244
242 0.0006608230016469244
243 0.0006608230016469244
244 0.0006608230016469244
245 0.0006608230016469244
246 0.0006608230016469244
247 0.0006608230016469244
248 0.0006608230016469244
249 0.0006608230016469244
250 0.0006608230016469244
251 0.0006608230016469244
252 0.0013347964473723111
253 0.0006608230016469244
254 0.0006608230016469244
255 0.0006608230016469244
256 0.0006608230016469244
257 0.0006608230016469244
258 0.0006608230016469244
259 0.0006608230016469244
260 0.0006608230016469244
261 0.0006608230016469244
262 0.0006608230016469244
263 0.0006608230016469244
264 0.0006608230016469244
265 0.0006608230016469244
266 0.0006608230016469244
267 0.0006608230016469244
268 0.0006608230016469244
269 0.0006608230016469244
270 0.0006608230016469244
271 0.0006608230016469244
272 0.0006608230016469244
273 0.0013347964473723111
274 0.0006608230016469244
275 0.0006608230016469244
276 0.0006608230016469244
277 0.0006608230016469244
278 0.0006608230016469244
279 0.0006608230016469244
280 0.0006608230016469244
281 0.0006608230016469244
282 0.0006608230016469244
283 0.0006608230016469244
284 0.0006608230016469244
285 0.0006608230016469244
286 0.0006608230016469244
287 0.0006608230016469244
288 0.0006608230016469244
289 0.0006608230016469244
290 0.0006608230016469244
291 0.0006608230016469244
292 0.0006608230016469244
293 0.0006608230016469244
294 0.0013347964473723111
295 0.0033632920065877047
296 0.0033632920065877047
297 0.0033632920065877047
298 0.0033632920065877047
299 0.0033632920065877047
300 0.0033632920065877047
301 0.0033632920065877047
302 0.0033632920065877047
303 0.0033632920065877047
304 0.0033632920065877047
305 0.0033632920065877047
306 0.0033632920065877047
307 0.0033632920065877047
308 0.0033632920065877047
309 0.0033632920065877047
310 0.0033632920065877047
311 0.0033632920065877047
312 0.0033632920065877047
313 0.0033632920065877047
314 0.0033632920065877047
315 0.0013347964473723111
316 0.0006608230016469244
317 0.0006608230016469244
318 0.0006608230016469244
319 0.0006608230016469244
320 0.0006608230016469244
321 0.0006608230016469244
322 0.0006608230016469244
323 0.0006608230016469244
324 0.0006608230016469244
325 0.0006608230016469244
326 0.0006608230016469244
327 0.0006608230016469244
328 0.0006608230016469244
329 0.0006608230016469244
330 0.0006608230016469244
331 0.0006608230016469244
332 0.0006608230016469244
333 0.0006608230016469244
334 0.0006608230016469244
335 0.0006608230016469244
336 0.0013347964473723111
337 0.0033632920065877047
338 0.0033632920065877047
339 0.0033632920065877047
340 0.0033632920065877047
341 0.0033632920065877047
342 0.0033632920065877047
343 0.0033632920065877047
344 0.0033632920065877047
345 0.0033632920065877047
346 0.0033632920065877047
347 0.0033632920065877047
348 0.0033632920065877047
349 0.0033632920065877047
350 0.0033632920065877047
351 0.0033632920065877047
352 0.0033632920065877047
353 0.0033632920065877047
354 0.0033632920065877047
355 0.0033632920065877047
356 0.0033632920065877047
357 0.0013347964473723111
358 0.0006608230016469244
359 0.0006608230016469244
360 0.0006608230016469244
361 0.0006608230016469244
362 0.0006608230016469244
363 0.0006608230016469244
364 0.0006608230016469244
365 0.0006608230016469244
366 0.0006608230016469244
367 0.0006608230016469244
368 0.0006608230016469244
369 0.0006608230016469244
370 0.0006608230016469244
371 0.0006608230016469244
372 0.0006608230016469244
373 0.0006608230016469244
374 0.0006608230016469244
375 0.0006608230016469244
376 0.0006608230016469244
377 0.0006608230016469244
378 0.0013347964473723111
379 0.0006608230016469244
380 0.0006608230016469244
381 0.0006608230016469244
382 0.0006608230016469244
383 0.0006608230016469244
384 0.0006608230016469244
385 0.0006608230016469244
386 0.0006608230016469244
387 0.0006608230016469244
388 0.0006608230016469244
389 0.0006608230016469244
390 0.0006608230016469244
391 0.0006608230016469244
392 0.0006608230016469244
393 0.0006608230016469244
394 0.0006608230016469244
395 0.0006608230016469244
396 0.0006608230016469244
397 0.0006608230016469244
398 0.0006608230016469244
399 0.0013347964473723111
400 0.0006608230016469244
401 0.0006608230016469244
402 0.0006608230016469244
403 0.0006608230016469244
404 0.0006608230016469244
405 0.0006608230016469244
406 0.0006608230016469244
407 0.0006608230016469244
408 0.0006608230016469244
409 0.0006608230016469244
410 0.0006608230016469244
411 0.0006608230016469244
412 0.0006608230016469244
413 0.0006608230016469244
414 0.0006608230016469244
415 0.0006608230016469244
416 0.0006608230016469244
417 0.0006608230016469244
418 0.0006608230016469244
419 0.0006608230016469244
420 0.0013347964473723111
421 0.0006608230016469244
422 0.0006608230016469244
423 0.0006608230016469244
424 0.0006608230016469244
425 0.0006608230016469244
426 0.0006608230016469244
427 0.0006608230016469244
428 0.0006608230016469244
429 0.0006608230016469244
430 0.0006608230016469244
431 0.0006608230016469244
432 0.0006608230016469244
433 0.0006608230016469244
434 0.0006608230016469244
435 0.0006608230016469244
436 0.0006608230016469244
437 0.0006608230016469244
438 0.0006608230016469244
439 0.0006608230016469244
440 0.0006608230016469244
441 0.0013347964473723111
442 0.0006608230016469244
443 0.0006608230016469244
444 0.0006608230016469244
445 0.0006608230016469244
446 0.0006608230016469244
447 0.0006608230016469244
448 0.0006608230016469244
449 0.0006608230016469244
450 0.0006608230016469244
451 0.0006608230016469244
452 0.0006608230016469244
453 0.0006608230016469244
454 0.0006608230016469244
455 0.0006608230016469244
456 0.0006608230016469244
457 0.0006608230016469244
458 0.0006608230016469244
459 0.0006608230016469244
460 0.0006608230016469244
461 0.0006608230016469244
462 0.0013347964473723111
463 0.0006608230016469244
464 0.0006608230016469244
465 0.0006608230016469244
466 0.0006608230016469244
467 0.0006608230016469244
468 0.0006608230016469244
469 0.0006608230016469244
470 0.0006608230016469244
471 0.0006608230016469244
472 0.0006608230016469244
473 0.0006608230016469244
474 0.0006608230016469244
475 0.0006608230016469244
476 0.0006608230016469244
477 0.0006608230016469244
478 0.0006608230016469244
479 0.0006608230016469244
480 0.0006608230016469244
481 0.0006608230016469244
482 0.0006608230016469244
483 0.0013347964473723111
484 0.0006608230016469244
485 0.0006608230016469244
486 0.0006608230016469244
487 0.0006608230016469244
488 0.0006608230016469244
489 0.0006608230016469244
490 0.0006608230016469244
491 0.0006608230016469244
492 0.0006608230016469244
493 0.0006608230016469244
494 0.0006608230016469244
495 0.0006608230016469244
496 0.0006608230016469244
497 0.0006608230016469244
498 0.0006608230016469244
499 0.0006608230016469244
500 0.0006608230016469244
501 0.0006608230016469244
502 0.0006608230016469244
503 0.0006608230016469244
504 0.0013347964473723111
505 0.0006608230016469244
506 0.0006608230016469244
507 0.0006608230016469244
508 0.0006608230016469244
509 0.0006608230016469244
510 0.0006608230016469244
511 0.0006608230016469244
512 0.0006608230016469244
513 0.0006608230016469244
514 0.0006608230016469244
515 0.0006608230016469244
516 0.0006608230016469244
517 0.0006608230016469244
518 0.0006608230016469244
519 0.0006608230016469244
520 0.0006608230016469244
521 0.0006608230016469244
522 0.0006608230016469244
523 0.0006608230016469244
524 0.0006608230016469244
525 0.0013347964473723111
526 0.0006608230016469244
527 0.0006608230016469244
528 0.0006608230016469244
529 0.0006608230016469244
530 0.0006608230016469244
531 0.0006608230016469244
532 0.0006608230016469244
533 0.0006608230016469244
534 0.0006608230016469244
535 0.0006608230016469244
536 0.0006608230016469244
537 0.0006608230016469244
538 0.0006608230016469244
539 0.0006608230016469244
540 0.0006608230016469244
541 0.0006608230016469244
542 0.0006608230016469244
543 0.0006608230016469244
544 0.0006608230016469244
545 0.0006608230016469244
546 0.0013347964473723111
547 0.0006608230016469244
548 0.0006608230016469244
549 0.0006608230016469244
550 0.0006608230016469244
551 0.0006608230016469244
552 0.0006608230016469244
553 0.0006608230016469244
554 0.0006608230016469244
555 0.0006608230016469244
556 0.0006608230016469244
557 0.0006608230016469244
558 0.0006608230016469244
559 0.0006608230016469244
560 0.0006608230016469244
561 0.0006608230016469244
562 0.0006608230016469244
563 0.0006608230016469244
564 0.0006608230016469244
565 0.0006608230016469244
566 0.0006608230016469244
567 0.0013347964473723111
568 0.0006608230016469244
569 0.0006608230016469244
570 0.0006608230016469244
571 0.0006608230016469244
572 0.0006608230016469244
573 0.0006608230016469244
574 0.0006608230016469244
575 0.0006608230016469244
576 0.0006608230016469244
577 0.0006608230016469244
578 0.0006608230016469244
579 0.0006608230016469244
580 0.0006608230016469244
581 0.0006608230016469244
582 0.0006608230016469244
583 0.0006608230016469244
584 0.0006608230016469244
585 0.0006608230016469244
586 0.0006608230016469244
587 0.0006608230016469244
588 0.0013347964473723111
589 0.0006608230016469244
590 0.0006608230016469244
591 0.0006608230016469244
592 0.0006608230016469244
593 0.0006608230016469244
594 0.0006608230016469244
595 0.0006608230016469244
596 0.0006608230016469244
597 0.0006608230016469244
598 0.0006608230016469244
599 0.0006608230016469244
600 0.0006608230016469244
601 0.0006608230016469244
602 0.0006608230016469244
603 0.0006608230016469244
604 0.0006608230016469244
605 0.0006608230016469244
606 0.0006608230016469244
607 0.0006608230016469244
608 0.0006608230016469244
609 0.0013347964473723111
610 0.0006608230016469244
611 0.0006608230016469244
612 0.0006608230016469244
613 0.0006608230016469244
614 0.0006608230016469244
615 0.0006608230016469244
616 0.0006608230016469244
617 0.0006608230016469244
618 0.0006608230016469244
619 0.0006608230016469244
620 0.0006608230016469244
621 0.0006608230016469244
622 0.0006608230016469244
623 0.0006608230016469244
624 0.0006608230016469244
625 0.0006608230016469244
626 0.0006608230016469244
627 0.0006608230016469244
628 0.0006608230016469244
629 0.0006608230016469244
630 0.0013347964473723111
631 0.0006608230016469244
632 0.0006608230016469244
633 0.0006608230016469244
634 0.0006608230016469244
635 0.0006608230016469244
636 0.0006608230016469244
637 0.0006608230016469244
638 0.0006608230016469244
639 0.0006608230016469244
640 0.0006608230016469244
641 0.0006608230016469244
642 0.0006608230016469244
643 0.0006608230016469244
644 0.0006608230016469244
645 0.0006608230016469244
646 0.0006608230016469244
647 0.0006608230016469244
648 0.0006608230016469244
649 0.0006608230016469244
650 0.0006608230016469244
651 0.0013347964473723111
652 0.0006608230016469244
653 0.0006608230016469244
654 0.0006608230016469244
655 0.0006608230016469244
656 0.0006608230016469244
657 0.0006608230016469244
658 0.0006608230016469244
659 0.0006608230016469244
660 0.0006608230016469244
661 0.0006608230016469244
662 0.0006608230016469244
663 0.0006608230016469244
664 0.0006608230016469244
665 0.0006608230016469244
666 0.0006608230016469244
667 0.0006608230016469244
668 0.0006608230016469244
669 0.0006608230016469244
670 0.0006608230016469244
671 0.0006608230016469244
672 0.0013347964473723111
673 0.0006608230016469244
674 0.0006608230016469244
675 0.0006608230016469244
676 0.0006608230016469244
677 0.0006608230016469244
678 0.0006608230016469244
679 0.0006608230016469244
680 0.0006608230016469244
681 0.0006608230016469244
682 0.0006608230016469244
683 0.0006608230016469244
684 0.0006608230016469244
685 0.0006608230016469244
686 0.0006608230016469244
687 0.0006608230016469244
688 0.0006608230016469244
689 0.0006608230016469244
690 0.0006608230016469244
691 0.0006608230016469244
692 0.0006608230016469244
693 0.0013347964473723111
694 0.0006608230016469244
695 0.0006608230016469244
696 0.0006608230016469244
697 0.0006608230016469244
698 0.0006608230016469244
699 0.0006608230016469244
700 0.0006608230016469244
701 0.0006608230016469244
702 0.0006608230016469244
703 0.0006608230016469244
704 0.0006608230016469244
705 0.0006608230016469244
706 0.0006608230016469244
707 0.0006608230016469244
708 0.0006608230016469244
709 0.0006608230016469244
710 0.0006608230016469244
711 0.0006608230016469244
712 0.0006608230016469244
713 0.0006608230016469244
714 0.0013347964473723111
715 0.0006608230016469244
716 0.0006608230016469244
717 0.0006608230016469244
718 0.0006608230016469244
719 0.0006608230016469244
720 0.0006608230016469244
721 0.0006608230016469244
722 0.0006608230016469244
723 0.0006608230016469244
724 0.0006608230016469244
725 0.0006608230016469244
726 0.0006608230016469244
727 0.0006608230016469244
728 0.0006608230016469244
729 0.0006608230016469244
730 0.0006608230016469244
731 0.0006608230016469244
732 0.0006608230016469244
733 0.0006608230016469244
734 0.0006608230016469244
735 0.0013347964473723111
736 0.0006608230016469244
737 0.0006608230016469244
738 0.0006608230016469244
739 0.0006608230016469244
740 0.0006608230016469244
741 0.0006608230016469244
742 0.0006608230016469244
743 0.0006608230016469244
744 0.0006608230016469244
745 0.0006608230016469244
746 0.0006608230016469244
747 0.0006608230016469244
748 0.0006608230016469244
749 0.0006608230016469244
750 0.0006608230016469244
751 0.0006608230016469244
752 0.0006608230016469244
753 0.0006608230016469244
754 0.0006608230016469244
755 0.0006608230016469244
756 0.0013347964473723111
757 0.0006608230016469244
758 0.0006608230016469244
759 0.0006608230016469244
760 0.0006608230016469244
761 0.0006608230016469244
762 0.0006608230016469244
763 0.0006608230016469244
764 0.0006608230016469244
765 0.0006608230016469244
766 0.0006608230016469244
767 0.0006608230016469244
768 0.0006608230016469244
769 0.0006608230016469244
770 0.0006608230016469244
771 0.0006608230016469244
772 0.0006608230016469244
773 0.0006608230016469244
774 0.0006608230016469244
775 0.0006608230016469244
776 0.0006608230016469244
777 0.0013347964473723111
778 0.0005408230016469239
779 0.00029369911184307746
780 0.0005408230016469239
781 0.00029369911184307746
782 0.0005408230016469239
783 0.00029369911184307746
784 0.0005408230016469239
785 0.00029369911184307746
786 0.0005408230016469239
787 0.00029369911184307746
788 0.0005408230016469239
789 0.00029369911184307746
790 0.0005408230016469239
791 0.00029369911184307746
792 0.0005408230016469239
793 0.00029369911184307746
794 0.0005408230016469239
795 0.00029369911184307746
796 0.0005408230016469239
797 0.00029369911184307746
798 0.0005408230016469239
799 0.00029369911184307746
800 0.0005408230016469239
801 0.00029369911184307746
802 0.0005408230016469239
803 0.00029369911184307746
804 0.0005408230016469239
805 0.00029369911184307746
806 0.0005408230016469239
807 0.00029369911184307746
808 0.0005408230016469239
809 0.00029369911184307746
810 0.0005408230016469239
811 0.00029369911184307746
812 0.0005408230016469239
813 0.00029369911184307746
814 0.0005408230016469239
815 0.00029369911184307746
816 0.0005408230016469239
817 0.00029369911184307746
818 0.0005408230016469239
819 0.00029369911184307746
820 0.0005408230016469239
821 0.00029369911184307746
822 0.0005408230016469239
823 0.00029369911184307746
824 0.0005408230016469239
825 0.00029369911184307746
826 0.0005408230016469239
827 0.00029369911184307746
828 0.0005408230016469239
829 0.00029369911184307746
830 0.0005408230016469239
831 0.00029369911184307746
832 0.0005408230016469239
833 0.00029369911184307746
834 0.0005408230016469239
835 0.00029369911184307746
836 0.0005408230016469239
837 0.00029369911184307746
838 0.0005408230016469239
839 0.00029369911184307746
840 0.0005408230016469239
841 0.00029369911184307746
842 0.0005408230016469239
843 0.00029369911184307746
844 0.0005408230016469239
845 0.00029369911184307746
846 0.0005408230016469239
847 0.00029369911184307746
848 0.0005408230016469239
849 0.00029369911184307746
850 0.0005408230016469239
851 0.00029369911184307746
852 0.0005408230016469239
853 0.00029369911184307746
854 0.0005408230016469239
855 0.00029369911184307746
856 0.0005408230016469239
857 0.00029369911184307746
858 0.0005408230016469239
859 0.00029369911184307746
860 0.0005408230016469239
861 0.00029369911184307746
862 0.0005408230016469239
863 0.00029369911184307746
864 0.0005408230016469239
865 0.00029369911184307746
866 0.0005408230016469239
867 0.00029369911184307746
868 0.0005408230016469239
869 0.00029369911184307746
870 0.0005408230016469239
871 0.00029369911184307746
872 0.0005408230016469239
873 0.00029369911184307746
874 0.0005408230016469239
875 0.00029369911184307746
876 0.0005408230016469239
877 0.00029369911184307746
878 0.0005408230016469239
879 0.00029369911184307746
880 0.0005408230016469239
881 0.00029369911184307746
882 0.0005408230016469239
883 0.00029369911184307746
884 0.0005408230016469239
885 0.00029369911184307746
886 0.0005408230016469239
887 0.00029369911184307746
888 0.0005408230016469239
889 0.00029369911184307746
890 0.0005408230016469239
891 0.00029369911184307746
892 0.0005408230016469239
893 0.00029369911184307746
894 0.0005408230016469239
895 0.00029369911184307746
896 0.0005408230016469239
897 0.00029369911184307746
898 0.0005408230016469239
899 0.00029369911184307746
900 0.0005408230016469239
901 0.00029369911184307746
902 0.0005408230016469239
903 0.00029369911184307746
904 0.0005408230016469239
905 0.00029369911184307746
906 0.0005408230016469239
907 0.00029369911184307746
908 0.0005408230016469239
909 0.00029369911184307746
910 0.0005408230016469239
911 0.00029369911184307746
912 0.0005408230016469239
913 0.00029369911184307746
914 0.0005408230016469239
915 0.00029369911184307746
916 0.0005408230016469239
917 0.00029369911184307746
918 0.0005408230016469239
919 0.00029369911184307746
920 0.0005408230016469239
921 0.00029369911184307746
922 0.0005408230016469239
923 0.00029369911184307746
924 0.0005408230016469239
925 0.00029369911184307746
926 0.0005408230016469239
927 0.00029369911184307746
928 0.0005408230016469239
929 0.00029369911184307746
930 0.0005408230016469239
931 0.00029369911184307746
932 0.0005408230016469239
933 0.00029369911184307746
934 0.0005408230016469239
935 0.00029369911184307746
936 0.0005408230016469239
937 0.00029369911184307746
938 0.0005408230016469239
939 0.00029369911184307746
940 0.0005408230016469239
941 0.00029369911184307746
942 0.0005408230016469239
943 0.00029369911184307746
944 0.0005408230016469239
945 0.00029369911184307746
946 0.0005408230016469239
947 0.00029369911184307746
948 0.0005408230016469239
949 0.00029369911184307746
950 0.0005408230016469239
951 0.00029369911184307746
952 0.0005408230016469239
953 0.00029369911184307746
954 0.0005408230016469239
955 0.00029369911184307746
956 0.0005408230016469239
957 0.00029369911184307746
958 0.0005408230016469239
959 0.00029369911184307746
960 0.0005408230016469239
961 0.00029369911184307746
962 0.0005408230016469239
963 0.00029369911184307746
964 0.0005408230016469239
965 0.00029369911184307746
966 0.0005408230016469239
967 0.00029369911184307746
968 0.0005408230016469239
969 0.00029369911184307746
970 0.0005408230016469239
971 0.00029369911184307746
972 0.0005408230016469239
973 0.00029369911184307746
974 0.0005408230016469239
975 0.00029369911184307746
976 0.0005408230016469239
977 0.00029369911184307746
978 0.0005408230016469239
979 0.00029369911184307746
980 0.0005408230016469239
981 0.00029369911184307746
982 0.0005408230016469239
983 0.00029369911184307746
984 0.0005408230016469239
985 0.00029369911184307746
986 0.0005408230016469239
987 0.00029369911184307746
988 0.0005408230016469239
989 0.00029369911184307746
990 0.0005408230016469239
991 0.00029369911184307746
992 0.0005408230016469239
993 0.00029369911184307746
994 0.0005408230016469239
995 0.00029369911184307746
996 0.0005408230016469239
997 0.00029369911184307746
998 0.0005408230016469239
999 0.00029369911184307746
1000 0.0005408230016469239
1001 0.00029369911184307746
1002 0.0005408230016469239
1003 0.00029369911184307746
1004 0.0005408230016469239
1005 0.00029369911184307746
1006 0.0005408230016469239
1007 0.00029369911184307746
1008 0.0005408230016469239
1009 0.00029369911184307746
1010 0.0005408230016469239
1011 0.00029369911184307746
1012 0.0005408230016469239
1013 0.00029369911184307746
1014 0.0005408230016469239
1015 0.00029369911184307746
1016 0.0005408230016469239
1017 0.00029369911184307746
1018 0.0005408230016469239
1019 0.00029369911184307746
1020 0.0005408230016469239
1021 0.00029369911184307746
1022 0.0005408230016469239
1023 0.00029369911184307746
1024 0.0005408230016469239
1025 0.00029369911184307746
1026 0.0005408230016469239
1027 0.00029369911184307746
1028 0.0005408230016469239
1029 0.00029369911184307746
1030 0.0005408230016469239
1031 0.00029369911184307746
1032 0.0005408230016469239
1033 0.00029369911184307746
1034 0.0005408230016469239
1035 0.00029369911184307746
1036 0.0005408230016469239
1037 0.00029369911184307746
1038 0.0005408230016469239
1039 0.00029369911184307746
1040 0.0005408230016469239
1041 0.00029369911184307746
1042 0.0005408230016469239
1043 0.00029369911184307746
1044 0.0005408230016469239
1045 0.00029369911184307746
1046 0.0005408230016469239
1047 0.00029369911184307746
1048 0.0005408230016469239
1049 0.00029369911184307746
1050 0.0005408230016469239
1051 0.00029369911184307746
1052 0.0005408230016469239
1053 0.00029369911184307746
1054 0.0005408230016469239
1055 0.00029369911184307746
1056 0.0005408230016469239
1057 0.00029369911184307746
1058 0.0005408230016469239
1059 0.00029369911184307746
1060 0.0005408230016469239
1061 0.00029369911184307746
1062 0.0005408230016469239
1063 0.00029369911184307746
1064 0.0005408230016469239
1065 0.00029369911184307746
1066 0.0005408230016469239
1067 0.00029369911184307746
1068 0.0005408230016469239
1069 0.00029369911184307746
1070 0.0005408230016469239
1071 0.00029369911184307746
1072 0.0005408230016469239
1073 0.00029369911184307746
1074 0.0005408230016469239
1075 0.00029369911184307746
1076 0.0005408230016469239
1077 0.00029369911184307746
1078 0.0005408230016469239
1079 0.00029369911184307746
1080 0.0005408230016469239
1081 0.00029369911184307746
1082 0.0005408230016469239
1083 0.00029369911184307746
1084 0.0005408230016469239
1085 0.00029369911184307746
1086 0.0005408230016469239
1087 0.00029369911184307746
1088 0.0005408230016469239
1089 0.00029369911184307746
1090 0.0005408230016469239
1091 0.00029369911184307746
1092 0.0005408230016469239
1093 0.00029369911184307746
1094 0.0005408230016469239
1095 0.00029369911184307746
1096 0.0005408230016469239
1097 0.00029369911184307746
1098 0.0005408230016469239
1099 0.00029369911184307746
1100 0.0005408230016469239
1101 0.00029369911184307746
1102 0.0005408230016469239
1103 0.00029369911184307746
1104 0.0005408230016469239
1105 0.00029369911184307746
1106 0.0005408230016469239
1107 0.00029369911184307746
1108 0.0005408230016469239
1109 0.00029369911184307746
1110 0.0005408230016469239
1111 0.00029369911184307746
1112 0.0005408230016469239
1113 0.00029369911184307746
1114 0.0005408230016469239
1115 0.00029369911184307746
1116 0.0005408230016469239
1117 0.00029369911184307746
1118 0.0005408230016469239
1119 0.00029369911184307746
1120 0.0005408230016469239
1121 0.00029369911184307746
1122 0.0005408230016469239
1123 0.00029369911184307746
1124 0.0005408230016469239
1125 0.00029369911184307746
1126 0.0005408230016469239
1127 0.00029369911184307746
1128 0.0005408230016469239
1129 0.00029369911184307746
1130 0.0005408230016469239
1131 0.00029369911184307746
1132 0.0005408230016469239
1133 0.00029369911184307746
1134 0.0005408230016469239
1135 0.00029369911184307746
1136 0.0005408230016469239
1137 0.00029369911184307746
1138 0.0005408230016469239
1139 0.00029369911184307746
1140 0.0005408230016469239
1141 0.00029369911184307746
1142 0.0005408230016469239
1143 0.00029369911184307746
1144 0.0005408230016469239
1145 0.00029369911184307746
1146 0.0005408230016469239
1147 0.00029369911184307746
1148 0.0005408230016469239
1149 0.00029369911184307746
1150 0.0005408230016469239
1151 0.00029369911184307746
1152 0.0005408230016469239
1153 0.00029369911184307746
1154 0.0005408230016469239
1155 0.00029369911184307746
1156 0.0005408230016469239
1157 0.00029369911184307746
1158 0.0005408230016469239
1159 0.00029369911184307746
1160 0.0005408230016469239
1161 0.00029369911184307746
1162 0.0005408230016469239
1163 0.00029369911184307746
1164 0.0005408230016469239
1165 0.00029369911184307746
1166 0.0005408230016469239
1167 0.00029369911184307746
1168 0.0005408230016469239
1169 0.00029369911184307746
1170 0.0005408230016469239
1171 0.00029369911184307746
1172 0.0005408230016469239
1173 0.00029369911184307746
1174 0.0005408230016469239
1175 0.00029369911184307746
1176 0.0005408230016469239
1177 0.00029369911184307746
1178 0.0005408230016469239
1179 0.00029369911184307746
1180 0.0005408230016469239
1181 0.00029369911184307746
1182 0.0005408230016469239
1183 0.00029369911184307746
1184 0.0005408230016469239
1185 0.00029369911184307746
1186 0.0005408230016469239
1187 0.00029369911184307746
1188 0.0005408230016469239
1189 0.00029369911184307746
1190 0.0005408230016469239
1191 0.00029369911184307746
1192 0.0005408230016469239
1193 0.00029369911184307746
1194 0.0005408230016469239
1195 0.00029369911184307746
1196 0.0005408230016469239
1197 0.00029369911184307746
1198 0.0005408230016469239
1199 0.00029369911184307746
1200 0.0005408230016469239
1201 0.00029369911184307746
1202 0.0005408230016469239
1203 0.00029369911184307746
1204 0.0005408230016469239
1205 0.00029369911184307746
1206 0.0005408230016469239
1207 0.00029369911184307746
1208 0.0005408230016469239
1209 0.00029369911184307746
1210 0.0005408230016469239
1211 0.00029369911184307746
1212 0.0005408230016469239
1213 0.00029369911184307746
1214 0.0005408230016469239
1215 0.00029369911184307746
1216 0.0005408230016469239
1217 0.00029369911184307746
1218 0.0005408230016469239
1219 0.00029369911184307746
1220 0.0005408230016469239
1221 0.00029369911184307746
1222 0.0005408230016469239
1223 0.00029369911184307746
1224 0.0005408230016469239
1225 0.00029369911184307746
1226 0.0005408230016469239
1227 0.00029369911184307746
1228 0.0005408230016469239
1229 0.00029369911184307746
1230 0.0005408230016469239
1231 0.00029369911184307746
1232 0.0005408230016469239
1233 0.00029369911184307746
1234 0.0005408230016469239
1235 0.00029369911184307746
1236 0.0005408230016469239
1237 0.00029369911184307746
1238 0.0005408230016469239
1239 0.00029369911184307746
1240 0.0005408230016469239
1241 0.00029369911184307746
1242 0.0005408230016469239
1243 0.00029369911184307746
1244 0.0005408230016469239
1245 0.00029369911184307746
1246 0.0005408230016469239
1247 0.00029369911184307746
1248 0.0005408230016469239
1249 0.00029369911184307746
1250 0.0005408230016469239
1251 0.00029369911184307746
1252 0.0005408230016469239
1253 0.00029369911184307746
1254 0.0005408230016469239
1255 0.00029369911184307746
1256 0.0005408230016469239
1257 0.00029369911184307746
1258 0.0005408230016469239
1259 0.00029369911184307746
1260 0.0005408230016469239
1261 0.00029369911184307746
1262 0.0005408230016469239
1263 0.00029369911184307746
1264 0.0005408230016469239
1265 0.00029369911184307746
1266 0.0005408230016469239
1267 0.00029369911184307746
1268 0.0005408230016469239
1269 0.00029369911184307746
1270 0.0005408230016469239
1271 0.00029369911184307746
1272 0.0005408230016469239
1273 0.00029369911184307746
1274 0.0005408230016469239
1275 0.00029369911184307746
1276 0.0005408230016469239
1277 0.00029369911184307746
1278 0.0005408230016469239
1279 0.00029369911184307746
1280 0.0005408230016469239
1281 0.00029369911184307746
1282 0.0005408230016469239
1283 0.00029369911184307746
1284 0.0005408230016469239
1285 0.00029369911184307746
1286 0.0005408230016469239
1287 0.00029369911184307746
1288 0.0005408230016469239
1289 0.00029369911184307746
1290 0.0005408230016469239
1291 0.00029369911184307746
1292 0.0005408230016469239
1293 0.00029369911184307746
1294 0.0005408230016469239
1295 0.00029369911184307746
1296 0.0005408230016469239
1297 0.00029369911184307746
1298 0.0005408230016469239
1299 0.00029369911184307746
1300 0.0005408230016469239
1301 0.00029369911184307746
1302 0.0005408230016469239
1303 0.00029369911184307746
1304 0.0005408230016469239
1305 0.00029369911184307746
1306 0.0005408230016469239
1307 0.00029369911184307746
1308 0.0005408230016469239
1309 0.00029369911184307746
1310 0.0005408230016469239
1311 0.00029369911184307746
1312 0.0005408230016469239
1313 0.00029369911184307746
1314 0.0005408230016469239
1315 0.00029369911184307746
1316 0.0005408230016469239
1317 0.00029369911184307746
1318 0.0005408230016469239
1319 0.00029369911184307746
1320 0.0005408230016469239
1321 0.00029369911184307746
1322 0.0005408230016469239
1323 0.00029369911184307746
1324 0.0005408230016469239
1325 0.00029369911184307746
1326 0.0005408230016469239
1327 0.00029369911184307746
1328 0.0005408230016469239
1329 0.00029369911184307746
1330 0.0005408230016469239
1331 0.00029369911184307746
1332 0.0005408230016469239
1333 0.00029369911184307746
1334 0.0005408230016469239
1335 0.00029369911184307746
1336 0.0005408230016469239
1337 0.00029369911184307746
1338 0.0005408230016469239
1339 0.00029369911184307746
1340 0.0005408230016469239
1341 0.00029369911184307746
1342 0.0005408230016469239
1343 0.00029369911184307746
1344 0.0005408230016469239
1345 0.00029369911184307746
1346 0.0005408230016469239
1347 0.00029369911184307746
1348 0.0005408230016469239
1349 0.00029369911184307746
1350 0.0005408230016469239
1351 0.00029369911184307746
1352 0.0005408230016469239
1353 0.00029369911184307746
1354 0.0005408230016469239
1355 0.00029369911184307746
1356 0.0005408230016469239
1357 0.00029369911184307746
1358 0.0005408230016469239
1359 0.00029369911184307746
1360 0.0005408230016469239
1361 0.00029369911184307746
1362 0.0005408230016469239
1363 0.00029369911184307746
1364 0.0005408230016469239
1365 0.00029369911184307746
1366 0.0005408230016469239
1367 0.00029369911184307746
1368 0.0005408230016469239
1369 0.00029369911184307746
1370 0.0005408230016469239
1371 0.00029369911184307746
1372 0.0005408230016469239
1373 0.00029369911184307746
1374 0.0005408230016469239
1375 0.00029369911184307746
1376 0.0005408230016469239
1377 0.00029369911184307746
1378 0.0005408230016469239
1379 0.00029369911184307746
1380 0.0005408230016469239
1381 0.00029369911184307746
1382 0.0005408230016469239
1383 0.00029369911184307746
1384 0.0005408230016469239
1385 0.00029369911184307746
1386 0.0005408230016469239
1387 0.00029369911184307746
1388 0.0005408230016469239
1389 0.00029369911184307746
1390 0.0005408230016469239
1391 0.00029369911184307746
1392 0.0005408230016469239
1393 0.00029369911184307746
1394 0.0005408230016469239
1395 0.00029369911184307746
1396 0.0005408230016469239
1397 0.00029369911184307746
1398 0.0005408230016469239
1399 0.00029369911184307746
1400 0.0005408230016469239
1401 0.00029369911184307746
1402 0.0005408230016469239
1403 0.00029369911184307746
1404 0.0005408230016469239
1405 0.00029369911184307746
1406 0.0005408230016469239
1407 0.00029369911184307746
1408 0.0005408230016469239
1409 0.00029369911184307746
1410 0.0005408230016469239
1411 0.00029369911184307746
1412 0.0005408230016469239
1413 0.00029369911184307746
1414 0.0005408230016469239
1415 0.00029369911184307746
1416 0.0005408230016469239
1417 0.00029369911184307746
1418 0.0005408230016469239
1419 0.00029369911184307746
1420 0.0005408230016469239
1421 0.00029369911184307746
1422 0.0005408230016469239
1423 0.00029369911184307746
1424 0.0005408230016469239
1425 0.00029369911184307746
1426 0.0005408230016469239
1427 0.00029369911184307746
1428 0.0005408230016469239
1429 0.00029369911184307746
1430 0.0005408230016469239
1431 0.00029369911184307746
1432 0.0005408230016469239
1433 0.00029369911184307746
1434 0.0005408230016469239
1435 0.00029369911184307746
1436 0.0005408230016469239
1437 0.00029369911184307746
1438 0.0005408230016469239
1439 0.00029369911184307746
1440 0.0005408230016469239
1441 0.00029369911184307746
1442 0.0005408230016469239
1443 0.00029369911184307746
1444 0.0005408230016469239
1445 0.00029369911184307746
1446 0.0005408230016469239
1447 0.00029369911184307746
1448 0.0005408230016469239
1449 0.00029369911184307746
1450 0.0005408230016469239
1451 0.00029369911184307746
1452 0.0005408230016469239
1453 0.00029369911184307746
1454 0.0005408230016469239
1455 0.00029369911184307746
1456 0.0005408230016469239
1457 0.00029369911184307746
1458 0.0005408230016469239
1459 0.00029369911184307746
1460 0.0005408230016469239
1461 0.00029369911184307746
1462 0.0005408230016469239
1463 0.00029369911184307746
1464 0.0005408230016469239
1465 0.00029369911184307746
1466 0.0005408230016469239
1467 0.00029369911184307746
1468 0.0005408230016469239
1469 0.00029369911184307746
1470 0.0005408230016469239
1471 0.00029369911184307746
1472 0.0005408230016469239
1473 0.00029369911184307746
1474 0.0005408230016469239
1475 0.00029369911184307746
1476 0.0005408230016469239
1477 0.00029369911184307746
1478 0.0005408230016469239
1479 0.00029369911184307746
1480 0.0005408230016469239
1481 0.00029369911184307746
1482 0.0005408230016469239
1483 0.00029369911184307746
1484 0.0005408230016469239
1485 0.00029369911184307746
1486 0.0005408230016469239
1487 0.00029369911184307746
1488 0.0005408230016469239
1489 0.00029369911184307746
1490 0.0005408230016469239
1491 0.00029369911184307746
1492 0.0005408230016469239
1493 0.00029369911184307746
1494 0.0005408230016469239
1495 0.00029369911184307746
1496 0.0005408230016469239
1497 0.00029369911184307746
1498 0.0005408230016469239
1499 0.00029369911184307746
1500 0.0005408230016469239
1501 0.00029369911184307746
1502 0.0005408230016469239
1503 0.00029369911184307746
1504 0.0005408230016469239
1505 0.00029369911184307746
1506 0.0005408230016469239
1507 0.00029369911184307746
1508 0.0005408230016469239
1509 0.00029369911184307746
1510 0.0005408230016469239
1511 0.00029369911184307746
1512 0.0005408230016469239
1513 0.00029369911184307746
1514 0.0005408230016469239
1515 0.00029369911184307746
1516 0.0005408230016469239
1517 0.00029369911184307746
1518 0.0005408230016469239
1519 0.00029369911184307746
1520 0.0005408230016469239
1521 0.00029369911184307746
1522 0.0005408230016469239
1523 0.00029369911184307746
1524 0.0005408230016469239
1525 0.00029369911184307746
1526 0.0005408230016469239
1527 0.00029369911184307746
1528 0.0005408230016469239
1529 0.00029369911184307746
1530 0.0005408230016469239
1531 0.00029369911184307746
1532 0.0005408230016469239
1533 0.00029369911184307746
1534 0.0005408230016469239
1535 0.00029369911184307746
1536 0.0005408230016469239
1537 0.00029369911184307746
1538 0.0005408230016469239
1539 0.00029369911184307746
1540 0.0005408230016469239
1541 0.00029369911184307746
1542 0.0005408230016469239
1543 0.00029369911184307746
1544 0.0005408230016469239
1545 0.00029369911184307746
1546 0.0005408230016469239
1547 0.00029369911184307746
1548 0.0005408230016469239
1549 0.00029369911184307746
1550 0.0005408230016469239
1551 0.00029369911184307746
1552 0.0005408230016469239
1553 0.00029369911184307746
1554 0.0005408230016469239
1555 0.00029369911184307746
1556 0.0005408230016469239
1557 0.00029369911184307746
1558 0.0005408230016469239
1559 0.00029369911184307746
1560 0.0005408230016469239
1561 0.00029369911184307746
1562 0.0005408230016469239
1563 0.00029369911184307746
1564 0.0005408230016469239
1565 0.00029369911184307746
1566 0.0005408230016469239
1567 0.00029369911184307746
1568 0.0005408230016469239
1569 0.00029369911184307746
1570 0.0005408230016469239
1571 0.00029369911184307746
1572 0.0005408230016469239
1573 0.00029369911184307746
1574 0.0005408230016469239
1575 0.00029369911184307746
1576 0.0005408230016469239
1577 0.00029369911184307746
1578 0.0005408230016469239
1579 0.00029369911184307746
1580 0.0005408230016469239
1581 0.00029369911184307746
1582 0.0005408230016469239
1583 0.00029369911184307746
1584 0.0005408230016469239
1585 0.00029369911184307746
1586 0.0005408230016469239
1587 0.00029369911184307746
1588 0.0005408230016469239
1589 0.00029369911184307746
1590 0.0005408230016469239
1591 0.00029369911184307746
1592 0.0005408230016469239
1593 0.00029369911184307746
1594 0.0005408230016469239
1595 0.00029369911184307746
1596 0.0005408230016469239
1597 0.00029369911184307746
1598 0.0005408230016469239
1599 0.00029369911184307746
1600 0.0005408230016469239
1601 0.00029369911184307746
1602 0.0005408230016469239
1603 0.00029369911184307746
1604 0.0005408230016469239
1605 0.00029369911184307746
1606 0.0005408230016469239
1607 0.00029369911184307746
1608 0.0005408230016469239
1609 0.00029369911184307746
1610 0.0005408230016469239
1611 0.00029369911184307746
1612 0.0005408230016469239
1613 0.00029369911184307746
1614 0.0005408230016469239
1615 0.00029369911184307746
1616 0.0005408230016469239
1617 0.00029369911184307746
1618 0.0005408230016469239
1619 0.00029369911184307746
1620 0.0005408230016469239
1621 0.00029369911184307746
1622 0.0005408230016469239
1623 0.00029369911184307746
1624 0.0005408230016469239
1625 0.00029369911184307746
1626 0.0005408230016469239
1627 0.00029369911184307746
1628 0.0005408230016469239
1629 0.00029369911184307746
1630 0.0005408230016469239
1631 0.00029369911184307746
1632 0.0005408230016469239
1633 0.00029369911184307746
1634 0.0005408230016469239
1635 0.00029369911184307746
1636 0.0005408230016469239
1637 0.00029369911184307746
1638 0.0005408230016469239
1639 0.00029369911184307746
1640 0.0005408230016469239
1641 0.00029369911184307746
1642 0.0005408230016469239
1643 0.00029369911184307746
1644 0.0005408230016469239
1645 0.00029369911184307746
1646 0.0005408230016469239
1647 0.00029369911184307746
1648 0.0005408230016469239
1649 0.00029369911184307746
1650 0.0005408230016469239
1651 0.00029369911184307746
1652 0.0005408230016469239
1653 0.00029369911184307746
1654 0.0005408230016469239
1655 0.00029369911184307746
1656 0.0005408230016469239
1657 0.00029369911184307746
1658 0.0005408230016469239
1659 0.00029369911184307746
1660 0.0005408230016469239
1661 0.00029369911184307746
1662 0.0005408230016469239
1663 0.00029369911184307746
1664 0.0005408230016469239
1665 0.00029369911184307746
1666 0.0005408230016469239
1667 0.00029369911184307746
1668 0.0005408230016469239
1669 0.00029369911184307746
1670 0.0005408230016469239
1671 0.00029369911184307746
1672 0.0005408230016469239
1673 0.00029369911184307746
1674 0.0005408230016469239
1675 0.00029369911184307746
1676 0.0005408230016469239
1677 0.00029369911184307746
1678 0.0005408230016469239
1679 0.00029369911184307746
1680 0.0005408230016469239
1681 0.00029369911184307746
1682 0.0005408230016469239
1683 0.00029369911184307746
1684 0.0005408230016469239
1685 0.00029369911184307746
1686 0.0005408230016469239
1687 0.00029369911184307746
1688 0.0005408230016469239
1689 0.00029369911184307746
1690 0.0005408230016469239
1691 0.00029369911184307746
1692 0.0005408230016469239
1693 0.00029369911184307746
1694 0.0005408230016469239
1695 0.00029369911184307746
1696 0.0005408230016469239
1697 0.00029369911184307746
1698 0.0005408230016469239
1699 0.00029369911184307746
1700 0.0005408230016469239
1701 0.00029369911184307746
1702 0.0005408230016469239
1703 0.00029369911184307746
1704 0.0005408230016469239
1705 0.00029369911184307746
1706 0.0005408230016469239
1707 0.00029369911184307746
1708 0.0005408230016469239
1709 0.00029369911184307746
1710 0.0005408230016469239
1711 0.00029369911184307746
1712 0.0005408230016469239
1713 0.00029369911184307746
1714 0.0005408230016469239
1715 0.00029369911184307746
1716 0.0005408230016469239
1717 0.00029369911184307746
1718 0.0005408230016469239
1719 0.00029369911184307746
1720 0.0005408230016469239
1721 0.00029369911184307746
1722 0.0005408230016469239
1723 0.00029369911184307746
1724 0.0005408230016469239
1725 0.00029369911184307746
1726 0.0005408230016469239
1727 0.00029369911184307746
1728 0.0005408230016469239
1729 0.00029369911184307746
1730 0.0005408230016469239
1731 0.00029369911184307746
1732 0.0005408230016469239
1733 0.00029369911184307746
1734 0.0005408230016469239
1735 0.00029369911184307746
1736 0.0005408230016469239
1737 0.00029369911184307746
1738 0.0005408230016469239
1739 0.00029369911184307746
1740 0.0005408230016469239
1741 0.00029369911184307746
1742 0.0005408230016469239
1743 0.00029369911184307746
1744 0.0005408230016469239
1745 0.00029369911184307746
1746 0.0005408230016469239
1747 0.00029369911184307746
1748 0.0005408230016469239
1749 0.00029369911184307746
1750 0.0005408230016469239
1751 0.00029369911184307746
1752 0.0005408230016469239
1753 0.00029369911184307746
1754 0.0005408230016469239
1755 0.00029369911184307746
1756 0.0005408230016469239
1757 0.00029369911184307746
1758 0.0005408230016469239
1759 0.00029369911184307746
1760 0.0005408230016469239
1761 0.00029369911184307746
1762 0.0005408230016469239
1763 0.00029369911184307746
1764 0.0005408230016469239
1765 0.00029369911184307746
1766 0.0005408230016469239
1767 0.00029369911184307746
1768 0.0005408230016469239
1769 0.00029369911184307746
1770 0.0005408230016469239
1771 0.00029369911184307746
1772 0.0005408230016469239
1773 0.00029369911184307746
1774 0.0005408230016469239
1775 0.00029369911184307746
1776 0.0005408230016469239
1777 0.00029369911184307746
1778 0.0005408230016469239
1779 0.00029369911184307746
1780 0.0005408230016469239
1781 0.00029369911184307746
1782 0.0005408230016469239
1783 0.00029369911184307746
1784 0.0005408230016469239
1785 0.00029369911184307746
1786 0.0005408230016469239
1787 0.00029369911184307746
1788 0.0005408230016469239
1789 0.00029369911184307746
1790 0.0005408230016469239
1791 0.00029369911184307746
1792 0.0005408230016469239
1793 0.00029369911184307746
1794 0.0005408230016469239
1795 0.00029369911184307746
1796 0.0005408230016469239
1797 0.00029369911184307746
1798 0.0005408230016469239
1799 0.00029369911184307746
1800 0.0005408230016469239
1801 0.00029369911184307746
1802 0.0005408230016469239
1803 0.00029369911184307746
1804 0.0005408230016469239
1805 0.00029369911184307746
1806 0.0005408230016469239
1807 0.00029369911184307746
1808 0.0005408230016469239
1809 0.00029369911184307746
1810 0.0005408230016469239
1811 0.00029369911184307746
1812 0.0005408230016469239
1813 0.00029369911184307746
1814 0.0005408230016469239
1815 0.00029369911184307746
1816 0.0005408230016469239
1817 0.00029369911184307746
1818 0.0005408230016469239
1819 0.00029369911184307746
1820 0.0005408230016469239
1821 0.00029369911184307746
1822 0.0005408230016469239
1823 0.00029369911184307746
1824 0.0005408230016469239
1825 0.00029369911184307746
1826 0.0005408230016469239
1827 0.00029369911184307746
1828 0.0005408230016469239
1829 0.00029369911184307746
1830 0.0005408230016469239
1831 0.00029369911184307746
1832 0.0005408230016469239
1833 0.00029369911184307746
1834 0.0005408230016469239
1835 0.00029369911184307746
1836 0.0005408230016469239
1837 0.00029369911184307746
1838 0.0005408230016469239
1839 0.00029369911184307746
1840 0.0005408230016469239
1841 0.00029369911184307746
1842 0.0005408230016469239
1843 0.00029369911184307746
1844 0.0005408230016469239
1845 0.00029369911184307746
1846 0.0005408230016469239
1847 0.00029369911184307746
1848 0.0005408230016469239
1849 0.00029369911184307746
1850 0.0005408230016469239
1851 0.00029369911184307746
1852 0.0005408230016469239
1853 0.00029369911184307746
1854 0.0005408230016469239
1855 0.00029369911184307746
1856 0.0005408230016469239
1857 0.00029369911184307746
1858 0.0005408230016469239
1859 0.00029369911184307746
1860 0.0005408230016469239
1861 0.00029369911184307746
1862 0.0005408230016469239
1863 0.00029369911184307746
1864 0.0005408230016469239
1865 0.00029369911184307746
1866 0.0005408230016469239
1867 0.00029369911184307746
1868 0.0005408230016469239
1869 0.00029369911184307746
1870 0.0005408230016469239
1871 0.00029369911184307746
1872 0.0005408230016469239
1873 0.00029369911184307746
1874 0.0005408230016469239
1875 0.00029369911184307746
1876 0.0005408230016469239
1877 0.00029369911184307746
1878 0.0005408230016469239
1879 0.00029369911184307746
1880 0.0005408230016469239
1881 0.00029369911184307746
1882 0.0005408230016469239
1883 0.00029369911184307746
1884 0.0005408230016469239
1885 0.00029369911184307746
1886 0.0005408230016469239
1887 0.00029369911184307746
1888 0.0005408230016469239
1889 0.00029369911184307746
1890 0.0005408230016469239
1891 0.00029369911184307746
1892 0.0005408230016469239
1893 0.00029369911184307746
1894 0.0005408230016469239
1895 0.00029369911184307746
1896 0.0005408230016469239
1897 0.00029369911184307746
1898 0.0005408230016469239
1899 0.00029369911184307746
1900 0.0005408230016469239
1901 0.00029369911184307746
1902 0.0005408230016469239
1903 0.00029369911184307746
1904 0.0005408230016469239
1905 0.00029369911184307746
1906 0.0005408230016469239
1907 0.00029369911184307746
1908 0.0005408230016469239
1909 0.00029369911184307746
1910 0.0005408230016469239
1911 0.00029369911184307746
1912 0.0005408230016469239
1913 0.00029369911184307746
1914 0.0005408230016469239
1915 0.00029369911184307746
1916 0.0005408230016469239
1917 0.00029369911184307746
1918 0.0005408230016469239
1919 0.00029369911184307746
1920 0.0005408230016469239
1921 0.00029369911184307746
1922 0.0005408230016469239
1923 0.00029369911184307746
1924 0.0005408230016469239
1925 0.00029369911184307746
1926 0.0005408230016469239
1927 0.00029369911184307746
1928 0.0005408230016469239
1929 0.00029369911184307746
1930 0.0005408230016469239
1931 0.00029369911184307746
1932 0.0005408230016469239
1933 0.00029369911184307746
1934 0.0005408230016469239
1935 0.00029369911184307746
1936 0.0005408230016469239
1937 0.00029369911184307746
1938 0.0005408230016469239
1939 0.00029369911184307746
1940 0.0005408230016469239
1941 0.00029369911184307746
1942 0.0005408230016469239
1943 0.00029369911184307746
1944 0.0005408230016469239
1945 0.00029369911184307746
1946 0.0005408230016469239
1947 0.00029369911184307746
1948 0.0005408230016469239
1949 0.00029369911184307746
1950 0.0005408230016469239
1951 0.00029369911184307746
1952 0.0005408230016469239
1953 0.00029369911184307746
1954 0.0005408230016469239
1955 0.00029369911184307746
1956 0.0005408230016469239
1957 0.00029369911184307746
1958 0.0005408230016469239
1959 0.00029369911184307746
1960 0.0005408230016469239
1961 0.00029369911184307746
1962 0.0005408230016469239
1963 0.00029369911184307746
1964 0.0005408230016469239
1965 0.00029369911184307746
1966 0.0005408230016469239
1967 0.00029369911184307746
1968 0.0005408230016469239
1969 0.00029369911184307746
1970 0.0005408230016469239
1971 0.00029369911184307746
1972 0.0005408230016469239
1973 0.00029369911184307746
1974 0.0005408230016469239
1975 0.00029369911184307746
1976 0.0005408230016469239
1977 0.00029369911184307746
1978 0.0005408230016469239
1979 0.00029369911184307746
1980 0.0005408230016469239
1981 0.00029369911184307746
1982 0.0005408230016469239
1983 0.00029369911184307746
1984 0.0005408230016469239
1985 0.00029369911184307746
1986 0.0005408230016469239
1987 0.00029369911184307746
1988 0.0005408230016469239
1989 0.00029369911184307746
1990 0.0005408230016469239
1991 0.00029369911184307746
1992 0.0005408230016469239
1993 0.00029369911184307746
1994 0.0005408230016469239
1995 0.00029369911184307746
1996 0.0005408230016469239
1997 0.00029369911184307746
1998 0.0005408230016469239
1999 0.00029369911184307746
2000 0.0005408230016469239
2001 0.00029369911184307746
2002 0.0005408230016469239
2003 0.00029369911184307746
2004 0.0005408230016469239
2005 0.00029369911184307746
2006 0.0005408230016469239
2007 0.00029369911184307746
2008 0.0005408230016469239
2009 0.00029369911184307746
2010 0.0005408230016469239
2011 0.00029369911184307746
2012 0.0005408230016469239
2013 0.00029369911184307746
2014 0.0005408230016469239
2015 0.00029369911184307746
2016 0.0005408230016469239
2017 0.00029369911184307746
2018 0.0005408230016469239
2019 0.00029369911184307746
2020 0.0005408230016469239
2021 0.00029369911184307746
2022 0.0005408230016469239
2023 0.00029369911184307746
2024 0.0005408230016469239
2025 0.00029369911184307746
2026 0.0005408230016469239
2027 0.00029369911184307746
2028 0.0005408230016469239
2029 0.00029369911184307746
2030 0.0005408230016469239
2031 0.00029369911184307746
2032 0.0005408230016469239
2033 0.00029369911184307746
2034 0.0005408230016469239
2035 0.00029369911184307746
2036 0.0005408230016469239
2037 0.00029369911184307746
2038 0.0005408230016469239
2039 0.00029369911184307746
2040 0.0005408230016469239
2041 0.00029369911184307746
2042 0.0005408230016469239
2043 0.00029369911184307746
2044 0.0005408230016469239
2045 0.00029369911184307746
2046 0.0005408230016469239
2047 0.00029369911184307746
2048 0.0005408230016469239
2049 0.00029369911184307746
2050 0.0005408230016469239
2051 0.00029369911184307746
2052 0.0005408230016469239
2053 0.00029369911184307746
2054 0.0005408230016469239
2055 0.00029369911184307746
2056 0.0005408230016469239
2057 0.00029369911184307746
2058 0.0005408230016469239
2059 0.00029369911184307746
2060 0.0005408230016469239
2061 0.00029369911184307746
2062 0.0005408230016469239
2063 0.00029369911184307746
2064 0.0005408230016469239
2065 0.00029369911184307746
2066 0.0005408230016469239
2067 0.00029369911184307746
2068 0.0005408230016469239
2069 0.00029369911184307746
2070 0.0005408230016469239
2071 0.00029369911184307746
2072 0.0005408230016469239
2073 0.00029369911184307746
2074 0.0005408230016469239
2075 0.00029369911184307746
2076 0.0005408230016469239
2077 0.00029369911184307746
2078 0.0005408230016469239
2079 0.00029369911184307746
2080 0.0005408230016469239
2081 0.00029369911184307746
2082 0.0005408230016469239
2083 0.00029369911184307746
2084 0.0005408230016469239
2085 0.00029369911184307746
2086 0.0005408230016469239
2087 0.00029369911184307746
2088 0.0005408230016469239
2089 0.00029369911184307746
2090 0.0005408230016469239
2091 0.00029369911184307746
2092 0.0005408230016469239
2093 0.00029369911184307746
2094 0.0005408230016469239
2095 0.00029369911184307746
2096 0.0005408230016469239
2097 0.00029369911184307746
2098 0.0005408230016469239
2099 0.00029369911184307746
2100 0.0005408230016469239
2101 0.00029369911184307746
2102 0.0005408230016469239
2103 0.00029369911184307746
2104 0.0005408230016469239
2105 0.00029369911184307746
2106 0.0005408230016469239
2107 0.00029369911184307746
2108 0.0005408230016469239
2109 0.00029369911184307746
2110 0.0005408230016469239
2111 0.00029369911184307746
2112 0.0005408230016469239
2113 0.00029369911184307746
2114 0.0005408230016469239
2115 0.00029369911184307746
2116 0.0005408230016469239
2117 0.00029369911184307746
2118 0.0005408230016469239
2119 0.00029369911184307746
2120 0.0005408230016469239
2121 0.00029369911184307746
2122 0.0005408230016469239
2123 0.00029369911184307746
2124 0.0005408230016469239
2125 0.00029369911184307746
2126 0.0005408230016469239
2127 0.00029369911184307746
2128 0.0005408230016469239
2129 0.00029369911184307746
2130 0.0005408230016469239
2131 0.00029369911184307746
2132 0.0005408230016469239
2133 0.00029369911184307746
2134 0.0005408230016469239
2135 0.00029369911184307746
2136 0.0005408230016469239
2137 0.00029369911184307746
2138 0.0005408230016469239
2139 0.00029369911184307746
2140 0.0005408230016469239
2141 0.00029369911184307746
2142 0.0005408230016469239
2143 0.00029369911184307746
2144 0.0005408230016469239
2145 0.00029369911184307746
2146 0.0005408230016469239
2147 0.00029369911184307746
2148 0.0005408230016469239
2149 0.00029369911184307746
2150 0.0005408230016469239
2151 0.00029369911184307746
2152 0.0005408230016469239
2153 0.00029369911184307746
2154 0.0005408230016469239
2155 0.00029369911184307746
2156 0.0005408230016469239
2157 0.00029369911184307746
2158 0.0005408230016469239
2159 0.00029369911184307746
2160 0.0005408230016469239
2161 0.00029369911184307746
2162 0.0005408230016469239
2163 0.00029369911184307746
2164 0.0005408230016469239
2165 0.00029369911184307746
2166 0.0005408230016469239
2167 0.00029369911184307746
2168 0.0005408230016469239
2169 0.00029369911184307746
2170 0.0005408230016469239
2171 0.00029369911184307746
2172 0.0005408230016469239
2173 0.00029369911184307746
2174 0.0005408230016469239
2175 0.00029369911184307746
2176 0.0005408230016469239
2177 0.00029369911184307746
2178 0.0005408230016469239
2179 0.00029369911184307746
2180 0.0005408230016469239
2181 0.00029369911184307746
2182 0.0005408230016469239
2183 0.00029369911184307746
2184 0.0005408230016469239
2185 0.00029369911184307746
2186 0.0005408230016469239
2187 0.00029369911184307746
2188 0.0005408230016469239
2189 0.00029369911184307746
2190 0.0005408230016469239
2191 0.00029369911184307746
2192 0.0005408230016469239
2193 0.00029369911184307746
2194 0.0005408230016469239
2195 0.00029369911184307746
2196 0.0005408230016469239
2197 0.00029369911184307746
2198 0.0005408230016469239
2199 0.00029369911184307746
2200 0.0005408230016469239
2201 0.00029369911184307746
2202 0.0005408230016469239
2203 0.00029369911184307746
2204 0.0005408230016469239
2205 0.00029369911184307746
2206 0.0005408230016469239
2207 0.00029369911184307746
2208 0.0005408230016469239
2209 0.00029369911184307746
2210 0.0005408230016469239
2211 0.00029369911184307746
2212 0.0005408230016469239
2213 0.00029369911184307746
2214 0.0005408230016469239
2215 0.00029369911184307746
2216 0.0005408230016469239
2217 0.00029369911184307746
2218 0.0005408230016469239
2219 0.0005408230016469239
2220 0.0013347964473723111
2221 0.0013347964473723111
2222 0.00029369911184307746
2223 0.0005408230016469239
2224 0.0005408230016469239
2225 0.0013347964473723111
2226 0.0013347964473723111
2227 0.00029369911184307746
2228 0.0005408230016469239
2229 0.0005408230016469239
2230 0.0013347964473723111
2231 0.0013347964473723111
2232 0.00029369911184307746
2233 0.0005408230016469239
2234 0.0005408230016469239
2235 0.0013347964473723111
2236 0.0013347964473723111
2237 0.00029369911184307746
2238 0.0005408230016469239
2239 0.0005408230016469239
2240 0.0013347964473723111
2241 0.0013347964473723111
2242 0.00029369911184307746
2243 0.0005408230016469239
2244 0.0005408230016469239
2245 0.0006608230016469244
2246 0.0006608230016469244
2247 0.00029369911184307746
2248 0.0005408230016469239
2249 0.0005408230016469239
2250 0.0006608230016469244
2251 0.0006608230016469244
2252 0.00029369911184307746
2253 0.0005408230016469239
2254 0.0005408230016469239
2255 0.0006608230016469244
2256 0.0006608230016469244
2257 0.00029369911184307746
2258 0.0005408230016469239
2259 0.0005408230016469239
2260 0.0006608230016469244
2261 0.0006608230016469244
2262 0.00029369911184307746
2263 0.0005408230016469239
2264 0.0005408230016469239
2265 0.0006608230016469244
2266 0.0006608230016469244
2267 0.00029369911184307746
2268 0.0005408230016469239
2269 0.0005408230016469239
2270 0.0006608230016469244
2271 0.0006608230016469244
2272 0.00029369911184307746
2273 0.0005408230016469239
2274 0.0005408230016469239
2275 0.0006608230016469244
2276 0.0006608230016469244
2277 0.00029369911184307746
2278 0.0005408230016469239
2279 0.0005408230016469239
2280 0.0006608230016469244
2281 0.0006608230016469244
2282 0.00029369911184307746
2283 0.0005408230016469239
2284 0.0005408230016469239
2285 0.0006608230016469244
2286 0.0006608230016469244
2287 0.00029369911184307746
2288 0.0005408230016469239
2289 0.0005408230016469239
2290 0.0006608230016469244
2291 0.0006608230016469244
2292 0.00029369911184307746
2293 0.0005408230016469239
2294 0.0005408230016469239
2295 0.0006608230016469244
2296 0.0006608230016469244
2297 0.00029369911184307746
2298 0.0033632920065877047
2299 0.0033632920065877047
2300 0.0033632920065877047
2301 0.0033632920065877047
2302 0.0013347964473723111
2303 0.0013347964473723111
2304 0.0005408230016469239
2305 0.0005408230016469239
2306 0.0033632920065877047
2307 0.0033632920065877047
2308 0.0033632920065877047
2309 0.0033632920065877047
2310 0.0013347964473723111
2311 0.0013347964473723111
2312 0.0005408230016469239
2313 0.0005408230016469239
2314 0.0033632920065877047
2315 0.0033632920065877047
2316 0.0033632920065877047
2317 0.0033632920065877047
2318 0.0013347964473723111
2319 0.0013347964473723111
2320 0.0005408230016469239
2321 0.0005408230016469239
2322 0.0033632920065877047
2323 0.0033632920065877047
2324 0.0033632920065877047
2325 0.0033632920065877047
2326 0.0013347964473723111
2327 0.0013347964473723111
2328 0.0005408230016469239
2329 0.0005408230016469239
2330 0.0033632920065877047
2331 0.0033632920065877047
2332 0.0033632920065877047
2333 0.0033632920065877047
2334 0.0013347964473723111
2335 0.0013347964473723111
2336 0.0005408230016469239
2337 0.0005408230016469239
2338 0.0033632920065877047
2339 0.0033632920065877047
2340 0.0033632920065877047
2341 0.0033632920065877047
2342 0.0005408230016469239
2343 0.0005408230016469239
2344 0.0005408230016469239
2345 0.0005408230016469239
2346 0.0013347964473723111
2347 0.0013347964473723111
2348 0.0013347964473723111
2349 0.0013347964473723111
2350 0.0005408230016469239
2351 0.0005408230016469239
2352 0.0005408230016469239
2353 0.0005408230016469239
2354 0.0013347964473723111
2355 0.0013347964473723111
2356 0.0013347964473723111
2357 0.0013347964473723111
2358 0.0005408230016469239
2359 0.0005408230016469239
2360 0.0005408230016469239
2361 0.0005408230016469239
2362 0.0013347964473723111
2363 0.0013347964473723111
2364 0.0013347964473723111
2365 0.0013347964473723111
2366 0.0005408230016469239
2367 0.0005408230016469239
2368 0.0005408230016469239
2369 0.0005408230016469239
2370 0.0013347964473723111
2371 0.0013347964473723111
2372 0.0013347964473723111
2373 0.0013347964473723111
2374 0.0005408230016469239
2375 0.0005408230016469239
2376 0.0005408230016469239
2377 0.0005408230016469239
2378 0.0013347964473723111
2379 0.0013347964473723111
2380 0.0013347964473723111
2381 0.0013347964473723111
2382 0.0005408230016469239
2383 0.0005408230016469239
2384 0.0005408230016469239
2385 0.0005408230016469239
2386 0.0006608230016469244
2387 0.0006608230016469244
2388 0.0006608230016469244
2389 0.0006608230016469244
2390 0.0005408230016469239
2391 0.0005408230016469239
2392 0.0005408230016469239
2393 0.0005408230016469239
2394 0.0006608230016469244
2395 0.0006608230016469244
2396 0.0006608230016469244
2397 0.0006608230016469244
2398 0.0005408230016469239
2399 0.0005408230016469239
2400 0.0005408230016469239
2401 0.0005408230016469239
2402 0.0006608230016469244
2403 0.0006608230016469244
2404 0.0006608230016469244
2405 0.0006608230016469244
2406 0.0005408230016469239
2407 0.0005408230016469239
2408 0.0005408230016469239
2409 0.0005408230016469239
2410 0.0006608230016469244
2411 0.0006608230016469244
2412 0.0006608230016469244
2413 0.0006608230016469244
2414 0.0005408230016469239
2415 0.0005408230016469239
2416 0.0005408230016469239
2417 0.0005408230016469239
2418 0.0033632920065877047
2419 0.0033632920065877047
2420 0.0033632920065877047
2421 0.0033632920065877047
2422 0.004028778418963555
2423 0.0017168803851868209
2424 0.0017168803851868209
2425 0.0005408230016469239
2426 0.0005408230016469239
2427 0.0013347964473723111
2428 0.0013347964473723111
2429 0.00029369911184307746
2430 0.0005408230016469239
2431 0.0005408230016469239
2432 0.0013347964473723111
2433 0.0013347964473723111
2434 0.00029369911184307746
2435 0.0005408230016469239
2436 0.0005408230016469239
2437 0.0013347964473723111
2438 0.0013347964473723111
2439 0.00029369911184307746
2440 0.0005408230016469239
2441 0.0005408230016469239
2442 0.0013347964473723111
2443 0.0013347964473723111
2444 0.00029369911184307746
2445 0.0005408230016469239
2446 0.0005408230016469239
2447 0.0013347964473723111
2448 0.0013347964473723111
2449 0.00029369911184307746
2450 0.0005408230016469239
2451 0.0005408230016469239
2452 0.0006608230016469244
2453 0.0006608230016469244
2454 0.00029369911184307746
2455 0.0005408230016469239
2456 0.0005408230016469239
2457 0.0006608230016469244
2458 0.0006608230016469244
2459 0.00029369911184307746
2460 0.0005408230016469239
2461 0.0005408230016469239
2462 0.0006608230016469244
2463 0.0006608230016469244
2464 0.00029369911184307746
2465 0.0005408230016469239
2466 0.0005408230016469239
2467 0.0006608230016469244
2468 0.0006608230016469244
2469 0.00029369911184307746
2470 0.0005408230016469239
2471 0.0005408230016469239
2472 0.0006608230016469244
2473 0.0006608230016469244
2474 0.00029369911184307746
2475 0.0005408230016469239
2476 0.0005408230016469239
2477 0.0006608230016469244
2478 0.0006608230016469244
2479 0.00029369911184307746
2480 0.0005408230016469239
2481 0.0005408230016469239
2482 0.0006608230016469244
2483 0.0006608230016469244
2484 0.00029369911184307746
2485 0.0005408230016469239
2486 0.0005408230016469239
2487 0.0006608230016469244
2488 0.0006608230016469244
2489 0.00029369911184307746
2490 0.0005408230016469239
2491 0.0005408230016469239
2492 0.0006608230016469244
2493 0.0006608230016469244
2494 0.00029369911184307746
2495 0.0005408230016469239
2496 0.0005408230016469239
2497 0.0006608230016469244
2498 0.0006608230016469244
2499 0.00029369911184307746
2500 0.0005408230016469239
2501 0.0005408230016469239
2502 0.0006608230016469244
2503 0.0006608230016469244
2504 0.00029369911184307746
2505 0.0033632920065877047
2506 0.0033632920065877047
2507 0.0033632920065877047
2508 0.0033632920065877047
2509 0.0013347964473723111
2510 0.0013347964473723111
2511 0.0005408230016469239
2512 0.0005408230016469239
2513 0.0033632920065877047
2514 0.0033632920065877047
2515 0.0033632920065877047
2516 0.0033632920065877047
2517 0.0013347964473723111
2518 0.0013347964473723111
2519 0.0005408230016469239
2520 0.0005408230016469239
2521 0.0033632920065877047
2522 0.0033632920065877047
2523 0.0033632920065877047
2524 0.0033632920065877047
2525 0.0013347964473723111
2526 0.0013347964473723111
2527 0.0005408230016469239
2528 0.0005408230016469239
2529 0.0033632920065877047
2530 0.0033632920065877047
2531 0.0033632920065877047
2532 0.0033632920065877047
2533 0.0013347964473723111
2534 0.0013347964473723111
2535 0.0005408230016469239
2536 0.0005408230016469239
2537 0.0033632920065877047
2538 0.0033632920065877047
2539 0.0033632920065877047
2540 0.0033632920065877047
2541 0.0013347964473723111
2542 0.0013347964473723111
2543 0.0005408230016469239
2544 0.0005408230016469239
2545 0.0033632920065877047
2546 0.0033632920065877047
2547 0.0033632920065877047
2548 0.0033632920065877047
2549 0.0005408230016469239
2550 0.0005408230016469239
2551 0.0005408230016469239
2552 0.0005408230016469239
2553 0.0013347964473723111
2554 0.0013347964473723111
2555 0.0013347964473723111
2556 0.0013347964473723111
2557 0.0005408230016469239
2558 0.0005408230016469239
2559 0.0005408230016469239
2560 0.0005408230016469239
2561 0.0013347964473723111
2562 0.0013347964473723111
2563 0.0013347964473723111
2564 0.0013347964473723111
2565 0.0005408230016469239
2566 0.0005408230016469239
2567 0.0005408230016469239
2568 0.0005408230016469239
2569 0.0013347964473723111
2570 0.0013347964473723111
2571 0.0013347964473723111
2572 0.0013347964473723111
2573 0.0005408230016469239
2574 0.0005408230016469239
2575 0.0005408230016469239
2576 0.0005408230016469239
2577 0.0013347964473723111
2578 0.0013347964473723111
2579 0.0013347964473723111
2580 0.0013347964473723111
2581 0.0005408230016469239
2582 0.0005408230016469239
2583 0.0005408230016469239
2584 0.0005408230016469239
2585 0.0013347964473723111
2586 0.0013347964473723111
2587 0.0013347964473723111
2588 0.0013347964473723111
2589 0.0005408230016469239
2590 0.0005408230016469239
2591 0.0005408230016469239
2592 0.0005408230016469239
2593 0.0006608230016469244
2594 0.0006608230016469244
2595 0.0006608230016469244
2596 0.0006608230016469244
2597 0.0005408230016469239
2598 0.0005408230016469239
2599 0.0005408230016469239
2600 0.0005408230016469239
2601 0.0006608230016469244
2602 0.0006608230016469244
2603 0.0006608230016469244
2604 0.0006608230016469244
2605 0.0005408230016469239
2606 0.0005408230016469239
2607 0.0005408230016469239
2608 0.0005408230016469239
2609 0.0006608230016469244
2610 0.0006608230016469244
2611 0.0006608230016469244
2612 0.0006608230016469244
2613 0.0005408230016469239
2614 0.0005408230016469239
2615 0.0005408230016469239
2616 0.0005408230016469239
2617 0.0006608230016469244
2618 0.0006608230016469244
2619 0.0006608230016469244
2620 0.0006608230016469244
2621 0.0005408230016469239
2622 0.0005408230016469239
2623 0.0005408230016469239
2624 0.0005408230016469239
2625 0.0033632920065877047
2626 0.0033632920065877047
2627 0.0033632920065877047
2628 0.0033632920065877047
2629 0.004028778418963555
2630 0.0017168803851868209
2631 0.0017168803851868209
2632 0.0033632920065877047
2633 0.0033632920065877047
2634 0.0033632920065877047
2635 0.0033632920065877047
2636 0.0005408230016469239
2637 0.0005408230016469239
2638 0.0006608230016469244
2639 0.0006608230016469244
2640 0.00029369911184307746
2641 0.0005408230016469239
2642 0.0005408230016469239
2643 0.0006608230016469244
2644 0.0006608230016469244
2645 0.00029369911184307746
2646 0.0005408230016469239
2647 0.0005408230016469239
2648 0.0006608230016469244
2649 0.0006608230016469244
2650 0.00029369911184307746
2651 0.0005408230016469239
2652 0.0005408230016469239
2653 0.0006608230016469244
2654 0.0006608230016469244
2655 0.00029369911184307746
2656 0.0005408230016469239
2657 0.0005408230016469239
2658 0.0006608230016469244
2659 0.0006608230016469244
2660 0.00029369911184307746
2661 0.0005408230016469239
2662 0.0005408230016469239
2663 0.0006608230016469244
2664 0.0006608230016469244
2665 0.00029369911184307746
2666 0.0005408230016469239
2667 0.0005408230016469239
2668 0.0006608230016469244
2669 0.0006608230016469244
2670 0.00029369911184307746
2671 0.0006608230016469244
2672 0.0006608230016469244
2673 0.0006608230016469244
2674 0.0006608230016469244
2675 0.0005408230016469239
2676 0.0005408230016469239
2677 0.0005408230016469239
2678 0.0005408230016469239
2679 0.0006608230016469244
2680 0.0006608230016469244
2681 0.0006608230016469244
2682 0.0006608230016469244
2683 0.0005408230016469239
2684 0.0005408230016469239
2685 0.0005408230016469239
2686 0.0005408230016469239
2687 0.0006608230016469244
2688 0.0006608230016469244
2689 0.0006608230016469244
2690 0.0006608230016469244
2691 0.0005408230016469239
2692 0.0005408230016469239
2693 0.0005408230016469239
2694 0.0005408230016469239
2695 0.0006608230016469244
2696 0.0006608230016469244
2697 0.0006608230016469244
2698 0.0006608230016469244
2699 0.0005408230016469239
2700 0.0005408230016469239
2701 0.0005408230016469239
2702 0.0005408230016469239
2703 0.0006608230016469244
2704 0.0006608230016469244
2705 0.0006608230016469244
2706 0.0006608230016469244
2707 0.0005408230016469239
2708 0.0005408230016469239
2709 0.0005408230016469239
2710 0.0005408230016469239
2711 0.0006608230016469244
2712 0.0006608230016469244
2713 0.0006608230016469244
2714 0.0006608230016469244
2715 0.0005408230016469239
2716 0.0005408230016469239
2717 0.0005408230016469239
2718 0.0005408230016469239
2719 0.0033632920065877047
2720 0.0033632920065877047
2721 0.0033632920065877047
2722 0.0033632920065877047
2723 0.0005408230016469239
2724 0.0005408230016469239
2725 0.0006608230016469244
2726 0.0006608230016469244
2727 0.00029369911184307746
2728 0.0005408230016469239
2729 0.0005408230016469239
2730 0.0006608230016469244
2731 0.0006608230016469244
2732 0.00029369911184307746
2733 0.0005408230016469239
2734 0.0005408230016469239
2735 0.0006608230016469244
2736 0.0006608230016469244
2737 0.00029369911184307746
2738 0.0005408230016469239
2739 0.0005408230016469239
2740 0.0006608230016469244
2741 0.0006608230016469244
2742 0.00029369911184307746
2743 0.0005408230016469239
2744 0.0005408230016469239
2745 0.0006608230016469244
2746 0.0006608230016469244
2747 0.00029369911184307746
2748 0.0005408230016469239
2749 0.0005408230016469239
2750 0.0006608230016469244
2751 0.0006608230016469244
2752 0.00029369911184307746
2753 0.0005408230016469239
2754 0.0005408230016469239
2755 0.0006608230016469244
2756 0.0006608230016469244
2757 0.00029369911184307746
2758 0.0006608230016469244
2759 0.0006608230016469244
2760 0.0006608230016469244
2761 0.0006608230016469244
2762 0.0005408230016469239
2763 0.0005408230016469239
2764 0.0005408230016469239
2765 0.0005408230016469239
2766 0.0006608230016469244
2767 0.0006608230016469244
2768 0.0006608230016469244
2769 0.0006608230016469244
2770 0.0005408230016469239
2771 0.0005408230016469239
2772 0.0005408230016469239
2773 0.0005408230016469239
2774 0.0006608230016469244
2775 0.0006608230016469244
2776 0.0006608230016469244
2777 0.0006608230016469244
2778 0.0005408230016469239
2779 0.0005408230016469239
2780 0.0005408230016469239
2781 0.0005408230016469239
2782 0.0006608230016469244
2783 0.0006608230016469244
2784 0.0006608230016469244
2785 0.0006608230016469244
2786 0.0005408230016469239
2787 0.0005408230016469239
2788 0.0005408230016469239
2789 0.0005408230016469239
2790 0.0006608230016469244
2791 0.0006608230016469244
2792 0.0006608230016469244
2793 0.0006608230016469244
2794 0.0005408230016469239
2795 0.0005408230016469239
2796 0.0005408230016469239
2797 0.0005408230016469239
2798 0.0006608230016469244
2799 0.0006608230016469244
2800 0.0006608230016469244
2801 0.0006608230016469244
2802 0.0005408230016469239
2803 0.0005408230016469239
2804 0.0005408230016469239
2805 0.0005408230016469239
2806 0.0033632920065877047
2807 0.0033632920065877047
2808 0.0033632920065877047
2809 0.0033632920065877047
2810 0.0005408230016469239
2811 0.0005408230016469239
2812 0.0006608230016469244
2813 0.0006608230016469244
2814 0.00029369911184307746
2815 0.0005408230016469239
2816 0.0005408230016469239
2817 0.0006608230016469244
2818 0.0006608230016469244
2819 0.00029369911184307746
2820 0.0005408230016469239
2821 0.0005408230016469239
2822 0.0006608230016469244
2823 0.0006608230016469244
2824 0.00029369911184307746
2825 0.0005408230016469239
2826 0.0005408230016469239
2827 0.0006608230016469244
2828 0.0006608230016469244
2829 0.00029369911184307746
2830 0.0005408230016469239
2831 0.0005408230016469239
2832 0.0006608230016469244
2833 0.0006608230016469244
2834 0.00029369911184307746
2835 0.0005408230016469239
2836 0.0005408230016469239
2837 0.0006608230016469244
2838 0.0006608230016469244
2839 0.00029369911184307746
2840 0.0005408230016469239
2841 0.0005408230016469239
2842 0.0006608230016469244
2843 0.0006608230016469244
2844 0.00029369911184307746
2845 0.0005408230016469239
2846 0.0005408230016469239
2847 0.0006608230016469244
2848 0.0006608230016469244
2849 0.00029369911184307746
2850 0.0006608230016469244
2851 0.0006608230016469244
2852 0.0006608230016469244
2853 0.0006608230016469244
2854 0.0005408230016469239
2855 0.0005408230016469239
2856 0.0005408230016469239
2857 0.0005408230016469239
2858 0.0006608230016469244
2859 0.0006608230016469244
2860 0.0006608230016469244
2861 0.0006608230016469244
2862 0.0005408230016469239
2863 0.0005408230016469239
2864 0.0005408230016469239
2865 0.0005408230016469239
2866 0.0006608230016469244
2867 0.0006608230016469244
2868 0.0006608230016469244
2869 0.0006608230016469244
2870 0.0005408230016469239
2871 0.0005408230016469239
2872 0.0005408230016469239
2873 0.0005408230016469239
2874 0.0006608230016469244
2875 0.0006608230016469244
2876 0.0006608230016469244
2877 0.0006608230016469244
2878 0.0005408230016469239
2879 0.0005408230016469239
2880 0.0005408230016469239
2881 0.0005408230016469239
2882 0.0006608230016469244
2883 0.0006608230016469244
2884 0.0006608230016469244
2885 0.0006608230016469244
2886 0.0005408230016469239
2887 0.0005408230016469239
2888 0.0005408230016469239
2889 0.0005408230016469239
2890 0.0006608230016469244
2891 0.0006608230016469244
2892 0.0006608230016469244
2893 0.0006608230016469244
2894 0.0005408230016469239
2895 0.0005408230016469239
2896 0.0005408230016469239
2897 0.0005408230016469239
2898 0.0006608230016469244
2899 0.0006608230016469244
2900 0.0006608230016469244
2901 0.0006608230016469244
2902 0.0005408230016469239
2903 0.0005408230016469239
2904 0.0005408230016469239
2905 0.0005408230016469239
2906 0.0033632920065877047
2907 0.0033632920065877047
2908 0.0033632920065877047
2909 0.0033632920065877047
2910 0.0017168803851868209
$EndElementData
$ElementData
1
"Attribute:ElementFormulation"
1
0
3
0
1
2910
1 1
2 1
3 1
4 1
5 1
6 1
7 1
8 1
9 1
10 1
11 1
12 1
13 1
14 1
15 1
16 1
17 1
18 1
19 1
20 1
21 1
22 1
23 1
24 1
25 1
26 1
27 1
28 1
29 1
30 1
31 1
32 1
33 1
34 1
35 1
36 1
37 1
38 1
39 1
40 1
41 1
42 1
43 1
44 1
45 1
46 1
47 1
48 1
49 1
50 1
51 1
52 1
53 1
54 1
55 1
56 1
57 1
58 1
59 1
60 1
61 1
62 1
63 1
64 1
65 1
66 1
67 1
68 1
69 1
70 1
71 1
72 1
73 1
74 1
75 1
76 1
77 1
78 1
79 1
80 1
81 1
82 1
83 1
84 1
85 1
86 1
87 1
88 1
89 1
90 1
91 1
92 1
93 1
94 1
95 1
96 1
97 1
98 1
99 1
100 1
101 1
102 1
103 1
104 1
105 1
106 1
107 1
108 1
109 1
110 1
111 1
112 1
113 1
114 1
115 1
116 1
117 1
118 1
119 1
120 1
121 1
122 1
123 1
124 1
125 1
126 1
127 1
128 1
129 1
130 1
131 1
132 1
133 1
134 1
135 1
136 1
137 1
138 1
139 1
140 1
141 1
142 1
143 1
144 1
145 1
146 1
147 1
148 1
149 1
150 1
151 1
152 1
153 1
154 1
155 1
156 1
157 1
158 1
159 1
160 1
161 1
162 1
163 1
164 1
165 1
166 1
167 1
168 1
169 1
170 1
171 1
172 1
173 1
174 1
175 1
176 1
177 1
178 1
179 1
180 1
181 1
182 1
183 1
184 1
185 1
186 1
187 1
188 1
189 1
190 1
191 1
192 1
193 1
194 1
195 1
196 1
197 1
198 1
199 1
200 1
201 1
202 1
203 1
204 1
205 1
206 1
207 1
208 1
209 1
210 1
211 1
212 1
213 1
214 1
215 1
216 1
217 1
218 1
219 1
220 1
221 1
222 1
223 1
224 1
225 1
226 1
227 1
228 1
229 1
230 1
231 1
232 1
233 1
234 1
235 1
236 1
237 1
238 1
239 1
240 1
241 1
242 1
243 1
244 1
245 1
246 1
247 1
248 1
249 1
250 1
251 1
252 1
253 1
254 1
255 1
256 1
257 1
258 1
259 1
260 1
261 1
262 1
263 1
264 1
265 1
266 1
267 1
268 1
269 1
270 1
271 1
272 1
273 1
274 1
275 1
276 1
277 1
278 1
279 1
280 1
281 1
282 1
283 1
284 1
285 1
286 1
287 1
288 1
289 1
290 1
291 1
292 1
293 1
294 1
295 1
296 1
297 1
298 1
299 1
300 1
301 1
302 1
303 1
304 1
305 1
306 1
307 1
308 1
309 1
310 1
311 1
312 1
313 1
314 1
315 1
316 1
317 1
318 1
319 1
320 1
321 1
322 1
323 1
324 1
325 1
326 1
327 1
328 1
329 1
330 1
331 1
332 1
333 1
334 1
335 1
336 1
337 1
338 1
339 1
340 1
341 1
342 1
343 1
344 1
345 1
346 1
347 1
348 1
349 1
350 1
351 1
352 1
353 1
354 1
355 1
356 1
357 1
358 1
359 1
360 1
361 1
362 1
363 1
364 1
365 1
366 1
367 1
368 1
369 1
370 1
371 1
372 1
373 1
374 1
375 1
376 1
377 1
378 1
379 1
380 1
381 1
382 1
383 1
384 1
385 1
386 1
387 1
388 1
389 1
390 1
391 1
392 1
393 1
394 1
395 1
396 1
397 1
398 1
399 1
400 1
401 1
402 1
403 1
404 1
405 1
406 1
407 1
408 1
409 1
410 1
411 1
412 1
413 1
414 1
415 1
416 1
417 1
418 1
419 1
420 1
421 1
422 1
423 1
424 1
425 1
426 1
427 1
428 1
429 1
430 1
431 1
432 1
433 1
434 1
435 1
436 1
437 1
438 1
439 1
440 1
441 1
442 1
443 1
444 1
445 1
446 1
447 1
448 1
449 1
450 1
451 1
452 1
453 1
454 1
455 1
456 1
457 1
458 1
459 1
460 1
461 1
462 1
463 1
464 1
465 1
466 1
467 1
468 1
469 1
470 1
471 1
472 1
473 1
474 1
475 1
476 1
477 1
478 1
479 1
480 1
481 1
482 1
483 1
484 1
485 1
486 1
487 1
488 1
489 1
490 1
491 1
492 1
493 1
494 1
495 1
496 1
497 1
498 1
499 1
500 1
501 1
502 1
503 1
504 1
505 1
506 1
507 1
508 1
509 1
510 1
511 1
512 1
513 1
514 1
515 1
516 1
517 1
518 1
519 1
520 1
521 1
522 1
523 1
524 1
525 1
526 1
527 1
528 1
529 1
530 1
531 1
532 1
533 1
534 1
535 1
536 1
537 1
538 1
539 1
540 1
541 1
542 1
543 1
544 1
545 1
546 1
547 1
548 1
549 1
550 1
551 1
552 1
553 1
554 1
555 1
556 1
557 1
558 1
559 1
560 1
561 1
562 1
563 1
564 1
565 1
566 1
567 1
568 1
569 1
570 1
571 1
572 1
573 1
574 1
575 1
576 1
577 1
578 1
579 1
580 1
581 1
582 1
583 1
584 1
585 1
586 1
587 1
588 1
589 1
590 1
591 1
592 1
593 1
594 1
595 1
596 1
597 1
598 1
599 1
600 1
601 1
602 1
603 1
604 1
605 1
606 1
607 1
608 1
609 1
610 1
611 1
612 1
613 1
614 1
615 1
616 1
617 1
618 1
619 1
620 1
621 1
622 1
623 1
624 1
625 1
626 1
627 1
628 1
629 1
630 1
631 1
632 1
633 1
634 1
635 1
636 1
637 1
638 1
639 1
640 1
641 1
642 1
643 1
644 1
645 1
646 1
647 1
648 1
649 1
650 1
651 1
652 1
653 1
654 1
655 1
656 1
657 1
658 1
659 1
660 1
661 1
662 1
663 1
664 1
665 1
666 1
667 1
668 1
669 1
670 1
671 1
672 1
673 1
674 1
675 1
676 1
677 1
678 1
679 1
680 1
681 1
682 1
683 1
684 1
685 1
686 1
687 1
688 1
689 1
690 1
691 1
692 1
693 1
694 1
695 1
696 1
697 1
698 1
699 1
700 1
701 1
702 1
703 1
704 1
705 1
706 1
707 1
708 1
709 1
710 1
711 1
712 1
713 1
714 1
715 1
716 1
717 1
718 1
719 1
720 1
721 1
722 1
723 1
724 1
725 1
726 1
727 1
728 1
729 1
730 1
731 1
732 1
733 1
734 1
735 1
736 1
737 1
738 1
739 1
740 1
741 1
742 1
743 1
744 1
745 1
746 1
747 1
748 1
749 1
750 1
751 1
752 1
753 1
754 1
755 1
756 1
757 1
758 1
759 1
760 1
761 1
762 1
763 1
764 1
765 1
766 1
767 1
768 1
769 1
770 1
771 1
772 1
773 1
774 1
775 1
776 1
777 1
778 1
779 1
780 1
781 1
782 1
783 1
784 1
785 1
786 1
787 1
788 1
789 1
790 1
791 1
792 1
793 1
794 1
795 1
796 1
797 1
798 1
799 1
800 1
801 1
802 1
803 1
804 1
805 1
806 1
807 1
808 1
809 1
810 1
811 1
812 1
813 1
814 1
815 1
816 1
817 1
818 1
819 1
820 1
821 1
822 1
823 1
824 1
825 1
826 1
827 1
828 1
829 1
830 1
831 1
832 1
833 1
834 1
835 1
836 1
837 1
838 1
839 1
840 1
841 1
842 1
843 1
844 1
845 1
846 1
847 1
848 1
849 1
850 1
851 1
852 1
853 1
854 1
855 1
856 1
857 1
858 1
859 1
860 1
861 1
862 1
863 1
864 1
865 1
866 1
867 1
868 1
869 1
870 1
871 1
872 1
873 1
874 1
875 1
876 1
877 1
878 1
879 1
880 1
881 1
882 1
883 1
884 1
885 1
886 1
887 1
888 1
889 1
890 1
891 1
892 1
893 1
894 1
895 1
896 1
897 1
898 1
899 1
900 1
901 1
902 1
903 1
904 1
905 1
906 1
907 1
908 1
909 1
910 1
911 1
912 1
913 1
914 1
915 1
916 1
917 1
918 1
919 1
920 1
921 1
922 1
923 1
924 1
925 1
926 1
927 1
928 1
929 1
930 1
931 1
932 1
933 1
934 1
935 1
936 1
937 1
938 1
939 1
940 1
941 1
942 1
943 1
944 1
945 1
946 1
947 1
948 1
949 1
950 1
951 1
952 1
953 1
954 1
955 1
956 1
957 1
958 1
959 1
960 1
961 1
962 1
963 1
964 1
965 1
966 1
967 1
968 1
969 1
970 1
971 1
972 1
973 1
974 1
975 1
976 1
977 1
978 1
979 1
980 1
981 1
982 1
983 1
984 1
985 1
986 1
987 1
988 1
989 1
990 1
991 1
992 1
993 1
994 1
995 1
996 1
997 1
998 1
999 1
1000 1
1001 1
1002 1
1003 1
1004 1
1005 1
1006 1
1007 1
1008 1
1009 1
1010 1
1011 1
1012 1
1013 1
1014 1
1015 1
1016 1
1017 1
1018 1
1019 1
1020 1
1021 1
1022 1
1023 1
1024 1
1025 1
1026 1
1027 1
1028 1
1029 1
1030 1
1031 1
1032 1
1033 1
1034 1
1035 1
1036 1
1037 1
1038 1
1039 1
1040 1
1041 1
1042 1
1043 1
1044 1
1045 1
1046 1
1047 1
1048 1
1049 1
1050 1
1051 1
1052 1
1053 1
1054 1
1055 1
1056 1
1057 1
1058 1
1059 1
1060 1
1061 1
1062 1
1063 1
1064 1
1065 1
1066 1
1067 1
1068 1
1069 1
1070 1
1071 1
1072 1
1073 1
1074 1
1075 1
1076 1
1077 1
1078 1
1079 1
1080 1
1081 1
1082 1
1083 1
1084 1
1085 1
1086 1
1087 1
1088 1
1089 1
1090 1
1091 1
1092 1
1093 1
1094 1
1095 1
1096 1
1097 1
1098 1
1099 1
1100 1
1101 1
1102 1
1103 1
1104 1
1105 1
1106 1
1107 1
1108 1
1109 1
1110 1
1111 1
1112 1
1113 1
1114 1
1115 1
1116 1
1117 1
1118 1
1119 1
1120 1
1121 1
1122 1
1123 1
1124 1
1125 1
1126 1
1127 1
1128 1
1129 1
1130 1
1131 1
1132 1
1133 1
1134 1
1135 1
1136 1
1137 1
1138 1
1139 1
1140 1
1141 1
1142 1
1143 1
1144 1
1145 1
1146 1
1147 1
1148 1
1149 1
1150 1
1151 1
1152 1
1153 1
1154 1
1155 1
1156 1
1157 1
1158 1
1159 1
1160 1
1161 1
1162 1
1163 1
1164 1
1165 1
1166 1
1167 1
1168 1
1169 1
1170 1
1171 1
1172 1
1173 1
1174 1
1175 1
1176 1
1177 1
1178 1
1179 1
1180 1
1181 1
1182 1
1183 1
1184 1
1185 1
1186 1
1187 1
1188 1
1189 1
1190 1
1191 1
1192 1
1193 1
1194 1
1195 1
1196 1
1197 1
1198 1
1199 1
1200 1
1201 1
1202 1
1203 1
1204 1
1205 1
1206 1
1207 1
1208 1
1209 1
1210 1
1211 1
1212 1
1213 1
1214 1
1215 1
1216 1
1217 1
1218 1
1219 1
1220 1
1221 1
1222 1
1223 1
1224 1
1225 1
1226 1
1227 1
1228 1
1229 1
1230 1
1231 1
1232 1
1233 1
1234 1
1235 1
1236 1
1237 1
1238 1
1239 1
1240 1
1241 1
1242 1
1243 1
1244 1
1245 1
1246 1
1247 1
1248 1
1249 1
1250 1
1251 1
1252 1
1253 1
1254 1
1255 1
1256 1
1257 1
1258 1
1259 1
1260 1
1261 1
1262 1
1263 1
1264 1
1265 1
1266 1
1267 1
1268 1
1269 1
1270 1
1271 1
1272 1
1273 1
1274 1
1275 1
1276 1
1277 1
1278 1
1279 1
1280 1
1281 1
1282 1
1283 1
1284 1
1285 1
1286 1
1287 1
1288 1
1289 1
1290 1
1291 1
1292 1
1293 1
1294 1
1295 1
1296 1
1297 1
1298 1
1299 1
1300 1
1301 1
1302 1
1303 1
1304 1
1305 1
1306 1
1307 1
1308 1
1309 1
1310 1
1311 1
1312 1
1313 1
1314 1
1315 1
1316 1
1317 1
1318 1
1319 1
1320 1
1321 1
1322 1
1323 1
1324 1
1325 1
1326 1
1327 1
1328 1
1329 1
1330 1
1331 1
1332 1
1333 1
1334 1
1335 1
1336 1
1337 1
1338 1
1339 1
1340 1
1341 1
1342 1
1343 1
1344 1
1345 1
1346 1
1347 1
1348 1
1349 1
1350 1
1351 1
1352 1
1353 1
1354 1
1355 1
1356 1
1357 1
1358 1
1359 1
1360 1
1361 1
1362 1
1363 1
1364 1
1365 1
1366 1
1367 1
1368 1
1369 1
1370 1
1371 1
1372 1
1373 1
1374 1
1375 1
1376 1
1377 1
1378 1
1379 1
1380 1
1381 1
1382 1
1383 1
1384 1
1385 1
1386 1
1387 1
1388 1
1389 1
1390 1
1391 1
1392 1
1393 1
1394 1
1395 1
1396 1
1397 1
1398 1
1399 1
1400 1
1401 1
1402 1
1403 1
1404 1
1405 1
1406 1
1407 1
1408 1
1409 1
1410 1
1411 1
1412 1
1413 1
1414 1
1415 1
1416 1
1417 1
1418 1
1419 1
1420 1
1421 1
1422 1
1423 1
1424 1
1425 1
1426 1
1427 1
1428 1
1429 1
1430 1
1431 1
1432 1
1433 1
1434 1
1435 1
1436 1
1437 1
1438 1
1439 1
1440 1
1441 1
1442 1
1443 1
1444 1
1445 1
1446 1
1447 1
1448 1
1449 1
1450 1
1451 1
1452 1
1453 1
1454 1
1455 1
1456 1
1457 1
1458 1
1459 1
1460 1
1461 1
1462 1
1463 1
1464 1
1465 1
1466 1
1467 1
1468 1
1469 1
1470 1
1471 1
1472 1
1473 1
1474 1
1475 1
1476 1
1477 1
1478 1
1479 1
1480 1
1481 1
1482 1
1483 1
1484 1
1485 1
1486 1
1487 1
1488 1
1489 1
1490 1
1491 1
1492 1
1493 1
1494 1
1495 1
1496 1
1497 1
1498 1
1499 1
1500 1
1501 1
1502 1
1503 1
1504 1
1505 1
1506 1
1507 1
1508 1
1509 1
1510 1
1511 1
1512 1
1513 1
1514 1
1515 1
1516 1
1517 1
1518 1
1519 1
1520 1
1521 1
1522 1
1523 1
1524 1
1525 1
1526 1
1527 1
1528 1
1529 1
1530 1
1531 1
1532 1
1533 1
1534 1
1535 1
1536 1
1537 1
1538 1
1539 1
1540 1
1541 1
1542 1
1543 1
1544 1
1545 1
1546 1
1547 1
1548 1
1549 1
1550 1
1551 1
1552 1
1553 1
1554 1
1555 1
1556 1
1557 1
1558 1
1559 1
1560 1
1561 1
1562 1
1563 1
1564 1
1565 1
1566 1
1567 1
1568 1
1569 1
1570 1
1571 1
1572 1
1573 1
1574 1
1575 1
1576 1
1577 1
1578 1
1579 1
1580 1
1581 1
1582 1
1583 1
1584 1
1585 1
1586 1
1587 1
1588 1
1589 1
1590 1
1591 1
1592 1
1593 1
1594 1
1595 1
1596 1
1597 1
1598 1
1599 1
1600 1
1601 1
1602 1
1603 1
1604 1
1605 1
1606 1
1607 1
1608 1
1609 1
1610 1
1611 1
1612 1
1613 1
1614 1
1615 1
1616 1
1617 1
1618 1
1619 1
1620 1
1621 1
1622 1
1623 1
1624 1
1625 1
1626 1
1627 1
1628 1
1629 1
1630 1
1631 1
1632 1
1633 1
1634 1
1635 1
1636 1
1637 1
1638 1
1639 1
1640 1
1641 1
1642 1
1643 1
1644 1
1645 1
1646 1
1647 1
1648 1
1649 1
1650 1
1651 1
1652 1
1653 1
1654 1
1655 1
1656 1
1657 1
1658 1
1659 1
1660 1
1661 1
1662 1
1663 1
1664 1
1665 1
1666 1
1667 1
1668 1
1669 1
1670 1
1671 1
1672 1
1673 1
1674 1
1675 1
1676 1
1677 1
1678 1
1679 1
1680 1
1681 1
1682 1
1683 1
1684 1
1685 1
1686 1
1687 1
1688 1
1689 1
1690 1
1691 1
1692 1
1693 1
1694 1
1695 1
1696 1
1697 1
1698 1
1699 1
1700 1
1701 1
1702 1
1703 1
1704 1
1705 1
1706 1
1707 1
1708 1
1709 1
1710 1
1711 1
1712 1
1713 1
1714 1
1715 1
1716 1
1717 1
1718 1
1719 1
1720 1
1721 1
1722 1
1723 1
1724 1
1725 1
1726 1
1727 1
1728 1
1729 1
1730 1
1731 1
1732 1
1733 1
1734 1
1735 1
1736 1
1737 1
1738 1
1739 1
1740 1
1741 1
1742 1
1743 1
1744 1
1745 1
1746 1
1747 1
1748 1
1749 1
1750 1
1751 1
1752 1
1753 1
1754 1
1755 1
1756 1
1757 1
1758 1
1759 1
1760 1
1761 1
1762 1
1763 1
1764 1
1765 1
1766 1
1767 1
1768 1
1769 1
1770 1
1771 1
1772 1
1773 1
1774 1
1775 1
1776 1
1777 1
1778 1
1779 1
1780 1
1781 1
1782 1
1783 1
1784 1
1785 1
1786 1
1787 1
1788 1
1789 1
1790 1
1791 1
1792 1
1793 1
1794 1
1795 1
1796 1
1797 1
1798 1
1799 1
1800 1
1801 1
1802 1
1803 1
1804 1
1805 1
1806 1
1807 1
1808 1
1809 1
1810 1
1811 1
1812 1
1813 1
1814 1
1815 1
1816 1
1817 1
1818 1
1819 1
1820 1
1821 1
1822 1
1823 1
1824 1
1825 1
1826 1
1827 1
1828 1
1829 1
1830 1
1831 1
1832 1
1833 1
1834 1
1835 1
1836 1
1837 1
1838 1
1839 1
1840 1
1841 1
1842 1
1843 1
1844 1
1845 1
1846 1
1847 1
1848 1
1849 1
1850 1
1851 1
1852 1
1853 1
1854 1
1855 1
1856 1
1857 1
1858 1
1859 1
1860 1
1861 1
1862 1
1863 1
1864 1
1865 1
1866 1
1867 1
1868 1
1869 1
1870 1
1871 1
1872 1
1873 1
1874 1
1875 1
1876 1
1877 1
1878 1
1879 1
1880 1
1881 1
1882 1
1883 1
1884 1
1885 1
1886 1
1887 1
1888 1
1889 1
1890 1
1891 1
1892 1
1893 1
1894 1
1895 1
1896 1
1897 1
1898 1
1899 1
1900 1
1901 1
1902 1
1903 1
1904 1
1905 1
1906 1
1907 1
1908 1
1909 1
1910 1
1911 1
1912 1
1913 1
1914 1
1915 1
1916 1
1917 1
1918 1
1919 1
1920 1
1921 1
1922 1
1923 1
1924 1
1925 1
1926 1
1927 1
1928 1
1929 1
1930 1
1931 1
1932 1
1933 1
1934 1
1935 1
1936 1
1937 1
1938 1
1939 1
1940 1
1941 1
1942 1
1943 1
1944 1
1945 1
1946 1
1947 1
1948 1
1949 1
1950 1
1951 1
1952 1
1953 1
1954 1
1955 1
1956 1
1957 1
1958 1
1959 1
1960 1
1961 1
1962 1
1963 1
1964 1
1965 1
1966 1
1967 1
1968 1
1969 1
1970 1
1971 1
1972 1
1973 1
1974 1
1975 1
1976 1
1977 1
1978 1
1979 1
1980 1
1981 1
1982 1
1983 1
1984 1
1985 1
1986 1
1987 1
1988 1
1989 1
1990 1
1991 1
1992 1
1993 1
1994 1
1995 1
1996 1
1997 1
1998 1
1999 1
2000 1
2001 1
2002 1
2003 1
2004 1
2005 1
2006 1
2007 1
2008 1
2009 1
2010 1
2011 1
2012 1
2013 1
2014 1
2015 1
2016 1
2017 1
2018 1
2019 1
2020 1
2021 1
2022 1
2023 1
2024 1
2025 1
2026 1
2027 1
2028 1
2029 1
2030 1
2031 1
2032 1
2033 1
2034 1
2035 1
2036 1
2037 1
2038 1
2039 1
2040 1
2041 1
2042 1
2043 1
2044 1
2045 1
2046 1
2047 1
2048 1
2049 1
2050 1
2051 1
2052 1
2053 1
2054 1
2055 1
2056 1
2057 1
2058 1
2059 1
2060 1
2061 1
2062 1
2063 1
2064 1
2065 1
2066 1
2067 1
2068 1
2069 1
2070 1
2071 1
2072 1
2073 1
2074 1
2075 1
2076 1
2077 1
2078 1
2079 1
2080 1
2081 1
2082 1
2083 1
2084 1
2085 1
2086 1
2087 1
2088 1
2089 1
2090 1
2091 1
2092 1
2093 1
2094 1
2095 1
2096 1
2097 1
2098 1
2099 1
2100 1
2101 1
2102 1
2103 1
2104 1
2105 1
2106 1
2107 1
2108 1
2109 1
2110 1
2111 1
2112 1
2113 1
2114 1
2115 1
2116 1
2117 1
2118 1
2119 1
2120 1
2121 1
2122 1
2123 1
2124 1
2125 1
2126 1
2127 1
2128 1
2129 1
2130 1
2131 1
2132 1
2133 1
2134 1
2135 1
2136 1
2137 1
2138 1
2139 1
2140 1
2141 1
2142 1
2143 1
2144 1
2145 1
2146 1
2147 1
2148 1
2149 1
2150 1
2151 1
2152 1
2153 1
2154 1
2155 1
2156 1
2157 1
2158 1
2159 1
2160 1
2161 1
2162 1
2163 1
2164 1
2165 1
2166 1
2167 1
2168 1
2169 1
2170 1
2171 1
2172 1
2173 1
2174 1
2175 1
2176 1
2177 1
2178 1
2179 1
2180 1
2181 1
2182 1
2183 1
2184 1
2185 1
2186 1
2187 1
2188 1
2189 1
2190 1
2191 1
2192 1
2193 1
2194 1
2195 1
2196 1
2197 1
2198 1
2199 1
2200 1
2201 1
2202 1
2203 1
2204 1
2205 1
2206 1
2207 1
2208 1
2209 1
2210 1
2211 1
2212 1
2213 1
2214 1
2215 1
2216 1
2217 1
2218 1
2219 1
2220 1
2221 1
2222 1
2223 1
2224 1
2225 1
2226 1
2227 1
2228 1
2229 1
2230 1
2231 1
2232 1
2233 1
2234 1
2235 1
2236 1
2237 1
2238 1
2239 1
2240 1
2241 1
2242 1
2243 1
2244 1
2245 1
2246 1
2247 1
2248 1
2249 1
2250 1
2251 1
2252 1
2253 1
2254 1
2255 1
2256 1
2257 1
2258 1
2259 1
2260 1
2261 1
2262 1
2263 1
2264 1
2265 1
2266 1
2267 1
2268 1
2269 1
2270 1
2271 1
2272 1
2273 1
2274 1
2275 1
2276 1
2277 1
2278 1
2279 1
2280 1
2281 1
2282 1
2283 1
2284 1
2285 1
2286 1
2287 1
2288 1
2289 1
2290 1
2291 1
2292 1
2293 1
2294 1
2295 1
2296 1
2297 1
2298 1
2299 1
2300 1
2301 1
2302 1
2303 1
2304 1
2305 1
2306 1
2307 1
2308 1
2309 1
2310 1
2311 1
2312 1
2313 1
2314 1
2315 1
2316 1
2317 1
2318 1
2319 1
2320 1
2321 1
2322 1
2323 1
2324 1
2325 1
2326 1
2327 1
2328 1
2329 1
2330 1
2331 1
2332 1
2333 1
2334 1
2335 1
2336 1
2337 1
2338 1
2339 1
2340 1
2341 1
2342 1
2343 1
2344 1
2345 1
2346 1
2347 1
2348 1
2349 1
2350 1
2351 1
2352 1
2353 1
2354 1
2355 1
2356 1
2357 1
2358 1
2359 1
2360 1
2361 1
2362 1
2363 1
2364 1
2365 1
2366 1
2367 1
2368 1
2369 1
2370 1
2371 1
2372 1
2373 1
2374 1
2375 1
2376 1
2377 1
2378 1
2379 1
2380 1
2381 1
2382 1
2383 1
2384 1
2385 1
2386 1
2387 1
2388 1
2389 1
2390 1
2391 1
2392 1
2393 1
2394 1
2395 1
2396 1
2397 1
2398 1
2399 1
2400 1
2401 1
2402 1
2403 1
2404 1
2405 1
2406 1
2407 1
2408 1
2409 1
2410 1
2411 1
2412 1
2413 1
2414 1
2415 1
2416 1
2417 1
2418 1
2419 1
2420 1
2421 1
2422 1
2423 1
2424 1
2425 1
2426 1
2427 1
2428 1
2429 1
2430 1
2431 1
2432 1
2433 1
2434 1
2435 1
2436 1
2437 1
2438 1
2439 1
2440 1
2441 1
2442 1
2443 1
2444 1
2445 1
2446 1
2447 1
2448 1
2449 1
2450 1
2451 1
2452 1
2453 1
2454 1
2455 1
2456 1
2457 1
2458 1
2459 1
2460 1
2461 1
2462 1
2463 1
2464 1
2465 1
2466 1
2467 1
2468 1
2469 1
2470 1
2471 1
2472 1
2473 1
2474 1
2475 1
2476 1
2477 1
2478 1
2479 1
2480 1
2481 1
2482 1
2483 1
2484 1
2485 1
2486 1
2487 1
2488 1
2489 1
2490 1
2491 1
2492 1
2493 1
2494 1
2495 1
2496 1
2497 1
2498 1
2499 1
2500 1
2501 1
2502 1
2503 1
2504 1
2505 1
2506 1
2507 1
2508 1
2509 1
2510 1
2511 1
2512 1
2513 1
2514 1
2515 1
2516 1
2517 1
2518 1
2519 1
2520 1
2521 1
2522 1
2523 1
2524 1
2525 1
2526 1
2527 1
2528 1
2529 1
2530 1
2531 1
2532 1
2533 1
2534 1
2535 1
2536 1
2537 1
2538 1
2539 1
2540 1
2541 1
2542 1
2543 1
2544 1
2545 1
2546 1
2547 1
2548 1
2549 1
2550 1
2551 1
2552 1
2553 1
2554 1
2555 1
2556 1
2557 1
2558 1
2559 1
2560 1
2561 1
2562 1
2563 1
2564 1
2565 1
2566 1
2567 1
2568 1
2569 1
2570 1
2571 1
2572 1
2573 1
2574 1
2575 1
2576 1
2577 1
2578 1
2579 1
2580 1
2581 1
2582 1
2583 1
2584 1
2585 1
2586 1
2587 1
2588 1
2589 1
2590 1
2591 1
2592 1
2593 1
2594 1
2595 1
2596 1
2597 1
2598 1
2599 1
2600 1
2601 1
2602 1
2603 1
2604 1
2605 1
2606 1
2607 1
2608 1
2609 1
2610 1
2611 1
2612 1
2613 1
2614 1
2615 1
2616 1
2617 1
2618 1
2619 1
2620 1
2621 1
2622 1
2623 1
2624 1
2625 1
2626 1
2627 1
2628 1
2629 1
2630 1
2631 1
2632 1
2633 1
2634 1
2635 1
2636 1
2637 1
2638 1
2639 1
2640 1
2641 1
2642 1
2643 1
2644 1
2645 1
2646 1
2647 1
2648 1
2649 1
2650 1
2651 1
2652 1
2653 1
2654 1
2655 1
2656 1
2657 1
2658 1
2659 1
2660 1
2661 1
2662 1
2663 1
2664 1
2665 1
2666 1
2667 1
2668 1
2669 1
2670 1
2671 1
2672 1
2673 1
2674 1
2675 1
2676 1
2677 1
2678 1
2679 1
2680 1
2681 1
2682 1
2683 1
2684 1
2685 1
2686 1
2687 1
2688 1
2689 1
2690 1
2691 1
2692 1
2693 1
2694 1
2695 1
2696 1
2697 1
2698 1
2699 1
2700 1
2701 1
2702 1
2703 1
2704 1
2705 1
2706 1
2707 1
2708 1
2709 1
2710 1
2711 1
2712 1
2713 1
2714 1
2715 1
2716 1
2717 1
2718 1
2719 1
2720 1
2721 1
2722 1
2723 1
2724 1
2725 1
2726 1
2727 1
2728 1
2729 1
2730 1
2731 1
2732 1
2733 1
2734 1
2735 1
2736 1
2737 1
2738 1
2739 1
2740 1
2741 1
2742 1
2743 1
2744 1
2745 1
2746 1
2747 1
2748 1
2749 1
2750 1
2751 1
2752 1
2753 1
2754 1
2755 1
2756 1
2757 1
2758 1
2759 1
2760 1
2761 1
2762 1
2763 1
2764 1
2765 1
2766 1
2767 1
2768 1
2769 1
2770 1
2771 1
2772 1
2773 1
2774 1
2775 1
2776 1
2777 1
2778 1
2779 1
2780 1
2781 1
2782 1
2783 1
2784 1
2785 1
2786 1
2787 1
2788 1
2789 1
2790 1
2791 1
2792 1
2793 1
2794 1
2795 1
2796 1
2797 1
2798 1
2799 1
2800 1
2801 1
2802 1
2803 1
2804 1
2805 1
2806 1
2807 1
2808 1
2809 1
2810 1
2811 1
2812 1
2813 1
2814 1
2815 1
2816 1
2817 1
2818 1
2819 1
2820 1
2821 1
2822 1
2823 1
2824 1
2825 1
2826 1
2827 1
2828 1
2829 1
2830 1
2831 1
2832 1
2833 1
2834 1
2835 1
2836 1
2837 1
2838 1
2839 1
2840 1
2841 1
2842 1
2843 1
2844 1
2845 1
2846 1
2847 1
2848 1
2849 1
2850 1
2851 1
2852 1
2853 1
2854 1
2855 1
2856 1
2857 1
2858 1
2859 1
2860 1
2861 1
2862 1
2863 1
2864 1
2865 1
2866 1
2867 1
2868 1
2869 1
2870 1
2871 1
2872 1
2873 1
2874 1
2875 1
2876 1
2877 1
2878 1
2879 1
2880 1
2881 1
2882 1
2883 1
2884 1
2885 1
2886 1
2887 1
2888 1
2889 1
2890 1
2891 1
2892 1
2893 1
2894 1
2895 1
2896 1
2897 1
2898 1
2899 1
2900 1
2901 1
2902 1
2903 1
2904 1
2905 1
2906 1
2907 1
2908 1
2909 1
2910 1
$EndElementData
$ElementData
1
"MaterialID"
1
0
3
0
1
2910
1 10
2 10
3 10
4 10
5 10
6 10
7 10
8 10
9 10
10 10
11 10
12 10
13 10
14 10
15 10
16 10
17 10
18 10
19 10
20 10
21 10
22 10
23 10
24 10
25 10
26 10
27 10
28 10
29 10
30 10
31 10
32 10
33 10
34 10
35 10
36 10
37 10
38 10
39 10
40 10
41 10
42 10
43 10
44 10
45 10
46 10
47 10
48 10
49 10
50 10
51 10
52 10
53 10
54 10
55 10
56 10
57 10
58 10
59 10
60 10
61 10
62 10
63 10
64 10
65 10
66 10
67 10
68 10
69 10
70 10
71 10
72 10
73 10
74 10
75 10
76 10
77 10
78 10
79 10
80 10
81 10
82 10
83 10
84 10
85 10
86 10
87 10
88 10
89 10
90 10
91 10
92 10
93 10
94 10
95 10
96 10
97 10
98 10
99 10
100 10
101 10
102 10
103 10
104 10
105 10
106 10
107 10
108 10
109 10
110 10
111 10
112 10
113 10
114 10
115 10
116 10
117 10
118 10
119 10
120 10
121 10
122 10
123 10
124 10
125 10
126 10
127 10
128 10
129 10
130 10
131 10
132 10
133 10
134 10
135 10
136 10
137 10
138 10
139 10
140 10
141 10
142 10
143 10
144 10
145 10
146 10
147 10
148 10
149 10
150 10
151 10
152 10
153 10
154 10
155 10
156 10
157 10
158 10
159 10
160 10
161 10
162 10
163 10
164 10
165 10
166 10
167 10
168 10
169 10
170 10
171 10
172 10
173 10
174 10
175 10
176 10
177 10
178 10
179 10
180 10
181 10
182 10
183 10
184 10
185 10
186 10
187 10
188 10
189 10
190 10
191 10
192 10
193 10
194 10
195 10
196 10
197 10
198 10
199 10
200 10
201 10
202 10
203 10
204 10
205 10
206 10
207 10
208 10
209 10
210 10
211 10
212 10
213 10
214 10
215 10
216 10
217 10
218 10
219 10
220 10
221 10
222 10
223 10
224 10
225 10
226 10
227 10
228 10
229 10
230 10
231 10
232 10
233 10
234 10
235 10
236 10
237 10
238 10
239 10
240 10
241 10
242 10
243 10
244 10
245 10
246 10
247 10
248 10
249 10
250 10
251 10
252 10
253 10
254 10
255 10
256 10
257 10
258 10
259 10
260 10
261 10
262 10
263 10
264 10
265 10
266 10
267 10
268 10
269 10
270 10
271 10
272 10
273 10
274 10
275 10
276 10
277 10
278 10
279 10
280 10
281 10
282 10
283 10
284 10
285 10
286 10
287 10
288 10
289 10
290 10
291 10
292 10
293 10
294 10
295 10
296 10
297 10
298 10
299 10
300 10
301 10
302 10
303 10
304 10
305 10
306 10
307 10
308 10
309 10
310 10
311 10
312 10
313 10
314 10
315 10
316 10
317 10
318 10
319 10
320 10
321 10
322 10
323 10
324 10
325 10
326 10
327 10
328 10
329 10
330 10
331 10
332 10
333 10
334 10
335 10
336 10
337 10
338 10
339 10
340 10
341 10
342 10
343 10
344 10
345 10
346 10
347 10
348 10
349 10
350 10
351 10
352 10
353 10
354 10
355 10
356 10
357 10
358 10
359 10
360 10
361 10
362 10
363 10
364 10
365 10
366 10
367 10
368 10
369 10
370 10
371 10
372 10
373 10
374 10
375 10
376 10
377 10
378 10
379 10
380 10
381 10
382 10
383 10
384 10
385 10
386 10
387 10
388 10
389 10
390 10
391 10
392 10
393 10
394 10
395 10
396 10
397 10
398 10
399 10
400 10
401 10
402 10
403 10
404 10
405 10
406 10
407 10
408 10
409 10
410 10
411 10
412 10
413 10
414 10
415 10
416 10
417 10
418 10
419 10
420 10
421 10
422 10
423 10
424 10
425 10
426 10
427 10
428 10
429 10
430 10
431 10
432 10
433 10
434 10
435 10
436 10
437 10
438 10
439 10
440 10
441 10
442 10
443 10
444 10
445 10
446 10
447 10
448 10
449 10
450 10
451 10
452 10
453 10
454 10
455 10
456 10
457 10
458 10
459 10
460 10
461 10
462 10
463 10
464 10
465 10
466 10
467 10
468 10
469 10
470 10
471 10
472 10
473 10
474 10
475 10
476 10
477 10
478 10
479 10
480 10
481 10
482 10
483 10
484 10
485 10
486 10
487 10
488 10
489 10
490 10
491 10
492 10
493 10
494 10
495 10
496 10
497 10
498 10
499 10
500 10
501 10
502 10
503 10
504 10
505 10
506 10
507 10
508 10
509 10
510 10
511 10
512 10
513 10
514 10
515 10
516 10
517 10
518 10
519 10
520 10
521 10
522 10
523 10
524 10
525 10
526 10
527 10
528 10
529 10
530 10
531 10
532 10
533 10
534 10
535 10
536 10
537 10
538 10
539 10
540 10
541 10
542 10
543 10
544 10
545 10
546 10
547 10
548 10
549 10
550 10
551 10
552 10
553 10
554 10
555 10
556 10
557 10
558 10
559 10
560 10
561 10
562 10
563 10
564 10
565 10
566 10
567 10
568 10
569 10
570 10
571 10
572 10
573 10
574 10
575 10
576 10
577 10
578 10
579 10
580 10
581 10
582 10
583 10
584 10
585 10
586 10
587 10
588 10
589 10
590 10
591 10
592 10
593 10
594 10
595 10
596 10
597 10
598 10
599 10
600 10
601 10
602 10
603 10
604 10
605 10
606 10
607 10
608 10
609 10
610 10
611 10
612 10
613 10
614 10
615 10
616 10
617 10
618 10
619 10
620 10
621 10
622 10
623 10
624 10
625 10
626 10
627 10
628 10
629 10
630 10
631 10
632 10
633 10
634 10
635 10
636 10
637 10
638 10
639 10
640 10
641 10
642 10
643 10
644 10
645 10
646 10
647 10
648 10
649 10
650 10
651 10
652 10
653 10
654 10
655 10
656 10
657 10
658 10
659 10
660 10
661 10
662 10
663 10
664 10
665 10
666 10
667 10
668 10
669 10
670 10
671 10
672 10
673 10
674 10
675 10
676 10
677 10
678 10
679 10
680 10
681 10
682 10
683 10
684 10
685 10
686 10
687 10
688 10
689 10
690 10
691 10
692 10
693 10
694 10
695 10
696 10
697 10
698 10
699 10
700 10
701 10
702 10
703 10
704 10
705 10
706 10
707 10
708 10
709 10
710 10
711 10
712 10
713 10
714 10
715 10
716 10
717 10
718 10
719 10
720 10
721 10
722 10
723 10
724 10
725 10
726 10
727 10
728 10
729 10
730 10
731 10
732 10
733 10
734 10
735 10
736 10
737 10
738 10
739 10
740 10
741 10
742 10
743 10
744 10
745 10
746 10
747 10
748 10
749 10
750 10
751 10
752 10
753 10
754 10
755 10
756 10
757 10
758 10
759 10
760 10
761 10
762 10
763 10
764 10
765 10
766 10
767 10
768 10
769 10
770 10
771 10
772 10
773 10
774 10
775 10
776 10
777 10
778 13
779 10
780 13
781 10
782 13
783 10
784 13
785 10
786 13
787 10
788 13
789 10
790 13
791 10
792 13
793 10
794 13
795 10
796 13
797 10
798 13
799 10
800 13
801 10
802 13
803 10
804 13
805 10
806 13
807 10
808 13
809 10
810 13
811 10
812 13
813 10
814 13
815 10
816 13
817 10
818 13
819 10
820 13
821 10
822 13
823 10
824 13
825 10
826 13
827 10
828 13
829 10
830 13
831 10
832 13
833 10
834 13
835 10
836 13
837 10
838 13
839 10
840 13
841 10
842 13
843 10
844 13
845 10
846 13
847 10
848 13
849 10
850 13
851 10
852 13
853 10
854 13
855 10
856 13
857 10
858 13
859 10
860 13
861 10
862 13
863 10
864 13
865 10
866 13
867 10
868 13
869 10
870 13
871 10
872 13
873 10
874 13
875 10
876 13
877 10
878 13
879 10
880 13
881 10
882 13
883 10
884 13
885 10
886 13
887 10
888 13
889 10
890 13
891 10
892 13
893 10
894 13
895 10
896 13
897 10
898 13
899 10
900 13
901 10
902 13
903 10
904 13
905 10
906 13
907 10
908 13
909 10
910 13
911 10
912 13
913 10
914 13
915 10
916 13
917 10
918 13
919 10
920 13
921 10
922 13
923 10
924 13
925 10
926 13
927 10
928 13
929 10
930 13
931 10
932 13
933 10
934 13
935 10
936 13
937 10
938 13
939 10
940 13
941 10
942 13
943 10
944 13
945 10
946 13
947 10
948 13
949 10
950 13
951 10
952 13
953 10
954 13
955 10
956 13
957 10
958 13
959 10
960 13
961 10
962 13
963 10
964 13
965 10
966 13
967 10
968 13
969 10
970 13
971 10
972 13
973 10
974 13
975 10
976 13
977 10
978 13
979 10
980 13
981 10
982 13
983 10
984 13
985 10
986 13
987 10
988 13
989 10
990 13
991 10
992 13
993 10
994 13
995 10
996 13
997 10
998 13
999 10
1000 13
1001 10
1002 13
1003 10
1004 13
1005 10
1006 13
1007 10
1008 13
1009 10
1010 13
1011 10
1012 13
1013 10
1014 13
1015 10
1016 13
1017 10
1018 13
1019 10
1020 13
1021 10
1022 13
1023 10
1024 13
1025 10
1026 13
1027 10
1028 13
1029 10
1030 13
1031 10
1032 13
1033 10
1034 13
1035 10
1036 13
1037 10
1038 13
1039 10
1040 13
1041 10
1042 13
1043 10
1044 13
1045 10
1046 13
1047 10
1048 13
1049 10
1050 13
1051 10
1052 13
1053 10
1054 13
1055 10
1056 13
1057 10
1058 13
1059 10
1060 13
1061 10
1062 13
1063 10
1064 13
1065 10
1066 13
1067 10
1068 13
1069 10
1070 13
1071 10
1072 13
1073 10
1074 13
1075 10
1076 13
1077 10
1078 13
1079 10
1080 13
1081 10
1082 13
1083 10
1084 13
1085 10
1086 13
1087 10
1088 13
1089 10
1090 13
1091 10
1092 13
1093 10
1094 13
1095 10
1096 13
1097 10
1098 13
1099 10
1100 13
1101 10
1102 13
1103 10
1104 13
1105 10
1106 13
1107 10
1108 13
1109 10
1110 13
1111 10
1112 13
1113 10
1114 13
1115 10
1116 13
1117 10
1118 13
1119 10
1120 13
1121 10
1122 13
1123 10
1124 13
1125 10
1126 13
1127 10
1128 13
1129 10
1130 13
1131 10
1132 13
1133 10
1134 13
1135 10
1136 13
1137 10
1138 13
1139 10
1140 13
1141 10
1142 13
1143 10
1144 13
1145 10
1146 13
1147 10
1148 13
1149 10
1150 13
1151 10
1152 13
1153 10
1154 13
1155 10
1156 13
1157 10
1158 13
1159 10
1160 13
1161 10
1162 13
1163 10
1164 13
1165 10
1166 13
1167 10
1168 13
1169 10
1170 13
1171 10
1172 13
1173 10
1174 13
1175 10
1176 13
1177 10
1178 13
1179 10
1180 13
1181 10
1182 13
1183 10
1184 13
1185 10
1186 13
1187 10
1188 13
1189 10
1190 13
1191 10
1192 13
1193 10
1194 13
1195 10
1196 13
1197 10
1198 13
1199 10
1200 13
1201 10
1202 13
1203 10
1204 13
1205 10
1206 13
1207 10
1208 13
1209 10
1210 13
1211 10
1212 13
1213 10
1214 13
1215 10
1216 13
1217 10
1218 13
1219 10
1220 13
1221 10
1222 13
1223 10
1224 13
1225 10
1226 13
1227 10
1228 13
1229 10
1230 13
1231 10
1232 13
1233 10
1234 13
1235 10
1236 13
1237 10
1238 13
1239 10
1240 13
1241 10
1242 13
1243 10
1244 13
1245 10
1246 13
1247 10
1248 13
1249 10
1250 13
1251 10
1252 13
1253 10
1254 13
1255 10
1256 13
1257 10
1258 13
1259 10
1260 13
1261 10
1262 13
1263 10
1264 13
1265 10
1266 13
1267 10
1268 13
1269 10
1270 13
1271 10
1272 13
1273 10
1274 13
1275 10
1276 13
1277 10
1278 13
1279 10
1280 13
1281 10
1282 13
1283 10
1284 13
1285 10
1286 13
1287 10
1288 13
1289 10
1290 13
1291 10
1292 13
1293 10
1294 13
1295 10
1296 13
1297 10
1298 13
1299 10
1300 13
1301 10
1302 13
1303 10
1304 13
1305 10
1306 13
1307 10
1308 13
1309 10
1310 13
1311 10
1312 13
1313 10
1314 13
1315 10
1316 13
1317 10
1318 13
1319 10
1320 13
1321 10
1322 13
1323 10
1324 13
1325 10
1326 13
1327 10
1328 13
1329 10
1330 13
1331 10
1332 13
1333 10
1334 13
1335 10
1336 13
1337 10
1338 13
1339 10
1340 13
1341 10
1342 13
1343 10
1344 13
1345 10
1346 13
1347 10
1348 13
1349 10
1350 13
1351 10
1352 13
1353 10
1354 13
1355 10
1356 13
1357 10
1358 13
1359 10
1360 13
1361 10
1362 13
1363 10
1364 13
1365 10
1366 13
1367 10
1368 13
1369 10
1370 13
1371 10
1372 13
1373 10
1374 13
1375 10
1376 13
1377 10
1378 13
1379 10
1380 13
1381 10
1382 13
1383 10
1384 13
1385 10
1386 13
1387 10
1388 13
1389 10
1390 13
1391 10
1392 13
1393 10
1394 13
1395 10
1396 13
1397 10
1398 13
1399 10
1400 13
1401 10
1402 13
1403 10
1404 13
1405 10
1406 13
1407 10
1408 13
1409 10
1410 13
1411 10
1412 13
1413 10
1414 13
1415 10
1416 13
1417 10
1418 13
1419 10
1420 13
1421 10
1422 13
1423 10
1424 13
1425 10
1426 13
1427 10
1428 13
1429 10
1430 13
1431 10
1432 13
1433 10
1434 13
1435 10
1436 13
1437 10
1438 13
1439 10
1440 13
1441 10
1442 13
1443 10
1444 13
1445 10
1446 13
1447 10
1448 13
1449 10
1450 13
1451 10
1452 13
1453 10
1454 13
1455 10
1456 13
1457 10
1458 13
1459 10
1460 13
1461 10
1462 13
1463 10
1464 13
1465 10
1466 13
1467 10
1468 13
1469 10
1470 13
1471 10
1472 13
1473 10
1474 13
1475 10
1476 13
1477 10
1478 13
1479 10
1480 13
1481 10
1482 13
1483 10
1484 13
1485 10
1486 13
1487 10
1488 13
1489 10
1490 13
1491 10
1492 13
1493 10
1494 13
1495 10
1496 13
1497 10
1498 13
1499 10
1500 13
1501 10
1502 13
1503 10
1504 13
1505 10
1506 13
1507 10
1508 13
1509 10
1510 13
1511 10
1512 13
1513 10
1514 13
1515 10
1516 13
1517 10
1518 13
1519 10
1520 13
1521 10
1522 13
1523 10
1524 13
1525 10
1526 13
1527 10
1528 13
1529 10
1530 13
1531 10
1532 13
1533 10
1534 13
1535 10
1536 13
1537 10
1538 13
1539 10
1540 13
1541 10
1542 13
1543 10
1544 13
1545 10
1546 13
1547 10
1548 13
1549 10
1550 13
1551 10
1552 13
1553 10
1554 13
1555 10
1556 13
1557 10
1558 13
1559 10
1560 13
1561 10
1562 13
1563 10
1564 13
1565 10
1566 13
1567 10
1568 13
1569 10
1570 13
1571 10
1572 13
1573 10
1574 13
1575 10
1576 13
1577 10
1578 13
1579 10
1580 13
1581 10
1582 13
1583 10
1584 13
1585 10
1586 13
1587 10
1588 13
1589 10
1590 13
1591 10
1592 13
1593 10
1594 13
1595 10
1596 13
1597 10
1598 13
1599 10
1600 13
1601 10
1602 13
1603 10
1604 13
1605 10
1606 13
1607 10
1608 13
1609 10
1610 13
1611 10
1612 13
1613 10
1614 13
1615 10
1616 13
1617 10
1618 13
1619 10
1620 13
1621 10
1622 13
1623 10
1624 13
1625 10
1626 13
1627 10
1628 13
1629 10
1630 13
1631 10
1632 13
1633 10
1634 13
1635 10
1636 13
1637 10
1638 13
1639 10
1640 13
1641 10
1642 13
1643 10
1644 13
1645 10
1646 13
1647 10
1648 13
1649 10
1650 13
1651 10
1652 13
1653 10
1654 13
1655 10
1656 13
1657 10
1658 13
1659 10
1660 13
1661 10
1662 13
1663 10
1664 13
1665 10
1666 13
1667 10
1668 13
1669 10
1670 13
1671 10
1672 13
1673 10
1674 13
1675 10
1676 13
1677 10
1678 13
1679 10
1680 13
1681 10
1682 13
1683 10
1684 13
1685 10
1686 13
1687 10
1688 13
1689 10
1690 13
1691 10
1692 13
1693 10
1694 13
1695 10
1696 13
1697 10
1698 13
1699 10
1700 13
1701 10
1702 13
1703 10
1704 13
1705 10
1706 13
1707 10
1708 13
1709 10
1710 13
1711 10
1712 13
1713 10
1714 13
1715 10
1716 13
1717 10
1718 13
1719 10
1720 13
1721 10
1722 13
1723 10
1724 13
1725 10
1726 13
1727 10
1728 13
1729 10
1730 13
1731 10
1732 13
1733 10
1734 13
1735 10
1736 13
1737 10
1738 13
1739 10
1740 13
1741 10
1742 13
1743 10
1744 13
1745 10
1746 13
1747 10
1748 13
1749 10
1750 13
1751 10
1752 13
1753 10
1754 13
1755 10
1756 13
1757 10
1758 13
1759 10
1760 13
1761 10
1762 13
1763 10
1764 13
1765 10
1766 13
1767 10
1768 13
1769 10
1770 13
1771 10
1772 13
1773 10
1774 13
1775 10
1776 13
1777 10
1778 13
1779 10
1780 13
1781 10
1782 13
1783 10
1784 13
1785 10
1786 13
1787 10
1788 13
1789 10
1790 13
1791 10
1792 13
1793 10
1794 13
1795 10
1796 13
1797 10
1798 13
1799 10
1800 13
1801 10
1802 13
1803 10
1804 13
1805 10
1806 13
1807 10
1808 13
1809 10
1810 13
1811 10
1812 13
1813 10
1814 13
1815 10
1816 13
1817 10
1818 13
1819 10
1820 13
1821 10
1822 13
1823 10
1824 13
1825 10
1826 13
1827 10
1828 13
1829 10
1830 13
1831 10
1832 13
1833 10
1834 13
1835 10
1836 13
1837 10
1838 13
1839 10
1840 13
1841 10
1842 13
1843 10
1844 13
1845 10
1846 13
1847 10
1848 13
1849 10
1850 13
1851 10
1852 13
1853 10
1854 13
1855 10
1856 13
1857 10
1858 13
1859 10
1860 13
1861 10
1862 13
1863 10
1864 13
1865 10
1866 13
1867 10
1868 13
1869 10
1870 13
1871 10
1872 13
1873 10
1874 13
1875 10
1876 13
1877 10
1878 13
1879 10
1880 13
1881 10
1882 13
1883 10
1884 13
1885 10
1886 13
1887 10
1888 13
1889 10
1890 13
1891 10
1892 13
1893 10
1894 13
1895 10
1896 13
1897 10
1898 13
1899 10
1900 13
1901 10
1902 13
1903 10
1904 13
1905 10
1906 13
1907 10
1908 13
1909 10
1910 13
1911 10
1912 13
1913 10
1914 13
1915 10
1916 13
1917 10
1918 13
1919 10
1920 13
1921 10
1922 13
1923 10
1924 13
1925 10
1926 13
1927 10
1928 13
1929 10
1930 13
1931 10
1932 13
1933 10
1934 13
1935 10
1936 13
1937 10
1938 13
1939 10
1940 13
1941 10
1942 13
1943 10
1944 13
1945 10
1946 13
1947 10
1948 13
1949 10
1950 13
1951 10
1952 13
1953 10
1954 13
1955 10
1956 13
1957 10
1958 13
1959 10
1960 13
1961 10
1962 13
1963 10
1964 13
1965 10
1966 13
1967 10
1968 13
1969 10
1970 13
1971 10
1972 13
1973 10
1974 13
1975 10
1976 13
1977 10
1978 13
1979 10
1980 13
1981 10
1982 13
1983 10
1984 13
1985 10
1986 13
1987 10
1988 13
1989 10
1990 13
1991 10
1992 13
1993 10
1994 13
1995 10
1996 13
1997 10
1998 13
1999 10
2000 13
2001 10
2002 13
2003 10
2004 13
2005 10
2006 13
2007 10
2008 13
2009 10
2010 13
2011 10
2012 13
2013 10
2014 13
2015 10
2016 13
2017 10
2018 13
2019 10
2020 13
2021 10
2022 13
2023 10
2024 13
2025 10
2026 13
2027 10
2028 13
2029 10
2030 13
2031 10
2032 13
2033 10
2034 13
2035 10
2036 13
2037 10
2038 13
2039 10
2040 13
2041 10
2042 13
2043 10
2044 13
2045 10
2046 13
2047 10
2048 13
2049 10
2050 13
2051 10
2052 13
2053 10
2054 13
2055 10
2056 13
2057 10
2058 13
2059 10
2060 13
2061 10
2062 13
2063 10
2064 13
2065 10
2066 13
2067 10
2068 13
2069 10
2070 13
2071 10
2072 13
2073 10
2074 13
2075 10
2076 13
2077 10
2078 13
2079 10
2080 13
2081 10
2082 13
2083 10
2084 13
2085 10
2086 13
2087 10
2088 13
2089 10
2090 13
2091 10
2092 13
2093 10
2094 13
2095 10
2096 13
2097 10
2098 13
2099 10
2100 13
2101 10
2102 13
2103 10
2104 13
2105 10
2106 13
2107 10
2108 13
2109 10
2110 13
2111 10
2112 13
2113 10
2114 13
2115 10
2116 13
2117 10
2118 13
2119 10
2120 13
2121 10
2122 13
2123 10
2124 13
2125 10
2126 13
2127 10
2128 13
2129 10
2130 13
2131 10
2132 13
2133 10
2134 13
2135 10
2136 13
2137 10
2138 13
2139 10
2140 13
2141 10
2142 13
2143 10
2144 13
2145 10
2146 13
2147 10
2148 13
2149 10
2150 13
2151 10
2152 13
2153 10
2154 13
2155 10
2156 13
2157 10
2158 13
2159 10
2160 13
2161 10
2162 13
2163 10
2164 13
2165 10
2166 13
2167 10
2168 13
2169 10
2170 13
2171 10
2172 13
2173 10
2174 13
2175 10
2176 13
2177 10
2178 13
2179 10
2180 13
2181 10
2182 13
2183 10
2184 13
2185 10
2186 13
2187 10
2188 13
2189 10
2190 13
2191 10
2192 13
2193 10
2194 13
2195 10
2196 13
2197 10
2198 13
2199 10
2200 13
2201 10
2202 13
2203 10
2204 13
2205 10
2206 13
2207 10
2208 13
2209 10
2210 13
2211 10
2212 13
2213 10
2214 13
2215 10
2216 13
2217 10
2218 10
2219 10
2220 10
2221 10
2222 10
2223 10
2224 10
2225 10
2226 10
2227 10
2228 10
2229 10
2230 10
2231 10
2232 10
2233 10
2234 10
2235 10
2236 10
2237 10
2238 10
2239 10
2240 10
2241 10
2242 10
2243 10
2244 10
2245 10
2246 10
2247 10
2248 10
2249 10
2250 10
2251 10
2252 10
2253 10
2254 10
2255 10
2256 10
2257 10
2258 10
2259 10
2260 10
2261 10
2262 10
2263 10
2264 10
2265 10
2266 10
2267 10
2268 10
2269 10
2270 10
2271 10
2272 10
2273 10
2274 10
2275 10
2276 10
2277 10
2278 10
2279 10
2280 10
2281 10
2282 10
2283 10
2284 10
2285 10
2286 10
2287 10
2288 10
2289 10
2290 10
2291 10
2292 10
2293 10
2294 10
2295 10
2296 10
2297 10
2298 13
2299 13
2300 13
2301 13
2302 10
2303 10
2304 10
2305 10
2306 13
2307 13
2308 13
2309 13
2310 10
2311 10
2312 10
2313 10
2314 13
2315 13
2316 13
2317 13
2318 10
2319 10
2320 10
2321 10
2322 13
2323 13
2324 13
2325 13
2326 10
2327 10
2328 10
2329 10
2330 13
2331 13
2332 13
2333 13
2334 10
2335 10
2336 10
2337 10
2338 13
2339 13
2340 13
2341 13
2342 10
2343 10
2344 10
2345 10
2346 13
2347 13
2348 13
2349 13
2350 10
2351 10
2352 10
2353 10
2354 13
2355 13
2356 13
2357 13
2358 10
2359 10
2360 10
2361 10
2362 13
2363 13
2364 13
2365 13
2366 10
2367 10
2368 10
2369 10
2370 13
2371 13
2372 13
2373 13
2374 10
2375 10
2376 10
2377 10
2378 13
2379 13
2380 13
2381 13
2382 10
2383 10
2384 10
2385 10
2386 13
2387 13
2388 13
2389 13
2390 10
2391 10
2392 10
2393 10
2394 13
2395 13
2396 13
2397 13
2398 10
2399 10
2400 10
2401 10
2402 13
2403 13
2404 13
2405 13
2406 10
2407 10
2408 10
2409 10
2410 13
2411 13
2412 13
2413 13
2414 10
2415 10
2416 10
2417 10
2418 13
2419 13
2420 13
2421 13
2422 0
2423 0
2424 0
2425 10
2426 10
2427 10
2428 10
2429 10
2430 10
2431 10
2432 10
2433 10
2434 10
2435 10
2436 10
2437 10
2438 10
2439 10
2440 10
2441 10
2442 10
2443 10
2444 10
2445 10
2446 10
2447 10
2448 10
2449 10
2450 10
2451 10
2452 10
2453 10
2454 10
2455 10
2456 10
2457 10
2458 10
2459 10
2460 10
2461 10
2462 10
2463 10
2464 10
2465 10
2466 10
2467 10
2468 10
2469 10
2470 10
2471 10
2472 10
2473 10
2474 10
2475 10
2476 10
2477 10
2478 10
2479 10
2480 10
2481 10
2482 10
2483 10
2484 10
2485 10
2486 10
2487 10
2488 10
2489 10
2490 10
2491 10
2492 10
2493 10
2494 10
2495 10
2496 10
2497 10
2498 10
2499 10
2500 10
2501 10
2502 10
2503 10
2504 10
2505 13
2506 13
2507 13
2508 13
2509 10
2510 10
2511 10
2512 10
2513 13
2514 13
2515 13
2516 13
2517 10
2518 10
2519 10
2520 10
2521 13
2522 13
2523 13
2524 13
2525 10
2526 10
2527 10
2528 10
2529 13
2530 13
2531 13
2532 13
2533 10
2534 10
2535 10
2536 10
2537 13
2538 13
2539 13
2540 13
2541 10
2542 10
2543 10
2544 10
2545 13
2546 13
2547 13
2548 13
2549 10
2550 10
2551 10
2552 10
2553 13
2554 13
2555 13
2556 13
2557 10
2558 10
2559 10
2560 10
2561 13
2562 13
2563 13
2564 13
2565 10
2566 10
2567 10
2568 10
2569 13
2570 13
2571 13
2572 13
2573 10
2574 10
2575 10
2576 10
2577 13
2578 13
2579 13
2580 13
2581 10
2582 10
2583 10
2584 10
2585 13
2586 13
2587 13
2588 13
2589 10
2590 10
2591 10
2592 10
2593 13
2594 13
2595 13
2596 13
2597 10
2598 10
2599 10
2600 10
2601 13
2602 13
2603 13
2604 13
2605 10
2606 10
2607 10
2608 10
2609 13
2610 13
2611 13
2612 13
2613 10
2614 10
2615 10
2616 10
2617 13
2618 13
2619 13
2620 13
2621 10
2622 10
2623 10
2624 10
2625 13
2626 13
2627 13
2628 13
2629 0
2630 0
2631 0
2632 13
2633 13
2634 13
2635 13
2636 10
2637 10
2638 10
2639 10
2640 10
2641 10
2642 10
2643 10
2644 10
2645 10
2646 10
2647 10
2648 10
2649 10
2650 10
2651 10
2652 10
2653 10
2654 10
2655 10
2656 10
2657 10
2658 10
2659 10
2660 10
2661 10
2662 10
2663 10
2664 10
2665 10
2666 10
2667 10
2668 10
2669 10
2670 10
2671 13
2672 13
2673 13
2674 13
2675 10
2676 10
2677 10
2678 10
2679 13
2680 13
2681 13
2682 13
2683 10
2684 10
2685 10
2686 10
2687 13
2688 13
2689 13
2690 13
2691 10
2692 10
2693 10
2694 10
2695 13
2696 13
2697 13
2698 13
2699 10
2700 10
2701 10
2702 10
2703 13
2704 13
2705 13
2706 13
2707 10
2708 10
2709 10
2710 10
2711 13
2712 13
2713 13
2714 13
2715 10
2716 10
2717 10
2718 10
2719 13
2720 13
2721 13
2722 13
2723 10
2724 10
2725 10
2726 10
2727 10
2728 10
2729 10
2730 10
2731 10
2732 10
2733 10
2734 10
2735 10
2736 10
2737 10
2738 10
2739 10
2740 10
2741 10
2742 10
2743 10
2744 10
2745 10
2746 10
2747 10
2748 10
2749 10
2750 10
2751 10
2752 10
2753 10
2754 10
2755 10
2756 10
2757 10
2758 13
2759 13
2760 13
2761 13
2762 10
2763 10
2764 10
2765 10
2766 13
2767 13
2768 13
2769 13
2770 10
2771 10
2772 10
2773 10
2774 13
2775 13
2776 13
2777 13
2778 10
2779 10
2780 10
2781 10
2782 13
2783 13
2784 13
2785 13
2786 10
2787 10
2788 10
2789 10
2790 13
2791 13
2792 13
2793 13
2794 10
2795 10
2796 10
2797 10
2798 13
2799 13
2800 13
2801 13
2802 10
2803 10
2804 10
2805 10
2806 13
2807 13
2808 13
2809 13
2810 10
2811 10
2812 10
2813 10
2814 10
2815 10
2816 10
2817 10
2818 10
2819 10
2820 10
2821 10
2822 10
2823 10
2824 10
2825 10
2826 10
2827 10
2828 10
2829 10
2830 10
2831 10
2832 10
2833 10
2834 10
2835 10
2836 10
2837 10
2838 10
2839 10
2840 10
2841 10
2842 10
2843 10
2844 10
2845 10
2846 10
2847 10
2848 10
2849 10
2850 13
2851 13
2852 13
2853 13
2854 10
2855 10
2856 10
2857 10
2858 13
2859 13
2860 13
2861 13
2862 10
2863 10
2864 10
2865 10
2866 13
2867 13
2868 13
2869 13
2870 10
2871 10
2872 10
2873 10
2874 13
2875 13
2876 13
2877 13
2878 10
2879 10
2880 10
2881 10
2882 13
2883 13
2884 13
2885 13
2886 10
2887 10
2888 10
2889 10
2890 13
2891 13
2892 13
2893 13
2894 10
2895 10
2896 10
2897 10
2898 13
2899 13
2900 13
2901 13
2902 10
2903 10
2904 10
2905 10
2906 13
2907 13
2908 13
2909 13
2910 0
$EndElementData
$ElementData
1
"Attribute:SecondMomentY"
1
0
3
0
1
2910
1 1.7555556709132495e-07
2 1.7555556709132495e-07
3 1.7555556709132495e-07
4 1.7555556709132495e-07
5 1.7555556709132495e-07
6 1.7555556709132495e-07
7 1.7555556709132495e-07
8 1.7555556709132495e-07
9 1.7555556709132495e-07
10 1.7555556709132495e-07
11 1.7555556709132495e-07
12 1.7555556709132495e-07
13 1.7555556709132495e-07
14 1.7555556709132495e-07
15 1.7555556709132495e-07
16 1.7555556709132495e-07
17 1.7555556709132495e-07
18 1.7555556709132495e-07
19 1.7555556709132495e-07
20 1.7555556709132495e-07
21 8.124707428089777e-07
22 1.7555556709132495e-07
23 1.7555556709132495e-07
24 1.7555556709132495e-07
25 1.7555556709132495e-07
26 1.7555556709132495e-07
27 1.7555556709132495e-07
28 1.7555556709132495e-07
29 1.7555556709132495e-07
30 1.7555556709132495e-07
31 1.7555556709132495e-07
32 1.7555556709132495e-07
33 1.7555556709132495e-07
34 1.7555556709132495e-07
35 1.7555556709132495e-07
36 1.7555556709132495e-07
37 1.7555556709132495e-07
38 1.7555556709132495e-07
39 1.7555556709132495e-07
40 1.7555556709132495e-07
41 1.7555556709132495e-07
42 8.124707428089777e-07
43 1.7555556709132495e-07
44 1.7555556709132495e-07
45 1.7555556709132495e-07
46 1.7555556709132495e-07
47 1.7555556709132495e-07
48 1.7555556709132495e-07
49 1.7555556709132495e-07
50 1.7555556709132495e-07
51 1.7555556709132495e-07
52 1.7555556709132495e-07
53 1.7555556709132495e-07
54 1.7555556709132495e-07
55 1.7555556709132495e-07
56 1.7555556709132495e-07
57 1.7555556709132495e-07
58 1.7555556709132495e-07
59 1.7555556709132495e-07
60 1.7555556709132495e-07
61 1.7555556709132495e-07
62 1.7555556709132495e-07
63 8.124707428089777e-07
64 1.7555556709132495e-07
65 1.7555556709132495e-07
66 1.7555556709132495e-07
67 1.7555556709132495e-07
68 1.7555556709132495e-07
69 1.7555556709132495e-07
70 1.7555556709132495e-07
71 1.7555556709132495e-07
72 1.7555556709132495e-07
73 1.7555556709132495e-07
74 1.7555556709132495e-07
75 1.7555556709132495e-07
76 1.7555556709132495e-07
77 1.7555556709132495e-07
78 1.7555556709132495e-07
79 1.7555556709132495e-07
80 1.7555556709132495e-07
81 1.7555556709132495e-07
82 1.7555556709132495e-07
83 1.7555556709132495e-07
84 8.124707428089777e-07
85 1.7555556709132495e-07
86 1.7555556709132495e-07
87 1.7555556709132495e-07
88 1.7555556709132495e-07
89 1.7555556709132495e-07
90 1.7555556709132495e-07
91 1.7555556709132495e-07
92 1.7555556709132495e-07
93 1.7555556709132495e-07
94 1.7555556709132495e-07
95 1.7555556709132495e-07
96 1.7555556709132495e-07
97 1.7555556709132495e-07
98 1.7555556709132495e-07
99 1.7555556709132495e-07
100 1.7555556709132495e-07
101 1.7555556709132495e-07
102 1.7555556709132495e-07
103 1.7555556709132495e-07
104 1.7555556709132495e-07
105 8.124707428089777e-07
106 1.7555556709132495e-07
107 1.7555556709132495e-07
108 1.7555556709132495e-07
109 1.7555556709132495e-07
110 1.7555556709132495e-07
111 1.7555556709132495e-07
112 1.7555556709132495e-07
113 1.7555556709132495e-07
114 1.7555556709132495e-07
115 1.7555556709132495e-07
116 1.7555556709132495e-07
117 1.7555556709132495e-07
118 1.7555556709132495e-07
119 1.7555556709132495e-07
120 1.7555556709132495e-07
121 1.7555556709132495e-07
122 1.7555556709132495e-07
123 1.7555556709132495e-07
124 1.7555556709132495e-07
125 1.7555556709132495e-07
126 8.124707428089777e-07
127 1.7555556709132495e-07
128 1.7555556709132495e-07
129 1.7555556709132495e-07
130 1.7555556709132495e-07
131 1.7555556709132495e-07
132 1.7555556709132495e-07
133 1.7555556709132495e-07
134 1.7555556709132495e-07
135 1.7555556709132495e-07
136 1.7555556709132495e-07
137 1.7555556709132495e-07
138 1.7555556709132495e-07
139 1.7555556709132495e-07
140 1.7555556709132495e-07
141 1.7555556709132495e-07
142 1.7555556709132495e-07
143 1.7555556709132495e-07
144 1.7555556709132495e-07
145 1.7555556709132495e-07
146 1.7555556709132495e-07
147 8.124707428089777e-07
148 1.7555556709132495e-07
149 1.7555556709132495e-07
150 1.7555556709132495e-07
151 1.7555556709132495e-07
152 1.7555556709132495e-07
153 1.7555556709132495e-07
154 1.7555556709132495e-07
155 1.7555556709132495e-07
156 1.7555556709132495e-07
157 1.7555556709132495e-07
158 1.7555556709132495e-07
159 1.7555556709132495e-07
160 1.7555556709132495e-07
161 1.7555556709132495e-07
162 1.7555556709132495e-07
163 1.7555556709132495e-07
164 1.7555556709132495e-07
165 1.7555556709132495e-07
166 1.7555556709132495e-07
167 1.7555556709132495e-07
168 8.124707428089777e-07
169 1.7555556709132495e-07
170 1.7555556709132495e-07
171 1.7555556709132495e-07
172 1.7555556709132495e-07
173 1.7555556709132495e-07
174 1.7555556709132495e-07
175 1.7555556709132495e-07
176 1.7555556709132495e-07
177 1.7555556709132495e-07
178 1.7555556709132495e-07
179 1.7555556709132495e-07
180 1.7555556709132495e-07
181 1.7555556709132495e-07
182 1.7555556709132495e-07
183 1.7555556709132495e-07
184 1.7555556709132495e-07
185 1.7555556709132495e-07
186 1.7555556709132495e-07
187 1.7555556709132495e-07
188 1.7555556709132495e-07
189 8.124707428089777e-07
190 1.7555556709132495e-07
191 1.7555556709132495e-07
192 1.7555556709132495e-07
193 1.7555556709132495e-07
194 1.7555556709132495e-07
195 1.7555556709132495e-07
196 1.7555556709132495e-07
197 1.7555556709132495e-07
198 1.7555556709132495e-07
199 1.7555556709132495e-07
200 1.7555556709132495e-07
201 1.7555556709132495e-07
202 1.7555556709132495e-07
203 1.7555556709132495e-07
204 1.7555556709132495e-07
205 1.7555556709132495e-07
206 1.7555556709132495e-07
207 1.7555556709132495e-07
208 1.7555556709132495e-07
209 1.7555556709132495e-07
210 8.124707428089777e-07
211 1.7555556709132495e-07
212 1.7555556709132495e-07
213 1.7555556709132495e-07
214 1.7555556709132495e-07
215 1.7555556709132495e-07
216 1.7555556709132495e-07
217 1.7555556709132495e-07
218 1.7555556709132495e-07
219 1.7555556709132495e-07
220 1.7555556709132495e-07
221 1.7555556709132495e-07
222 1.7555556709132495e-07
223 1.7555556709132495e-07
224 1.7555556709132495e-07
225 1.7555556709132495e-07
226 1.7555556709132495e-07
227 1.7555556709132495e-07
228 1.7555556709132495e-07
229 1.7555556709132495e-07
230 1.7555556709132495e-07
231 8.124707428089777e-07
232 1.7555556709132495e-07
233 1.7555556709132495e-07
234 1.7555556709132495e-07
235 1.7555556709132495e-07
236 1.7555556709132495e-07
237 1.7555556709132495e-07
238 1.7555556709132495e-07
239 1.7555556709132495e-07
240 1.7555556709132495e-07
241 1.7555556709132495e-07
242 1.7555556709132495e-07
243 1.7555556709132495e-07
244 1.7555556709132495e-07
245 1.7555556709132495e-07
246 1.7555556709132495e-07
247 1.7555556709132495e-07
248 1.7555556709132495e-07
249 1.7555556709132495e-07
250 1.7555556709132495e-07
251 1.7555556709132495e-07
252 8.124707428089777e-07
253 1.7555556709132495e-07
254 1.7555556709132495e-07
255 1.7555556709132495e-07
256 1.7555556709132495e-07
257 1.7555556709132495e-07
258 1.7555556709132495e-07
259 1.7555556709132495e-07
260 1.7555556709132495e-07
261 1.7555556709132495e-07
262 1.7555556709132495e-07
263 1.7555556709132495e-07
264 1.7555556709132495e-07
265 1.7555556709132495e-07
266 1.7555556709132495e-07
267 1.7555556709132495e-07
268 1.7555556709132495e-07
269 1.7555556709132495e-07
270 1.7555556709132495e-07
271 1.7555556709132495e-07
272 1.7555556709132495e-07
273 8.124707428089777e-07
274 1.7555556709132495e-07
275 1.7555556709132495e-07
276 1.7555556709132495e-07
277 1.7555556709132495e-07
278 1.7555556709132495e-07
279 1.7555556709132495e-07
280 1.7555556709132495e-07
281 1.7555556709132495e-07
282 1.7555556709132495e-07
283 1.7555556709132495e-07
284 1.7555556709132495e-07
285 1.7555556709132495e-07
286 1.7555556709132495e-07
287 1.7555556709132495e-07
288 1.7555556709132495e-07
289 1.7555556709132495e-07
290 1.7555556709132495e-07
291 1.7555556709132495e-07
292 1.7555556709132495e-07
293 1.7555556709132495e-07
294 8.124707428089777e-07
295 5.769141797809077e-06
296 5.769141797809077e-06
297 5.769141797809077e-06
298 5.769141797809077e-06
299 5.769141797809077e-06
300 5.769141797809077e-06
301 5.769141797809077e-06
302 5.769141797809077e-06
303 5.769141797809077e-06
304 5.769141797809077e-06
305 5.769141797809077e-06
306 5.769141797809077e-06
307 5.769141797809077e-06
308 5.769141797809077e-06
309 5.769141797809077e-06
310 5.769141797809077e-06
311 5.769141797809077e-06
312 5.769141797809077e-06
313 5.769141797809077e-06
314 5.769141797809077e-06
315 8.124707428089777e-07
316 1.7555556709132495e-07
317 1.7555556709132495e-07
318 1.7555556709132495e-07
319 1.7555556709132495e-07
320 1.7555556709132495e-07
321 1.7555556709132495e-07
322 1.7555556709132495e-07
323 1.7555556709132495e-07
324 1.7555556709132495e-07
325 1.7555556709132495e-07
326 1.7555556709132495e-07
327 1.7555556709132495e-07
328 1.7555556709132495e-07
329 1.7555556709132495e-07
330 1.7555556709132495e-07
331 1.7555556709132495e-07
332 1.7555556709132495e-07
333 1.7555556709132495e-07
334 1.7555556709132495e-07
335 1.7555556709132495e-07
336 8.124707428089777e-07
337 5.769141797809077e-06
338 5.769141797809077e-06
339 5.769141797809077e-06
340 5.769141797809077e-06
341 5.769141797809077e-06
342 5.769141797809077e-06
343 5.769141797809077e-06
344 5.769141797809077e-06
345 5.769141797809077e-06
346 5.769141797809077e-06
347 5.769141797809077e-06
348 5.769141797809077e-06
349 5.769141797809077e-06
350 5.769141797809077e-06
351 5.769141797809077e-06
352 5.769141797809077e-06
353 5.769141797809077e-06
354 5.769141797809077e-06
355 5.769141797809077e-06
356 5.769141797809077e-06
357 8.124707428089777e-07
358 1.7555556709132495e-07
359 1.7555556709132495e-07
360 1.7555556709132495e-07
361 1.7555556709132495e-07
362 1.7555556709132495e-07
363 1.7555556709132495e-07
364 1.7555556709132495e-07
365 1.7555556709132495e-07
366 1.7555556709132495e-07
367 1.7555556709132495e-07
368 1.7555556709132495e-07
369 1.7555556709132495e-07
370 1.7555556709132495e-07
371 1.7555556709132495e-07
372 1.7555556709132495e-07
373 1.7555556709132495e-07
374 1.7555556709132495e-07
375 1.7555556709132495e-07
376 1.7555556709132495e-07
377 1.7555556709132495e-07
378 8.124707428089777e-07
379 1.7555556709132495e-07
380 1.7555556709132495e-07
381 1.7555556709132495e-07
382 1.7555556709132495e-07
383 1.7555556709132495e-07
384 1.7555556709132495e-07
385 1.7555556709132495e-07
386 1.7555556709132495e-07
387 1.7555556709132495e-07
388 1.7555556709132495e-07
389 1.7555556709132495e-07
390 1.7555556709132495e-07
391 1.7555556709132495e-07
392 1.7555556709132495e-07
393 1.7555556709132495e-07
394 1.7555556709132495e-07
395 1.7555556709132495e-07
396 1.7555556709132495e-07
397 1.7555556709132495e-07
398 1.7555556709132495e-07
399 8.124707428089777e-07
400 1.7555556709132495e-07
401 1.7555556709132495e-07
402 1.7555556709132495e-07
403 1.7555556709132495e-07
404 1.7555556709132495e-07
405 1.7555556709132495e-07
406 1.7555556709132495e-07
407 1.7555556709132495e-07
408 1.7555556709132495e-07
409 1.7555556709132495e-07
410 1.7555556709132495e-07
411 1.7555556709132495e-07
412 1.7555556709132495e-07
413 1.7555556709132495e-07
414 1.7555556709132495e-07
415 1.7555556709132495e-07
416 1.7555556709132495e-07
417 1.7555556709132495e-07
418 1.7555556709132495e-07
419 1.7555556709132495e-07
420 8.124707428089777e-07
421 1.7555556709132495e-07
422 1.7555556709132495e-07
423 1.7555556709132495e-07
424 1.7555556709132495e-07
425 1.7555556709132495e-07
426 1.7555556709132495e-07
427 1.7555556709132495e-07
428 1.7555556709132495e-07
429 1.7555556709132495e-07
430 1.7555556709132495e-07
431 1.7555556709132495e-07
432 1.7555556709132495e-07
433 1.7555556709132495e-07
434 1.7555556709132495e-07
435 1.7555556709132495e-07
436 1.7555556709132495e-07
437 1.7555556709132495e-07
438 1.7555556709132495e-07
439 1.7555556709132495e-07
440 1.7555556709132495e-07
441 8.124707428089777e-07
442 1.7555556709132495e-07
443 1.7555556709132495e-07
444 1.7555556709132495e-07
445 1.7555556709132495e-07
446 1.7555556709132495e-07
447 1.7555556709132495e-07
448 1.7555556709132495e-07
449 1.7555556709132495e-07
450 1.7555556709132495e-07
451 1.7555556709132495e-07
452 1.7555556709132495e-07
453 1.7555556709132495e-07
454 1.7555556709132495e-07
455 1.7555556709132495e-07
456 1.7555556709132495e-07
457 1.7555556709132495e-07
458 1.7555556709132495e-07
459 1.7555556709132495e-07
460 1.7555556709132495e-07
461 1.7555556709132495e-07
462 8.124707428089777e-07
463 1.7555556709132495e-07
464 1.7555556709132495e-07
465 1.7555556709132495e-07
466 1.7555556709132495e-07
467 1.7555556709132495e-07
468 1.7555556709132495e-07
469 1.7555556709132495e-07
470 1.7555556709132495e-07
471 1.7555556709132495e-07
472 1.7555556709132495e-07
473 1.7555556709132495e-07
474 1.7555556709132495e-07
475 1.7555556709132495e-07
476 1.7555556709132495e-07
477 1.7555556709132495e-07
478 1.7555556709132495e-07
479 1.7555556709132495e-07
480 1.7555556709132495e-07
481 1.7555556709132495e-07
482 1.7555556709132495e-07
483 8.124707428089777e-07
484 1.7555556709132495e-07
485 1.7555556709132495e-07
486 1.7555556709132495e-07
487 1.7555556709132495e-07
488 1.7555556709132495e-07
489 1.7555556709132495e-07
490 1.7555556709132495e-07
491 1.7555556709132495e-07
492 1.7555556709132495e-07
493 1.7555556709132495e-07
494 1.7555556709132495e-07
495 1.7555556709132495e-07
496 1.7555556709132495e-07
497 1.7555556709132495e-07
498 1.7555556709132495e-07
499 1.7555556709132495e-07
500 1.7555556709132495e-07
501 1.7555556709132495e-07
502 1.7555556709132495e-07
503 1.7555556709132495e-07
504 8.124707428089777e-07
505 1.7555556709132495e-07
506 1.7555556709132495e-07
507 1.7555556709132495e-07
508 1.7555556709132495e-07
509 1.7555556709132495e-07
510 1.7555556709132495e-07
511 1.7555556709132495e-07
512 1.7555556709132495e-07
513 1.7555556709132495e-07
514 1.7555556709132495e-07
515 1.7555556709132495e-07
516 1.7555556709132495e-07
517 1.7555556709132495e-07
518 1.7555556709132495e-07
519 1.7555556709132495e-07
520 1.7555556709132495e-07
521 1.7555556709132495e-07
522 1.7555556709132495e-07
523 1.7555556709132495e-07
524 1.7555556709132495e-07
525 8.124707428089777e-07
526 1.7555556709132495e-07
527 1.7555556709132495e-07
528 1.7555556709132495e-07
529 1.7555556709132495e-07
530 1.7555556709132495e-07
531 1.7555556709132495e-07
532 1.7555556709132495e-07
533 1.7555556709132495e-07
534 1.7555556709132495e-07
535 1.7555556709132495e-07
536 1.7555556709132495e-07
537 1.7555556709132495e-07
538 1.7555556709132495e-07
539 1.7555556709132495e-07
540 1.7555556709132495e-07
541 1.7555556709132495e-07
542 1.7555556709132495e-07
543 1.7555556709132495e-07
544 1.7555556709132495e-07
545 1.7555556709132495e-07
546 8.124707428089777e-07
547 1.7555556709132495e-07
548 1.7555556709132495e-07
549 1.7555556709132495e-07
550 1.7555556709132495e-07
551 1.7555556709132495e-07
552 1.7555556709132495e-07
553 1.7555556709132495e-07
554 1.7555556709132495e-07
555 1.7555556709132495e-07
556 1.7555556709132495e-07
557 1.7555556709132495e-07
558 1.7555556709132495e-07
559 1.7555556709132495e-07
560 1.7555556709132495e-07
561 1.7555556709132495e-07
562 1.7555556709132495e-07
563 1.7555556709132495e-07
564 1.7555556709132495e-07
565 1.7555556709132495e-07
566 1.7555556709132495e-07
567 8.124707428089777e-07
568 1.7555556709132495e-07
569 1.7555556709132495e-07
570 1.7555556709132495e-07
571 1.7555556709132495e-07
572 1.7555556709132495e-07
573 1.7555556709132495e-07
574 1.7555556709132495e-07
575 1.7555556709132495e-07
576 1.7555556709132495e-07
577 1.7555556709132495e-07
578 1.7555556709132495e-07
579 1.7555556709132495e-07
580 1.7555556709132495e-07
581 1.7555556709132495e-07
582 1.7555556709132495e-07
583 1.7555556709132495e-07
584 1.7555556709132495e-07
585 1.7555556709132495e-07
586 1.7555556709132495e-07
587 1.7555556709132495e-07
588 8.124707428089777e-07
589 1.7555556709132495e-07
590 1.7555556709132495e-07
591 1.7555556709132495e-07
592 1.7555556709132495e-07
593 1.7555556709132495e-07
594 1.7555556709132495e-07
595 1.7555556709132495e-07
596 1.7555556709132495e-07
597 1.7555556709132495e-07
598 1.7555556709132495e-07
599 1.7555556709132495e-07
600 1.7555556709132495e-07
601 1.7555556709132495e-07
602 1.7555556709132495e-07
603 1.7555556709132495e-07
604 1.7555556709132495e-07
605 1.7555556709132495e-07
606 1.7555556709132495e-07
607 1.7555556709132495e-07
608 1.7555556709132495e-07
609 8.124707428089777e-07
610 1.7555556709132495e-07
611 1.7555556709132495e-07
612 1.7555556709132495e-07
613 1.7555556709132495e-07
614 1.7555556709132495e-07
615 1.7555556709132495e-07
616 1.7555556709132495e-07
617 1.7555556709132495e-07
618 1.7555556709132495e-07
619 1.7555556709132495e-07
620 1.7555556709132495e-07
621 1.7555556709132495e-07
622 1.7555556709132495e-07
623 1.7555556709132495e-07
624 1.7555556709132495e-07
625 1.7555556709132495e-07
626 1.7555556709132495e-07
627 1.7555556709132495e-07
628 1.7555556709132495e-07
629 1.7555556709132495e-07
630 8.124707428089777e-07
631 1.7555556709132495e-07
632 1.7555556709132495e-07
633 1.7555556709132495e-07
634 1.7555556709132495e-07
635 1.7555556709132495e-07
636 1.7555556709132495e-07
637 1.7555556709132495e-07
638 1.7555556709132495e-07
639 1.7555556709132495e-07
640 1.7555556709132495e-07
641 1.7555556709132495e-07
642 1.7555556709132495e-07
643 1.7555556709132495e-07
644 1.7555556709132495e-07
645 1.7555556709132495e-07
646 1.7555556709132495e-07
647 1.7555556709132495e-07
648 1.7555556709132495e-07
649 1.7555556709132495e-07
650 1.7555556709132495e-07
651 8.124707428089777e-07
652 1.7555556709132495e-07
653 1.7555556709132495e-07
654 1.7555556709132495e-07
655 1.7555556709132495e-07
656 1.7555556709132495e-07
657 1.7555556709132495e-07
658 1.7555556709132495e-07
659 1.7555556709132495e-07
660 1.7555556709132495e-07
661 1.7555556709132495e-07
662 1.7555556709132495e-07
663 1.7555556709132495e-07
664 1.7555556709132495e-07
665 1.7555556709132495e-07
666 1.7555556709132495e-07
667 1.7555556709132495e-07
668 1.7555556709132495e-07
669 1.7555556709132495e-07
670 1.7555556709132495e-07
671 1.7555556709132495e-07
672 8.124707428089777e-07
673 1.7555556709132495e-07
674 1.7555556709132495e-07
675 1.7555556709132495e-07
676 1.7555556709132495e-07
677 1.7555556709132495e-07
678 1.7555556709132495e-07
679 1.7555556709132495e-07
680 1.7555556709132495e-07
681 1.7555556709132495e-07
682 1.7555556709132495e-07
683 1.7555556709132495e-07
684 1.7555556709132495e-07
685 1.7555556709132495e-07
686 1.7555556709132495e-07
687 1.7555556709132495e-07
688 1.7555556709132495e-07
689 1.7555556709132495e-07
690 1.7555556709132495e-07
691 1.7555556709132495e-07
692 1.7555556709132495e-07
693 8.124707428089777e-07
694 1.7555556709132495e-07
695 1.7555556709132495e-07
696 1.7555556709132495e-07
697 1.7555556709132495e-07
698 1.7555556709132495e-07
699 1.7555556709132495e-07
700 1.7555556709132495e-07
701 1.7555556709132495e-07
702 1.7555556709132495e-07
703 1.7555556709132495e-07
704 1.7555556709132495e-07
705 1.7555556709132495e-07
706 1.7555556709132495e-07
707 1.7555556709132495e-07
708 1.7555556709132495e-07
709 1.7555556709132495e-07
710 1.7555556709132495e-07
711 1.7555556709132495e-07
712 1.7555556709132495e-07
713 1.7555556709132495e-07
714 8.124707428089777e-07
715 1.7555556709132495e-07
716 1.7555556709132495e-07
717 1.7555556709132495e-07
718 1.7555556709132495e-07
719 1.7555556709132495e-07
720 1.7555556709132495e-07
721 1.7555556709132495e-07
722 1.7555556709132495e-07
723 1.7555556709132495e-07
724 1.7555556709132495e-07
725 1.7555556709132495e-07
726 1.7555556709132495e-07
727 1.7555556709132495e-07
728 1.7555556709132495e-07
729 1.7555556709132495e-07
730 1.7555556709132495e-07
731 1.7555556709132495e-07
732 1.7555556709132495e-07
733 1.7555556709132495e-07
734 1.7555556709132495e-07
735 8.124707428089777e-07
736 1.7555556709132495e-07
737 1.7555556709132495e-07
738 1.7555556709132495e-07
739 1.7555556709132495e-07
740 1.7555556709132495e-07
741 1.7555556709132495e-07
742 1.7555556709132495e-07
743 1.7555556709132495e-07
744 1.7555556709132495e-07
745 1.7555556709132495e-07
746 1.7555556709132495e-07
747 1.7555556709132495e-07
748 1.7555556709132495e-07
749 1.7555556709132495e-07
750 1.7555556709132495e-07
751 1.7555556709132495e-07
752 1.7555556709132495e-07
753 1.7555556709132495e-07
754 1.7555556709132495e-07
755 1.7555556709132495e-07
756 8.124707428089777e-07
757 1.7555556709132495e-07
758 1.7555556709132495e-07
759 1.7555556709132495e-07
760 1.7555556709132495e-07
761 1.7555556709132495e-07
762 1.7555556709132495e-07
763 1.7555556709132495e-07
764 1.7555556709132495e-07
765 1.7555556709132495e-07
766 1.7555556709132495e-07
767 1.7555556709132495e-07
768 1.7555556709132495e-07
769 1.7555556709132495e-07
770 1.7555556709132495e-07
771 1.7555556709132495e-07
772 1.7555556709132495e-07
773 1.7555556709132495e-07
774 1.7555556709132495e-07
775 1.7555556709132495e-07
776 1.7555556709132495e-07
777 8.124707428089777e-07
778 1.3439556709132484e-07
779 6.940213485770978e-08
780 1.3439556709132484e-07
781 6.940213485770978e-08
782 1.3439556709132484e-07
783 6.940213485770978e-08
784 1.3439556709132484e-07
785 6.940213485770978e-08
786 1.3439556709132484e-07
787 6.940213485770978e-08
788 1.3439556709132484e-07
789 6.940213485770978e-08
790 1.3439556709132484e-07
791 6.940213485770978e-08
792 1.3439556709132484e-07
793 6.940213485770978e-08
794 1.3439556709132484e-07
795 6.940213485770978e-08
796 1.3439556709132484e-07
797 6.940213485770978e-08
798 1.3439556709132484e-07
799 6.940213485770978e-08
800 1.3439556709132484e-07
801 6.940213485770978e-08
802 1.3439556709132484e-07
803 6.940213485770978e-08
804 1.3439556709132484e-07
805 6.940213485770978e-08
806 1.3439556709132484e-07
807 6.940213485770978e-08
808 1.3439556709132484e-07
809 6.940213485770978e-08
810 1.3439556709132484e-07
811 6.940213485770978e-08
812 1.3439556709132484e-07
813 6.940213485770978e-08
814 1.3439556709132484e-07
815 6.940213485770978e-08
816 1.3439556709132484e-07
817 6.940213485770978e-08
818 1.3439556709132484e-07
819 6.940213485770978e-08
820 1.3439556709132484e-07
821 6.940213485770978e-08
822 1.3439556709132484e-07
823 6.940213485770978e-08
824 1.3439556709132484e-07
825 6.940213485770978e-08
826 1.3439556709132484e-07
827 6.940213485770978e-08
828 1.3439556709132484e-07
829 6.940213485770978e-08
830 1.3439556709132484e-07
831 6.940213485770978e-08
832 1.3439556709132484e-07
833 6.940213485770978e-08
834 1.3439556709132484e-07
835 6.940213485770978e-08
836 1.3439556709132484e-07
837 6.940213485770978e-08
838 1.3439556709132484e-07
839 6.940213485770978e-08
840 1.3439556709132484e-07
841 6.940213485770978e-08
842 1.3439556709132484e-07
843 6.940213485770978e-08
844 1.3439556709132484e-07
845 6.940213485770978e-08
846 1.3439556709132484e-07
847 6.940213485770978e-08
848 1.3439556709132484e-07
849 6.940213485770978e-08
850 1.3439556709132484e-07
851 6.940213485770978e-08
852 1.3439556709132484e-07
853 6.940213485770978e-08
854 1.3439556709132484e-07
855 6.940213485770978e-08
856 1.3439556709132484e-07
857 6.940213485770978e-08
858 1.3439556709132484e-07
859 6.940213485770978e-08
860 1.3439556709132484e-07
861 6.940213485770978e-08
862 1.3439556709132484e-07
863 6.940213485770978e-08
864 1.3439556709132484e-07
865 6.940213485770978e-08
866 1.3439556709132484e-07
867 6.940213485770978e-08
868 1.3439556709132484e-07
869 6.940213485770978e-08
870 1.3439556709132484e-07
871 6.940213485770978e-08
872 1.3439556709132484e-07
873 6.940213485770978e-08
874 1.3439556709132484e-07
875 6.940213485770978e-08
876 1.3439556709132484e-07
877 6.940213485770978e-08
878 1.3439556709132484e-07
879 6.940213485770978e-08
880 1.3439556709132484e-07
881 6.940213485770978e-08
882 1.3439556709132484e-07
883 6.940213485770978e-08
884 1.3439556709132484e-07
885 6.940213485770978e-08
886 1.3439556709132484e-07
887 6.940213485770978e-08
888 1.3439556709132484e-07
889 6.940213485770978e-08
890 1.3439556709132484e-07
891 6.940213485770978e-08
892 1.3439556709132484e-07
893 6.940213485770978e-08
894 1.3439556709132484e-07
895 6.940213485770978e-08
896 1.3439556709132484e-07
897 6.940213485770978e-08
898 1.3439556709132484e-07
899 6.940213485770978e-08
900 1.3439556709132484e-07
901 6.940213485770978e-08
902 1.3439556709132484e-07
903 6.940213485770978e-08
904 1.3439556709132484e-07
905 6.940213485770978e-08
906 1.3439556709132484e-07
907 6.940213485770978e-08
908 1.3439556709132484e-07
909 6.940213485770978e-08
910 1.3439556709132484e-07
911 6.940213485770978e-08
912 1.3439556709132484e-07
913 6.940213485770978e-08
914 1.3439556709132484e-07
915 6.940213485770978e-08
916 1.3439556709132484e-07
917 6.940213485770978e-08
918 1.3439556709132484e-07
919 6.940213485770978e-08
920 1.3439556709132484e-07
921 6.940213485770978e-08
922 1.3439556709132484e-07
923 6.940213485770978e-08
924 1.3439556709132484e-07
925 6.940213485770978e-08
926 1.3439556709132484e-07
927 6.940213485770978e-08
928 1.3439556709132484e-07
929 6.940213485770978e-08
930 1.3439556709132484e-07
931 6.940213485770978e-08
932 1.3439556709132484e-07
933 6.940213485770978e-08
934 1.3439556709132484e-07
935 6.940213485770978e-08
936 1.3439556709132484e-07
937 6.940213485770978e-08
938 1.3439556709132484e-07
939 6.940213485770978e-08
940 1.3439556709132484e-07
941 6.940213485770978e-08
942 1.3439556709132484e-07
943 6.940213485770978e-08
944 1.3439556709132484e-07
945 6.940213485770978e-08
946 1.3439556709132484e-07
947 6.940213485770978e-08
948 1.3439556709132484e-07
949 6.940213485770978e-08
950 1.3439556709132484e-07
951 6.940213485770978e-08
952 1.3439556709132484e-07
953 6.940213485770978e-08
954 1.3439556709132484e-07
955 6.940213485770978e-08
956 1.3439556709132484e-07
957 6.940213485770978e-08
958 1.3439556709132484e-07
959 6.940213485770978e-08
960 1.3439556709132484e-07
961 6.940213485770978e-08
962 1.3439556709132484e-07
963 6.940213485770978e-08
964 1.3439556709132484e-07
965 6.940213485770978e-08
966 1.3439556709132484e-07
967 6.940213485770978e-08
968 1.3439556709132484e-07
969 6.940213485770978e-08
970 1.3439556709132484e-07
971 6.940213485770978e-08
972 1.3439556709132484e-07
973 6.940213485770978e-08
974 1.3439556709132484e-07
975 6.940213485770978e-08
976 1.3439556709132484e-07
977 6.940213485770978e-08
978 1.3439556709132484e-07
979 6.940213485770978e-08
980 1.3439556709132484e-07
981 6.940213485770978e-08
982 1.3439556709132484e-07
983 6.940213485770978e-08
984 1.3439556709132484e-07
985 6.940213485770978e-08
986 1.3439556709132484e-07
987 6.940213485770978e-08
988 1.3439556709132484e-07
989 6.940213485770978e-08
990 1.3439556709132484e-07
991 6.940213485770978e-08
992 1.3439556709132484e-07
993 6.940213485770978e-08
994 1.3439556709132484e-07
995 6.940213485770978e-08
996 1.3439556709132484e-07
997 6.940213485770978e-08
998 1.3439556709132484e-07
999 6.940213485770978e-08
1000 1.3439556709132484e-07
1001 6.940213485770978e-08
1002 1.3439556709132484e-07
1003 6.940213485770978e-08
1004 1.3439556709132484e-07
1005 6.940213485770978e-08
1006 1.3439556709132484e-07
1007 6.940213485770978e-08
1008 1.3439556709132484e-07
1009 6.940213485770978e-08
1010 1.3439556709132484e-07
1011 6.940213485770978e-08
1012 1.3439556709132484e-07
1013 6.940213485770978e-08
1014 1.3439556709132484e-07
1015 6.940213485770978e-08
1016 1.3439556709132484e-07
1017 6.940213485770978e-08
1018 1.3439556709132484e-07
1019 6.940213485770978e-08
1020 1.3439556709132484e-07
1021 6.940213485770978e-08
1022 1.3439556709132484e-07
1023 6.940213485770978e-08
1024 1.3439556709132484e-07
1025 6.940213485770978e-08
1026 1.3439556709132484e-07
1027 6.940213485770978e-08
1028 1.3439556709132484e-07
1029 6.940213485770978e-08
1030 1.3439556709132484e-07
1031 6.940213485770978e-08
1032 1.3439556709132484e-07
1033 6.940213485770978e-08
1034 1.3439556709132484e-07
1035 6.940213485770978e-08
1036 1.3439556709132484e-07
1037 6.940213485770978e-08
1038 1.3439556709132484e-07
1039 6.940213485770978e-08
1040 1.3439556709132484e-07
1041 6.940213485770978e-08
1042 1.3439556709132484e-07
1043 6.940213485770978e-08
1044 1.3439556709132484e-07
1045 6.940213485770978e-08
1046 1.3439556709132484e-07
1047 6.940213485770978e-08
1048 1.3439556709132484e-07
1049 6.940213485770978e-08
1050 1.3439556709132484e-07
1051 6.940213485770978e-08
1052 1.3439556709132484e-07
1053 6.940213485770978e-08
1054 1.3439556709132484e-07
1055 6.940213485770978e-08
1056 1.3439556709132484e-07
1057 6.940213485770978e-08
1058 1.3439556709132484e-07
1059 6.940213485770978e-08
1060 1.3439556709132484e-07
1061 6.940213485770978e-08
1062 1.3439556709132484e-07
1063 6.940213485770978e-08
1064 1.3439556709132484e-07
1065 6.940213485770978e-08
1066 1.3439556709132484e-07
1067 6.940213485770978e-08
1068 1.3439556709132484e-07
1069 6.940213485770978e-08
1070 1.3439556709132484e-07
1071 6.940213485770978e-08
1072 1.3439556709132484e-07
1073 6.940213485770978e-08
1074 1.3439556709132484e-07
1075 6.940213485770978e-08
1076 1.3439556709132484e-07
1077 6.940213485770978e-08
1078 1.3439556709132484e-07
1079 6.940213485770978e-08
1080 1.3439556709132484e-07
1081 6.940213485770978e-08
1082 1.3439556709132484e-07
1083 6.940213485770978e-08
1084 1.3439556709132484e-07
1085 6.940213485770978e-08
1086 1.3439556709132484e-07
1087 6.940213485770978e-08
1088 1.3439556709132484e-07
1089 6.940213485770978e-08
1090 1.3439556709132484e-07
1091 6.940213485770978e-08
1092 1.3439556709132484e-07
1093 6.940213485770978e-08
1094 1.3439556709132484e-07
1095 6.940213485770978e-08
1096 1.3439556709132484e-07
1097 6.940213485770978e-08
1098 1.3439556709132484e-07
1099 6.940213485770978e-08
1100 1.3439556709132484e-07
1101 6.940213485770978e-08
1102 1.3439556709132484e-07
1103 6.940213485770978e-08
1104 1.3439556709132484e-07
1105 6.940213485770978e-08
1106 1.3439556709132484e-07
1107 6.940213485770978e-08
1108 1.3439556709132484e-07
1109 6.940213485770978e-08
1110 1.3439556709132484e-07
1111 6.940213485770978e-08
1112 1.3439556709132484e-07
1113 6.940213485770978e-08
1114 1.3439556709132484e-07
1115 6.940213485770978e-08
1116 1.3439556709132484e-07
1117 6.940213485770978e-08
1118 1.3439556709132484e-07
1119 6.940213485770978e-08
1120 1.3439556709132484e-07
1121 6.940213485770978e-08
1122 1.3439556709132484e-07
1123 6.940213485770978e-08
1124 1.3439556709132484e-07
1125 6.940213485770978e-08
1126 1.3439556709132484e-07
1127 6.940213485770978e-08
1128 1.3439556709132484e-07
1129 6.940213485770978e-08
1130 1.3439556709132484e-07
1131 6.940213485770978e-08
1132 1.3439556709132484e-07
1133 6.940213485770978e-08
1134 1.3439556709132484e-07
1135 6.940213485770978e-08
1136 1.3439556709132484e-07
1137 6.940213485770978e-08
1138 1.3439556709132484e-07
1139 6.940213485770978e-08
1140 1.3439556709132484e-07
1141 6.940213485770978e-08
1142 1.3439556709132484e-07
1143 6.940213485770978e-08
1144 1.3439556709132484e-07
1145 6.940213485770978e-08
1146 1.3439556709132484e-07
1147 6.940213485770978e-08
1148 1.3439556709132484e-07
1149 6.940213485770978e-08
1150 1.3439556709132484e-07
1151 6.940213485770978e-08
1152 1.3439556709132484e-07
1153 6.940213485770978e-08
1154 1.3439556709132484e-07
1155 6.940213485770978e-08
1156 1.3439556709132484e-07
1157 6.940213485770978e-08
1158 1.3439556709132484e-07
1159 6.940213485770978e-08
1160 1.3439556709132484e-07
1161 6.940213485770978e-08
1162 1.3439556709132484e-07
1163 6.940213485770978e-08
1164 1.3439556709132484e-07
1165 6.940213485770978e-08
1166 1.3439556709132484e-07
1167 6.940213485770978e-08
1168 1.3439556709132484e-07
1169 6.940213485770978e-08
1170 1.3439556709132484e-07
1171 6.940213485770978e-08
1172 1.3439556709132484e-07
1173 6.940213485770978e-08
1174 1.3439556709132484e-07
1175 6.940213485770978e-08
1176 1.3439556709132484e-07
1177 6.940213485770978e-08
1178 1.3439556709132484e-07
1179 6.940213485770978e-08
1180 1.3439556709132484e-07
1181 6.940213485770978e-08
1182 1.3439556709132484e-07
1183 6.940213485770978e-08
1184 1.3439556709132484e-07
1185 6.940213485770978e-08
1186 1.3439556709132484e-07
1187 6.940213485770978e-08
1188 1.3439556709132484e-07
1189 6.940213485770978e-08
1190 1.3439556709132484e-07
1191 6.940213485770978e-08
1192 1.3439556709132484e-07
1193 6.940213485770978e-08
1194 1.3439556709132484e-07
1195 6.940213485770978e-08
1196 1.3439556709132484e-07
1197 6.940213485770978e-08
1198 1.3439556709132484e-07
1199 6.940213485770978e-08
1200 1.3439556709132484e-07
1201 6.940213485770978e-08
1202 1.3439556709132484e-07
1203 6.940213485770978e-08
1204 1.3439556709132484e-07
1205 6.940213485770978e-08
1206 1.3439556709132484e-07
1207 6.940213485770978e-08
1208 1.3439556709132484e-07
1209 6.940213485770978e-08
1210 1.3439556709132484e-07
1211 6.940213485770978e-08
1212 1.3439556709132484e-07
1213 6.940213485770978e-08
1214 1.3439556709132484e-07
1215 6.940213485770978e-08
1216 1.3439556709132484e-07
1217 6.940213485770978e-08
1218 1.3439556709132484e-07
1219 6.940213485770978e-08
1220 1.3439556709132484e-07
1221 6.940213485770978e-08
1222 1.3439556709132484e-07
1223 6.940213485770978e-08
1224 1.3439556709132484e-07
1225 6.940213485770978e-08
1226 1.3439556709132484e-07
1227 6.940213485770978e-08
1228 1.3439556709132484e-07
1229 6.940213485770978e-08
1230 1.3439556709132484e-07
1231 6.940213485770978e-08
1232 1.3439556709132484e-07
1233 6.940213485770978e-08
1234 1.3439556709132484e-07
1235 6.940213485770978e-08
1236 1.3439556709132484e-07
1237 6.940213485770978e-08
1238 1.3439556709132484e-07
1239 6.940213485770978e-08
1240 1.3439556709132484e-07
1241 6.940213485770978e-08
1242 1.3439556709132484e-07
1243 6.940213485770978e-08
1244 1.3439556709132484e-07
1245 6.940213485770978e-08
1246 1.3439556709132484e-07
1247 6.940213485770978e-08
1248 1.3439556709132484e-07
1249 6.940213485770978e-08
1250 1.3439556709132484e-07
1251 6.940213485770978e-08
1252 1.3439556709132484e-07
1253 6.940213485770978e-08
1254 1.3439556709132484e-07
1255 6.940213485770978e-08
1256 1.3439556709132484e-07
1257 6.940213485770978e-08
1258 1.3439556709132484e-07
1259 6.940213485770978e-08
1260 1.3439556709132484e-07
1261 6.940213485770978e-08
1262 1.3439556709132484e-07
1263 6.940213485770978e-08
1264 1.3439556709132484e-07
1265 6.940213485770978e-08
1266 1.3439556709132484e-07
1267 6.940213485770978e-08
1268 1.3439556709132484e-07
1269 6.940213485770978e-08
1270 1.3439556709132484e-07
1271 6.940213485770978e-08
1272 1.3439556709132484e-07
1273 6.940213485770978e-08
1274 1.3439556709132484e-07
1275 6.940213485770978e-08
1276 1.3439556709132484e-07
1277 6.940213485770978e-08
1278 1.3439556709132484e-07
1279 6.940213485770978e-08
1280 1.3439556709132484e-07
1281 6.940213485770978e-08
1282 1.3439556709132484e-07
1283 6.940213485770978e-08
1284 1.3439556709132484e-07
1285 6.940213485770978e-08
1286 1.3439556709132484e-07
1287 6.940213485770978e-08
1288 1.3439556709132484e-07
1289 6.940213485770978e-08
1290 1.3439556709132484e-07
1291 6.940213485770978e-08
1292 1.3439556709132484e-07
1293 6.940213485770978e-08
1294 1.3439556709132484e-07
1295 6.940213485770978e-08
1296 1.3439556709132484e-07
1297 6.940213485770978e-08
1298 1.3439556709132484e-07
1299 6.940213485770978e-08
1300 1.3439556709132484e-07
1301 6.940213485770978e-08
1302 1.3439556709132484e-07
1303 6.940213485770978e-08
1304 1.3439556709132484e-07
1305 6.940213485770978e-08
1306 1.3439556709132484e-07
1307 6.940213485770978e-08
1308 1.3439556709132484e-07
1309 6.940213485770978e-08
1310 1.3439556709132484e-07
1311 6.940213485770978e-08
1312 1.3439556709132484e-07
1313 6.940213485770978e-08
1314 1.3439556709132484e-07
1315 6.940213485770978e-08
1316 1.3439556709132484e-07
1317 6.940213485770978e-08
1318 1.3439556709132484e-07
1319 6.940213485770978e-08
1320 1.3439556709132484e-07
1321 6.940213485770978e-08
1322 1.3439556709132484e-07
1323 6.940213485770978e-08
1324 1.3439556709132484e-07
1325 6.940213485770978e-08
1326 1.3439556709132484e-07
1327 6.940213485770978e-08
1328 1.3439556709132484e-07
1329 6.940213485770978e-08
1330 1.3439556709132484e-07
1331 6.940213485770978e-08
1332 1.3439556709132484e-07
1333 6.940213485770978e-08
1334 1.3439556709132484e-07
1335 6.940213485770978e-08
1336 1.3439556709132484e-07
1337 6.940213485770978e-08
1338 1.3439556709132484e-07
1339 6.940213485770978e-08
1340 1.3439556709132484e-07
1341 6.940213485770978e-08
1342 1.3439556709132484e-07
1343 6.940213485770978e-08
1344 1.3439556709132484e-07
1345 6.940213485770978e-08
1346 1.3439556709132484e-07
1347 6.940213485770978e-08
1348 1.3439556709132484e-07
1349 6.940213485770978e-08
1350 1.3439556709132484e-07
1351 6.940213485770978e-08
1352 1.3439556709132484e-07
1353 6.940213485770978e-08
1354 1.3439556709132484e-07
1355 6.940213485770978e-08
1356 1.3439556709132484e-07
1357 6.940213485770978e-08
1358 1.3439556709132484e-07
1359 6.940213485770978e-08
1360 1.3439556709132484e-07
1361 6.940213485770978e-08
1362 1.3439556709132484e-07
1363 6.940213485770978e-08
1364 1.3439556709132484e-07
1365 6.940213485770978e-08
1366 1.3439556709132484e-07
1367 6.940213485770978e-08
1368 1.3439556709132484e-07
1369 6.940213485770978e-08
1370 1.3439556709132484e-07
1371 6.940213485770978e-08
1372 1.3439556709132484e-07
1373 6.940213485770978e-08
1374 1.3439556709132484e-07
1375 6.940213485770978e-08
1376 1.3439556709132484e-07
1377 6.940213485770978e-08
1378 1.3439556709132484e-07
1379 6.940213485770978e-08
1380 1.3439556709132484e-07
1381 6.940213485770978e-08
1382 1.3439556709132484e-07
1383 6.940213485770978e-08
1384 1.3439556709132484e-07
1385 6.940213485770978e-08
1386 1.3439556709132484e-07
1387 6.940213485770978e-08
1388 1.3439556709132484e-07
1389 6.940213485770978e-08
1390 1.3439556709132484e-07
1391 6.940213485770978e-08
1392 1.3439556709132484e-07
1393 6.940213485770978e-08
1394 1.3439556709132484e-07
1395 6.940213485770978e-08
1396 1.3439556709132484e-07
1397 6.940213485770978e-08
1398 1.3439556709132484e-07
1399 6.940213485770978e-08
1400 1.3439556709132484e-07
1401 6.940213485770978e-08
1402 1.3439556709132484e-07
1403 6.940213485770978e-08
1404 1.3439556709132484e-07
1405 6.940213485770978e-08
1406 1.3439556709132484e-07
1407 6.940213485770978e-08
1408 1.3439556709132484e-07
1409 6.940213485770978e-08
1410 1.3439556709132484e-07
1411 6.940213485770978e-08
1412 1.3439556709132484e-07
1413 6.940213485770978e-08
1414 1.3439556709132484e-07
1415 6.940213485770978e-08
1416 1.3439556709132484e-07
1417 6.940213485770978e-08
1418 1.3439556709132484e-07
1419 6.940213485770978e-08
1420 1.3439556709132484e-07
1421 6.940213485770978e-08
1422 1.3439556709132484e-07
1423 6.940213485770978e-08
1424 1.3439556709132484e-07
1425 6.940213485770978e-08
1426 1.3439556709132484e-07
1427 6.940213485770978e-08
1428 1.3439556709132484e-07
1429 6.940213485770978e-08
1430 1.3439556709132484e-07
1431 6.940213485770978e-08
1432 1.3439556709132484e-07
1433 6.940213485770978e-08
1434 1.3439556709132484e-07
1435 6.940213485770978e-08
1436 1.3439556709132484e-07
1437 6.940213485770978e-08
1438 1.3439556709132484e-07
1439 6.940213485770978e-08
1440 1.3439556709132484e-07
1441 6.940213485770978e-08
1442 1.3439556709132484e-07
1443 6.940213485770978e-08
1444 1.3439556709132484e-07
1445 6.940213485770978e-08
1446 1.3439556709132484e-07
1447 6.940213485770978e-08
1448 1.3439556709132484e-07
1449 6.940213485770978e-08
1450 1.3439556709132484e-07
1451 6.940213485770978e-08
1452 1.3439556709132484e-07
1453 6.940213485770978e-08
1454 1.3439556709132484e-07
1455 6.940213485770978e-08
1456 1.3439556709132484e-07
1457 6.940213485770978e-08
1458 1.3439556709132484e-07
1459 6.940213485770978e-08
1460 1.3439556709132484e-07
1461 6.940213485770978e-08
1462 1.3439556709132484e-07
1463 6.940213485770978e-08
1464 1.3439556709132484e-07
1465 6.940213485770978e-08
1466 1.3439556709132484e-07
1467 6.940213485770978e-08
1468 1.3439556709132484e-07
1469 6.940213485770978e-08
1470 1.3439556709132484e-07
1471 6.940213485770978e-08
1472 1.3439556709132484e-07
1473 6.940213485770978e-08
1474 1.3439556709132484e-07
1475 6.940213485770978e-08
1476 1.3439556709132484e-07
1477 6.940213485770978e-08
1478 1.3439556709132484e-07
1479 6.940213485770978e-08
1480 1.3439556709132484e-07
1481 6.940213485770978e-08
1482 1.3439556709132484e-07
1483 6.940213485770978e-08
1484 1.3439556709132484e-07
1485 6.940213485770978e-08
1486 1.3439556709132484e-07
1487 6.940213485770978e-08
1488 1.3439556709132484e-07
1489 6.940213485770978e-08
1490 1.3439556709132484e-07
1491 6.940213485770978e-08
1492 1.3439556709132484e-07
1493 6.940213485770978e-08
1494 1.3439556709132484e-07
1495 6.940213485770978e-08
1496 1.3439556709132484e-07
1497 6.940213485770978e-08
1498 1.3439556709132484e-07
1499 6.940213485770978e-08
1500 1.3439556709132484e-07
1501 6.940213485770978e-08
1502 1.3439556709132484e-07
1503 6.940213485770978e-08
1504 1.3439556709132484e-07
1505 6.940213485770978e-08
1506 1.3439556709132484e-07
1507 6.940213485770978e-08
1508 1.3439556709132484e-07
1509 6.940213485770978e-08
1510 1.3439556709132484e-07
1511 6.940213485770978e-08
1512 1.3439556709132484e-07
1513 6.940213485770978e-08
1514 1.3439556709132484e-07
1515 6.940213485770978e-08
1516 1.3439556709132484e-07
1517 6.940213485770978e-08
1518 1.3439556709132484e-07
1519 6.940213485770978e-08
1520 1.3439556709132484e-07
1521 6.940213485770978e-08
1522 1.3439556709132484e-07
1523 6.940213485770978e-08
1524 1.3439556709132484e-07
1525 6.940213485770978e-08
1526 1.3439556709132484e-07
1527 6.940213485770978e-08
1528 1.3439556709132484e-07
1529 6.940213485770978e-08
1530 1.3439556709132484e-07
1531 6.940213485770978e-08
1532 1.3439556709132484e-07
1533 6.940213485770978e-08
1534 1.3439556709132484e-07
1535 6.940213485770978e-08
1536 1.3439556709132484e-07
1537 6.940213485770978e-08
1538 1.3439556709132484e-07
1539 6.940213485770978e-08
1540 1.3439556709132484e-07
1541 6.940213485770978e-08
1542 1.3439556709132484e-07
1543 6.940213485770978e-08
1544 1.3439556709132484e-07
1545 6.940213485770978e-08
1546 1.3439556709132484e-07
1547 6.940213485770978e-08
1548 1.3439556709132484e-07
1549 6.940213485770978e-08
1550 1.3439556709132484e-07
1551 6.940213485770978e-08
1552 1.3439556709132484e-07
1553 6.940213485770978e-08
1554 1.3439556709132484e-07
1555 6.940213485770978e-08
1556 1.3439556709132484e-07
1557 6.940213485770978e-08
1558 1.3439556709132484e-07
1559 6.940213485770978e-08
1560 1.3439556709132484e-07
1561 6.940213485770978e-08
1562 1.3439556709132484e-07
1563 6.940213485770978e-08
1564 1.3439556709132484e-07
1565 6.940213485770978e-08
1566 1.3439556709132484e-07
1567 6.940213485770978e-08
1568 1.3439556709132484e-07
1569 6.940213485770978e-08
1570 1.3439556709132484e-07
1571 6.940213485770978e-08
1572 1.3439556709132484e-07
1573 6.940213485770978e-08
1574 1.3439556709132484e-07
1575 6.940213485770978e-08
1576 1.3439556709132484e-07
1577 6.940213485770978e-08
1578 1.3439556709132484e-07
1579 6.940213485770978e-08
1580 1.3439556709132484e-07
1581 6.940213485770978e-08
1582 1.3439556709132484e-07
1583 6.940213485770978e-08
1584 1.3439556709132484e-07
1585 6.940213485770978e-08
1586 1.3439556709132484e-07
1587 6.940213485770978e-08
1588 1.3439556709132484e-07
1589 6.940213485770978e-08
1590 1.3439556709132484e-07
1591 6.940213485770978e-08
1592 1.3439556709132484e-07
1593 6.940213485770978e-08
1594 1.3439556709132484e-07
1595 6.940213485770978e-08
1596 1.3439556709132484e-07
1597 6.940213485770978e-08
1598 1.3439556709132484e-07
1599 6.940213485770978e-08
1600 1.3439556709132484e-07
1601 6.940213485770978e-08
1602 1.3439556709132484e-07
1603 6.940213485770978e-08
1604 1.3439556709132484e-07
1605 6.940213485770978e-08
1606 1.3439556709132484e-07
1607 6.940213485770978e-08
1608 1.3439556709132484e-07
1609 6.940213485770978e-08
1610 1.3439556709132484e-07
1611 6.940213485770978e-08
1612 1.3439556709132484e-07
1613 6.940213485770978e-08
1614 1.3439556709132484e-07
1615 6.940213485770978e-08
1616 1.3439556709132484e-07
1617 6.940213485770978e-08
1618 1.3439556709132484e-07
1619 6.940213485770978e-08
1620 1.3439556709132484e-07
1621 6.940213485770978e-08
1622 1.3439556709132484e-07
1623 6.940213485770978e-08
1624 1.3439556709132484e-07
1625 6.940213485770978e-08
1626 1.3439556709132484e-07
1627 6.940213485770978e-08
1628 1.3439556709132484e-07
1629 6.940213485770978e-08
1630 1.3439556709132484e-07
1631 6.940213485770978e-08
1632 1.3439556709132484e-07
1633 6.940213485770978e-08
1634 1.3439556709132484e-07
1635 6.940213485770978e-08
1636 1.3439556709132484e-07
1637 6.940213485770978e-08
1638 1.3439556709132484e-07
1639 6.940213485770978e-08
1640 1.3439556709132484e-07
1641 6.940213485770978e-08
1642 1.3439556709132484e-07
1643 6.940213485770978e-08
1644 1.3439556709132484e-07
1645 6.940213485770978e-08
1646 1.3439556709132484e-07
1647 6.940213485770978e-08
1648 1.3439556709132484e-07
1649 6.940213485770978e-08
1650 1.3439556709132484e-07
1651 6.940213485770978e-08
1652 1.3439556709132484e-07
1653 6.940213485770978e-08
1654 1.3439556709132484e-07
1655 6.940213485770978e-08
1656 1.3439556709132484e-07
1657 6.940213485770978e-08
1658 1.3439556709132484e-07
1659 6.940213485770978e-08
1660 1.3439556709132484e-07
1661 6.940213485770978e-08
1662 1.3439556709132484e-07
1663 6.940213485770978e-08
1664 1.3439556709132484e-07
1665 6.940213485770978e-08
1666 1.3439556709132484e-07
1667 6.940213485770978e-08
1668 1.3439556709132484e-07
1669 6.940213485770978e-08
1670 1.3439556709132484e-07
1671 6.940213485770978e-08
1672 1.3439556709132484e-07
1673 6.940213485770978e-08
1674 1.3439556709132484e-07
1675 6.940213485770978e-08
1676 1.3439556709132484e-07
1677 6.940213485770978e-08
1678 1.3439556709132484e-07
1679 6.940213485770978e-08
1680 1.3439556709132484e-07
1681 6.940213485770978e-08
1682 1.3439556709132484e-07
1683 6.940213485770978e-08
1684 1.3439556709132484e-07
1685 6.940213485770978e-08
1686 1.3439556709132484e-07
1687 6.940213485770978e-08
1688 1.3439556709132484e-07
1689 6.940213485770978e-08
1690 1.3439556709132484e-07
1691 6.940213485770978e-08
1692 1.3439556709132484e-07
1693 6.940213485770978e-08
1694 1.3439556709132484e-07
1695 6.940213485770978e-08
1696 1.3439556709132484e-07
1697 6.940213485770978e-08
1698 1.3439556709132484e-07
1699 6.940213485770978e-08
1700 1.3439556709132484e-07
1701 6.940213485770978e-08
1702 1.3439556709132484e-07
1703 6.940213485770978e-08
1704 1.3439556709132484e-07
1705 6.940213485770978e-08
1706 1.3439556709132484e-07
1707 6.940213485770978e-08
1708 1.3439556709132484e-07
1709 6.940213485770978e-08
1710 1.3439556709132484e-07
1711 6.940213485770978e-08
1712 1.3439556709132484e-07
1713 6.940213485770978e-08
1714 1.3439556709132484e-07
1715 6.940213485770978e-08
1716 1.3439556709132484e-07
1717 6.940213485770978e-08
1718 1.3439556709132484e-07
1719 6.940213485770978e-08
1720 1.3439556709132484e-07
1721 6.940213485770978e-08
1722 1.3439556709132484e-07
1723 6.940213485770978e-08
1724 1.3439556709132484e-07
1725 6.940213485770978e-08
1726 1.3439556709132484e-07
1727 6.940213485770978e-08
1728 1.3439556709132484e-07
1729 6.940213485770978e-08
1730 1.3439556709132484e-07
1731 6.940213485770978e-08
1732 1.3439556709132484e-07
1733 6.940213485770978e-08
1734 1.3439556709132484e-07
1735 6.940213485770978e-08
1736 1.3439556709132484e-07
1737 6.940213485770978e-08
1738 1.3439556709132484e-07
1739 6.940213485770978e-08
1740 1.3439556709132484e-07
1741 6.940213485770978e-08
1742 1.3439556709132484e-07
1743 6.940213485770978e-08
1744 1.3439556709132484e-07
1745 6.940213485770978e-08
1746 1.3439556709132484e-07
1747 6.940213485770978e-08
1748 1.3439556709132484e-07
1749 6.940213485770978e-08
1750 1.3439556709132484e-07
1751 6.940213485770978e-08
1752 1.3439556709132484e-07
1753 6.940213485770978e-08
1754 1.3439556709132484e-07
1755 6.940213485770978e-08
1756 1.3439556709132484e-07
1757 6.940213485770978e-08
1758 1.3439556709132484e-07
1759 6.940213485770978e-08
1760 1.3439556709132484e-07
1761 6.940213485770978e-08
1762 1.3439556709132484e-07
1763 6.940213485770978e-08
1764 1.3439556709132484e-07
1765 6.940213485770978e-08
1766 1.3439556709132484e-07
1767 6.940213485770978e-08
1768 1.3439556709132484e-07
1769 6.940213485770978e-08
1770 1.3439556709132484e-07
1771 6.940213485770978e-08
1772 1.3439556709132484e-07
1773 6.940213485770978e-08
1774 1.3439556709132484e-07
1775 6.940213485770978e-08
1776 1.3439556709132484e-07
1777 6.940213485770978e-08
1778 1.3439556709132484e-07
1779 6.940213485770978e-08
1780 1.3439556709132484e-07
1781 6.940213485770978e-08
1782 1.3439556709132484e-07
1783 6.940213485770978e-08
1784 1.3439556709132484e-07
1785 6.940213485770978e-08
1786 1.3439556709132484e-07
1787 6.940213485770978e-08
1788 1.3439556709132484e-07
1789 6.940213485770978e-08
1790 1.3439556709132484e-07
1791 6.940213485770978e-08
1792 1.3439556709132484e-07
1793 6.940213485770978e-08
1794 1.3439556709132484e-07
1795 6.940213485770978e-08
1796 1.3439556709132484e-07
1797 6.940213485770978e-08
1798 1.3439556709132484e-07
1799 6.940213485770978e-08
1800 1.3439556709132484e-07
1801 6.940213485770978e-08
1802 1.3439556709132484e-07
1803 6.940213485770978e-08
1804 1.3439556709132484e-07
1805 6.940213485770978e-08
1806 1.3439556709132484e-07
1807 6.940213485770978e-08
1808 1.3439556709132484e-07
1809 6.940213485770978e-08
1810 1.3439556709132484e-07
1811 6.940213485770978e-08
1812 1.3439556709132484e-07
1813 6.940213485770978e-08
1814 1.3439556709132484e-07
1815 6.940213485770978e-08
1816 1.3439556709132484e-07
1817 6.940213485770978e-08
1818 1.3439556709132484e-07
1819 6.940213485770978e-08
1820 1.3439556709132484e-07
1821 6.940213485770978e-08
1822 1.3439556709132484e-07
1823 6.940213485770978e-08
1824 1.3439556709132484e-07
1825 6.940213485770978e-08
1826 1.3439556709132484e-07
1827 6.940213485770978e-08
1828 1.3439556709132484e-07
1829 6.940213485770978e-08
1830 1.3439556709132484e-07
1831 6.940213485770978e-08
1832 1.3439556709132484e-07
1833 6.940213485770978e-08
1834 1.3439556709132484e-07
1835 6.940213485770978e-08
1836 1.3439556709132484e-07
1837 6.940213485770978e-08
1838 1.3439556709132484e-07
1839 6.940213485770978e-08
1840 1.3439556709132484e-07
1841 6.940213485770978e-08
1842 1.3439556709132484e-07
1843 6.940213485770978e-08
1844 1.3439556709132484e-07
1845 6.940213485770978e-08
1846 1.3439556709132484e-07
1847 6.940213485770978e-08
1848 1.3439556709132484e-07
1849 6.940213485770978e-08
1850 1.3439556709132484e-07
1851 6.940213485770978e-08
1852 1.3439556709132484e-07
1853 6.940213485770978e-08
1854 1.3439556709132484e-07
1855 6.940213485770978e-08
1856 1.3439556709132484e-07
1857 6.940213485770978e-08
1858 1.3439556709132484e-07
1859 6.940213485770978e-08
1860 1.3439556709132484e-07
1861 6.940213485770978e-08
1862 1.3439556709132484e-07
1863 6.940213485770978e-08
1864 1.3439556709132484e-07
1865 6.940213485770978e-08
1866 1.3439556709132484e-07
1867 6.940213485770978e-08
1868 1.3439556709132484e-07
1869 6.940213485770978e-08
1870 1.3439556709132484e-07
1871 6.940213485770978e-08
1872 1.3439556709132484e-07
1873 6.940213485770978e-08
1874 1.3439556709132484e-07
1875 6.940213485770978e-08
1876 1.3439556709132484e-07
1877 6.940213485770978e-08
1878 1.3439556709132484e-07
1879 6.940213485770978e-08
1880 1.3439556709132484e-07
1881 6.940213485770978e-08
1882 1.3439556709132484e-07
1883 6.940213485770978e-08
1884 1.3439556709132484e-07
1885 6.940213485770978e-08
1886 1.3439556709132484e-07
1887 6.940213485770978e-08
1888 1.3439556709132484e-07
1889 6.940213485770978e-08
1890 1.3439556709132484e-07
1891 6.940213485770978e-08
1892 1.3439556709132484e-07
1893 6.940213485770978e-08
1894 1.3439556709132484e-07
1895 6.940213485770978e-08
1896 1.3439556709132484e-07
1897 6.940213485770978e-08
1898 1.3439556709132484e-07
1899 6.940213485770978e-08
1900 1.3439556709132484e-07
1901 6.940213485770978e-08
1902 1.3439556709132484e-07
1903 6.940213485770978e-08
1904 1.3439556709132484e-07
1905 6.940213485770978e-08
1906 1.3439556709132484e-07
1907 6.940213485770978e-08
1908 1.3439556709132484e-07
1909 6.940213485770978e-08
1910 1.3439556709132484e-07
1911 6.940213485770978e-08
1912 1.3439556709132484e-07
1913 6.940213485770978e-08
1914 1.3439556709132484e-07
1915 6.940213485770978e-08
1916 1.3439556709132484e-07
1917 6.940213485770978e-08
1918 1.3439556709132484e-07
1919 6.940213485770978e-08
1920 1.3439556709132484e-07
1921 6.940213485770978e-08
1922 1.3439556709132484e-07
1923 6.940213485770978e-08
1924 1.3439556709132484e-07
1925 6.940213485770978e-08
1926 1.3439556709132484e-07
1927 6.940213485770978e-08
1928 1.3439556709132484e-07
1929 6.940213485770978e-08
1930 1.3439556709132484e-07
1931 6.940213485770978e-08
1932 1.3439556709132484e-07
1933 6.940213485770978e-08
1934 1.3439556709132484e-07
1935 6.940213485770978e-08
1936 1.3439556709132484e-07
1937 6.940213485770978e-08
1938 1.3439556709132484e-07
1939 6.940213485770978e-08
1940 1.3439556709132484e-07
1941 6.940213485770978e-08
1942 1.3439556709132484e-07
1943 6.940213485770978e-08
1944 1.3439556709132484e-07
1945 6.940213485770978e-08
1946 1.3439556709132484e-07
1947 6.940213485770978e-08
1948 1.3439556709132484e-07
1949 6.940213485770978e-08
1950 1.3439556709132484e-07
1951 6.940213485770978e-08
1952 1.3439556709132484e-07
1953 6.940213485770978e-08
1954 1.3439556709132484e-07
1955 6.940213485770978e-08
1956 1.3439556709132484e-07
1957 6.940213485770978e-08
1958 1.3439556709132484e-07
1959 6.940213485770978e-08
1960 1.3439556709132484e-07
1961 6.940213485770978e-08
1962 1.3439556709132484e-07
1963 6.940213485770978e-08
1964 1.3439556709132484e-07
1965 6.940213485770978e-08
1966 1.3439556709132484e-07
1967 6.940213485770978e-08
1968 1.3439556709132484e-07
1969 6.940213485770978e-08
1970 1.3439556709132484e-07
1971 6.940213485770978e-08
1972 1.3439556709132484e-07
1973 6.940213485770978e-08
1974 1.3439556709132484e-07
1975 6.940213485770978e-08
1976 1.3439556709132484e-07
1977 6.940213485770978e-08
1978 1.3439556709132484e-07
1979 6.940213485770978e-08
1980 1.3439556709132484e-07
1981 6.940213485770978e-08
1982 1.3439556709132484e-07
1983 6.940213485770978e-08
1984 1.3439556709132484e-07
1985 6.940213485770978e-08
1986 1.3439556709132484e-07
1987 6.940213485770978e-08
1988 1.3439556709132484e-07
1989 6.940213485770978e-08
1990 1.3439556709132484e-07
1991 6.940213485770978e-08
1992 1.3439556709132484e-07
1993 6.940213485770978e-08
1994 1.3439556709132484e-07
1995 6.940213485770978e-08
1996 1.3439556709132484e-07
1997 6.940213485770978e-08
1998 1.3439556709132484e-07
1999 6.940213485770978e-08
2000 1.3439556709132484e-07
2001 6.940213485770978e-08
2002 1.3439556709132484e-07
2003 6.940213485770978e-08
2004 1.3439556709132484e-07
2005 6.940213485770978e-08
2006 1.3439556709132484e-07
2007 6.940213485770978e-08
2008 1.3439556709132484e-07
2009 6.940213485770978e-08
2010 1.3439556709132484e-07
2011 6.940213485770978e-08
2012 1.3439556709132484e-07
2013 6.940213485770978e-08
2014 1.3439556709132484e-07
2015 6.940213485770978e-08
2016 1.3439556709132484e-07
2017 6.940213485770978e-08
2018 1.3439556709132484e-07
2019 6.940213485770978e-08
2020 1.3439556709132484e-07
2021 6.940213485770978e-08
2022 1.3439556709132484e-07
2023 6.940213485770978e-08
2024 1.3439556709132484e-07
2025 6.940213485770978e-08
2026 1.3439556709132484e-07
2027 6.940213485770978e-08
2028 1.3439556709132484e-07
2029 6.940213485770978e-08
2030 1.3439556709132484e-07
2031 6.940213485770978e-08
2032 1.3439556709132484e-07
2033 6.940213485770978e-08
2034 1.3439556709132484e-07
2035 6.940213485770978e-08
2036 1.3439556709132484e-07
2037 6.940213485770978e-08
2038 1.3439556709132484e-07
2039 6.940213485770978e-08
2040 1.3439556709132484e-07
2041 6.940213485770978e-08
2042 1.3439556709132484e-07
2043 6.940213485770978e-08
2044 1.3439556709132484e-07
2045 6.940213485770978e-08
2046 1.3439556709132484e-07
2047 6.940213485770978e-08
2048 1.3439556709132484e-07
2049 6.940213485770978e-08
2050 1.3439556709132484e-07
2051 6.940213485770978e-08
2052 1.3439556709132484e-07
2053 6.940213485770978e-08
2054 1.3439556709132484e-07
2055 6.940213485770978e-08
2056 1.3439556709132484e-07
2057 6.940213485770978e-08
2058 1.3439556709132484e-07
2059 6.940213485770978e-08
2060 1.3439556709132484e-07
2061 6.940213485770978e-08
2062 1.3439556709132484e-07
2063 6.940213485770978e-08
2064 1.3439556709132484e-07
2065 6.940213485770978e-08
2066 1.3439556709132484e-07
2067 6.940213485770978e-08
2068 1.3439556709132484e-07
2069 6.940213485770978e-08
2070 1.3439556709132484e-07
2071 6.940213485770978e-08
2072 1.3439556709132484e-07
2073 6.940213485770978e-08
2074 1.3439556709132484e-07
2075 6.940213485770978e-08
2076 1.3439556709132484e-07
2077 6.940213485770978e-08
2078 1.3439556709132484e-07
2079 6.940213485770978e-08
2080 1.3439556709132484e-07
2081 6.940213485770978e-08
2082 1.3439556709132484e-07
2083 6.940213485770978e-08
2084 1.3439556709132484e-07
2085 6.940213485770978e-08
2086 1.3439556709132484e-07
2087 6.940213485770978e-08
2088 1.3439556709132484e-07
2089 6.940213485770978e-08
2090 1.3439556709132484e-07
2091 6.940213485770978e-08
2092 1.3439556709132484e-07
2093 6.940213485770978e-08
2094 1.3439556709132484e-07
2095 6.940213485770978e-08
2096 1.3439556709132484e-07
2097 6.940213485770978e-08
2098 1.3439556709132484e-07
2099 6.940213485770978e-08
2100 1.3439556709132484e-07
2101 6.940213485770978e-08
2102 1.3439556709132484e-07
2103 6.940213485770978e-08
2104 1.3439556709132484e-07
2105 6.940213485770978e-08
2106 1.3439556709132484e-07
2107 6.940213485770978e-08
2108 1.3439556709132484e-07
2109 6.940213485770978e-08
2110 1.3439556709132484e-07
2111 6.940213485770978e-08
2112 1.3439556709132484e-07
2113 6.940213485770978e-08
2114 1.3439556709132484e-07
2115 6.940213485770978e-08
2116 1.3439556709132484e-07
2117 6.940213485770978e-08
2118 1.3439556709132484e-07
2119 6.940213485770978e-08
2120 1.3439556709132484e-07
2121 6.940213485770978e-08
2122 1.3439556709132484e-07
2123 6.940213485770978e-08
2124 1.3439556709132484e-07
2125 6.940213485770978e-08
2126 1.3439556709132484e-07
2127 6.940213485770978e-08
2128 1.3439556709132484e-07
2129 6.940213485770978e-08
2130 1.3439556709132484e-07
2131 6.940213485770978e-08
2132 1.3439556709132484e-07
2133 6.940213485770978e-08
2134 1.3439556709132484e-07
2135 6.940213485770978e-08
2136 1.3439556709132484e-07
2137 6.940213485770978e-08
2138 1.3439556709132484e-07
2139 6.940213485770978e-08
2140 1.3439556709132484e-07
2141 6.940213485770978e-08
2142 1.3439556709132484e-07
2143 6.940213485770978e-08
2144 1.3439556709132484e-07
2145 6.940213485770978e-08
2146 1.3439556709132484e-07
2147 6.940213485770978e-08
2148 1.3439556709132484e-07
2149 6.940213485770978e-08
2150 1.3439556709132484e-07
2151 6.940213485770978e-08
2152 1.3439556709132484e-07
2153 6.940213485770978e-08
2154 1.3439556709132484e-07
2155 6.940213485770978e-08
2156 1.3439556709132484e-07
2157 6.940213485770978e-08
2158 1.3439556709132484e-07
2159 6.940213485770978e-08
2160 1.3439556709132484e-07
2161 6.940213485770978e-08
2162 1.3439556709132484e-07
2163 6.940213485770978e-08
2164 1.3439556709132484e-07
2165 6.940213485770978e-08
2166 1.3439556709132484e-07
2167 6.940213485770978e-08
2168 1.3439556709132484e-07
2169 6.940213485770978e-08
2170 1.3439556709132484e-07
2171 6.940213485770978e-08
2172 1.3439556709132484e-07
2173 6.940213485770978e-08
2174 1.3439556709132484e-07
2175 6.940213485770978e-08
2176 1.3439556709132484e-07
2177 6.940213485770978e-08
2178 1.3439556709132484e-07
2179 6.940213485770978e-08
2180 1.3439556709132484e-07
2181 6.940213485770978e-08
2182 1.3439556709132484e-07
2183 6.940213485770978e-08
2184 1.3439556709132484e-07
2185 6.940213485770978e-08
2186 1.3439556709132484e-07
2187 6.940213485770978e-08
2188 1.3439556709132484e-07
2189 6.940213485770978e-08
2190 1.3439556709132484e-07
2191 6.940213485770978e-08
2192 1.3439556709132484e-07
2193 6.940213485770978e-08
2194 1.3439556709132484e-07
2195 6.940213485770978e-08
2196 1.3439556709132484e-07
2197 6.940213485770978e-08
2198 1.3439556709132484e-07
2199 6.940213485770978e-08
2200 1.3439556709132484e-07
2201 6.940213485770978e-08
2202 1.3439556709132484e-07
2203 6.940213485770978e-08
2204 1.3439556709132484e-07
2205 6.940213485770978e-08
2206 1.3439556709132484e-07
2207 6.940213485770978e-08
2208 1.3439556709132484e-07
2209 6.940213485770978e-08
2210 1.3439556709132484e-07
2211 6.940213485770978e-08
2212 1.3439556709132484e-07
2213 6.940213485770978e-08
2214 1.3439556709132484e-07
2215 6.940213485770978e-08
2216 1.3439556709132484e-07
2217 6.940213485770978e-08
2218 1.3439556709132484e-07
2219 1.3439556709132484e-07
2220 8.124707428089777e-07
2221 8.124707428089777e-07
2222 6.940213485770978e-08
2223 1.3439556709132484e-07
2224 1.3439556709132484e-07
2225 8.124707428089777e-07
2226 8.124707428089777e-07
2227 6.940213485770978e-08
2228 1.3439556709132484e-07
2229 1.3439556709132484e-07
2230 8.124707428089777e-07
2231 8.124707428089777e-07
2232 6.940213485770978e-08
2233 1.3439556709132484e-07
2234 1.3439556709132484e-07
2235 8.124707428089777e-07
2236 8.124707428089777e-07
2237 6.940213485770978e-08
2238 1.3439556709132484e-07
2239 1.3439556709132484e-07
2240 8.124707428089777e-07
2241 8.124707428089777e-07
2242 6.940213485770978e-08
2243 1.3439556709132484e-07
2244 1.3439556709132484e-07
2245 1.7555556709132495e-07
2246 1.7555556709132495e-07
2247 6.940213485770978e-08
2248 1.3439556709132484e-07
2249 1.3439556709132484e-07
2250 1.7555556709132495e-07
2251 1.7555556709132495e-07
2252 6.940213485770978e-08
2253 1.3439556709132484e-07
2254 1.3439556709132484e-07
2255 1.7555556709132495e-07
2256 1.7555556709132495e-07
2257 6.940213485770978e-08
2258 1.3439556709132484e-07
2259 1.3439556709132484e-07
2260 1.7555556709132495e-07
2261 1.7555556709132495e-07
2262 6.940213485770978e-08
2263 1.3439556709132484e-07
2264 1.3439556709132484e-07
2265 1.7555556709132495e-07
2266 1.7555556709132495e-07
2267 6.940213485770978e-08
2268 1.3439556709132484e-07
2269 1.3439556709132484e-07
2270 1.7555556709132495e-07
2271 1.7555556709132495e-07
2272 6.940213485770978e-08
2273 1.3439556709132484e-07
2274 1.3439556709132484e-07
2275 1.7555556709132495e-07
2276 1.7555556709132495e-07
2277 6.940213485770978e-08
2278 1.3439556709132484e-07
2279 1.3439556709132484e-07
2280 1.7555556709132495e-07
2281 1.7555556709132495e-07
2282 6.940213485770978e-08
2283 1.3439556709132484e-07
2284 1.3439556709132484e-07
2285 1.7555556709132495e-07
2286 1.7555556709132495e-07
2287 6.940213485770978e-08
2288 1.3439556709132484e-07
2289 1.3439556709132484e-07
2290 1.7555556709132495e-07
2291 1.7555556709132495e-07
2292 6.940213485770978e-08
2293 1.3439556709132484e-07
2294 1.3439556709132484e-07
2295 1.7555556709132495e-07
2296 1.7555556709132495e-07
2297 6.940213485770978e-08
2298 5.769141797809077e-06
2299 5.769141797809077e-06
2300 5.769141797809077e-06
2301 5.769141797809077e-06
2302 8.124707428089777e-07
2303 8.124707428089777e-07
2304 1.3439556709132484e-07
2305 1.3439556709132484e-07
2306 5.769141797809077e-06
2307 5.769141797809077e-06
2308 5.769141797809077e-06
2309 5.769141797809077e-06
2310 8.124707428089777e-07
2311 8.124707428089777e-07
2312 1.3439556709132484e-07
2313 1.3439556709132484e-07
2314 5.769141797809077e-06
2315 5.769141797809077e-06
2316 5.769141797809077e-06
2317 5.769141797809077e-06
2318 8.124707428089777e-07
2319 8.124707428089777e-07
2320 1.3439556709132484e-07
2321 1.3439556709132484e-07
2322 5.769141797809077e-06
2323 5.769141797809077e-06
2324 5.769141797809077e-06
2325 5.769141797809077e-06
2326 8.124707428089777e-07
2327 8.124707428089777e-07
2328 1.3439556709132484e-07
2329 1.3439556709132484e-07
2330 5.769141797809077e-06
2331 5.769141797809077e-06
2332 5.769141797809077e-06
2333 5.769141797809077e-06
2334 8.124707428089777e-07
2335 8.124707428089777e-07
2336 1.3439556709132484e-07
2337 1.3439556709132484e-07
2338 5.769141797809077e-06
2339 5.769141797809077e-06
2340 5.769141797809077e-06
2341 5.769141797809077e-06
2342 1.3439556709132484e-07
2343 1.3439556709132484e-07
2344 1.3439556709132484e-07
2345 1.3439556709132484e-07
2346 8.124707428089777e-07
2347 8.124707428089777e-07
2348 8.124707428089777e-07
2349 8.124707428089777e-07
2350 1.3439556709132484e-07
2351 1.3439556709132484e-07
2352 1.3439556709132484e-07
2353 1.3439556709132484e-07
2354 8.124707428089777e-07
2355 8.124707428089777e-07
2356 8.124707428089777e-07
2357 8.124707428089777e-07
2358 1.3439556709132484e-07
2359 1.3439556709132484e-07
2360 1.3439556709132484e-07
2361 1.3439556709132484e-07
2362 8.124707428089777e-07
2363 8.124707428089777e-07
2364 8.124707428089777e-07
2365 8.124707428089777e-07
2366 1.3439556709132484e-07
2367 1.3439556709132484e-07
2368 1.3439556709132484e-07
2369 1.3439556709132484e-07
2370 8.124707428089777e-07
2371 8.124707428089777e-07
2372 8.124707428089777e-07
2373 8.124707428089777e-07
2374 1.3439556709132484e-07
2375 1.3439556709132484e-07
2376 1.3439556709132484e-07
2377 1.3439556709132484e-07
2378 8.124707428089777e-07
2379 8.124707428089777e-07
2380 8.124707428089777e-07
2381 8.124707428089777e-07
2382 1.3439556709132484e-07
2383 1.3439556709132484e-07
2384 1.3439556709132484e-07
2385 1.3439556709132484e-07
2386 1.7555556709132495e-07
2387 1.7555556709132495e-07
2388 1.7555556709132495e-07
2389 1.7555556709132495e-07
2390 1.3439556709132484e-07
2391 1.3439556709132484e-07
2392 1.3439556709132484e-07
2393 1.3439556709132484e-07
2394 1.7555556709132495e-07
2395 1.7555556709132495e-07
2396 1.7555556709132495e-07
2397 1.7555556709132495e-07
2398 1.3439556709132484e-07
2399 1.3439556709132484e-07
2400 1.3439556709132484e-07
2401 1.3439556709132484e-07
2402 1.7555556709132495e-07
2403 1.7555556709132495e-07
2404 1.7555556709132495e-07
2405 1.7555556709132495e-07
2406 1.3439556709132484e-07
2407 1.3439556709132484e-07
2408 1.3439556709132484e-07
2409 1.3439556709132484e-07
2410 1.7555556709132495e-07
2411 1.7555556709132495e-07
2412 1.7555556709132495e-07
2413 1.7555556709132495e-07
2414 1.3439556709132484e-07
2415 1.3439556709132484e-07
2416 1.3439556709132484e-07
2417 1.3439556709132484e-07
2418 5.769141797809077e-06
2419 5.769141797809077e-06
2420 5.769141797809077e-06
2421 5.769141797809077e-06
2422 1.297271183281985e-05
2423 2.569202045307523e-06
2424 2.569202045307523e-06
2425 1.3439556709132484e-07
2426 1.3439556709132484e-07
2427 8.124707428089777e-07
2428 8.124707428089777e-07
2429 6.940213485770978e-08
2430 1.3439556709132484e-07
2431 1.3439556709132484e-07
2432 8.124707428089777e-07
2433 8.124707428089777e-07
2434 6.940213485770978e-08
2435 1.3439556709132484e-07
2436 1.3439556709132484e-07
2437 8.124707428089777e-07
2438 8.124707428089777e-07
2439 6.940213485770978e-08
2440 1.3439556709132484e-07
2441 1.3439556709132484e-07
2442 8.124707428089777e-07
2443 8.124707428089777e-07
2444 6.940213485770978e-08
2445 1.3439556709132484e-07
2446 1.3439556709132484e-07
2447 8.124707428089777e-07
2448 8.124707428089777e-07
2449 6.940213485770978e-08
2450 1.3439556709132484e-07
2451 1.3439556709132484e-07
2452 1.7555556709132495e-07
2453 1.7555556709132495e-07
2454 6.940213485770978e-08
2455 1.3439556709132484e-07
2456 1.3439556709132484e-07
2457 1.7555556709132495e-07
2458 1.7555556709132495e-07
2459 6.940213485770978e-08
2460 1.3439556709132484e-07
2461 1.3439556709132484e-07
2462 1.7555556709132495e-07
2463 1.7555556709132495e-07
2464 6.940213485770978e-08
2465 1.3439556709132484e-07
2466 1.3439556709132484e-07
2467 1.7555556709132495e-07
2468 1.7555556709132495e-07
2469 6.940213485770978e-08
2470 1.3439556709132484e-07
2471 1.3439556709132484e-07
2472 1.7555556709132495e-07
2473 1.7555556709132495e-07
2474 6.940213485770978e-08
2475 1.3439556709132484e-07
2476 1.3439556709132484e-07
2477 1.7555556709132495e-07
2478 1.7555556709132495e-07
2479 6.940213485770978e-08
2480 1.3439556709132484e-07
2481 1.3439556709132484e-07
2482 1.7555556709132495e-07
2483 1.7555556709132495e-07
2484 6.940213485770978e-08
2485 1.3439556709132484e-07
2486 1.3439556709132484e-07
2487 1.7555556709132495e-07
2488 1.7555556709132495e-07
2489 6.940213485770978e-08
2490 1.3439556709132484e-07
2491 1.3439556709132484e-07
2492 1.7555556709132495e-07
2493 1.7555556709132495e-07
2494 6.940213485770978e-08
2495 1.3439556709132484e-07
2496 1.3439556709132484e-07
2497 1.7555556709132495e-07
2498 1.7555556709132495e-07
2499 6.940213485770978e-08
2500 1.3439556709132484e-07
2501 1.3439556709132484e-07
2502 1.7555556709132495e-07
2503 1.7555556709132495e-07
2504 6.940213485770978e-08
2505 5.769141797809077e-06
2506 5.769141797809077e-06
2507 5.769141797809077e-06
2508 5.769141797809077e-06
2509 8.124707428089777e-07
2510 8.124707428089777e-07
2511 1.3439556709132484e-07
2512 1.3439556709132484e-07
2513 5.769141797809077e-06
2514 5.769141797809077e-06
2515 5.769141797809077e-06
2516 5.769141797809077e-06
2517 8.124707428089777e-07
2518 8.124707428089777e-07
2519 1.3439556709132484e-07
2520 1.3439556709132484e-07
2521 5.769141797809077e-06
2522 5.769141797809077e-06
2523 5.769141797809077e-06
2524 5.769141797809077e-06
2525 8.124707428089777e-07
2526 8.124707428089777e-07
2527 1.3439556709132484e-07
2528 1.3439556709132484e-07
2529 5.769141797809077e-06
2530 5.769141797809077e-06
2531 5.769141797809077e-06
2532 5.769141797809077e-06
2533 8.124707428089777e-07
2534 8.124707428089777e-07
2535 1.3439556709132484e-07
2536 1.3439556709132484e-07
2537 5.769141797809077e-06
2538 5.769141797809077e-06
2539 5.769141797809077e-06
2540 5.769141797809077e-06
2541 8.124707428089777e-07
2542 8.124707428089777e-07
2543 1.3439556709132484e-07
2544 1.3439556709132484e-07
2545 5.769141797809077e-06
2546 5.769141797809077e-06
2547 5.769141797809077e-06
2548 5.769141797809077e-06
2549 1.3439556709132484e-07
2550 1.3439556709132484e-07
2551 1.3439556709132484e-07
2552 1.3439556709132484e-07
2553 8.124707428089777e-07
2554 8.124707428089777e-07
2555 8.124707428089777e-07
2556 8.124707428089777e-07
2557 1.3439556709132484e-07
2558 1.3439556709132484e-07
2559 1.3439556709132484e-07
2560 1.3439556709132484e-07
2561 8.124707428089777e-07
2562 8.124707428089777e-07
2563 8.124707428089777e-07
2564 8.124707428089777e-07
2565 1.3439556709132484e-07
2566 1.3439556709132484e-07
2567 1.3439556709132484e-07
2568 1.3439556709132484e-07
2569 8.124707428089777e-07
2570 8.124707428089777e-07
2571 8.124707428089777e-07
2572 8.124707428089777e-07
2573 1.3439556709132484e-07
2574 1.3439556709132484e-07
2575 1.3439556709132484e-07
2576 1.3439556709132484e-07
2577 8.124707428089777e-07
2578 8.124707428089777e-07
2579 8.124707428089777e-07
2580 8.124707428089777e-07
2581 1.3439556709132484e-07
2582 1.3439556709132484e-07
2583 1.3439556709132484e-07
2584 1.3439556709132484e-07
2585 8.124707428089777e-07
2586 8.124707428089777e-07
2587 8.124707428089777e-07
2588 8.124707428089777e-07
2589 1.3439556709132484e-07
2590 1.3439556709132484e-07
2591 1.3439556709132484e-07
2592 1.3439556709132484e-07
2593 1.7555556709132495e-07
2594 1.7555556709132495e-07
2595 1.7555556709132495e-07
2596 1.7555556709132495e-07
2597 1.3439556709132484e-07
2598 1.3439556709132484e-07
2599 1.3439556709132484e-07
2600 1.3439556709132484e-07
2601 1.7555556709132495e-07
2602 1.7555556709132495e-07
2603 1.7555556709132495e-07
2604 1.7555556709132495e-07
2605 1.3439556709132484e-07
2606 1.3439556709132484e-07
2607 1.3439556709132484e-07
2608 1.3439556709132484e-07
2609 1.7555556709132495e-07
2610 1.7555556709132495e-07
2611 1.7555556709132495e-07
2612 1.7555556709132495e-07
2613 1.3439556709132484e-07
2614 1.3439556709132484e-07
2615 1.3439556709132484e-07
2616 1.3439556709132484e-07
2617 1.7555556709132495e-07
2618 1.7555556709132495e-07
2619 1.7555556709132495e-07
2620 1.7555556709132495e-07
2621 1.3439556709132484e-07
2622 1.3439556709132484e-07
2623 1.3439556709132484e-07
2624 1.3439556709132484e-07
2625 5.769141797809077e-06
2626 5.769141797809077e-06
2627 5.769141797809077e-06
2628 5.769141797809077e-06
2629 1.297271183281985e-05
2630 2.569202045307523e-06
2631 2.569202045307523e-06
2632 5.769141797809077e-06
2633 5.769141797809077e-06
2634 5.769141797809077e-06
2635 5.769141797809077e-06
2636 1.3439556709132484e-07
2637 1.3439556709132484e-07
2638 1.7555556709132495e-07
2639 1.7555556709132495e-07
2640 6.940213485770978e-08
2641 1.3439556709132484e-07
2642 1.3439556709132484e-07
2643 1.7555556709132495e-07
2644 1.7555556709132495e-07
2645 6.940213485770978e-08
2646 1.3439556709132484e-07
2647 1.3439556709132484e-07
2648 1.7555556709132495e-07
2649 1.7555556709132495e-07
2650 6.940213485770978e-08
2651 1.3439556709132484e-07
2652 1.3439556709132484e-07
2653 1.7555556709132495e-07
2654 1.7555556709132495e-07
2655 6.940213485770978e-08
2656 1.3439556709132484e-07
2657 1.3439556709132484e-07
2658 1.7555556709132495e-07
2659 1.7555556709132495e-07
2660 6.940213485770978e-08
2661 1.3439556709132484e-07
2662 1.3439556709132484e-07
2663 1.7555556709132495e-07
2664 1.7555556709132495e-07
2665 6.940213485770978e-08
2666 1.3439556709132484e-07
2667 1.3439556709132484e-07
2668 1.7555556709132495e-07
2669 1.7555556709132495e-07
2670 6.940213485770978e-08
2671 1.7555556709132495e-07
2672 1.7555556709132495e-07
2673 1.7555556709132495e-07
2674 1.7555556709132495e-07
2675 1.3439556709132484e-07
2676 1.3439556709132484e-07
2677 1.3439556709132484e-07
2678 1.3439556709132484e-07
2679 1.7555556709132495e-07
2680 1.7555556709132495e-07
2681 1.7555556709132495e-07
2682 1.7555556709132495e-07
2683 1.3439556709132484e-07
2684 1.3439556709132484e-07
2685 1.3439556709132484e-07
2686 1.3439556709132484e-07
2687 1.7555556709132495e-07
2688 1.7555556709132495e-07
2689 1.7555556709132495e-07
2690 1.7555556709132495e-07
2691 1.3439556709132484e-07
2692 1.3439556709132484e-07
2693 1.3439556709132484e-07
2694 1.3439556709132484e-07
2695 1.7555556709132495e-07
2696 1.7555556709132495e-07
2697 1.7555556709132495e-07
2698 1.7555556709132495e-07
2699 1.3439556709132484e-07
2700 1.3439556709132484e-07
2701 1.3439556709132484e-07
2702 1.3439556709132484e-07
2703 1.7555556709132495e-07
2704 1.7555556709132495e-07
2705 1.7555556709132495e-07
2706 1.7555556709132495e-07
2707 1.3439556709132484e-07
2708 1.3439556709132484e-07
2709 1.3439556709132484e-07
2710 1.3439556709132484e-07
2711 1.7555556709132495e-07
2712 1.7555556709132495e-07
2713 1.7555556709132495e-07
2714 1.7555556709132495e-07
2715 1.3439556709132484e-07
2716 1.3439556709132484e-07
2717 1.3439556709132484e-07
2718 1.3439556709132484e-07
2719 5.769141797809077e-06
2720 5.769141797809077e-06
2721 5.769141797809077e-06
2722 5.769141797809077e-06
2723 1.3439556709132484e-07
2724 1.3439556709132484e-07
2725 1.7555556709132495e-07
2726 1.7555556709132495e-07
2727 6.940213485770978e-08
2728 1.3439556709132484e-07
2729 1.3439556709132484e-07
2730 1.7555556709132495e-07
2731 1.7555556709132495e-07
2732 6.940213485770978e-08
2733 1.3439556709132484e-07
2734 1.3439556709132484e-07
2735 1.7555556709132495e-07
2736 1.7555556709132495e-07
2737 6.940213485770978e-08
2738 1.3439556709132484e-07
2739 1.3439556709132484e-07
2740 1.7555556709132495e-07
2741 1.7555556709132495e-07
2742 6.940213485770978e-08
2743 1.3439556709132484e-07
2744 1.3439556709132484e-07
2745 1.7555556709132495e-07
2746 1.7555556709132495e-07
2747 6.940213485770978e-08
2748 1.3439556709132484e-07
2749 1.3439556709132484e-07
2750 1.7555556709132495e-07
2751 1.7555556709132495e-07
2752 6.940213485770978e-08
2753 1.3439556709132484e-07
2754 1.3439556709132484e-07
2755 1.7555556709132495e-07
2756 1.7555556709132495e-07
2757 6.940213485770978e-08
2758 1.7555556709132495e-07
2759 1.7555556709132495e-07
2760 1.7555556709132495e-07
2761 1.7555556709132495e-07
2762 1.3439556709132484e-07
2763 1.3439556709132484e-07
2764 1.3439556709132484e-07
2765 1.3439556709132484e-07
2766 1.7555556709132495e-07
2767 1.7555556709132495e-07
2768 1.7555556709132495e-07
2769 1.7555556709132495e-07
2770 1.3439556709132484e-07
2771 1.3439556709132484e-07
2772 1.3439556709132484e-07
2773 1.3439556709132484e-07
2774 1.7555556709132495e-07
2775 1.7555556709132495e-07
2776 1.7555556709132495e-07
2777 1.7555556709132495e-07
2778 1.3439556709132484e-07
2779 1.3439556709132484e-07
2780 1.3439556709132484e-07
2781 1.3439556709132484e-07
2782 1.7555556709132495e-07
2783 1.7555556709132495e-07
2784 1.7555556709132495e-07
2785 1.7555556709132495e-07
2786 1.3439556709132484e-07
2787 1.3439556709132484e-07
2788 1.3439556709132484e-07
2789 1.3439556709132484e-07
2790 1.7555556709132495e-07
2791 1.7555556709132495e-07
2792 1.7555556709132495e-07
2793 1.7555556709132495e-07
2794 1.3439556709132484e-07
2795 1.3439556709132484e-07
2796 1.3439556709132484e-07
2797 1.3439556709132484e-07
2798 1.7555556709132495e-07
2799 1.7555556709132495e-07
2800 1.7555556709132495e-07
2801 1.7555556709132495e-07
2802 1.3439556709132484e-07
2803 1.3439556709132484e-07
2804 1.3439556709132484e-07
2805 1.3439556709132484e-07
2806 5.769141797809077e-06
2807 5.769141797809077e-06
2808 5.769141797809077e-06
2809 5.769141797809077e-06
2810 1.3439556709132484e-07
2811 1.3439556709132484e-07
2812 1.7555556709132495e-07
2813 1.7555556709132495e-07
2814 6.940213485770978e-08
2815 1.3439556709132484e-07
2816 1.3439556709132484e-07
2817 1.7555556709132495e-07
2818 1.7555556709132495e-07
2819 6.940213485770978e-08
2820 1.3439556709132484e-07
2821 1.3439556709132484e-07
2822 1.7555556709132495e-07
2823 1.7555556709132495e-07
2824 6.940213485770978e-08
2825 1.3439556709132484e-07
2826 1.3439556709132484e-07
2827 1.7555556709132495e-07
2828 1.7555556709132495e-07
2829 6.940213485770978e-08
2830 1.3439556709132484e-07
2831 1.3439556709132484e-07
2832 1.7555556709132495e-07
2833 1.7555556709132495e-07
2834 6.940213485770978e-08
2835 1.3439556709132484e-07
2836 1.3439556709132484e-07
2837 1.7555556709132495e-07
2838 1.7555556709132495e-07
2839 6.940213485770978e-08
2840 1.3439556709132484e-07
2841 1.3439556709132484e-07
2842 1.7555556709132495e-07
2843 1.7555556709132495e-07
2844 6.940213485770978e-08
2845 1.3439556709132484e-07
2846 1.3439556709132484e-07
2847 1.7555556709132495e-07
2848 1.7555556709132495e-07
2849 6.940213485770978e-08
2850 1.7555556709132495e-07
2851 1.7555556709132495e-07
2852 1.7555556709132495e-07
2853 1.7555556709132495e-07
2854 1.3439556709132484e-07
2855 1.3439556709132484e-07
2856 1.3439556709132484e-07
2857 1.3439556709132484e-07
2858 1.7555556709132495e-07
2859 1.7555556709132495e-07
2860 1.7555556709132495e-07
2861 1.7555556709132495e-07
2862 1.3439556709132484e-07
2863 1.3439556709132484e-07
2864 1.3439556709132484e-07
2865 1.3439556709132484e-07
2866 1.7555556709132495e-07
2867 1.7555556709132495e-07
2868 1.7555556709132495e-07
2869 1.7555556709132495e-07
2870 1.3439556709132484e-07
2871 1.3439556709132484e-07
2872 1.3439556709132484e-07
2873 1.3439556709132484e-07
2874 1.7555556709132495e-07
2875 1.7555556709132495e-07
2876 1.7555556709132495e-07
2877 1.7555556709132495e-07
2878 1.3439556709132484e-07
2879 1.3439556709132484e-07
2880 1.3439556709132484e-07
2881 1.3439556709132484e-07
2882 1.7555556709132495e-07
2883 1.7555556709132495e-07
2884 1.7555556709132495e-07
2885 1.7555556709132495e-07
2886 1.3439556709132484e-07
2887 1.3439556709132484e-07
2888 1.3439556709132484e-07
2889 1.3439556709132484e-07
2890 1.7555556709132495e-07
2891 1.7555556709132495e-07
2892 1.7555556709132495e-07
2893 1.7555556709132495e-07
2894 1.3439556709132484e-07
2895 1.3439556709132484e-07
2896 1.3439556709132484e-07
2897 1.3439556709132484e-07
2898 1.7555556709132495e-07
2899 1.7555556709132495e-07
2900 1.7555556709132495e-07
2901 1.7555556709132495e-07
2902 1.3439556709132484e-07
2903 1.3439556709132484e-07
2904 1.3439556709132484e-07
2905 1.3439556709132484e-07
2906 5.769141797809077e-06
2907 5.769141797809077e-06
2908 5.769141797809077e-06
2909 5.769141797809077e-06
2910 2.569202045307523e-06
$EndElementData
$ElementData
1
"Attribute:SecondMomentZ"
1
0
3
0
1
2910
1 5.225056486723729e-07
2 5.225056486723729e-07
3 5.225056486723729e-07
4 5.225056486723729e-07
5 5.225056486723729e-07
6 5.225056486723729e-07
7 5.225056486723729e-07
8 5.225056486723729e-07
9 5.225056486723729e-07
10 5.225056486723729e-07
11 5.225056486723729e-07
12 5.225056486723729e-07
13 5.225056486723729e-07
14 5.225056486723729e-07
15 5.225056486723729e-07
16 5.225056486723729e-07
17 5.225056486723729e-07
18 5.225056486723729e-07
19 5.225056486723729e-07
20 5.225056486723729e-07
21 2.40739885597551e-06
22 5.225056486723729e-07
23 5.225056486723729e-07
24 5.225056486723729e-07
25 5.225056486723729e-07
26 5.225056486723729e-07
27 5.225056486723729e-07
28 5.225056486723729e-07
29 5.225056486723729e-07
30 5.225056486723729e-07
31 5.225056486723729e-07
32 5.225056486723729e-07
33 5.225056486723729e-07
34 5.225056486723729e-07
35 5.225056486723729e-07
36 5.225056486723729e-07
37 5.225056486723729e-07
38 5.225056486723729e-07
39 5.225056486723729e-07
40 5.225056486723729e-07
41 5.225056486723729e-07
42 2.40739885597551e-06
43 5.225056486723729e-07
44 5.225056486723729e-07
45 5.225056486723729e-07
46 5.225056486723729e-07
47 5.225056486723729e-07
48 5.225056486723729e-07
49 5.225056486723729e-07
50 5.225056486723729e-07
51 5.225056486723729e-07
52 5.225056486723729e-07
53 5.225056486723729e-07
54 5.225056486723729e-07
55 5.225056486723729e-07
56 5.225056486723729e-07
57 5.225056486723729e-07
58 5.225056486723729e-07
59 5.225056486723729e-07
60 5.225056486723729e-07
61 5.225056486723729e-07
62 5.225056486723729e-07
63 2.40739885597551e-06
64 5.225056486723729e-07
65 5.225056486723729e-07
66 5.225056486723729e-07
67 5.225056486723729e-07
68 5.225056486723729e-07
69 5.225056486723729e-07
70 5.225056486723729e-07
71 5.225056486723729e-07
72 5.225056486723729e-07
73 5.225056486723729e-07
74 5.225056486723729e-07
75 5.225056486723729e-07
76 5.225056486723729e-07
77 5.225056486723729e-07
78 5.225056486723729e-07
79 5.225056486723729e-07
80 5.225056486723729e-07
81 5.225056486723729e-07
82 5.225056486723729e-07
83 5.225056486723729e-07
84 2.40739885597551e-06
85 5.225056486723729e-07
86 5.225056486723729e-07
87 5.225056486723729e-07
88 5.225056486723729e-07
89 5.225056486723729e-07
90 5.225056486723729e-07
91 5.225056486723729e-07
92 5.225056486723729e-07
93 5.225056486723729e-07
94 5.225056486723729e-07
95 5.225056486723729e-07
96 5.225056486723729e-07
97 5.225056486723729e-07
98 5.225056486723729e-07
99 5.225056486723729e-07
100 5.225056486723729e-07
101 5.225056486723729e-07
102 5.225056486723729e-07
103 5.225056486723729e-07
104 5.225056486723729e-07
105 2.40739885597551e-06
106 5.225056486723729e-07
107 5.225056486723729e-07
108 5.225056486723729e-07
109 5.225056486723729e-07
110 5.225056486723729e-07
111 5.225056486723729e-07
112 5.225056486723729e-07
113 5.225056486723729e-07
114 5.225056486723729e-07
115 5.225056486723729e-07
116 5.225056486723729e-07
117 5.225056486723729e-07
118 5.225056486723729e-07
119 5.225056486723729e-07
120 5.225056486723729e-07
121 5.225056486723729e-07
122 5.225056486723729e-07
123 5.225056486723729e-07
124 5.225056486723729e-07
125 5.225056486723729e-07
126 2.40739885597551e-06
127 5.225056486723729e-07
128 5.225056486723729e-07
129 5.225056486723729e-07
130 5.225056486723729e-07
131 5.225056486723729e-07
132 5.225056486723729e-07
133 5.225056486723729e-07
134 5.225056486723729e-07
135 5.225056486723729e-07
136 5.225056486723729e-07
137 5.225056486723729e-07
138 5.225056486723729e-07
139 5.225056486723729e-07
140 5.225056486723729e-07
141 5.225056486723729e-07
142 5.225056486723729e-07
143 5.225056486723729e-07
144 5.225056486723729e-07
145 5.225056486723729e-07
146 5.225056486723729e-07
147 2.40739885597551e-06
148 5.225056486723729e-07
149 5.225056486723729e-07
150 5.225056486723729e-07
151 5.225056486723729e-07
152 5.225056486723729e-07
153 5.225056486723729e-07
154 5.225056486723729e-07
155 5.225056486723729e-07
156 5.225056486723729e-07
157 5.225056486723729e-07
158 5.225056486723729e-07
159 5.225056486723729e-07
160 5.225056486723729e-07
161 5.225056486723729e-07
162 5.225056486723729e-07
163 5.225056486723729e-07
164 5.225056486723729e-07
165 5.225056486723729e-07
166 5.225056486723729e-07
167 5.225056486723729e-07
168 2.40739885597551e-06
169 5.225056486723729e-07
170 5.225056486723729e-07
171 5.225056486723729e-07
172 5.225056486723729e-07
173 5.225056486723729e-07
174 5.225056486723729e-07
175 5.225056486723729e-07
176 5.225056486723729e-07
177 5.225056486723729e-07
178 5.225056486723729e-07
179 5.225056486723729e-07
180 5.225056486723729e-07
181 5.225056486723729e-07
182 5.225056486723729e-07
183 5.225056486723729e-07
184 5.225056486723729e-07
185 5.225056486723729e-07
186 5.225056486723729e-07
187 5.225056486723729e-07
188 5.225056486723729e-07
189 2.40739885597551e-06
190 5.225056486723729e-07
191 5.225056486723729e-07
192 5.225056486723729e-07
193 5.225056486723729e-07
194 5.225056486723729e-07
195 5.225056486723729e-07
196 5.225056486723729e-07
197 5.225056486723729e-07
198 5.225056486723729e-07
199 5.225056486723729e-07
200 5.225056486723729e-07
201 5.225056486723729e-07
202 5.225056486723729e-07
203 5.225056486723729e-07
204 5.225056486723729e-07
205 5.225056486723729e-07
206 5.225056486723729e-07
207 5.225056486723729e-07
208 5.225056486723729e-07
209 5.225056486723729e-07
210 2.40739885597551e-06
211 5.225056486723729e-07
212 5.225056486723729e-07
213 5.225056486723729e-07
214 5.225056486723729e-07
215 5.225056486723729e-07
216 5.225056486723729e-07
217 5.225056486723729e-07
218 5.225056486723729e-07
219 5.225056486723729e-07
220 5.225056486723729e-07
221 5.225056486723729e-07
222 5.225056486723729e-07
223 5.225056486723729e-07
224 5.225056486723729e-07
225 5.225056486723729e-07
226 5.225056486723729e-07
227 5.225056486723729e-07
228 5.225056486723729e-07
229 5.225056486723729e-07
230 5.225056486723729e-07
231 2.40739885597551e-06
232 5.225056486723729e-07
233 5.225056486723729e-07
234 5.225056486723729e-07
235 5.225056486723729e-07
236 5.225056486723729e-07
237 5.225056486723729e-07
238 5.225056486723729e-07
239 5.225056486723729e-07
240 5.225056486723729e-07
241 5.225056486723729e-07
242 5.225056486723729e-07
243 5.225056486723729e-07
244 5.225056486723729e-07
245 5.225056486723729e-07
246 5.225056486723729e-07
247 5.225056486723729e-07
248 5.225056486723729e-07
249 5.225056486723729e-07
250 5.225056486723729e-07
251 5.225056486723729e-07
252 2.40739885597551e-06
253 5.225056486723729e-07
254 5.225056486723729e-07
255 5.225056486723729e-07
256 5.225056486723729e-07
257 5.225056486723729e-07
258 5.225056486723729e-07
259 5.225056486723729e-07
260 5.225056486723729e-07
261 5.225056486723729e-07
262 5.225056486723729e-07
263 5.225056486723729e-07
264 5.225056486723729e-07
265 5.225056486723729e-07
266 5.225056486723729e-07
267 5.225056486723729e-07
268 5.225056486723729e-07
269 5.225056486723729e-07
270 5.225056486723729e-07
271 5.225056486723729e-07
272 5.225056486723729e-07
273 2.40739885597551e-06
274 5.225056486723729e-07
275 5.225056486723729e-07
276 5.225056486723729e-07
277 5.225056486723729e-07
278 5.225056486723729e-07
279 5.225056486723729e-07
280 5.225056486723729e-07
281 5.225056486723729e-07
282 5.225056486723729e-07
283 5.225056486723729e-07
284 5.225056486723729e-07
285 5.225056486723729e-07
286 5.225056486723729e-07
287 5.225056486723729e-07
288 5.225056486723729e-07
289 5.225056486723729e-07
290 5.225056486723729e-07
291 5.225056486723729e-07
292 5.225056486723729e-07
293 5.225056486723729e-07
294 2.40739885597551e-06
295 1.703308143931157e-05
296 1.703308143931157e-05
297 1.703308143931157e-05
298 1.703308143931157e-05
299 1.703308143931157e-05
300 1.703308143931157e-05
301 1.703308143931157e-05
302 1.703308143931157e-05
303 1.703308143931157e-05
304 1.703308143931157e-05
305 1.703308143931157e-05
306 1.703308143931157e-05
307 1.703308143931157e-05
308 1.703308143931157e-05
309 1.703308143931157e-05
310 1.703308143931157e-05
311 1.703308143931157e-05
312 1.703308143931157e-05
313 1.703308143931157e-05
314 1.703308143931157e-05
315 2.40739885597551e-06
316 5.225056486723729e-07
317 5.225056486723729e-07
318 5.225056486723729e-07
319 5.225056486723729e-07
320 5.225056486723729e-07
321 5.225056486723729e-07
322 5.225056486723729e-07
323 5.225056486723729e-07
324 5.225056486723729e-07
325 5.225056486723729e-07
326 5.225056486723729e-07
327 5.225056486723729e-07
328 5.225056486723729e-07
329 5.225056486723729e-07
330 5.225056486723729e-07
331 5.225056486723729e-07
332 5.225056486723729e-07
333 5.225056486723729e-07
334 5.225056486723729e-07
335 5.225056486723729e-07
336 2.40739885597551e-06
337 1.703308143931157e-05
338 1.703308143931157e-05
339 1.703308143931157e-05
340 1.703308143931157e-05
341 1.703308143931157e-05
342 1.703308143931157e-05
343 1.703308143931157e-05
344 1.703308143931157e-05
345 1.703308143931157e-05
346 1.703308143931157e-05
347 1.703308143931157e-05
348 1.703308143931157e-05
349 1.703308143931157e-05
350 1.703308143931157e-05
351 1.703308143931157e-05
352 1.703308143931157e-05
353 1.703308143931157e-05
354 1.703308143931157e-05
355 1.703308143931157e-05
356 1.703308143931157e-05
357 2.40739885597551e-06
358 5.225056486723729e-07
359 5.225056486723729e-07
360 5.225056486723729e-07
361 5.225056486723729e-07
362 5.225056486723729e-07
363 5.225056486723729e-07
364 5.225056486723729e-07
365 5.225056486723729e-07
366 5.225056486723729e-07
367 5.225056486723729e-07
368 5.225056486723729e-07
369 5.225056486723729e-07
370 5.225056486723729e-07
371 5.225056486723729e-07
372 5.225056486723729e-07
373 5.225056486723729e-07
374 5.225056486723729e-07
375 5.225056486723729e-07
376 5.225056486723729e-07
377 5.225056486723729e-07
378 2.40739885597551e-06
379 5.225056486723729e-07
380 5.225056486723729e-07
381 5.225056486723729e-07
382 5.225056486723729e-07
383 5.225056486723729e-07
384 5.225056486723729e-07
385 5.225056486723729e-07
386 5.225056486723729e-07
387 5.225056486723729e-07
388 5.225056486723729e-07
389 5.225056486723729e-07
390 5.225056486723729e-07
391 5.225056486723729e-07
392 5.225056486723729e-07
393 5.225056486723729e-07
394 5.225056486723729e-07
395 5.225056486723729e-07
396 5.225056486723729e-07
397 5.225056486723729e-07
398 5.225056486723729e-07
399 2.40739885597551e-06
400 5.225056486723729e-07
401 5.225056486723729e-07
402 5.225056486723729e-07
403 5.225056486723729e-07
404 5.225056486723729e-07
405 5.225056486723729e-07
406 5.225056486723729e-07
407 5.225056486723729e-07
408 5.225056486723729e-07
409 5.225056486723729e-07
410 5.225056486723729e-07
411 5.225056486723729e-07
412 5.225056486723729e-07
413 5.225056486723729e-07
414 5.225056486723729e-07
415 5.225056486723729e-07
416 5.225056486723729e-07
417 5.225056486723729e-07
418 5.225056486723729e-07
419 5.225056486723729e-07
420 2.40739885597551e-06
421 5.225056486723729e-07
422 5.225056486723729e-07
423 5.225056486723729e-07
424 5.225056486723729e-07
425 5.225056486723729e-07
426 5.225056486723729e-07
427 5.225056486723729e-07
428 5.225056486723729e-07
429 5.225056486723729e-07
430 5.225056486723729e-07
431 5.225056486723729e-07
432 5.225056486723729e-07
433 5.225056486723729e-07
434 5.225056486723729e-07
435 5.225056486723729e-07
436 5.225056486723729e-07
437 5.225056486723729e-07
438 5.225056486723729e-07
439 5.225056486723729e-07
440 5.225056486723729e-07
441 2.40739885597551e-06
442 5.225056486723729e-07
443 5.225056486723729e-07
444 5.225056486723729e-07
445 5.225056486723729e-07
446 5.225056486723729e-07
447 5.225056486723729e-07
448 5.225056486723729e-07
449 5.225056486723729e-07
450 5.225056486723729e-07
451 5.225056486723729e-07
452 5.225056486723729e-07
453 5.225056486723729e-07
454 5.225056486723729e-07
455 5.225056486723729e-07
456 5.225056486723729e-07
457 5.225056486723729e-07
458 5.225056486723729e-07
459 5.225056486723729e-07
460 5.225056486723729e-07
461 5.225056486723729e-07
462 2.40739885597551e-06
463 5.225056486723729e-07
464 5.225056486723729e-07
465 5.225056486723729e-07
466 5.225056486723729e-07
467 5.225056486723729e-07
468 5.225056486723729e-07
469 5.225056486723729e-07
470 5.225056486723729e-07
471 5.225056486723729e-07
472 5.225056486723729e-07
473 5.225056486723729e-07
474 5.225056486723729e-07
475 5.225056486723729e-07
476 5.225056486723729e-07
477 5.225056486723729e-07
478 5.225056486723729e-07
479 5.225056486723729e-07
480 5.225056486723729e-07
481 5.225056486723729e-07
482 5.225056486723729e-07
483 2.40739885597551e-06
484 5.225056486723729e-07
485 5.225056486723729e-07
486 5.225056486723729e-07
487 5.225056486723729e-07
488 5.225056486723729e-07
489 5.225056486723729e-07
490 5.225056486723729e-07
491 5.225056486723729e-07
492 5.225056486723729e-07
493 5.225056486723729e-07
494 5.225056486723729e-07
495 5.225056486723729e-07
496 5.225056486723729e-07
497 5.225056486723729e-07
498 5.225056486723729e-07
499 5.225056486723729e-07
500 5.225056486723729e-07
501 5.225056486723729e-07
502 5.225056486723729e-07
503 5.225056486723729e-07
504 2.40739885597551e-06
505 5.225056486723729e-07
506 5.225056486723729e-07
507 5.225056486723729e-07
508 5.225056486723729e-07
509 5.225056486723729e-07
510 5.225056486723729e-07
511 5.225056486723729e-07
512 5.225056486723729e-07
513 5.225056486723729e-07
514 5.225056486723729e-07
515 5.225056486723729e-07
516 5.225056486723729e-07
517 5.225056486723729e-07
518 5.225056486723729e-07
519 5.225056486723729e-07
520 5.225056486723729e-07
521 5.225056486723729e-07
522 5.225056486723729e-07
523 5.225056486723729e-07
524 5.225056486723729e-07
525 2.40739885597551e-06
526 5.225056486723729e-07
527 5.225056486723729e-07
528 5.225056486723729e-07
529 5.225056486723729e-07
530 5.225056486723729e-07
531 5.225056486723729e-07
532 5.225056486723729e-07
533 5.225056486723729e-07
534 5.225056486723729e-07
535 5.225056486723729e-07
536 5.225056486723729e-07
537 5.225056486723729e-07
538 5.225056486723729e-07
539 5.225056486723729e-07
540 5.225056486723729e-07
541 5.225056486723729e-07
542 5.225056486723729e-07
543 5.225056486723729e-07
544 5.225056486723729e-07
545 5.225056486723729e-07
546 2.40739885597551e-06
547 5.225056486723729e-07
548 5.225056486723729e-07
549 5.225056486723729e-07
550 5.225056486723729e-07
551 5.225056486723729e-07
552 5.225056486723729e-07
553 5.225056486723729e-07
554 5.225056486723729e-07
555 5.225056486723729e-07
556 5.225056486723729e-07
557 5.225056486723729e-07
558 5.225056486723729e-07
559 5.225056486723729e-07
560 5.225056486723729e-07
561 5.225056486723729e-07
562 5.225056486723729e-07
563 5.225056486723729e-07
564 5.225056486723729e-07
565 5.225056486723729e-07
566 5.225056486723729e-07
567 2.40739885597551e-06
568 5.225056486723729e-07
569 5.225056486723729e-07
570 5.225056486723729e-07
571 5.225056486723729e-07
572 5.225056486723729e-07
573 5.225056486723729e-07
574 5.225056486723729e-07
575 5.225056486723729e-07
576 5.225056486723729e-07
577 5.225056486723729e-07
578 5.225056486723729e-07
579 5.225056486723729e-07
580 5.225056486723729e-07
581 5.225056486723729e-07
582 5.225056486723729e-07
583 5.225056486723729e-07
584 5.225056486723729e-07
585 5.225056486723729e-07
586 5.225056486723729e-07
587 5.225056486723729e-07
588 2.40739885597551e-06
589 5.225056486723729e-07
590 5.225056486723729e-07
591 5.225056486723729e-07
592 5.225056486723729e-07
593 5.225056486723729e-07
594 5.225056486723729e-07
595 5.225056486723729e-07
596 5.225056486723729e-07
597 5.225056486723729e-07
598 5.225056486723729e-07
599 5.225056486723729e-07
600 5.225056486723729e-07
601 5.225056486723729e-07
602 5.225056486723729e-07
603 5.225056486723729e-07
604 5.225056486723729e-07
605 5.225056486723729e-07
606 5.225056486723729e-07
607 5.225056486723729e-07
608 5.225056486723729e-07
609 2.40739885597551e-06
610 5.225056486723729e-07
611 5.225056486723729e-07
612 5.225056486723729e-07
613 5.225056486723729e-07
614 5.225056486723729e-07
615 5.225056486723729e-07
616 5.225056486723729e-07
617 5.225056486723729e-07
618 5.225056486723729e-07
619 5.225056486723729e-07
620 5.225056486723729e-07
621 5.225056486723729e-07
622 5.225056486723729e-07
623 5.225056486723729e-07
624 5.225056486723729e-07
625 5.225056486723729e-07
626 5.225056486723729e-07
627 5.225056486723729e-07
628 5.225056486723729e-07
629 5.225056486723729e-07
630 2.40739885597551e-06
631 5.225056486723729e-07
632 5.225056486723729e-07
633 5.225056486723729e-07
634 5.225056486723729e-07
635 5.225056486723729e-07
636 5.225056486723729e-07
637 5.225056486723729e-07
638 5.225056486723729e-07
639 5.225056486723729e-07
640 5.225056486723729e-07
641 5.225056486723729e-07
642 5.225056486723729e-07
643 5.225056486723729e-07
644 5.225056486723729e-07
645 5.225056486723729e-07
646 5.225056486723729e-07
647 5.225056486723729e-07
648 5.225056486723729e-07
649 5.225056486723729e-07
650 5.225056486723729e-07
651 2.40739885597551e-06
652 5.225056486723729e-07
653 5.225056486723729e-07
654 5.225056486723729e-07
655 5.225056486723729e-07
656 5.225056486723729e-07
657 5.225056486723729e-07
658 5.225056486723729e-07
659 5.225056486723729e-07
660 5.225056486723729e-07
661 5.225056486723729e-07
662 5.225056486723729e-07
663 5.225056486723729e-07
664 5.225056486723729e-07
665 5.225056486723729e-07
666 5.225056486723729e-07
667 5.225056486723729e-07
668 5.225056486723729e-07
669 5.225056486723729e-07
670 5.225056486723729e-07
671 5.225056486723729e-07
672 2.40739885597551e-06
673 5.225056486723729e-07
674 5.225056486723729e-07
675 5.225056486723729e-07
676 5.225056486723729e-07
677 5.225056486723729e-07
678 5.225056486723729e-07
679 5.225056486723729e-07
680 5.225056486723729e-07
681 5.225056486723729e-07
682 5.225056486723729e-07
683 5.225056486723729e-07
684 5.225056486723729e-07
685 5.225056486723729e-07
686 5.225056486723729e-07
687 5.225056486723729e-07
688 5.225056486723729e-07
689 5.225056486723729e-07
690 5.225056486723729e-07
691 5.225056486723729e-07
692 5.225056486723729e-07
693 2.40739885597551e-06
694 5.225056486723729e-07
695 5.225056486723729e-07
696 5.225056486723729e-07
697 5.225056486723729e-07
698 5.225056486723729e-07
699 5.225056486723729e-07
700 5.225056486723729e-07
701 5.225056486723729e-07
702 5.225056486723729e-07
703 5.225056486723729e-07
704 5.225056486723729e-07
705 5.225056486723729e-07
706 5.225056486723729e-07
707 5.225056486723729e-07
708 5.225056486723729e-07
709 5.225056486723729e-07
710 5.225056486723729e-07
711 5.225056486723729e-07
712 5.225056486723729e-07
713 5.225056486723729e-07
714 2.40739885597551e-06
715 5.225056486723729e-07
716 5.225056486723729e-07
717 5.225056486723729e-07
718 5.225056486723729e-07
719 5.225056486723729e-07
720 5.225056486723729e-07
721 5.225056486723729e-07
722 5.225056486723729e-07
723 5.225056486723729e-07
724 5.225056486723729e-07
725 5.225056486723729e-07
726 5.225056486723729e-07
727 5.225056486723729e-07
728 5.225056486723729e-07
729 5.225056486723729e-07
730 5.225056486723729e-07
731 5.225056486723729e-07
732 5.225056486723729e-07
733 5.225056486723729e-07
734 5.225056486723729e-07
735 2.40739885597551e-06
736 5.225056486723729e-07
737 5.225056486723729e-07
738 5.225056486723729e-07
739 5.225056486723729e-07
740 5.225056486723729e-07
741 5.225056486723729e-07
742 5.225056486723729e-07
743 5.225056486723729e-07
744 5.225056486723729e-07
745 5.225056486723729e-07
746 5.225056486723729e-07
747 5.225056486723729e-07
748 5.225056486723729e-07
749 5.225056486723729e-07
750 5.225056486723729e-07
751 5.225056486723729e-07
752 5.225056486723729e-07
753 5.225056486723729e-07
754 5.225056486723729e-07
755 5.225056486723729e-07
756 2.40739885597551e-06
757 5.225056486723729e-07
758 5.225056486723729e-07
759 5.225056486723729e-07
760 5.225056486723729e-07
761 5.225056486723729e-07
762 5.225056486723729e-07
763 5.225056486723729e-07
764 5.225056486723729e-07
765 5.225056486723729e-07
766 5.225056486723729e-07
767 5.225056486723729e-07
768 5.225056486723729e-07
769 5.225056486723729e-07
770 5.225056486723729e-07
771 5.225056486723729e-07
772 5.225056486723729e-07
773 5.225056486723729e-07
774 5.225056486723729e-07
775 5.225056486723729e-07
776 5.225056486723729e-07
777 2.40739885597551e-06
778 2.537883077171562e-07
779 6.940213485770978e-08
780 2.537883077171562e-07
781 6.940213485770978e-08
782 2.537883077171562e-07
783 6.940213485770978e-08
784 2.537883077171562e-07
785 6.940213485770978e-08
786 2.537883077171562e-07
787 6.940213485770978e-08
788 2.537883077171562e-07
789 6.940213485770978e-08
790 2.537883077171562e-07
791 6.940213485770978e-08
792 2.537883077171562e-07
793 6.940213485770978e-08
794 2.537883077171562e-07
795 6.940213485770978e-08
796 2.537883077171562e-07
797 6.940213485770978e-08
798 2.537883077171562e-07
799 6.940213485770978e-08
800 2.537883077171562e-07
801 6.940213485770978e-08
802 2.537883077171562e-07
803 6.940213485770978e-08
804 2.537883077171562e-07
805 6.940213485770978e-08
806 2.537883077171562e-07
807 6.940213485770978e-08
808 2.537883077171562e-07
809 6.940213485770978e-08
810 2.537883077171562e-07
811 6.940213485770978e-08
812 2.537883077171562e-07
813 6.940213485770978e-08
814 2.537883077171562e-07
815 6.940213485770978e-08
816 2.537883077171562e-07
817 6.940213485770978e-08
818 2.537883077171562e-07
819 6.940213485770978e-08
820 2.537883077171562e-07
821 6.940213485770978e-08
822 2.537883077171562e-07
823 6.940213485770978e-08
824 2.537883077171562e-07
825 6.940213485770978e-08
826 2.537883077171562e-07
827 6.940213485770978e-08
828 2.537883077171562e-07
829 6.940213485770978e-08
830 2.537883077171562e-07
831 6.940213485770978e-08
832 2.537883077171562e-07
833 6.940213485770978e-08
834 2.537883077171562e-07
835 6.940213485770978e-08
836 2.537883077171562e-07
837 6.940213485770978e-08
838 2.537883077171562e-07
839 6.940213485770978e-08
840 2.537883077171562e-07
841 6.940213485770978e-08
842 2.537883077171562e-07
843 6.940213485770978e-08
844 2.537883077171562e-07
845 6.940213485770978e-08
846 2.537883077171562e-07
847 6.940213485770978e-08
848 2.537883077171562e-07
849 6.940213485770978e-08
850 2.537883077171562e-07
851 6.940213485770978e-08
852 2.537883077171562e-07
853 6.940213485770978e-08
854 2.537883077171562e-07
855 6.940213485770978e-08
856 2.537883077171562e-07
857 6.940213485770978e-08
858 2.537883077171562e-07
859 6.940213485770978e-08
860 2.537883077171562e-07
861 6.940213485770978e-08
862 2.537883077171562e-07
863 6.940213485770978e-08
864 2.537883077171562e-07
865 6.940213485770978e-08
866 2.537883077171562e-07
867 6.940213485770978e-08
868 2.537883077171562e-07
869 6.940213485770978e-08
870 2.537883077171562e-07
871 6.940213485770978e-08
872 2.537883077171562e-07
873 6.940213485770978e-08
874 2.537883077171562e-07
875 6.940213485770978e-08
876 2.537883077171562e-07
877 6.940213485770978e-08
878 2.537883077171562e-07
879 6.940213485770978e-08
880 2.537883077171562e-07
881 6.940213485770978e-08
882 2.537883077171562e-07
883 6.940213485770978e-08
884 2.537883077171562e-07
885 6.940213485770978e-08
886 2.537883077171562e-07
887 6.940213485770978e-08
888 2.537883077171562e-07
889 6.940213485770978e-08
890 2.537883077171562e-07
891 6.940213485770978e-08
892 2.537883077171562e-07
893 6.940213485770978e-08
894 2.537883077171562e-07
895 6.940213485770978e-08
896 2.537883077171562e-07
897 6.940213485770978e-08
898 2.537883077171562e-07
899 6.940213485770978e-08
900 2.537883077171562e-07
901 6.940213485770978e-08
902 2.537883077171562e-07
903 6.940213485770978e-08
904 2.537883077171562e-07
905 6.940213485770978e-08
906 2.537883077171562e-07
907 6.940213485770978e-08
908 2.537883077171562e-07
909 6.940213485770978e-08
910 2.537883077171562e-07
911 6.940213485770978e-08
912 2.537883077171562e-07
913 6.940213485770978e-08
914 2.537883077171562e-07
915 6.940213485770978e-08
916 2.537883077171562e-07
917 6.940213485770978e-08
918 2.537883077171562e-07
919 6.940213485770978e-08
920 2.537883077171562e-07
921 6.940213485770978e-08
922 2.537883077171562e-07
923 6.940213485770978e-08
924 2.537883077171562e-07
925 6.940213485770978e-08
926 2.537883077171562e-07
927 6.940213485770978e-08
928 2.537883077171562e-07
929 6.940213485770978e-08
930 2.537883077171562e-07
931 6.940213485770978e-08
932 2.537883077171562e-07
933 6.940213485770978e-08
934 2.537883077171562e-07
935 6.940213485770978e-08
936 2.537883077171562e-07
937 6.940213485770978e-08
938 2.537883077171562e-07
939 6.940213485770978e-08
940 2.537883077171562e-07
941 6.940213485770978e-08
942 2.537883077171562e-07
943 6.940213485770978e-08
944 2.537883077171562e-07
945 6.940213485770978e-08
946 2.537883077171562e-07
947 6.940213485770978e-08
948 2.537883077171562e-07
949 6.940213485770978e-08
950 2.537883077171562e-07
951 6.940213485770978e-08
952 2.537883077171562e-07
953 6.940213485770978e-08
954 2.537883077171562e-07
955 6.940213485770978e-08
956 2.537883077171562e-07
957 6.940213485770978e-08
958 2.537883077171562e-07
959 6.940213485770978e-08
960 2.537883077171562e-07
961 6.940213485770978e-08
962 2.537883077171562e-07
963 6.940213485770978e-08
964 2.537883077171562e-07
965 6.940213485770978e-08
966 2.537883077171562e-07
967 6.940213485770978e-08
968 2.537883077171562e-07
969 6.940213485770978e-08
970 2.537883077171562e-07
971 6.940213485770978e-08
972 2.537883077171562e-07
973 6.940213485770978e-08
974 2.537883077171562e-07
975 6.940213485770978e-08
976 2.537883077171562e-07
977 6.940213485770978e-08
978 2.537883077171562e-07
979 6.940213485770978e-08
980 2.537883077171562e-07
981 6.940213485770978e-08
982 2.537883077171562e-07
983 6.940213485770978e-08
984 2.537883077171562e-07
985 6.940213485770978e-08
986 2.537883077171562e-07
987 6.940213485770978e-08
988 2.537883077171562e-07
989 6.940213485770978e-08
990 2.537883077171562e-07
991 6.940213485770978e-08
992 2.537883077171562e-07
993 6.940213485770978e-08
994 2.537883077171562e-07
995 6.940213485770978e-08
996 2.537883077171562e-07
997 6.940213485770978e-08
998 2.537883077171562e-07
999 6.940213485770978e-08
1000 2.537883077171562e-07
1001 6.940213485770978e-08
1002 2.537883077171562e-07
1003 6.940213485770978e-08
1004 2.537883077171562e-07
1005 6.940213485770978e-08
1006 2.537883077171562e-07
1007 6.940213485770978e-08
1008 2.537883077171562e-07
1009 6.940213485770978e-08
1010 2.537883077171562e-07
1011 6.940213485770978e-08
1012 2.537883077171562e-07
1013 6.940213485770978e-08
1014 2.537883077171562e-07
1015 6.940213485770978e-08
1016 2.537883077171562e-07
1017 6.940213485770978e-08
1018 2.537883077171562e-07
1019 6.940213485770978e-08
1020 2.537883077171562e-07
1021 6.940213485770978e-08
1022 2.537883077171562e-07
1023 6.940213485770978e-08
1024 2.537883077171562e-07
1025 6.940213485770978e-08
1026 2.537883077171562e-07
1027 6.940213485770978e-08
1028 2.537883077171562e-07
1029 6.940213485770978e-08
1030 2.537883077171562e-07
1031 6.940213485770978e-08
1032 2.537883077171562e-07
1033 6.940213485770978e-08
1034 2.537883077171562e-07
1035 6.940213485770978e-08
1036 2.537883077171562e-07
1037 6.940213485770978e-08
1038 2.537883077171562e-07
1039 6.940213485770978e-08
1040 2.537883077171562e-07
1041 6.940213485770978e-08
1042 2.537883077171562e-07
1043 6.940213485770978e-08
1044 2.537883077171562e-07
1045 6.940213485770978e-08
1046 2.537883077171562e-07
1047 6.940213485770978e-08
1048 2.537883077171562e-07
1049 6.940213485770978e-08
1050 2.537883077171562e-07
1051 6.940213485770978e-08
1052 2.537883077171562e-07
1053 6.940213485770978e-08
1054 2.537883077171562e-07
1055 6.940213485770978e-08
1056 2.537883077171562e-07
1057 6.940213485770978e-08
1058 2.537883077171562e-07
1059 6.940213485770978e-08
1060 2.537883077171562e-07
1061 6.940213485770978e-08
1062 2.537883077171562e-07
1063 6.940213485770978e-08
1064 2.537883077171562e-07
1065 6.940213485770978e-08
1066 2.537883077171562e-07
1067 6.940213485770978e-08
1068 2.537883077171562e-07
1069 6.940213485770978e-08
1070 2.537883077171562e-07
1071 6.940213485770978e-08
1072 2.537883077171562e-07
1073 6.940213485770978e-08
1074 2.537883077171562e-07
1075 6.940213485770978e-08
1076 2.537883077171562e-07
1077 6.940213485770978e-08
1078 2.537883077171562e-07
1079 6.940213485770978e-08
1080 2.537883077171562e-07
1081 6.940213485770978e-08
1082 2.537883077171562e-07
1083 6.940213485770978e-08
1084 2.537883077171562e-07
1085 6.940213485770978e-08
1086 2.537883077171562e-07
1087 6.940213485770978e-08
1088 2.537883077171562e-07
1089 6.940213485770978e-08
1090 2.537883077171562e-07
1091 6.940213485770978e-08
1092 2.537883077171562e-07
1093 6.940213485770978e-08
1094 2.537883077171562e-07
1095 6.940213485770978e-08
1096 2.537883077171562e-07
1097 6.940213485770978e-08
1098 2.537883077171562e-07
1099 6.940213485770978e-08
1100 2.537883077171562e-07
1101 6.940213485770978e-08
1102 2.537883077171562e-07
1103 6.940213485770978e-08
1104 2.537883077171562e-07
1105 6.940213485770978e-08
1106 2.537883077171562e-07
1107 6.940213485770978e-08
1108 2.537883077171562e-07
1109 6.940213485770978e-08
1110 2.537883077171562e-07
1111 6.940213485770978e-08
1112 2.537883077171562e-07
1113 6.940213485770978e-08
1114 2.537883077171562e-07
1115 6.940213485770978e-08
1116 2.537883077171562e-07
1117 6.940213485770978e-08
1118 2.537883077171562e-07
1119 6.940213485770978e-08
1120 2.537883077171562e-07
1121 6.940213485770978e-08
1122 2.537883077171562e-07
1123 6.940213485770978e-08
1124 2.537883077171562e-07
1125 6.940213485770978e-08
1126 2.537883077171562e-07
1127 6.940213485770978e-08
1128 2.537883077171562e-07
1129 6.940213485770978e-08
1130 2.537883077171562e-07
1131 6.940213485770978e-08
1132 2.537883077171562e-07
1133 6.940213485770978e-08
1134 2.537883077171562e-07
1135 6.940213485770978e-08
1136 2.537883077171562e-07
1137 6.940213485770978e-08
1138 2.537883077171562e-07
1139 6.940213485770978e-08
1140 2.537883077171562e-07
1141 6.940213485770978e-08
1142 2.537883077171562e-07
1143 6.940213485770978e-08
1144 2.537883077171562e-07
1145 6.940213485770978e-08
1146 2.537883077171562e-07
1147 6.940213485770978e-08
1148 2.537883077171562e-07
1149 6.940213485770978e-08
1150 2.537883077171562e-07
1151 6.940213485770978e-08
1152 2.537883077171562e-07
1153 6.940213485770978e-08
1154 2.537883077171562e-07
1155 6.940213485770978e-08
1156 2.537883077171562e-07
1157 6.940213485770978e-08
1158 2.537883077171562e-07
1159 6.940213485770978e-08
1160 2.537883077171562e-07
1161 6.940213485770978e-08
1162 2.537883077171562e-07
1163 6.940213485770978e-08
1164 2.537883077171562e-07
1165 6.940213485770978e-08
1166 2.537883077171562e-07
1167 6.940213485770978e-08
1168 2.537883077171562e-07
1169 6.940213485770978e-08
1170 2.537883077171562e-07
1171 6.940213485770978e-08
1172 2.537883077171562e-07
1173 6.940213485770978e-08
1174 2.537883077171562e-07
1175 6.940213485770978e-08
1176 2.537883077171562e-07
1177 6.940213485770978e-08
1178 2.537883077171562e-07
1179 6.940213485770978e-08
1180 2.537883077171562e-07
1181 6.940213485770978e-08
1182 2.537883077171562e-07
1183 6.940213485770978e-08
1184 2.537883077171562e-07
1185 6.940213485770978e-08
1186 2.537883077171562e-07
1187 6.940213485770978e-08
1188 2.537883077171562e-07
1189 6.940213485770978e-08
1190 2.537883077171562e-07
1191 6.940213485770978e-08
1192 2.537883077171562e-07
1193 6.940213485770978e-08
1194 2.537883077171562e-07
1195 6.940213485770978e-08
1196 2.537883077171562e-07
1197 6.940213485770978e-08
1198 2.537883077171562e-07
1199 6.940213485770978e-08
1200 2.537883077171562e-07
1201 6.940213485770978e-08
1202 2.537883077171562e-07
1203 6.940213485770978e-08
1204 2.537883077171562e-07
1205 6.940213485770978e-08
1206 2.537883077171562e-07
1207 6.940213485770978e-08
1208 2.537883077171562e-07
1209 6.940213485770978e-08
1210 2.537883077171562e-07
1211 6.940213485770978e-08
1212 2.537883077171562e-07
1213 6.940213485770978e-08
1214 2.537883077171562e-07
1215 6.940213485770978e-08
1216 2.537883077171562e-07
1217 6.940213485770978e-08
1218 2.537883077171562e-07
1219 6.940213485770978e-08
1220 2.537883077171562e-07
1221 6.940213485770978e-08
1222 2.537883077171562e-07
1223 6.940213485770978e-08
1224 2.537883077171562e-07
1225 6.940213485770978e-08
1226 2.537883077171562e-07
1227 6.940213485770978e-08
1228 2.537883077171562e-07
1229 6.940213485770978e-08
1230 2.537883077171562e-07
1231 6.940213485770978e-08
1232 2.537883077171562e-07
1233 6.940213485770978e-08
1234 2.537883077171562e-07
1235 6.940213485770978e-08
1236 2.537883077171562e-07
1237 6.940213485770978e-08
1238 2.537883077171562e-07
1239 6.940213485770978e-08
1240 2.537883077171562e-07
1241 6.940213485770978e-08
1242 2.537883077171562e-07
1243 6.940213485770978e-08
1244 2.537883077171562e-07
1245 6.940213485770978e-08
1246 2.537883077171562e-07
1247 6.940213485770978e-08
1248 2.537883077171562e-07
1249 6.940213485770978e-08
1250 2.537883077171562e-07
1251 6.940213485770978e-08
1252 2.537883077171562e-07
1253 6.940213485770978e-08
1254 2.537883077171562e-07
1255 6.940213485770978e-08
1256 2.537883077171562e-07
1257 6.940213485770978e-08
1258 2.537883077171562e-07
1259 6.940213485770978e-08
1260 2.537883077171562e-07
1261 6.940213485770978e-08
1262 2.537883077171562e-07
1263 6.940213485770978e-08
1264 2.537883077171562e-07
1265 6.940213485770978e-08
1266 2.537883077171562e-07
1267 6.940213485770978e-08
1268 2.537883077171562e-07
1269 6.940213485770978e-08
1270 2.537883077171562e-07
1271 6.940213485770978e-08
1272 2.537883077171562e-07
1273 6.940213485770978e-08
1274 2.537883077171562e-07
1275 6.940213485770978e-08
1276 2.537883077171562e-07
1277 6.940213485770978e-08
1278 2.537883077171562e-07
1279 6.940213485770978e-08
1280 2.537883077171562e-07
1281 6.940213485770978e-08
1282 2.537883077171562e-07
1283 6.940213485770978e-08
1284 2.537883077171562e-07
1285 6.940213485770978e-08
1286 2.537883077171562e-07
1287 6.940213485770978e-08
1288 2.537883077171562e-07
1289 6.940213485770978e-08
1290 2.537883077171562e-07
1291 6.940213485770978e-08
1292 2.537883077171562e-07
1293 6.940213485770978e-08
1294 2.537883077171562e-07
1295 6.940213485770978e-08
1296 2.537883077171562e-07
1297 6.940213485770978e-08
1298 2.537883077171562e-07
1299 6.940213485770978e-08
1300 2.537883077171562e-07
1301 6.940213485770978e-08
1302 2.537883077171562e-07
1303 6.940213485770978e-08
1304 2.537883077171562e-07
1305 6.940213485770978e-08
1306 2.537883077171562e-07
1307 6.940213485770978e-08
1308 2.537883077171562e-07
1309 6.940213485770978e-08
1310 2.537883077171562e-07
1311 6.940213485770978e-08
1312 2.537883077171562e-07
1313 6.940213485770978e-08
1314 2.537883077171562e-07
1315 6.940213485770978e-08
1316 2.537883077171562e-07
1317 6.940213485770978e-08
1318 2.537883077171562e-07
1319 6.940213485770978e-08
1320 2.537883077171562e-07
1321 6.940213485770978e-08
1322 2.537883077171562e-07
1323 6.940213485770978e-08
1324 2.537883077171562e-07
1325 6.940213485770978e-08
1326 2.537883077171562e-07
1327 6.940213485770978e-08
1328 2.537883077171562e-07
1329 6.940213485770978e-08
1330 2.537883077171562e-07
1331 6.940213485770978e-08
1332 2.537883077171562e-07
1333 6.940213485770978e-08
1334 2.537883077171562e-07
1335 6.940213485770978e-08
1336 2.537883077171562e-07
1337 6.940213485770978e-08
1338 2.537883077171562e-07
1339 6.940213485770978e-08
1340 2.537883077171562e-07
1341 6.940213485770978e-08
1342 2.537883077171562e-07
1343 6.940213485770978e-08
1344 2.537883077171562e-07
1345 6.940213485770978e-08
1346 2.537883077171562e-07
1347 6.940213485770978e-08
1348 2.537883077171562e-07
1349 6.940213485770978e-08
1350 2.537883077171562e-07
1351 6.940213485770978e-08
1352 2.537883077171562e-07
1353 6.940213485770978e-08
1354 2.537883077171562e-07
1355 6.940213485770978e-08
1356 2.537883077171562e-07
1357 6.940213485770978e-08
1358 2.537883077171562e-07
1359 6.940213485770978e-08
1360 2.537883077171562e-07
1361 6.940213485770978e-08
1362 2.537883077171562e-07
1363 6.940213485770978e-08
1364 2.537883077171562e-07
1365 6.940213485770978e-08
1366 2.537883077171562e-07
1367 6.940213485770978e-08
1368 2.537883077171562e-07
1369 6.940213485770978e-08
1370 2.537883077171562e-07
1371 6.940213485770978e-08
1372 2.537883077171562e-07
1373 6.940213485770978e-08
1374 2.537883077171562e-07
1375 6.940213485770978e-08
1376 2.537883077171562e-07
1377 6.940213485770978e-08
1378 2.537883077171562e-07
1379 6.940213485770978e-08
1380 2.537883077171562e-07
1381 6.940213485770978e-08
1382 2.537883077171562e-07
1383 6.940213485770978e-08
1384 2.537883077171562e-07
1385 6.940213485770978e-08
1386 2.537883077171562e-07
1387 6.940213485770978e-08
1388 2.537883077171562e-07
1389 6.940213485770978e-08
1390 2.537883077171562e-07
1391 6.940213485770978e-08
1392 2.537883077171562e-07
1393 6.940213485770978e-08
1394 2.537883077171562e-07
1395 6.940213485770978e-08
1396 2.537883077171562e-07
1397 6.940213485770978e-08
1398 2.537883077171562e-07
1399 6.940213485770978e-08
1400 2.537883077171562e-07
1401 6.940213485770978e-08
1402 2.537883077171562e-07
1403 6.940213485770978e-08
1404 2.537883077171562e-07
1405 6.940213485770978e-08
1406 2.537883077171562e-07
1407 6.940213485770978e-08
1408 2.537883077171562e-07
1409 6.940213485770978e-08
1410 2.537883077171562e-07
1411 6.940213485770978e-08
1412 2.537883077171562e-07
1413 6.940213485770978e-08
1414 2.537883077171562e-07
1415 6.940213485770978e-08
1416 2.537883077171562e-07
1417 6.940213485770978e-08
1418 2.537883077171562e-07
1419 6.940213485770978e-08
1420 2.537883077171562e-07
1421 6.940213485770978e-08
1422 2.537883077171562e-07
1423 6.940213485770978e-08
1424 2.537883077171562e-07
1425 6.940213485770978e-08
1426 2.537883077171562e-07
1427 6.940213485770978e-08
1428 2.537883077171562e-07
1429 6.940213485770978e-08
1430 2.537883077171562e-07
1431 6.940213485770978e-08
1432 2.537883077171562e-07
1433 6.940213485770978e-08
1434 2.537883077171562e-07
1435 6.940213485770978e-08
1436 2.537883077171562e-07
1437 6.940213485770978e-08
1438 2.537883077171562e-07
1439 6.940213485770978e-08
1440 2.537883077171562e-07
1441 6.940213485770978e-08
1442 2.537883077171562e-07
1443 6.940213485770978e-08
1444 2.537883077171562e-07
1445 6.940213485770978e-08
1446 2.537883077171562e-07
1447 6.940213485770978e-08
1448 2.537883077171562e-07
1449 6.940213485770978e-08
1450 2.537883077171562e-07
1451 6.940213485770978e-08
1452 2.537883077171562e-07
1453 6.940213485770978e-08
1454 2.537883077171562e-07
1455 6.940213485770978e-08
1456 2.537883077171562e-07
1457 6.940213485770978e-08
1458 2.537883077171562e-07
1459 6.940213485770978e-08
1460 2.537883077171562e-07
1461 6.940213485770978e-08
1462 2.537883077171562e-07
1463 6.940213485770978e-08
1464 2.537883077171562e-07
1465 6.940213485770978e-08
1466 2.537883077171562e-07
1467 6.940213485770978e-08
1468 2.537883077171562e-07
1469 6.940213485770978e-08
1470 2.537883077171562e-07
1471 6.940213485770978e-08
1472 2.537883077171562e-07
1473 6.940213485770978e-08
1474 2.537883077171562e-07
1475 6.940213485770978e-08
1476 2.537883077171562e-07
1477 6.940213485770978e-08
1478 2.537883077171562e-07
1479 6.940213485770978e-08
1480 2.537883077171562e-07
1481 6.940213485770978e-08
1482 2.537883077171562e-07
1483 6.940213485770978e-08
1484 2.537883077171562e-07
1485 6.940213485770978e-08
1486 2.537883077171562e-07
1487 6.940213485770978e-08
1488 2.537883077171562e-07
1489 6.940213485770978e-08
1490 2.537883077171562e-07
1491 6.940213485770978e-08
1492 2.537883077171562e-07
1493 6.940213485770978e-08
1494 2.537883077171562e-07
1495 6.940213485770978e-08
1496 2.537883077171562e-07
1497 6.940213485770978e-08
1498 2.537883077171562e-07
1499 6.940213485770978e-08
1500 2.537883077171562e-07
1501 6.940213485770978e-08
1502 2.537883077171562e-07
1503 6.940213485770978e-08
1504 2.537883077171562e-07
1505 6.940213485770978e-08
1506 2.537883077171562e-07
1507 6.940213485770978e-08
1508 2.537883077171562e-07
1509 6.940213485770978e-08
1510 2.537883077171562e-07
1511 6.940213485770978e-08
1512 2.537883077171562e-07
1513 6.940213485770978e-08
1514 2.537883077171562e-07
1515 6.940213485770978e-08
1516 2.537883077171562e-07
1517 6.940213485770978e-08
1518 2.537883077171562e-07
1519 6.940213485770978e-08
1520 2.537883077171562e-07
1521 6.940213485770978e-08
1522 2.537883077171562e-07
1523 6.940213485770978e-08
1524 2.537883077171562e-07
1525 6.940213485770978e-08
1526 2.537883077171562e-07
1527 6.940213485770978e-08
1528 2.537883077171562e-07
1529 6.940213485770978e-08
1530 2.537883077171562e-07
1531 6.940213485770978e-08
1532 2.537883077171562e-07
1533 6.940213485770978e-08
1534 2.537883077171562e-07
1535 6.940213485770978e-08
1536 2.537883077171562e-07
1537 6.940213485770978e-08
1538 2.537883077171562e-07
1539 6.940213485770978e-08
1540 2.537883077171562e-07
1541 6.940213485770978e-08
1542 2.537883077171562e-07
1543 6.940213485770978e-08
1544 2.537883077171562e-07
1545 6.940213485770978e-08
1546 2.537883077171562e-07
1547 6.940213485770978e-08
1548 2.537883077171562e-07
1549 6.940213485770978e-08
1550 2.537883077171562e-07
1551 6.940213485770978e-08
1552 2.537883077171562e-07
1553 6.940213485770978e-08
1554 2.537883077171562e-07
1555 6.940213485770978e-08
1556 2.537883077171562e-07
1557 6.940213485770978e-08
1558 2.537883077171562e-07
1559 6.940213485770978e-08
1560 2.537883077171562e-07
1561 6.940213485770978e-08
1562 2.537883077171562e-07
1563 6.940213485770978e-08
1564 2.537883077171562e-07
1565 6.940213485770978e-08
1566 2.537883077171562e-07
1567 6.940213485770978e-08
1568 2.537883077171562e-07
1569 6.940213485770978e-08
1570 2.537883077171562e-07
1571 6.940213485770978e-08
1572 2.537883077171562e-07
1573 6.940213485770978e-08
1574 2.537883077171562e-07
1575 6.940213485770978e-08
1576 2.537883077171562e-07
1577 6.940213485770978e-08
1578 2.537883077171562e-07
1579 6.940213485770978e-08
1580 2.537883077171562e-07
1581 6.940213485770978e-08
1582 2.537883077171562e-07
1583 6.940213485770978e-08
1584 2.537883077171562e-07
1585 6.940213485770978e-08
1586 2.537883077171562e-07
1587 6.940213485770978e-08
1588 2.537883077171562e-07
1589 6.940213485770978e-08
1590 2.537883077171562e-07
1591 6.940213485770978e-08
1592 2.537883077171562e-07
1593 6.940213485770978e-08
1594 2.537883077171562e-07
1595 6.940213485770978e-08
1596 2.537883077171562e-07
1597 6.940213485770978e-08
1598 2.537883077171562e-07
1599 6.940213485770978e-08
1600 2.537883077171562e-07
1601 6.940213485770978e-08
1602 2.537883077171562e-07
1603 6.940213485770978e-08
1604 2.537883077171562e-07
1605 6.940213485770978e-08
1606 2.537883077171562e-07
1607 6.940213485770978e-08
1608 2.537883077171562e-07
1609 6.940213485770978e-08
1610 2.537883077171562e-07
1611 6.940213485770978e-08
1612 2.537883077171562e-07
1613 6.940213485770978e-08
1614 2.537883077171562e-07
1615 6.940213485770978e-08
1616 2.537883077171562e-07
1617 6.940213485770978e-08
1618 2.537883077171562e-07
1619 6.940213485770978e-08
1620 2.537883077171562e-07
1621 6.940213485770978e-08
1622 2.537883077171562e-07
1623 6.940213485770978e-08
1624 2.537883077171562e-07
1625 6.940213485770978e-08
1626 2.537883077171562e-07
1627 6.940213485770978e-08
1628 2.537883077171562e-07
1629 6.940213485770978e-08
1630 2.537883077171562e-07
1631 6.940213485770978e-08
1632 2.537883077171562e-07
1633 6.940213485770978e-08
1634 2.537883077171562e-07
1635 6.940213485770978e-08
1636 2.537883077171562e-07
1637 6.940213485770978e-08
1638 2.537883077171562e-07
1639 6.940213485770978e-08
1640 2.537883077171562e-07
1641 6.940213485770978e-08
1642 2.537883077171562e-07
1643 6.940213485770978e-08
1644 2.537883077171562e-07
1645 6.940213485770978e-08
1646 2.537883077171562e-07
1647 6.940213485770978e-08
1648 2.537883077171562e-07
1649 6.940213485770978e-08
1650 2.537883077171562e-07
1651 6.940213485770978e-08
1652 2.537883077171562e-07
1653 6.940213485770978e-08
1654 2.537883077171562e-07
1655 6.940213485770978e-08
1656 2.537883077171562e-07
1657 6.940213485770978e-08
1658 2.537883077171562e-07
1659 6.940213485770978e-08
1660 2.537883077171562e-07
1661 6.940213485770978e-08
1662 2.537883077171562e-07
1663 6.940213485770978e-08
1664 2.537883077171562e-07
1665 6.940213485770978e-08
1666 2.537883077171562e-07
1667 6.940213485770978e-08
1668 2.537883077171562e-07
1669 6.940213485770978e-08
1670 2.537883077171562e-07
1671 6.940213485770978e-08
1672 2.537883077171562e-07
1673 6.940213485770978e-08
1674 2.537883077171562e-07
1675 6.940213485770978e-08
1676 2.537883077171562e-07
1677 6.940213485770978e-08
1678 2.537883077171562e-07
1679 6.940213485770978e-08
1680 2.537883077171562e-07
1681 6.940213485770978e-08
1682 2.537883077171562e-07
1683 6.940213485770978e-08
1684 2.537883077171562e-07
1685 6.940213485770978e-08
1686 2.537883077171562e-07
1687 6.940213485770978e-08
1688 2.537883077171562e-07
1689 6.940213485770978e-08
1690 2.537883077171562e-07
1691 6.940213485770978e-08
1692 2.537883077171562e-07
1693 6.940213485770978e-08
1694 2.537883077171562e-07
1695 6.940213485770978e-08
1696 2.537883077171562e-07
1697 6.940213485770978e-08
1698 2.537883077171562e-07
1699 6.940213485770978e-08
1700 2.537883077171562e-07
1701 6.940213485770978e-08
1702 2.537883077171562e-07
1703 6.940213485770978e-08
1704 2.537883077171562e-07
1705 6.940213485770978e-08
1706 2.537883077171562e-07
1707 6.940213485770978e-08
1708 2.537883077171562e-07
1709 6.940213485770978e-08
1710 2.537883077171562e-07
1711 6.940213485770978e-08
1712 2.537883077171562e-07
1713 6.940213485770978e-08
1714 2.537883077171562e-07
1715 6.940213485770978e-08
1716 2.537883077171562e-07
1717 6.940213485770978e-08
1718 2.537883077171562e-07
1719 6.940213485770978e-08
1720 2.537883077171562e-07
1721 6.940213485770978e-08
1722 2.537883077171562e-07
1723 6.940213485770978e-08
1724 2.537883077171562e-07
1725 6.940213485770978e-08
1726 2.537883077171562e-07
1727 6.940213485770978e-08
1728 2.537883077171562e-07
1729 6.940213485770978e-08
1730 2.537883077171562e-07
1731 6.940213485770978e-08
1732 2.537883077171562e-07
1733 6.940213485770978e-08
1734 2.537883077171562e-07
1735 6.940213485770978e-08
1736 2.537883077171562e-07
1737 6.940213485770978e-08
1738 2.537883077171562e-07
1739 6.940213485770978e-08
1740 2.537883077171562e-07
1741 6.940213485770978e-08
1742 2.537883077171562e-07
1743 6.940213485770978e-08
1744 2.537883077171562e-07
1745 6.940213485770978e-08
1746 2.537883077171562e-07
1747 6.940213485770978e-08
1748 2.537883077171562e-07
1749 6.940213485770978e-08
1750 2.537883077171562e-07
1751 6.940213485770978e-08
1752 2.537883077171562e-07
1753 6.940213485770978e-08
1754 2.537883077171562e-07
1755 6.940213485770978e-08
1756 2.537883077171562e-07
1757 6.940213485770978e-08
1758 2.537883077171562e-07
1759 6.940213485770978e-08
1760 2.537883077171562e-07
1761 6.940213485770978e-08
1762 2.537883077171562e-07
1763 6.940213485770978e-08
1764 2.537883077171562e-07
1765 6.940213485770978e-08
1766 2.537883077171562e-07
1767 6.940213485770978e-08
1768 2.537883077171562e-07
1769 6.940213485770978e-08
1770 2.537883077171562e-07
1771 6.940213485770978e-08
1772 2.537883077171562e-07
1773 6.940213485770978e-08
1774 2.537883077171562e-07
1775 6.940213485770978e-08
1776 2.537883077171562e-07
1777 6.940213485770978e-08
1778 2.537883077171562e-07
1779 6.940213485770978e-08
1780 2.537883077171562e-07
1781 6.940213485770978e-08
1782 2.537883077171562e-07
1783 6.940213485770978e-08
1784 2.537883077171562e-07
1785 6.940213485770978e-08
1786 2.537883077171562e-07
1787 6.940213485770978e-08
1788 2.537883077171562e-07
1789 6.940213485770978e-08
1790 2.537883077171562e-07
1791 6.940213485770978e-08
1792 2.537883077171562e-07
1793 6.940213485770978e-08
1794 2.537883077171562e-07
1795 6.940213485770978e-08
1796 2.537883077171562e-07
1797 6.940213485770978e-08
1798 2.537883077171562e-07
1799 6.940213485770978e-08
1800 2.537883077171562e-07
1801 6.940213485770978e-08
1802 2.537883077171562e-07
1803 6.940213485770978e-08
1804 2.537883077171562e-07
1805 6.940213485770978e-08
1806 2.537883077171562e-07
1807 6.940213485770978e-08
1808 2.537883077171562e-07
1809 6.940213485770978e-08
1810 2.537883077171562e-07
1811 6.940213485770978e-08
1812 2.537883077171562e-07
1813 6.940213485770978e-08
1814 2.537883077171562e-07
1815 6.940213485770978e-08
1816 2.537883077171562e-07
1817 6.940213485770978e-08
1818 2.537883077171562e-07
1819 6.940213485770978e-08
1820 2.537883077171562e-07
1821 6.940213485770978e-08
1822 2.537883077171562e-07
1823 6.940213485770978e-08
1824 2.537883077171562e-07
1825 6.940213485770978e-08
1826 2.537883077171562e-07
1827 6.940213485770978e-08
1828 2.537883077171562e-07
1829 6.940213485770978e-08
1830 2.537883077171562e-07
1831 6.940213485770978e-08
1832 2.537883077171562e-07
1833 6.940213485770978e-08
1834 2.537883077171562e-07
1835 6.940213485770978e-08
1836 2.537883077171562e-07
1837 6.940213485770978e-08
1838 2.537883077171562e-07
1839 6.940213485770978e-08
1840 2.537883077171562e-07
1841 6.940213485770978e-08
1842 2.537883077171562e-07
1843 6.940213485770978e-08
1844 2.537883077171562e-07
1845 6.940213485770978e-08
1846 2.537883077171562e-07
1847 6.940213485770978e-08
1848 2.537883077171562e-07
1849 6.940213485770978e-08
1850 2.537883077171562e-07
1851 6.940213485770978e-08
1852 2.537883077171562e-07
1853 6.940213485770978e-08
1854 2.537883077171562e-07
1855 6.940213485770978e-08
1856 2.537883077171562e-07
1857 6.940213485770978e-08
1858 2.537883077171562e-07
1859 6.940213485770978e-08
1860 2.537883077171562e-07
1861 6.940213485770978e-08
1862 2.537883077171562e-07
1863 6.940213485770978e-08
1864 2.537883077171562e-07
1865 6.940213485770978e-08
1866 2.537883077171562e-07
1867 6.940213485770978e-08
1868 2.537883077171562e-07
1869 6.940213485770978e-08
1870 2.537883077171562e-07
1871 6.940213485770978e-08
1872 2.537883077171562e-07
1873 6.940213485770978e-08
1874 2.537883077171562e-07
1875 6.940213485770978e-08
1876 2.537883077171562e-07
1877 6.940213485770978e-08
1878 2.537883077171562e-07
1879 6.940213485770978e-08
1880 2.537883077171562e-07
1881 6.940213485770978e-08
1882 2.537883077171562e-07
1883 6.940213485770978e-08
1884 2.537883077171562e-07
1885 6.940213485770978e-08
1886 2.537883077171562e-07
1887 6.940213485770978e-08
1888 2.537883077171562e-07
1889 6.940213485770978e-08
1890 2.537883077171562e-07
1891 6.940213485770978e-08
1892 2.537883077171562e-07
1893 6.940213485770978e-08
1894 2.537883077171562e-07
1895 6.940213485770978e-08
1896 2.537883077171562e-07
1897 6.940213485770978e-08
1898 2.537883077171562e-07
1899 6.940213485770978e-08
1900 2.537883077171562e-07
1901 6.940213485770978e-08
1902 2.537883077171562e-07
1903 6.940213485770978e-08
1904 2.537883077171562e-07
1905 6.940213485770978e-08
1906 2.537883077171562e-07
1907 6.940213485770978e-08
1908 2.537883077171562e-07
1909 6.940213485770978e-08
1910 2.537883077171562e-07
1911 6.940213485770978e-08
1912 2.537883077171562e-07
1913 6.940213485770978e-08
1914 2.537883077171562e-07
1915 6.940213485770978e-08
1916 2.537883077171562e-07
1917 6.940213485770978e-08
1918 2.537883077171562e-07
1919 6.940213485770978e-08
1920 2.537883077171562e-07
1921 6.940213485770978e-08
1922 2.537883077171562e-07
1923 6.940213485770978e-08
1924 2.537883077171562e-07
1925 6.940213485770978e-08
1926 2.537883077171562e-07
1927 6.940213485770978e-08
1928 2.537883077171562e-07
1929 6.940213485770978e-08
1930 2.537883077171562e-07
1931 6.940213485770978e-08
1932 2.537883077171562e-07
1933 6.940213485770978e-08
1934 2.537883077171562e-07
1935 6.940213485770978e-08
1936 2.537883077171562e-07
1937 6.940213485770978e-08
1938 2.537883077171562e-07
1939 6.940213485770978e-08
1940 2.537883077171562e-07
1941 6.940213485770978e-08
1942 2.537883077171562e-07
1943 6.940213485770978e-08
1944 2.537883077171562e-07
1945 6.940213485770978e-08
1946 2.537883077171562e-07
1947 6.940213485770978e-08
1948 2.537883077171562e-07
1949 6.940213485770978e-08
1950 2.537883077171562e-07
1951 6.940213485770978e-08
1952 2.537883077171562e-07
1953 6.940213485770978e-08
1954 2.537883077171562e-07
1955 6.940213485770978e-08
1956 2.537883077171562e-07
1957 6.940213485770978e-08
1958 2.537883077171562e-07
1959 6.940213485770978e-08
1960 2.537883077171562e-07
1961 6.940213485770978e-08
1962 2.537883077171562e-07
1963 6.940213485770978e-08
1964 2.537883077171562e-07
1965 6.940213485770978e-08
1966 2.537883077171562e-07
1967 6.940213485770978e-08
1968 2.537883077171562e-07
1969 6.940213485770978e-08
1970 2.537883077171562e-07
1971 6.940213485770978e-08
1972 2.537883077171562e-07
1973 6.940213485770978e-08
1974 2.537883077171562e-07
1975 6.940213485770978e-08
1976 2.537883077171562e-07
1977 6.940213485770978e-08
1978 2.537883077171562e-07
1979 6.940213485770978e-08
1980 2.537883077171562e-07
1981 6.940213485770978e-08
1982 2.537883077171562e-07
1983 6.940213485770978e-08
1984 2.537883077171562e-07
1985 6.940213485770978e-08
1986 2.537883077171562e-07
1987 6.940213485770978e-08
1988 2.537883077171562e-07
1989 6.940213485770978e-08
1990 2.537883077171562e-07
1991 6.940213485770978e-08
1992 2.537883077171562e-07
1993 6.940213485770978e-08
1994 2.537883077171562e-07
1995 6.940213485770978e-08
1996 2.537883077171562e-07
1997 6.940213485770978e-08
1998 2.537883077171562e-07
1999 6.940213485770978e-08
2000 2.537883077171562e-07
2001 6.940213485770978e-08
2002 2.537883077171562e-07
2003 6.940213485770978e-08
2004 2.537883077171562e-07
2005 6.940213485770978e-08
2006 2.537883077171562e-07
2007 6.940213485770978e-08
2008 2.537883077171562e-07
2009 6.940213485770978e-08
2010 2.537883077171562e-07
2011 6.940213485770978e-08
2012 2.537883077171562e-07
2013 6.940213485770978e-08
2014 2.537883077171562e-07
2015 6.940213485770978e-08
2016 2.537883077171562e-07
2017 6.940213485770978e-08
2018 2.537883077171562e-07
2019 6.940213485770978e-08
2020 2.537883077171562e-07
2021 6.940213485770978e-08
2022 2.537883077171562e-07
2023 6.940213485770978e-08
2024 2.537883077171562e-07
2025 6.940213485770978e-08
2026 2.537883077171562e-07
2027 6.940213485770978e-08
2028 2.537883077171562e-07
2029 6.940213485770978e-08
2030 2.537883077171562e-07
2031 6.940213485770978e-08
2032 2.537883077171562e-07
2033 6.940213485770978e-08
2034 2.537883077171562e-07
2035 6.940213485770978e-08
2036 2.537883077171562e-07
2037 6.940213485770978e-08
2038 2.537883077171562e-07
2039 6.940213485770978e-08
2040 2.537883077171562e-07
2041 6.940213485770978e-08
2042 2.537883077171562e-07
2043 6.940213485770978e-08
2044 2.537883077171562e-07
2045 6.940213485770978e-08
2046 2.537883077171562e-07
2047 6.940213485770978e-08
2048 2.537883077171562e-07
2049 6.940213485770978e-08
2050 2.537883077171562e-07
2051 6.940213485770978e-08
2052 2.537883077171562e-07
2053 6.940213485770978e-08
2054 2.537883077171562e-07
2055 6.940213485770978e-08
2056 2.537883077171562e-07
2057 6.940213485770978e-08
2058 2.537883077171562e-07
2059 6.940213485770978e-08
2060 2.537883077171562e-07
2061 6.940213485770978e-08
2062 2.537883077171562e-07
2063 6.940213485770978e-08
2064 2.537883077171562e-07
2065 6.940213485770978e-08
2066 2.537883077171562e-07
2067 6.940213485770978e-08
2068 2.537883077171562e-07
2069 6.940213485770978e-08
2070 2.537883077171562e-07
2071 6.940213485770978e-08
2072 2.537883077171562e-07
2073 6.940213485770978e-08
2074 2.537883077171562e-07
2075 6.940213485770978e-08
2076 2.537883077171562e-07
2077 6.940213485770978e-08
2078 2.537883077171562e-07
2079 6.940213485770978e-08
2080 2.537883077171562e-07
2081 6.940213485770978e-08
2082 2.537883077171562e-07
2083 6.940213485770978e-08
2084 2.537883077171562e-07
2085 6.940213485770978e-08
2086 2.537883077171562e-07
2087 6.940213485770978e-08
2088 2.537883077171562e-07
2089 6.940213485770978e-08
2090 2.537883077171562e-07
2091 6.940213485770978e-08
2092 2.537883077171562e-07
2093 6.940213485770978e-08
2094 2.537883077171562e-07
2095 6.940213485770978e-08
2096 2.537883077171562e-07
2097 6.940213485770978e-08
2098 2.537883077171562e-07
2099 6.940213485770978e-08
2100 2.537883077171562e-07
2101 6.940213485770978e-08
2102 2.537883077171562e-07
2103 6.940213485770978e-08
2104 2.537883077171562e-07
2105 6.940213485770978e-08
2106 2.537883077171562e-07
2107 6.940213485770978e-08
2108 2.537883077171562e-07
2109 6.940213485770978e-08
2110 2.537883077171562e-07
2111 6.940213485770978e-08
2112 2.537883077171562e-07
2113 6.940213485770978e-08
2114 2.537883077171562e-07
2115 6.940213485770978e-08
2116 2.537883077171562e-07
2117 6.940213485770978e-08
2118 2.537883077171562e-07
2119 6.940213485770978e-08
2120 2.537883077171562e-07
2121 6.940213485770978e-08
2122 2.537883077171562e-07
2123 6.940213485770978e-08
2124 2.537883077171562e-07
2125 6.940213485770978e-08
2126 2.537883077171562e-07
2127 6.940213485770978e-08
2128 2.537883077171562e-07
2129 6.940213485770978e-08
2130 2.537883077171562e-07
2131 6.940213485770978e-08
2132 2.537883077171562e-07
2133 6.940213485770978e-08
2134 2.537883077171562e-07
2135 6.940213485770978e-08
2136 2.537883077171562e-07
2137 6.940213485770978e-08
2138 2.537883077171562e-07
2139 6.940213485770978e-08
2140 2.537883077171562e-07
2141 6.940213485770978e-08
2142 2.537883077171562e-07
2143 6.940213485770978e-08
2144 2.537883077171562e-07
2145 6.940213485770978e-08
2146 2.537883077171562e-07
2147 6.940213485770978e-08
2148 2.537883077171562e-07
2149 6.940213485770978e-08
2150 2.537883077171562e-07
2151 6.940213485770978e-08
2152 2.537883077171562e-07
2153 6.940213485770978e-08
2154 2.537883077171562e-07
2155 6.940213485770978e-08
2156 2.537883077171562e-07
2157 6.940213485770978e-08
2158 2.537883077171562e-07
2159 6.940213485770978e-08
2160 2.537883077171562e-07
2161 6.940213485770978e-08
2162 2.537883077171562e-07
2163 6.940213485770978e-08
2164 2.537883077171562e-07
2165 6.940213485770978e-08
2166 2.537883077171562e-07
2167 6.940213485770978e-08
2168 2.537883077171562e-07
2169 6.940213485770978e-08
2170 2.537883077171562e-07
2171 6.940213485770978e-08
2172 2.537883077171562e-07
2173 6.940213485770978e-08
2174 2.537883077171562e-07
2175 6.940213485770978e-08
2176 2.537883077171562e-07
2177 6.940213485770978e-08
2178 2.537883077171562e-07
2179 6.940213485770978e-08
2180 2.537883077171562e-07
2181 6.940213485770978e-08
2182 2.537883077171562e-07
2183 6.940213485770978e-08
2184 2.537883077171562e-07
2185 6.940213485770978e-08
2186 2.537883077171562e-07
2187 6.940213485770978e-08
2188 2.537883077171562e-07
2189 6.940213485770978e-08
2190 2.537883077171562e-07
2191 6.940213485770978e-08
2192 2.537883077171562e-07
2193 6.940213485770978e-08
2194 2.537883077171562e-07
2195 6.940213485770978e-08
2196 2.537883077171562e-07
2197 6.940213485770978e-08
2198 2.537883077171562e-07
2199 6.940213485770978e-08
2200 2.537883077171562e-07
2201 6.940213485770978e-08
2202 2.537883077171562e-07
2203 6.940213485770978e-08
2204 2.537883077171562e-07
2205 6.940213485770978e-08
2206 2.537883077171562e-07
2207 6.940213485770978e-08
2208 2.537883077171562e-07
2209 6.940213485770978e-08
2210 2.537883077171562e-07
2211 6.940213485770978e-08
2212 2.537883077171562e-07
2213 6.940213485770978e-08
2214 2.537883077171562e-07
2215 6.940213485770978e-08
2216 2.537883077171562e-07
2217 6.940213485770978e-08
2218 2.537883077171562e-07
2219 2.537883077171562e-07
2220 2.40739885597551e-06
2221 2.40739885597551e-06
2222 6.940213485770978e-08
2223 2.537883077171562e-07
2224 2.537883077171562e-07
2225 2.40739885597551e-06
2226 2.40739885597551e-06
2227 6.940213485770978e-08
2228 2.537883077171562e-07
2229 2.537883077171562e-07
2230 2.40739885597551e-06
2231 2.40739885597551e-06
2232 6.940213485770978e-08
2233 2.537883077171562e-07
2234 2.537883077171562e-07
2235 2.40739885597551e-06
2236 2.40739885597551e-06
2237 6.940213485770978e-08
2238 2.537883077171562e-07
2239 2.537883077171562e-07
2240 2.40739885597551e-06
2241 2.40739885597551e-06
2242 6.940213485770978e-08
2243 2.537883077171562e-07
2244 2.537883077171562e-07
2245 5.225056486723729e-07
2246 5.225056486723729e-07
2247 6.940213485770978e-08
2248 2.537883077171562e-07
2249 2.537883077171562e-07
2250 5.225056486723729e-07
2251 5.225056486723729e-07
2252 6.940213485770978e-08
2253 2.537883077171562e-07
2254 2.537883077171562e-07
2255 5.225056486723729e-07
2256 5.225056486723729e-07
2257 6.940213485770978e-08
2258 2.537883077171562e-07
2259 2.537883077171562e-07
2260 5.225056486723729e-07
2261 5.225056486723729e-07
2262 6.940213485770978e-08
2263 2.537883077171562e-07
2264 2.537883077171562e-07
2265 5.225056486723729e-07
2266 5.225056486723729e-07
2267 6.940213485770978e-08
2268 2.537883077171562e-07
2269 2.537883077171562e-07
2270 5.225056486723729e-07
2271 5.225056486723729e-07
2272 6.940213485770978e-08
2273 2.537883077171562e-07
2274 2.537883077171562e-07
2275 5.225056486723729e-07
2276 5.225056486723729e-07
2277 6.940213485770978e-08
2278 2.537883077171562e-07
2279 2.537883077171562e-07
2280 5.225056486723729e-07
2281 5.225056486723729e-07
2282 6.940213485770978e-08
2283 2.537883077171562e-07
2284 2.537883077171562e-07
2285 5.225056486723729e-07
2286 5.225056486723729e-07
2287 6.940213485770978e-08
2288 2.537883077171562e-07
2289 2.537883077171562e-07
2290 5.225056486723729e-07
2291 5.225056486723729e-07
2292 6.940213485770978e-08
2293 2.537883077171562e-07
2294 2.537883077171562e-07
2295 5.225056486723729e-07
2296 5.225056486723729e-07
2297 6.940213485770978e-08
2298 1.703308143931157e-05
2299 1.703308143931157e-05
2300 1.703308143931157e-05
2301 1.703308143931157e-05
2302 2.40739885597551e-06
2303 2.40739885597551e-06
2304 2.537883077171562e-07
2305 2.537883077171562e-07
2306 1.703308143931157e-05
2307 1.703308143931157e-05
2308 1.703308143931157e-05
2309 1.703308143931157e-05
2310 2.40739885597551e-06
2311 2.40739885597551e-06
2312 2.537883077171562e-07
2313 2.537883077171562e-07
2314 1.703308143931157e-05
2315 1.703308143931157e-05
2316 1.703308143931157e-05
2317 1.703308143931157e-05
2318 2.40739885597551e-06
2319 2.40739885597551e-06
2320 2.537883077171562e-07
2321 2.537883077171562e-07
2322 1.703308143931157e-05
2323 1.703308143931157e-05
2324 1.703308143931157e-05
2325 1.703308143931157e-05
2326 2.40739885597551e-06
2327 2.40739885597551e-06
2328 2.537883077171562e-07
2329 2.537883077171562e-07
2330 1.703308143931157e-05
2331 1.703308143931157e-05
2332 1.703308143931157e-05
2333 1.703308143931157e-05
2334 2.40739885597551e-06
2335 2.40739885597551e-06
2336 2.537883077171562e-07
2337 2.537883077171562e-07
2338 1.703308143931157e-05
2339 1.703308143931157e-05
2340 1.703308143931157e-05
2341 1.703308143931157e-05
2342 2.537883077171562e-07
2343 2.537883077171562e-07
2344 2.537883077171562e-07
2345 2.537883077171562e-07
2346 2.40739885597551e-06
2347 2.40739885597551e-06
2348 2.40739885597551e-06
2349 2.40739885597551e-06
2350 2.537883077171562e-07
2351 2.537883077171562e-07
2352 2.537883077171562e-07
2353 2.537883077171562e-07
2354 2.40739885597551e-06
2355 2.40739885597551e-06
2356 2.40739885597551e-06
2357 2.40739885597551e-06
2358 2.537883077171562e-07
2359 2.537883077171562e-07
2360 2.537883077171562e-07
2361 2.537883077171562e-07
2362 2.40739885597551e-06
2363 2.40739885597551e-06
2364 2.40739885597551e-06
2365 2.40739885597551e-06
2366 2.537883077171562e-07
2367 2.537883077171562e-07
2368 2.537883077171562e-07
2369 2.537883077171562e-07
2370 2.40739885597551e-06
2371 2.40739885597551e-06
2372 2.40739885597551e-06
2373 2.40739885597551e-06
2374 2.537883077171562e-07
2375 2.537883077171562e-07
2376 2.537883077171562e-07
2377 2.537883077171562e-07
2378 2.40739885597551e-06
2379 2.40739885597551e-06
2380 2.40739885597551e-06
2381 2.40739885597551e-06
2382 2.537883077171562e-07
2383 2.537883077171562e-07
2384 2.537883077171562e-07
2385 2.537883077171562e-07
2386 5.225056486723729e-07
2387 5.225056486723729e-07
2388 5.225056486723729e-07
2389 5.225056486723729e-07
2390 2.537883077171562e-07
2391 2.537883077171562e-07
2392 2.537883077171562e-07
2393 2.537883077171562e-07
2394 5.225056486723729e-07
2395 5.225056486723729e-07
2396 5.225056486723729e-07
2397 5.225056486723729e-07
2398 2.537883077171562e-07
2399 2.537883077171562e-07
2400 2.537883077171562e-07
2401 2.537883077171562e-07
2402 5.225056486723729e-07
2403 5.225056486723729e-07
2404 5.225056486723729e-07
2405 5.225056486723729e-07
2406 2.537883077171562e-07
2407 2.537883077171562e-07
2408 2.537883077171562e-07
2409 2.537883077171562e-07
2410 5.225056486723729e-07
2411 5.225056486723729e-07
2412 5.225056486723729e-07
2413 5.225056486723729e-07
2414 2.537883077171562e-07
2415 2.537883077171562e-07
2416 2.537883077171562e-07
2417 2.537883077171562e-07
2418 1.703308143931157e-05
2419 1.703308143931157e-05
2420 1.703308143931157e-05
2421 1.703308143931157e-05
2422 1.297271183281985e-05
2423 2.569202045307523e-06
2424 2.569202045307523e-06
2425 2.537883077171562e-07
2426 2.537883077171562e-07
2427 2.40739885597551e-06
2428 2.40739885597551e-06
2429 6.940213485770978e-08
2430 2.537883077171562e-07
2431 2.537883077171562e-07
2432 2.40739885597551e-06
2433 2.40739885597551e-06
2434 6.940213485770978e-08
2435 2.537883077171562e-07
2436 2.537883077171562e-07
2437 2.40739885597551e-06
2438 2.40739885597551e-06
2439 6.940213485770978e-08
2440 2.537883077171562e-07
2441 2.537883077171562e-07
2442 2.40739885597551e-06
2443 2.40739885597551e-06
2444 6.940213485770978e-08
2445 2.537883077171562e-07
2446 2.537883077171562e-07
2447 2.40739885597551e-06
2448 2.40739885597551e-06
2449 6.940213485770978e-08
2450 2.537883077171562e-07
2451 2.537883077171562e-07
2452 5.225056486723729e-07
2453 5.225056486723729e-07
2454 6.940213485770978e-08
2455 2.537883077171562e-07
2456 2.537883077171562e-07
2457 5.225056486723729e-07
2458 5.225056486723729e-07
2459 6.940213485770978e-08
2460 2.537883077171562e-07
2461 2.537883077171562e-07
2462 5.225056486723729e-07
2463 5.225056486723729e-07
2464 6.940213485770978e-08
2465 2.537883077171562e-07
2466 2.537883077171562e-07
2467 5.225056486723729e-07
2468 5.225056486723729e-07
2469 6.940213485770978e-08
2470 2.537883077171562e-07
2471 2.537883077171562e-07
2472 5.225056486723729e-07
2473 5.225056486723729e-07
2474 6.940213485770978e-08
2475 2.537883077171562e-07
2476 2.537883077171562e-07
2477 5.225056486723729e-07
2478 5.225056486723729e-07
2479 6.940213485770978e-08
2480 2.537883077171562e-07
2481 2.537883077171562e-07
2482 5.225056486723729e-07
2483 5.225056486723729e-07
2484 6.940213485770978e-08
2485 2.537883077171562e-07
2486 2.537883077171562e-07
2487 5.225056486723729e-07
2488 5.225056486723729e-07
2489 6.940213485770978e-08
2490 2.537883077171562e-07
2491 2.537883077171562e-07
2492 5.225056486723729e-07
2493 5.225056486723729e-07
2494 6.940213485770978e-08
2495 2.537883077171562e-07
2496 2.537883077171562e-07
2497 5.225056486723729e-07
2498 5.225056486723729e-07
2499 6.940213485770978e-08
2500 2.537883077171562e-07
2501 2.537883077171562e-07
2502 5.225056486723729e-07
2503 5.225056486723729e-07
2504 6.940213485770978e-08
2505 1.703308143931157e-05
2506 1.703308143931157e-05
2507 1.703308143931157e-05
2508 1.703308143931157e-05
2509 2.40739885597551e-06
2510 2.40739885597551e-06
2511 2.537883077171562e-07
2512 2.537883077171562e-07
2513 1.703308143931157e-05
2514 1.703308143931157e-05
2515 1.703308143931157e-05
2516 1.703308143931157e-05
2517 2.40739885597551e-06
2518 2.40739885597551e-06
2519 2.537883077171562e-07
2520 2.537883077171562e-07
2521 1.703308143931157e-05
2522 1.703308143931157e-05
2523 1.703308143931157e-05
2524 1.703308143931157e-05
2525 2.40739885597551e-06
2526 2.40739885597551e-06
2527 2.537883077171562e-07
2528 2.537883077171562e-07
2529 1.703308143931157e-05
2530 1.703308143931157e-05
2531 1.703308143931157e-05
2532 1.703308143931157e-05
2533 2.40739885597551e-06
2534 2.40739885597551e-06
2535 2.537883077171562e-07
2536 2.537883077171562e-07
2537 1.703308143931157e-05
2538 1.703308143931157e-05
2539 1.703308143931157e-05
2540 1.703308143931157e-05
2541 2.40739885597551e-06
2542 2.40739885597551e-06
2543 2.537883077171562e-07
2544 2.537883077171562e-07
2545 1.703308143931157e-05
2546 1.703308143931157e-05
2547 1.703308143931157e-05
2548 1.703308143931157e-05
2549 2.537883077171562e-07
2550 2.537883077171562e-07
2551 2.537883077171562e-07
2552 2.537883077171562e-07
2553 2.40739885597551e-06
2554 2.40739885597551e-06
2555 2.40739885597551e-06
2556 2.40739885597551e-06
2557 2.537883077171562e-07
2558 2.537883077171562e-07
2559 2.537883077171562e-07
2560 2.537883077171562e-07
2561 2.40739885597551e-06
2562 2.40739885597551e-06
2563 2.40739885597551e-06
2564 2.40739885597551e-06
2565 2.537883077171562e-07
2566 2.537883077171562e-07
2567 2.537883077171562e-07
2568 2.537883077171562e-07
2569 2.40739885597551e-06
2570 2.40739885597551e-06
2571 2.40739885597551e-06
2572 2.40739885597551e-06
2573 2.537883077171562e-07
2574 2.537883077171562e-07
2575 2.537883077171562e-07
2576 2.537883077171562e-07
2577 2.40739885597551e-06
2578 2.40739885597551e-06
2579 2.40739885597551e-06
2580 2.40739885597551e-06
2581 2.537883077171562e-07
2582 2.537883077171562e-07
2583 2.537883077171562e-07
2584 2.537883077171562e-07
2585 2.40739885597551e-06
2586 2.40739885597551e-06
2587 2.40739885597551e-06
2588 2.40739885597551e-06
2589 2.537883077171562e-07
2590 2.537883077171562e-07
2591 2.537883077171562e-07
2592 2.537883077171562e-07
2593 5.225056486723729e-07
2594 5.225056486723729e-07
2595 5.225056486723729e-07
2596 5.225056486723729e-07
2597 2.537883077171562e-07
2598 2.537883077171562e-07
2599 2.537883077171562e-07
2600 2.537883077171562e-07
2601 5.225056486723729e-07
2602 5.225056486723729e-07
2603 5.225056486723729e-07
2604 5.225056486723729e-07
2605 2.537883077171562e-07
2606 2.537883077171562e-07
2607 2.537883077171562e-07
2608 2.537883077171562e-07
2609 5.225056486723729e-07
2610 5.225056486723729e-07
2611 5.225056486723729e-07
2612 5.225056486723729e-07
2613 2.537883077171562e-07
2614 2.537883077171562e-07
2615 2.537883077171562e-07
2616 2.537883077171562e-07
2617 5.225056486723729e-07
2618 5.225056486723729e-07
2619 5.225056486723729e-07
2620 5.225056486723729e-07
2621 2.537883077171562e-07
2622 2.537883077171562e-07
2623 2.537883077171562e-07
2624 2.537883077171562e-07
2625 1.703308143931157e-05
2626 1.703308143931157e-05
2627 1.703308143931157e-05
2628 1.703308143931157e-05
2629 1.297271183281985e-05
2630 2.569202045307523e-06
2631 2.569202045307523e-06
2632 1.703308143931157e-05
2633 1.703308143931157e-05
2634 1.703308143931157e-05
2635 1.703308143931157e-05
2636 2.537883077171562e-07
2637 2.537883077171562e-07
2638 5.225056486723729e-07
2639 5.225056486723729e-07
2640 6.940213485770978e-08
2641 2.537883077171562e-07
2642 2.537883077171562e-07
2643 5.225056486723729e-07
2644 5.225056486723729e-07
2645 6.940213485770978e-08
2646 2.537883077171562e-07
2647 2.537883077171562e-07
2648 5.225056486723729e-07
2649 5.225056486723729e-07
2650 6.940213485770978e-08
2651 2.537883077171562e-07
2652 2.537883077171562e-07
2653 5.225056486723729e-07
2654 5.225056486723729e-07
2655 6.940213485770978e-08
2656 2.537883077171562e-07
2657 2.537883077171562e-07
2658 5.225056486723729e-07
2659 5.225056486723729e-07
2660 6.940213485770978e-08
2661 2.537883077171562e-07
2662 2.537883077171562e-07
2663 5.225056486723729e-07
2664 5.225056486723729e-07
2665 6.940213485770978e-08
2666 2.537883077171562e-07
2667 2.537883077171562e-07
2668 5.225056486723729e-07
2669 5.225056486723729e-07
2670 6.940213485770978e-08
2671 5.225056486723729e-07
2672 5.225056486723729e-07
2673 5.225056486723729e-07
2674 5.225056486723729e-07
2675 2.537883077171562e-07
2676 2.537883077171562e-07
2677 2.537883077171562e-07
2678 2.537883077171562e-07
2679 5.225056486723729e-07
2680 5.225056486723729e-07
2681 5.225056486723729e-07
2682 5.225056486723729e-07
2683 2.537883077171562e-07
2684 2.537883077171562e-07
2685 2.537883077171562e-07
2686 2.537883077171562e-07
2687 5.225056486723729e-07
2688 5.225056486723729e-07
2689 5.225056486723729e-07
2690 5.225056486723729e-07
2691 2.537883077171562e-07
2692 2.537883077171562e-07
2693 2.537883077171562e-07
2694 2.537883077171562e-07
2695 5.225056486723729e-07
2696 5.225056486723729e-07
2697 5.225056486723729e-07
2698 5.225056486723729e-07
2699 2.537883077171562e-07
2700 2.537883077171562e-07
2701 2.537883077171562e-07
2702 2.537883077171562e-07
2703 5.225056486723729e-07
2704 5.225056486723729e-07
2705 5.225056486723729e-07
2706 5.225056486723729e-07
2707 2.537883077171562e-07
2708 2.537883077171562e-07
2709 2.537883077171562e-07
2710 2.537883077171562e-07
2711 5.225056486723729e-07
2712 5.225056486723729e-07
2713 5.225056486723729e-07
2714 5.225056486723729e-07
2715 2.537883077171562e-07
2716 2.537883077171562e-07
2717 2.537883077171562e-07
2718 2.537883077171562e-07
2719 1.703308143931157e-05
2720 1.703308143931157e-05
2721 1.703308143931157e-05
2722 1.703308143931157e-05
2723 2.537883077171562e-07
2724 2.537883077171562e-07
2725 5.225056486723729e-07
2726 5.225056486723729e-07
2727 6.940213485770978e-08
2728 2.537883077171562e-07
2729 2.537883077171562e-07
2730 5.225056486723729e-07
2731 5.225056486723729e-07
2732 6.940213485770978e-08
2733 2.537883077171562e-07
2734 2.537883077171562e-07
2735 5.225056486723729e-07
2736 5.225056486723729e-07
2737 6.940213485770978e-08
2738 2.537883077171562e-07
2739 2.537883077171562e-07
2740 5.225056486723729e-07
2741 5.225056486723729e-07
2742 6.940213485770978e-08
2743 2.537883077171562e-07
2744 2.537883077171562e-07
2745 5.225056486723729e-07
2746 5.225056486723729e-07
2747 6.940213485770978e-08
2748 2.537883077171562e-07
2749 2.537883077171562e-07
2750 5.225056486723729e-07
2751 5.225056486723729e-07
2752 6.940213485770978e-08
2753 2.537883077171562e-07
2754 2.537883077171562e-07
2755 5.225056486723729e-07
2756 5.225056486723729e-07
2757 6.940213485770978e-08
2758 5.225056486723729e-07
2759 5.225056486723729e-07
2760 5.225056486723729e-07
2761 5.225056486723729e-07
2762 2.537883077171562e-07
2763 2.537883077171562e-07
2764 2.537883077171562e-07
2765 2.537883077171562e-07
2766 5.225056486723729e-07
2767 5.225056486723729e-07
2768 5.225056486723729e-07
2769 5.225056486723729e-07
2770 2.537883077171562e-07
2771 2.537883077171562e-07
2772 2.537883077171562e-07
2773 2.537883077171562e-07
2774 5.225056486723729e-07
2775 5.225056486723729e-07
2776 5.225056486723729e-07
2777 5.225056486723729e-07
2778 2.537883077171562e-07
2779 2.537883077171562e-07
2780 2.537883077171562e-07
2781 2.537883077171562e-07
2782 5.225056486723729e-07
2783 5.225056486723729e-07
2784 5.225056486723729e-07
2785 5.225056486723729e-07
2786 2.537883077171562e-07
2787 2.537883077171562e-07
2788 2.537883077171562e-07
2789 2.537883077171562e-07
2790 5.225056486723729e-07
2791 5.225056486723729e-07
2792 5.225056486723729e-07
2793 5.225056486723729e-07
2794 2.537883077171562e-07
2795 2.537883077171562e-07
2796 2.537883077171562e-07
2797 2.537883077171562e-07
2798 5.225056486723729e-07
2799 5.225056486723729e-07
2800 5.225056486723729e-07
2801 5.225056486723729e-07
2802 2.537883077171562e-07
2803 2.537883077171562e-07
2804 2.537883077171562e-07
2805 2.537883077171562e-07
2806 1.703308143931157e-05
2807 1.703308143931157e-05
2808 1.703308143931157e-05
2809 1.703308143931157e-05
2810 2.537883077171562e-07
2811 2.537883077171562e-07
2812 5.225056486723729e-07
2813 5.225056486723729e-07
2814 6.940213485770978e-08
2815 2.537883077171562e-07
2816 2.537883077171562e-07
2817 5.225056486723729e-07
2818 5.225056486723729e-07
2819 6.940213485770978e-08
2820 2.537883077171562e-07
2821 2.537883077171562e-07
2822 5.225056486723729e-07
2823 5.225056486723729e-07
2824 6.940213485770978e-08
2825 2.537883077171562e-07
2826 2.537883077171562e-07
2827 5.225056486723729e-07
2828 5.225056486723729e-07
2829 6.940213485770978e-08
2830 2.537883077171562e-07
2831 2.537883077171562e-07
2832 5.225056486723729e-07
2833 5.225056486723729e-07
2834 6.940213485770978e-08
2835 2.537883077171562e-07
2836 2.537883077171562e-07
2837 5.225056486723729e-07
2838 5.225056486723729e-07
2839 6.940213485770978e-08
2840 2.537883077171562e-07
2841 2.537883077171562e-07
2842 5.225056486723729e-07
2843 5.225056486723729e-07
2844 6.940213485770978e-08
2845 2.537883077171562e-07
2846 2.537883077171562e-07
2847 5.225056486723729e-07
2848 5.225056486723729e-07
2849 6.940213485770978e-08
2850 5.225056486723729e-07
2851 5.225056486723729e-07
2852 5.225056486723729e-07
2853 5.225056486723729e-07
2854 2.537883077171562e-07
2855 2.537883077171562e-07
2856 2.537883077171562e-07
2857 2.537883077171562e-07
2858 5.225056486723729e-07
2859 5.225056486723729e-07
2860 5.225056486723729e-07
2861 5.225056486723729e-07
2862 2.537883077171562e-07
2863 2.537883077171562e-07
2864 2.537883077171562e-07
2865 2.537883077171562e-07
2866 5.225056486723729e-07
2867 5.225056486723729e-07
2868 5.225056486723729e-07
2869 5.225056486723729e-07
2870 2.537883077171562e-07
2871 2.537883077171562e-07
2872 2.537883077171562e-07
2873 2.537883077171562e-07
2874 5.225056486723729e-07
2875 5.225056486723729e-07
2876 5.225056486723729e-07
2877 5.225056486723729e-07
2878 2.537883077171562e-07
2879 2.537883077171562e-07
2880 2.537883077171562e-07
2881 2.537883077171562e-07
2882 5.225056486723729e-07
2883 5.225056486723729e-07
2884 5.225056486723729e-07
2885 5.225056486723729e-07
2886 2.537883077171562e-07
2887 2.537883077171562e-07
2888 2.537883077171562e-07
2889 2.537883077171562e-07
2890 5.225056486723729e-07
2891 5.225056486723729e-07
2892 5.225056486723729e-07
2893 5.225056486723729e-07
2894 2.537883077171562e-07
2895 2.537883077171562e-07
2896 2.537883077171562e-07
2897 2.537883077171562e-07
2898 5.225056486723729e-07
2899 5.225056486723729e-07
2900 5.225056486723729e-07
2901 5.225056486723729e-07
2902 2.537883077171562e-07
2903 2.537883077171562e-07
2904 2.537883077171562e-07
2905 2.537883077171562e-07
2906 1.703308143931157e-05
2907 1.703308143931157e-05
2908 1.703308143931157e-05
2909 1.703308143931157e-05
2910 2.569202045307523e-06
$EndElementData
$ElementData
1
"Attribute:SectionDimension1"
1
0
3
0
1
2910
1 0.08
2 0.08
3 0.08
4 0.08
5 0.08
6 0.08
7 0.08
8 0.08
9 0.08
10 0.08
11 0.08
12 0.08
13 0.08
14 0.08
15 0.08
16 0.08
17 0.08
18 0.08
19 0.08
20 0.08
21 0.12
22 0.08
23 0.08
24 0.08
25 0.08
26 0.08
27 0.08
28 0.08
29 0.08
30 0.08
31 0.08
32 0.08
33 0.08
34 0.08
35 0.08
36 0.08
37 0.08
38 0.08
39 0.08
40 0.08
41 0.08
42 0.12
43 0.08
44 0.08
45 0.08
46 0.08
47 0.08
48 0.08
49 0.08
50 0.08
51 0.08
52 0.08
53 0.08
54 0.08
55 0.08
56 0.08
57 0.08
58 0.08
59 0.08
60 0.08
61 0.08
62 0.08
63 0.12
64 0.08
65 0.08
66 0.08
67 0.08
68 0.08
69 0.08
70 0.08
71 0.08
72 0.08
73 0.08
74 0.08
75 0.08
76 0.08
77 0.08
78 0.08
79 0.08
80 0.08
81 0.08
82 0.08
83 0.08
84 0.12
85 0.08
86 0.08
87 0.08
88 0.08
89 0.08
90 0.08
91 0.08
92 0.08
93 0.08
94 0.08
95 0.08
96 0.08
97 0.08
98 0.08
99 0.08
100 0.08
101 0.08
102 0.08
103 0.08
104 0.08
105 0.12
106 0.08
107 0.08
108 0.08
109 0.08
110 0.08
111 0.08
112 0.08
113 0.08
114 0.08
115 0.08
116 0.08
117 0.08
118 0.08
119 0.08
120 0.08
121 0.08
122 0.08
123 0.08
124 0.08
125 0.08
126 0.12
127 0.08
128 0.08
129 0.08
130 0.08
131 0.08
132 0.08
133 0.08
134 0.08
135 0.08
136 0.08
137 0.08
138 0.08
139 0.08
140 0.08
141 0.08
142 0.08
143 0.08
144 0.08
145 0.08
146 0.08
147 0.12
148 0.08
149 0.08
150 0.08
151 0.08
152 0.08
153 0.08
154 0.08
155 0.08
156 0.08
157 0.08
158 0.08
159 0.08
160 0.08
161 0.08
162 0.08
163 0.08
164 0.08
165 0.08
166 0.08
167 0.08
168 0.12
169 0.08
170 0.08
171 0.08
172 0.08
173 0.08
174 0.08
175 0.08
176 0.08
177 0.08
178 0.08
179 0.08
180 0.08
181 0.08
182 0.08
183 0.08
184 0.08
185 0.08
186 0.08
187 0.08
188 0.08
189 0.12
190 0.08
191 0.08
192 0.08
193 0.08
194 0.08
195 0.08
196 0.08
197 0.08
198 0.08
199 0.08
200 0.08
201 0.08
202 0.08
203 0.08
204 0.08
205 0.08
206 0.08
207 0.08
208 0.08
209 0.08
210 0.12
211 0.08
212 0.08
213 0.08
214 0.08
215 0.08
216 0.08
217 0.08
218 0.08
219 0.08
220 0.08
221 0.08
222 0.08
223 0.08
224 0.08
225 0.08
226 0.08
227 0.08
228 0.08
229 0.08
230 0.08
231 0.12
232 0.08
233 0.08
234 0.08
235 0.08
236 0.08
237 0.08
238 0.08
239 0.08
240 0.08
241 0.08
242 0.08
243 0.08
244 0.08
245 0.08
246 0.08
247 0.08
248 0.08
249 0.08
250 0.08
251 0.08
252 0.12
253 0.08
254 0.08
255 0.08
256 0.08
257 0.08
258 0.08
259 0.08
260 0.08
261 0.08
262 0.08
263 0.08
264 0.08
265 0.08
266 0.08
267 0.08
268 0.08
269 0.08
270 0.08
271 0.08
272 0.08
273 0.12
274 0.08
275 0.08
276 0.08
277 0.08
278 0.08
279 0.08
280 0.08
281 0.08
282 0.08
283 0.08
284 0.08
285 0.08
286 0.08
287 0.08
288 0.08
289 0.08
290 0.08
291 0.08
292 0.08
293 0.08
294 0.12
295 0.2
296 0.2
297 0.2
298 0.2
299 0.2
300 0.2
301 0.2
302 0.2
303 0.2
304 0.2
305 0.2
306 0.2
307 0.2
308 0.2
309 0.2
310 0.2
311 0.2
312 0.2
313 0.2
314 0.2
315 0.12
316 0.08
317 0.08
318 0.08
319 0.08
320 0.08
321 0.08
322 0.08
323 0.08
324 0.08
325 0.08
326 0.08
327 0.08
328 0.08
329 0.08
330 0.08
331 0.08
332 0.08
333 0.08
334 0.08
335 0.08
336 0.12
337 0.2
338 0.2
339 0.2
340 0.2
341 0.2
342 0.2
343 0.2
344 0.2
345 0.2
346 0.2
347 0.2
348 0.2
349 0.2
350 0.2
351 0.2
352 0.2
353 0.2
354 0.2
355 0.2
356 0.2
357 0.12
358 0.08
359 0.08
360 0.08
361 0.08
362 0.08
363 0.08
364 0.08
365 0.08
366 0.08
367 0.08
368 0.08
369 0.08
370 0.08
371 0.08
372 0.08
373 0.08
374 0.08
375 0.08
376 0.08
377 0.08
378 0.12
379 0.08
380 0.08
381 0.08
382 0.08
383 0.08
384 0.08
385 0.08
386 0.08
387 0.08
388 0.08
389 0.08
390 0.08
391 0.08
392 0.08
393 0.08
394 0.08
395 0.08
396 0.08
397 0.08
398 0.08
399 0.12
400 0.08
401 0.08
402 0.08
403 0.08
404 0.08
405 0.08
406 0.08
407 0.08
408 0.08
409 0.08
410 0.08
411 0.08
412 0.08
413 0.08
414 0.08
415 0.08
416 0.08
417 0.08
418 0.08
419 0.08
420 0.12
421 0.08
422 0.08
423 0.08
424 0.08
425 0.08
426 0.08
427 0.08
428 0.08
429 0.08
430 0.08
431 0.08
432 0.08
433 0.08
434 0.08
435 0.08
436 0.08
437 0.08
438 0.08
439 0.08
440 0.08
441 0.12
442 0.08
443 0.08
444 0.08
445 0.08
446 0.08
447 0.08
448 0.08
449 0.08
450 0.08
451 0.08
452 0.08
453 0.08
454 0.08
455 0.08
456 0.08
457 0.08
458 0.08
459 0.08
460 0.08
461 0.08
462 0.12
463 0.08
464 0.08
465 0.08
466 0.08
467 0.08
468 0.08
469 0.08
470 0.08
471 0.08
472 0.08
473 0.08
474 0.08
475 0.08
476 0.08
477 0.08
478 0.08
479 0.08
480 0.08
481 0.08
482 0.08
483 0.12
484 0.08
485 0.08
486 0.08
487 0.08
488 0.08
489 0.08
490 0.08
491 0.08
492 0.08
493 0.08
494 0.08
495 0.08
496 0.08
497 0.08
498 0.08
499 0.08
500 0.08
501 0.08
502 0.08
503 0.08
504 0.12
505 0.08
506 0.08
507 0.08
508 0.08
509 0.08
510 0.08
511 0.08
512 0.08
513 0.08
514 0.08
515 0.08
516 0.08
517 0.08
518 0.08
519 0.08
520 0.08
521 0.08
522 0.08
523 0.08
524 0.08
525 0.12
526 0.08
527 0.08
528 0.08
529 0.08
530 0.08
531 0.08
532 0.08
533 0.08
534 0.08
535 0.08
536 0.08
537 0.08
538 0.08
539 0.08
540 0.08
541 0.08
542 0.08
543 0.08
544 0.08
545 0.08
546 0.12
547 0.08
548 0.08
549 0.08
550 0.08
551 0.08
552 0.08
553 0.08
554 0.08
555 0.08
556 0.08
557 0.08
558 0.08
559 0.08
560 0.08
561 0.08
562 0.08
563 0.08
564 0.08
565 0.08
566 0.08
567 0.12
568 0.08
569 0.08
570 0.08
571 0.08
572 0.08
573 0.08
574 0.08
575 0.08
576 0.08
577 0.08
578 0.08
579 0.08
580 0.08
581 0.08
582 0.08
583 0.08
584 0.08
585 0.08
586 0.08
587 0.08
588 0.12
589 0.08
590 0.08
591 0.08
592 0.08
593 0.08
594 0.08
595 0.08
596 0.08
597 0.08
598 0.08
599 0.08
600 0.08
601 0.08
602 0.08
603 0.08
604 0.08
605 0.08
606 0.08
607 0.08
608 0.08
609 0.12
610 0.08
611 0.08
612 0.08
613 0.08
614 0.08
615 0.08
616 0.08
617 0.08
618 0.08
619 0.08
620 0.08
621 0.08
622 0.08
623 0.08
624 0.08
625 0.08
626 0.08
627 0.08
628 0.08
629 0.08
630 0.12
631 0.08
632 0.08
633 0.08
634 0.08
635 0.08
636 0.08
637 0.08
638 0.08
639 0.08
640 0.08
641 0.08
642 0.08
643 0.08
644 0.08
645 0.08
646 0.08
647 0.08
648 0.08
649 0.08
650 0.08
651 0.12
652 0.08
653 0.08
654 0.08
655 0.08
656 0.08
657 0.08
658 0.08
659 0.08
660 0.08
661 0.08
662 0.08
663 0.08
664 0.08
665 0.08
666 0.08
667 0.08
668 0.08
669 0.08
670 0.08
671 0.08
672 0.12
673 0.08
674 0.08
675 0.08
676 0.08
677 0.08
678 0.08
679 0.08
680 0.08
681 0.08
682 0.08
683 0.08
684 0.08
685 0.08
686 0.08
687 0.08
688 0.08
689 0.08
690 0.08
691 0.08
692 0.08
693 0.12
694 0.08
695 0.08
696 0.08
697 0.08
698 0.08
699 0.08
700 0.08
701 0.08
702 0.08
703 0.08
704 0.08
705 0.08
706 0.08
707 0.08
708 0.08
709 0.08
710 0.08
711 0.08
712 0.08
713 0.08
714 0.12
715 0.08
716 0.08
717 0.08
718 0.08
719 0.08
720 0.08
721 0.08
722 0.08
723 0.08
724 0.08
725 0.08
726 0.08
727 0.08
728 0.08
729 0.08
730 0.08
731 0.08
732 0.08
733 0.08
734 0.08
735 0.12
736 0.08
737 0.08
738 0.08
739 0.08
740 0.08
741 0.08
742 0.08
743 0.08
744 0.08
745 0.08
746 0.08
747 0.08
748 0.08
749 0.08
750 0.08
751 0.08
752 0.08
753 0.08
754 0.08
755 0.08
756 0.12
757 0.08
758 0.08
759 0.08
760 0.08
761 0.08
762 0.08
763 0.08
764 0.08
765 0.08
766 0.08
767 0.08
768 0.08
769 0.08
770 0.08
771 0.08
772 0.08
773 0.08
774 0.08
775 0.08
776 0.08
777 0.12
778 0.06
779 0.04
780 0.06
781 0.04
782 0.06
783 0.04
784 0.06
785 0.04
786 0.06
787 0.04
788 0.06
789 0.04
790 0.06
791 0.04
792 0.06
793 0.04
794 0.06
795 0.04
796 0.06
797 0.04
798 0.06
799 0.04
800 0.06
801 0.04
802 0.06
803 0.04
804 0.06
805 0.04
806 0.06
807 0.04
808 0.06
809 0.04
810 0.06
811 0.04
812 0.06
813 0.04
814 0.06
815 0.04
816 0.06
817 0.04
818 0.06
819 0.04
820 0.06
821 0.04
822 0.06
823 0.04
824 0.06
825 0.04
826 0.06
827 0.04
828 0.06
829 0.04
830 0.06
831 0.04
832 0.06
833 0.04
834 0.06
835 0.04
836 0.06
837 0.04
838 0.06
839 0.04
840 0.06
841 0.04
842 0.06
843 0.04
844 0.06
845 0.04
846 0.06
847 0.04
848 0.06
849 0.04
850 0.06
851 0.04
852 0.06
853 0.04
854 0.06
855 0.04
856 0.06
857 0.04
858 0.06
859 0.04
860 0.06
861 0.04
862 0.06
863 0.04
864 0.06
865 0.04
866 0.06
867 0.04
868 0.06
869 0.04
870 0.06
871 0.04
872 0.06
873 0.04
874 0.06
875 0.04
876 0.06
877 0.04
878 0.06
879 0.04
880 0.06
881 0.04
882 0.06
883 0.04
884 0.06
885 0.04
886 0.06
887 0.04
888 0.06
889 0.04
890 0.06
891 0.04
892 0.06
893 0.04
894 0.06
895 0.04
896 0.06
897 0.04
898 0.06
899 0.04
900 0.06
901 0.04
902 0.06
903 0.04
904 0.06
905 0.04
906 0.06
907 0.04
908 0.06
909 0.04
910 0.06
911 0.04
912 0.06
913 0.04
914 0.06
915 0.04
916 0.06
917 0.04
918 0.06
919 0.04
920 0.06
921 0.04
922 0.06
923 0.04
924 0.06
925 0.04
926 0.06
927 0.04
928 0.06
929 0.04
930 0.06
931 0.04
932 0.06
933 0.04
934 0.06
935 0.04
936 0.06
937 0.04
938 0.06
939 0.04
940 0.06
941 0.04
942 0.06
943 0.04
944 0.06
945 0.04
946 0.06
947 0.04
948 0.06
949 0.04
950 0.06
951 0.04
952 0.06
953 0.04
954 0.06
955 0.04
956 0.06
957 0.04
958 0.06
959 0.04
960 0.06
961 0.04
962 0.06
963 0.04
964 0.06
965 0.04
966 0.06
967 0.04
968 0.06
969 0.04
970 0.06
971 0.04
972 0.06
973 0.04
974 0.06
975 0.04
976 0.06
977 0.04
978 0.06
979 0.04
980 0.06
981 0.04
982 0.06
983 0.04
984 0.06
985 0.04
986 0.06
987 0.04
988 0.06
989 0.04
990 0.06
991 0.04
992 0.06
993 0.04
994 0.06
995 0.04
996 0.06
997 0.04
998 0.06
999 0.04
1000 0.06
1001 0.04
1002 0.06
1003 0.04
1004 0.06
1005 0.04
1006 0.06
1007 0.04
1008 0.06
1009 0.04
1010 0.06
1011 0.04
1012 0.06
1013 0.04
1014 0.06
1015 0.04
1016 0.06
1017 0.04
1018 0.06
1019 0.04
1020 0.06
1021 0.04
1022 0.06
1023 0.04
1024 0.06
1025 0.04
1026 0.06
1027 0.04
1028 0.06
1029 0.04
1030 0.06
1031 0.04
1032 0.06
1033 0.04
1034 0.06
1035 0.04
1036 0.06
1037 0.04
1038 0.06
1039 0.04
1040 0.06
1041 0.04
1042 0.06
1043 0.04
1044 0.06
1045 0.04
1046 0.06
1047 0.04
1048 0.06
1049 0.04
1050 0.06
1051 0.04
1052 0.06
1053 0.04
1054 0.06
1055 0.04
1056 0.06
1057 0.04
1058 0.06
1059 0.04
1060 0.06
1061 0.04
1062 0.06
1063 0.04
1064 0.06
1065 0.04
1066 0.06
1067 0.04
1068 0.06
1069 0.04
1070 0.06
1071 0.04
1072 0.06
1073 0.04
1074 0.06
1075 0.04
1076 0.06
1077 0.04
1078 0.06
1079 0.04
1080 0.06
1081 0.04
1082 0.06
1083 0.04
1084 0.06
1085 0.04
1086 0.06
1087 0.04
1088 0.06
1089 0.04
1090 0.06
1091 0.04
1092 0.06
1093 0.04
1094 0.06
1095 0.04
1096 0.06
1097 0.04
1098 0.06
1099 0.04
1100 0.06
1101 0.04
1102 0.06
1103 0.04
1104 0.06
1105 0.04
1106 0.06
1107 0.04
1108 0.06
1109 0.04
1110 0.06
1111 0.04
1112 0.06
1113 0.04
1114 0.06
1115 0.04
1116 0.06
1117 0.04
1118 0.06
1119 0.04
1120 0.06
1121 0.04
1122 0.06
1123 0.04
1124 0.06
1125 0.04
1126 0.06
1127 0.04
1128 0.06
1129 0.04
1130 0.06
1131 0.04
1132 0.06
1133 0.04
1134 0.06
1135 0.04
1136 0.06
1137 0.04
1138 0.06
1139 0.04
1140 0.06
1141 0.04
1142 0.06
1143 0.04
1144 0.06
1145 0.04
1146 0.06
1147 0.04
1148 0.06
1149 0.04
1150 0.06
1151 0.04
1152 0.06
1153 0.04
1154 0.06
1155 0.04
1156 0.06
1157 0.04
1158 0.06
1159 0.04
1160 0.06
1161 0.04
1162 0.06
1163 0.04
1164 0.06
1165 0.04
1166 0.06
1167 0.04
1168 0.06
1169 0.04
1170 0.06
1171 0.04
1172 0.06
1173 0.04
1174 0.06
1175 0.04
1176 0.06
1177 0.04
1178 0.06
1179 0.04
1180 0.06
1181 0.04
1182 0.06
1183 0.04
1184 0.06
1185 0.04
1186 0.06
1187 0.04
1188 0.06
1189 0.04
1190 0.06
1191 0.04
1192 0.06
1193 0.04
1194 0.06
1195 0.04
1196 0.06
1197 0.04
1198 0.06
1199 0.04
1200 0.06
1201 0.04
1202 0.06
1203 0.04
1204 0.06
1205 0.04
1206 0.06
1207 0.04
1208 0.06
1209 0.04
1210 0.06
1211 0.04
1212 0.06
1213 0.04
1214 0.06
1215 0.04
1216 0.06
1217 0.04
1218 0.06
1219 0.04
1220 0.06
1221 0.04
1222 0.06
1223 0.04
1224 0.06
1225 0.04
1226 0.06
1227 0.04
1228 0.06
1229 0.04
1230 0.06
1231 0.04
1232 0.06
1233 0.04
1234 0.06
1235 0.04
1236 0.06
1237 0.04
1238 0.06
1239 0.04
1240 0.06
1241 0.04
1242 0.06
1243 0.04
1244 0.06
1245 0.04
1246 0.06
1247 0.04
1248 0.06
1249 0.04
1250 0.06
1251 0.04
1252 0.06
1253 0.04
1254 0.06
1255 0.04
1256 0.06
1257 0.04
1258 0.06
1259 0.04
1260 0.06
1261 0.04
1262 0.06
1263 0.04
1264 0.06
1265 0.04
1266 0.06
1267 0.04
1268 0.06
1269 0.04
1270 0.06
1271 0.04
1272 0.06
1273 0.04
1274 0.06
1275 0.04
1276 0.06
1277 0.04
1278 0.06
1279 0.04
1280 0.06
1281 0.04
1282 0.06
1283 0.04
1284 0.06
1285 0.04
1286 0.06
1287 0.04
1288 0.06
1289 0.04
1290 0.06
1291 0.04
1292 0.06
1293 0.04
1294 0.06
1295 0.04
1296 0.06
1297 0.04
1298 0.06
1299 0.04
1300 0.06
1301 0.04
1302 0.06
1303 0.04
1304 0.06
1305 0.04
1306 0.06
1307 0.04
1308 0.06
1309 0.04
1310 0.06
1311 0.04
1312 0.06
1313 0.04
1314 0.06
1315 0.04
1316 0.06
1317 0.04
1318 0.06
1319 0.04
1320 0.06
1321 0.04
1322 0.06
1323 0.04
1324 0.06
1325 0.04
1326 0.06
1327 0.04
1328 0.06
1329 0.04
1330 0.06
1331 0.04
1332 0.06
1333 0.04
1334 0.06
1335 0.04
1336 0.06
1337 0.04
1338 0.06
1339 0.04
1340 0.06
1341 0.04
1342 0.06
1343 0.04
1344 0.06
1345 0.04
1346 0.06
1347 0.04
1348 0.06
1349 0.04
1350 0.06
1351 0.04
1352 0.06
1353 0.04
1354 0.06
1355 0.04
1356 0.06
1357 0.04
1358 0.06
1359 0.04
1360 0.06
1361 0.04
1362 0.06
1363 0.04
1364 0.06
1365 0.04
1366 0.06
1367 0.04
1368 0.06
1369 0.04
1370 0.06
1371 0.04
1372 0.06
1373 0.04
1374 0.06
1375 0.04
1376 0.06
1377 0.04
1378 0.06
1379 0.04
1380 0.06
1381 0.04
1382 0.06
1383 0.04
1384 0.06
1385 0.04
1386 0.06
1387 0.04
1388 0.06
1389 0.04
1390 0.06
1391 0.04
1392 0.06
1393 0.04
1394 0.06
1395 0.04
1396 0.06
1397 0.04
1398 0.06
1399 0.04
1400 0.06
1401 0.04
1402 0.06
1403 0.04
1404 0.06
1405 0.04
1406 0.06
1407 0.04
1408 0.06
1409 0.04
1410 0.06
1411 0.04
1412 0.06
1413 0.04
1414 0.06
1415 0.04
1416 0.06
1417 0.04
1418 0.06
1419 0.04
1420 0.06
1421 0.04
1422 0.06
1423 0.04
1424 0.06
1425 0.04
1426 0.06
1427 0.04
1428 0.06
1429 0.04
1430 0.06
1431 0.04
1432 0.06
1433 0.04
1434 0.06
1435 0.04
1436 0.06
1437 0.04
1438 0.06
1439 0.04
1440 0.06
1441 0.04
1442 0.06
1443 0.04
1444 0.06
1445 0.04
1446 0.06
1447 0.04
1448 0.06
1449 0.04
1450 0.06
1451 0.04
1452 0.06
1453 0.04
1454 0.06
1455 0.04
1456 0.06
1457 0.04
1458 0.06
1459 0.04
1460 0.06
1461 0.04
1462 0.06
1463 0.04
1464 0.06
1465 0.04
1466 0.06
1467 0.04
1468 0.06
1469 0.04
1470 0.06
1471 0.04
1472 0.06
1473 0.04
1474 0.06
1475 0.04
1476 0.06
1477 0.04
1478 0.06
1479 0.04
1480 0.06
1481 0.04
1482 0.06
1483 0.04
1484 0.06
1485 0.04
1486 0.06
1487 0.04
1488 0.06
1489 0.04
1490 0.06
1491 0.04
1492 0.06
1493 0.04
1494 0.06
1495 0.04
1496 0.06
1497 0.04
1498 0.06
1499 0.04
1500 0.06
1501 0.04
1502 0.06
1503 0.04
1504 0.06
1505 0.04
1506 0.06
1507 0.04
1508 0.06
1509 0.04
1510 0.06
1511 0.04
1512 0.06
1513 0.04
1514 0.06
1515 0.04
1516 0.06
1517 0.04
1518 0.06
1519 0.04
1520 0.06
1521 0.04
1522 0.06
1523 0.04
1524 0.06
1525 0.04
1526 0.06
1527 0.04
1528 0.06
1529 0.04
1530 0.06
1531 0.04
1532 0.06
1533 0.04
1534 0.06
1535 0.04
1536 0.06
1537 0.04
1538 0.06
1539 0.04
1540 0.06
1541 0.04
1542 0.06
1543 0.04
1544 0.06
1545 0.04
1546 0.06
1547 0.04
1548 0.06
1549 0.04
1550 0.06
1551 0.04
1552 0.06
1553 0.04
1554 0.06
1555 0.04
1556 0.06
1557 0.04
1558 0.06
1559 0.04
1560 0.06
1561 0.04
1562 0.06
1563 0.04
1564 0.06
1565 0.04
1566 0.06
1567 0.04
1568 0.06
1569 0.04
1570 0.06
1571 0.04
1572 0.06
1573 0.04
1574 0.06
1575 0.04
1576 0.06
1577 0.04
1578 0.06
1579 0.04
1580 0.06
1581 0.04
1582 0.06
1583 0.04
1584 0.06
1585 0.04
1586 0.06
1587 0.04
1588 0.06
1589 0.04
1590 0.06
1591 0.04
1592 0.06
1593 0.04
1594 0.06
1595 0.04
1596 0.06
1597 0.04
1598 0.06
1599 0.04
1600 0.06
1601 0.04
1602 0.06
1603 0.04
1604 0.06
1605 0.04
1606 0.06
1607 0.04
1608 0.06
1609 0.04
1610 0.06
1611 0.04
1612 0.06
1613 0.04
1614 0.06
1615 0.04
1616 0.06
1617 0.04
1618 0.06
1619 0.04
1620 0.06
1621 0.04
1622 0.06
1623 0.04
1624 0.06
1625 0.04
1626 0.06
1627 0.04
1628 0.06
1629 0.04
1630 0.06
1631 0.04
1632 0.06
1633 0.04
1634 0.06
1635 0.04
1636 0.06
1637 0.04
1638 0.06
1639 0.04
1640 0.06
1641 0.04
1642 0.06
1643 0.04
1644 0.06
1645 0.04
1646 0.06
1647 0.04
1648 0.06
1649 0.04
1650 0.06
1651 0.04
1652 0.06
1653 0.04
1654 0.06
1655 0.04
1656 0.06
1657 0.04
1658 0.06
1659 0.04
1660 0.06
1661 0.04
1662 0.06
1663 0.04
1664 0.06
1665 0.04
1666 0.06
1667 0.04
1668 0.06
1669 0.04
1670 0.06
1671 0.04
1672 0.06
1673 0.04
1674 0.06
1675 0.04
1676 0.06
1677 0.04
1678 0.06
1679 0.04
1680 0.06
1681 0.04
1682 0.06
1683 0.04
1684 0.06
1685 0.04
1686 0.06
1687 0.04
1688 0.06
1689 0.04
1690 0.06
1691 0.04
1692 0.06
1693 0.04
1694 0.06
1695 0.04
1696 0.06
1697 0.04
1698 0.06
1699 0.04
1700 0.06
1701 0.04
1702 0.06
1703 0.04
1704 0.06
1705 0.04
1706 0.06
1707 0.04
1708 0.06
1709 0.04
1710 0.06
1711 0.04
1712 0.06
1713 0.04
1714 0.06
1715 0.04
1716 0.06
1717 0.04
1718 0.06
1719 0.04
1720 0.06
1721 0.04
1722 0.06
1723 0.04
1724 0.06
1725 0.04
1726 0.06
1727 0.04
1728 0.06
1729 0.04
1730 0.06
1731 0.04
1732 0.06
1733 0.04
1734 0.06
1735 0.04
1736 0.06
1737 0.04
1738 0.06
1739 0.04
1740 0.06
1741 0.04
1742 0.06
1743 0.04
1744 0.06
1745 0.04
1746 0.06
1747 0.04
1748 0.06
1749 0.04
1750 0.06
1751 0.04
1752 0.06
1753 0.04
1754 0.06
1755 0.04
1756 0.06
1757 0.04
1758 0.06
1759 0.04
1760 0.06
1761 0.04
1762 0.06
1763 0.04
1764 0.06
1765 0.04
1766 0.06
1767 0.04
1768 0.06
1769 0.04
1770 0.06
1771 0.04
1772 0.06
1773 0.04
1774 0.06
1775 0.04
1776 0.06
1777 0.04
1778 0.06
1779 0.04
1780 0.06
1781 0.04
1782 0.06
1783 0.04
1784 0.06
1785 0.04
1786 0.06
1787 0.04
1788 0.06
1789 0.04
1790 0.06
1791 0.04
1792 0.06
1793 0.04
1794 0.06
1795 0.04
1796 0.06
1797 0.04
1798 0.06
1799 0.04
1800 0.06
1801 0.04
1802 0.06
1803 0.04
1804 0.06
1805 0.04
1806 0.06
1807 0.04
1808 0.06
1809 0.04
1810 0.06
1811 0.04
1812 0.06
1813 0.04
1814 0.06
1815 0.04
1816 0.06
1817 0.04
1818 0.06
1819 0.04
1820 0.06
1821 0.04
1822 0.06
1823 0.04
1824 0.06
1825 0.04
1826 0.06
1827 0.04
1828 0.06
1829 0.04
1830 0.06
1831 0.04
1832 0.06
1833 0.04
1834 0.06
1835 0.04
1836 0.06
1837 0.04
1838 0.06
1839 0.04
1840 0.06
1841 0.04
1842 0.06
1843 0.04
1844 0.06
1845 0.04
1846 0.06
1847 0.04
1848 0.06
1849 0.04
1850 0.06
1851 0.04
1852 0.06
1853 0.04
1854 0.06
1855 0.04
1856 0.06
1857 0.04
1858 0.06
1859 0.04
1860 0.06
1861 0.04
1862 0.06
1863 0.04
1864 0.06
1865 0.04
1866 0.06
1867 0.04
1868 0.06
1869 0.04
1870 0.06
1871 0.04
1872 0.06
1873 0.04
1874 0.06
1875 0.04
1876 0.06
1877 0.04
1878 0.06
1879 0.04
1880 0.06
1881 0.04
1882 0.06
1883 0.04
1884 0.06
1885 0.04
1886 0.06
1887 0.04
1888 0.06
1889 0.04
1890 0.06
1891 0.04
1892 0.06
1893 0.04
1894 0.06
1895 0.04
1896 0.06
1897 0.04
1898 0.06
1899 0.04
1900 0.06
1901 0.04
1902 0.06
1903 0.04
1904 0.06
1905 0.04
1906 0.06
1907 0.04
1908 0.06
1909 0.04
1910 0.06
1911 0.04
1912 0.06
1913 0.04
1914 0.06
1915 0.04
1916 0.06
1917 0.04
1918 0.06
1919 0.04
1920 0.06
1921 0.04
1922 0.06
1923 0.04
1924 0.06
1925 0.04
1926 0.06
1927 0.04
1928 0.06
1929 0.04
1930 0.06
1931 0.04
1932 0.06
1933 0.04
1934 0.06
1935 0.04
1936 0.06
1937 0.04
1938 0.06
1939 0.04
1940 0.06
1941 0.04
1942 0.06
1943 0.04
1944 0.06
1945 0.04
1946 0.06
1947 0.04
1948 0.06
1949 0.04
1950 0.06
1951 0.04
1952 0.06
1953 0.04
1954 0.06
1955 0.04
1956 0.06
1957 0.04
1958 0.06
1959 0.04
1960 0.06
1961 0.04
1962 0.06
1963 0.04
1964 0.06
1965 0.04
1966 0.06
1967 0.04
1968 0.06
1969 0.04
1970 0.06
1971 0.04
1972 0.06
1973 0.04
1974 0.06
1975 0.04
1976 0.06
1977 0.04
1978 0.06
1979 0.04
1980 0.06
1981 0.04
1982 0.06
1983 0.04
1984 0.06
1985 0.04
1986 0.06
1987 0.04
1988 0.06
1989 0.04
1990 0.06
1991 0.04
1992 0.06
1993 0.04
1994 0.06
1995 0.04
1996 0.06
1997 0.04
1998 0.06
1999 0.04
2000 0.06
2001 0.04
2002 0.06
2003 0.04
2004 0.06
2005 0.04
2006 0.06
2007 0.04
2008 0.06
2009 0.04
2010 0.06
2011 0.04
2012 0.06
2013 0.04
2014 0.06
2015 0.04
2016 0.06
2017 0.04
2018 0.06
2019 0.04
2020 0.06
2021 0.04
2022 0.06
2023 0.04
2024 0.06
2025 0.04
2026 0.06
2027 0.04
2028 0.06
2029 0.04
2030 0.06
2031 0.04
2032 0.06
2033 0.04
2034 0.06
2035 0.04
2036 0.06
2037 0.04
2038 0.06
2039 0.04
2040 0.06
2041 0.04
2042 0.06
2043 0.04
2044 0.06
2045 0.04
2046 0.06
2047 0.04
2048 0.06
2049 0.04
2050 0.06
2051 0.04
2052 0.06
2053 0.04
2054 0.06
2055 0.04
2056 0.06
2057 0.04
2058 0.06
2059 0.04
2060 0.06
2061 0.04
2062 0.06
2063 0.04
2064 0.06
2065 0.04
2066 0.06
2067 0.04
2068 0.06
2069 0.04
2070 0.06
2071 0.04
2072 0.06
2073 0.04
2074 0.06
2075 0.04
2076 0.06
2077 0.04
2078 0.06
2079 0.04
2080 0.06
2081 0.04
2082 0.06
2083 0.04
2084 0.06
2085 0.04
2086 0.06
2087 0.04
2088 0.06
2089 0.04
2090 0.06
2091 0.04
2092 0.06
2093 0.04
2094 0.06
2095 0.04
2096 0.06
2097 0.04
2098 0.06
2099 0.04
2100 0.06
2101 0.04
2102 0.06
2103 0.04
2104 0.06
2105 0.04
2106 0.06
2107 0.04
2108 0.06
2109 0.04
2110 0.06
2111 0.04
2112 0.06
2113 0.04
2114 0.06
2115 0.04
2116 0.06
2117 0.04
2118 0.06
2119 0.04
2120 0.06
2121 0.04
2122 0.06
2123 0.04
2124 0.06
2125 0.04
2126 0.06
2127 0.04
2128 0.06
2129 0.04
2130 0.06
2131 0.04
2132 0.06
2133 0.04
2134 0.06
2135 0.04
2136 0.06
2137 0.04
2138 0.06
2139 0.04
2140 0.06
2141 0.04
2142 0.06
2143 0.04
2144 0.06
2145 0.04
2146 0.06
2147 0.04
2148 0.06
2149 0.04
2150 0.06
2151 0.04
2152 0.06
2153 0.04
2154 0.06
2155 0.04
2156 0.06
2157 0.04
2158 0.06
2159 0.04
2160 0.06
2161 0.04
2162 0.06
2163 0.04
2164 0.06
2165 0.04
2166 0.06
2167 0.04
2168 0.06
2169 0.04
2170 0.06
2171 0.04
2172 0.06
2173 0.04
2174 0.06
2175 0.04
2176 0.06
2177 0.04
2178 0.06
2179 0.04
2180 0.06
2181 0.04
2182 0.06
2183 0.04
2184 0.06
2185 0.04
2186 0.06
2187 0.04
2188 0.06
2189 0.04
2190 0.06
2191 0.04
2192 0.06
2193 0.04
2194 0.06
2195 0.04
2196 0.06
2197 0.04
2198 0.06
2199 0.04
2200 0.06
2201 0.04
2202 0.06
2203 0.04
2204 0.06
2205 0.04
2206 0.06
2207 0.04
2208 0.06
2209 0.04
2210 0.06
2211 0.04
2212 0.06
2213 0.04
2214 0.06
2215 0.04
2216 0.06
2217 0.04
2218 0.06
2219 0.06
2220 0.12
2221 0.12
2222 0.04
2223 0.06
2224 0.06
2225 0.12
2226 0.12
2227 0.04
2228 0.06
2229 0.06
2230 0.12
2231 0.12
2232 0.04
2233 0.06
2234 0.06
2235 0.12
2236 0.12
2237 0.04
2238 0.06
2239 0.06
2240 0.12
2241 0.12
2242 0.04
2243 0.06
2244 0.06
2245 0.08
2246 0.08
2247 0.04
2248 0.06
2249 0.06
2250 0.08
2251 0.08
2252 0.04
2253 0.06
2254 0.06
2255 0.08
2256 0.08
2257 0.04
2258 0.06
2259 0.06
2260 0.08
2261 0.08
2262 0.04
2263 0.06
2264 0.06
2265 0.08
2266 0.08
2267 0.04
2268 0.06
2269 0.06
2270 0.08
2271 0.08
2272 0.04
2273 0.06
2274 0.06
2275 0.08
2276 0.08
2277 0.04
2278 0.06
2279 0.06
2280 0.08
2281 0.08
2282 0.04
2283 0.06
2284 0.06
2285 0.08
2286 0.08
2287 0.04
2288 0.06
2289 0.06
2290 0.08
2291 0.08
2292 0.04
2293 0.06
2294 0.06
2295 0.08
2296 0.08
2297 0.04
2298 0.2
2299 0.2
2300 0.2
2301 0.2
2302 0.12
2303 0.12
2304 0.06
2305 0.06
2306 0.2
2307 0.2
2308 0.2
2309 0.2
2310 0.12
2311 0.12
2312 0.06
2313 0.06
2314 0.2
2315 0.2
2316 0.2
2317 0.2
2318 0.12
2319 0.12
2320 0.06
2321 0.06
2322 0.2
2323 0.2
2324 0.2
2325 0.2
2326 0.12
2327 0.12
2328 0.06
2329 0.06
2330 0.2
2331 0.2
2332 0.2
2333 0.2
2334 0.12
2335 0.12
2336 0.06
2337 0.06
2338 0.2
2339 0.2
2340 0.2
2341 0.2
2342 0.06
2343 0.06
2344 0.06
2345 0.06
2346 0.12
2347 0.12
2348 0.12
2349 0.12
2350 0.06
2351 0.06
2352 0.06
2353 0.06
2354 0.12
2355 0.12
2356 0.12
2357 0.12
2358 0.06
2359 0.06
2360 0.06
2361 0.06
2362 0.12
2363 0.12
2364 0.12
2365 0.12
2366 0.06
2367 0.06
2368 0.06
2369 0.06
2370 0.12
2371 0.12
2372 0.12
2373 0.12
2374 0.06
2375 0.06
2376 0.06
2377 0.06
2378 0.12
2379 0.12
2380 0.12
2381 0.12
2382 0.06
2383 0.06
2384 0.06
2385 0.06
2386 0.08
2387 0.08
2388 0.08
2389 0.08
2390 0.06
2391 0.06
2392 0.06
2393 0.06
2394 0.08
2395 0.08
2396 0.08
2397 0.08
2398 0.06
2399 0.06
2400 0.06
2401 0.06
2402 0.08
2403 0.08
2404 0.08
2405 0.08
2406 0.06
2407 0.06
2408 0.06
2409 0.06
2410 0.08
2411 0.08
2412 0.08
2413 0.08
2414 0.06
2415 0.06
2416 0.06
2417 0.06
2418 0.2
2419 0.2
2420 0.2
2421 0.2
2422 0.1683
2423 0.1143
2424 0.1143
2425 0.06
2426 0.06
2427 0.12
2428 0.12
2429 0.04
2430 0.06
2431 0.06
2432 0.12
2433 0.12
2434 0.04
2435 0.06
2436 0.06
2437 0.12
2438 0.12
2439 0.04
2440 0.06
2441 0.06
2442 0.12
2443 0.12
2444 0.04
2445 0.06
2446 0.06
2447 0.12
2448 0.12
2449 0.04
2450 0.06
2451 0.06
2452 0.08
2453 0.08
2454 0.04
2455 0.06
2456 0.06
2457 0.08
2458 0.08
2459 0.04
2460 0.06
2461 0.06
2462 0.08
2463 0.08
2464 0.04
2465 0.06
2466 0.06
2467 0.08
2468 0.08
2469 0.04
2470 0.06
2471 0.06
2472 0.08
2473 0.08
2474 0.04
2475 0.06
2476 0.06
2477 0.08
2478 0.08
2479 0.04
2480 0.06
2481 0.06
2482 0.08
2483 0.08
2484 0.04
2485 0.06
2486 0.06
2487 0.08
2488 0.08
2489 0.04
2490 0.06
2491 0.06
2492 0.08
2493 0.08
2494 0.04
2495 0.06
2496 0.06
2497 0.08
2498 0.08
2499 0.04
2500 0.06
2501 0.06
2502 0.08
2503 0.08
2504 0.04
2505 0.2
2506 0.2
2507 0.2
2508 0.2
2509 0.12
2510 0.12
2511 0.06
2512 0.06
2513 0.2
2514 0.2
2515 0.2
2516 0.2
2517 0.12
2518 0.12
2519 0.06
2520 0.06
2521 0.2
2522 0.2
2523 0.2
2524 0.2
2525 0.12
2526 0.12
2527 0.06
2528 0.06
2529 0.2
2530 0.2
2531 0.2
2532 0.2
2533 0.12
2534 0.12
2535 0.06
2536 0.06
2537 0.2
2538 0.2
2539 0.2
2540 0.2
2541 0.12
2542 0.12
2543 0.06
2544 0.06
2545 0.2
2546 0.2
2547 0.2
2548 0.2
2549 0.06
2550 0.06
2551 0.06
2552 0.06
2553 0.12
2554 0.12
2555 0.12
2556 0.12
2557 0.06
2558 0.06
2559 0.06
2560 0.06
2561 0.12
2562 0.12
2563 0.12
2564 0.12
2565 0.06
2566 0.06
2567 0.06
2568 0.06
2569 0.12
2570 0.12
2571 0.12
2572 0.12
2573 0.06
2574 0.06
2575 0.06
2576 0.06
2577 0.12
2578 0.12
2579 0.12
2580 0.12
2581 0.06
2582 0.06
2583 0.06
2584 0.06
2585 0.12
2586 0.12
2587 0.12
2588 0.12
2589 0.06
2590 0.06
2591 0.06
2592 0.06
2593 0.08
2594 0.08
2595 0.08
2596 0.08
2597 0.06
2598 0.06
2599 0.06
2600 0.06
2601 0.08
2602 0.08
2603 0.08
2604 0.08
2605 0.06
2606 0.06
2607 0.06
2608 0.06
2609 0.08
2610 0.08
2611 0.08
2612 0.08
2613 0.06
2614 0.06
2615 0.06
2616 0.06
2617 0.08
2618 0.08
2619 0.08
2620 0.08
2621 0.06
2622 0.06
2623 0.06
2624 0.06
2625 0.2
2626 0.2
2627 0.2
2628 0.2
2629 0.1683
2630 0.1143
2631 0.1143
2632 0.2
2633 0.2
2634 0.2
2635 0.2
2636 0.06
2637 0.06
2638 0.08
2639 0.08
2640 0.04
2641 0.06
2642 0.06
2643 0.08
2644 0.08
2645 0.04
2646 0.06
2647 0.06
2648 0.08
2649 0.08
2650 0.04
2651 0.06
2652 0.06
2653 0.08
2654 0.08
2655 0.04
2656 0.06
2657 0.06
2658 0.08
2659 0.08
2660 0.04
2661 0.06
2662 0.06
2663 0.08
2664 0.08
2665 0.04
2666 0.06
2667 0.06
2668 0.08
2669 0.08
2670 0.04
2671 0.08
2672 0.08
2673 0.08
2674 0.08
2675 0.06
2676 0.06
2677 0.06
2678 0.06
2679 0.08
2680 0.08
2681 0.08
2682 0.08
2683 0.06
2684 0.06
2685 0.06
2686 0.06
2687 0.08
2688 0.08
2689 0.08
2690 0.08
2691 0.06
2692 0.06
2693 0.06
2694 0.06
2695 0.08
2696 0.08
2697 0.08
2698 0.08
2699 0.06
2700 0.06
2701 0.06
2702 0.06
2703 0.08
2704 0.08
2705 0.08
2706 0.08
2707 0.06
2708 0.06
2709 0.06
2710 0.06
2711 0.08
2712 0.08
2713 0.08
2714 0.08
2715 0.06
2716 0.06
2717 0.06
2718 0.06
2719 0.2
2720 0.2
2721 0.2
2722 0.2
2723 0.06
2724 0.06
2725 0.08
2726 0.08
2727 0.04
2728 0.06
2729 0.06
2730 0.08
2731 0.08
2732 0.04
2733 0.06
2734 0.06
2735 0.08
2736 0.08
2737 0.04
2738 0.06
2739 0.06
2740 0.08
2741 0.08
2742 0.04
2743 0.06
2744 0.06
2745 0.08
2746 0.08
2747 0.04
2748 0.06
2749 0.06
2750 0.08
2751 0.08
2752 0.04
2753 0.06
2754 0.06
2755 0.08
2756 0.08
2757 0.04
2758 0.08
2759 0.08
2760 0.08
2761 0.08
2762 0.06
2763 0.06
2764 0.06
2765 0.06
2766 0.08
2767 0.08
2768 0.08
2769 0.08
2770 0.06
2771 0.06
2772 0.06
2773 0.06
2774 0.08
2775 0.08
2776 0.08
2777 0.08
2778 0.06
2779 0.06
2780 0.06
2781 0.06
2782 0.08
2783 0.08
2784 0.08
2785 0.08
2786 0.06
2787 0.06
2788 0.06
2789 0.06
2790 0.08
2791 0.08
2792 0.08
2793 0.08
2794 0.06
2795 0.06
2796 0.06
2797 0.06
2798 0.08
2799 0.08
2800 0.08
2801 0.08
2802 0.06
2803 0.06
2804 0.06
2805 0.06
2806 0.2
2807 0.2
2808 0.2
2809 0.2
2810 0.06
2811 0.06
2812 0.08
2813 0.08
2814 0.04
2815 0.06
2816 0.06
2817 0.08
2818 0.08
2819 0.04
2820 0.06
2821 0.06
2822 0.08
2823 0.08
2824 0.04
2825 0.06
2826 0.06
2827 0.08
2828 0.08
2829 0.04
2830 0.06
2831 0.06
2832 0.08
2833 0.08
2834 0.04
2835 0.06
2836 0.06
2837 0.08
2838 0.08
2839 0.04
2840 0.06
2841 0.06
2842 0.08
2843 0.08
2844 0.04
2845 0.06
2846 0.06
2847 0.08
2848 0.08
2849 0.04
2850 0.08
2851 0.08
2852 0.08
2853 0.08
2854 0.06
2855 0.06
2856 0.06
2857 0.06
2858 0.08
2859 0.08
2860 0.08
2861 0.08
2862 0.06
2863 0.06
2864 0.06
2865 0.06
2866 0.08
2867 0.08
2868 0.08
2869 0.08
2870 0.06
2871 0.06
2872 0.06
2873 0.06
2874 0.08
2875 0.08
2876 0.08
2877 0.08
2878 0.06
2879 0.06
2880 0.06
2881 0.06
2882 0.08
2883 0.08
2884 0.08
2885 0.08
2886 0.06
2887 0.06
2888 0.06
2889 0.06
2890 0.08
2891 0.08
2892 0.08
2893 0.08
2894 0.06
2895 0.06
2896 0.06
2897 0.06
2898 0.08
2899 0.08
2900 0.08
2901 0.08
2902 0.06
2903 0.06
2904 0.06
2905 0.06
2906 0.2
2907 0.2
2908 0.2
2909 0.2
2910 0.1143
$EndElementData
$ElementData
1
"Attribute:SectionDimension2"
1
0
3
0
1
2910
1 0.04
2 0.04
3 0.04
4 0.04
5 0.04
6 0.04
7 0.04
8 0.04
9 0.04
10 0.04
11 0.04
12 0.04
13 0.04
14 0.04
15 0.04
16 0.04
17 0.04
18 0.04
19 0.04
20 0.04
21 0.06
22 0.04
23 0.04
24 0.04
25 0.04
26 0.04
27 0.04
28 0.04
29 0.04
30 0.04
31 0.04
32 0.04
33 0.04
34 0.04
35 0.04
36 0.04
37 0.04
38 0.04
39 0.04
40 0.04
41 0.04
42 0.06
43 0.04
44 0.04
45 0.04
46 0.04
47 0.04
48 0.04
49 0.04
50 0.04
51 0.04
52 0.04
53 0.04
54 0.04
55 0.04
56 0.04
57 0.04
58 0.04
59 0.04
60 0.04
61 0.04
62 0.04
63 0.06
64 0.04
65 0.04
66 0.04
67 0.04
68 0.04
69 0.04
70 0.04
71 0.04
72 0.04
73 0.04
74 0.04
75 0.04
76 0.04
77 0.04
78 0.04
79 0.04
80 0.04
81 0.04
82 0.04
83 0.04
84 0.06
85 0.04
86 0.04
87 0.04
88 0.04
89 0.04
90 0.04
91 0.04
92 0.04
93 0.04
94 0.04
95 0.04
96 0.04
97 0.04
98 0.04
99 0.04
100 0.04
101 0.04
102 0.04
103 0.04
104 0.04
105 0.06
106 0.04
107 0.04
108 0.04
109 0.04
110 0.04
111 0.04
112 0.04
113 0.04
114 0.04
115 0.04
116 0.04
117 0.04
118 0.04
119 0.04
120 0.04
121 0.04
122 0.04
123 0.04
124 0.04
125 0.04
126 0.06
127 0.04
128 0.04
129 0.04
130 0.04
131 0.04
132 0.04
133 0.04
134 0.04
135 0.04
136 0.04
137 0.04
138 0.04
139 0.04
140 0.04
141 0.04
142 0.04
143 0.04
144 0.04
145 0.04
146 0.04
147 0.06
148 0.04
149 0.04
150 0.04
151 0.04
152 0.04
153 0.04
154 0.04
155 0.04
156 0.04
157 0.04
158 0.04
159 0.04
160 0.04
161 0.04
162 0.04
163 0.04
164 0.04
165 0.04
166 0.04
167 0.04
168 0.06
169 0.04
170 0.04
171 0.04
172 0.04
173 0.04
174 0.04
175 0.04
176 0.04
177 0.04
178 0.04
179 0.04
180 0.04
181 0.04
182 0.04
183 0.04
184 0.04
185 0.04
186 0.04
187 0.04
188 0.04
189 0.06
190 0.04
191 0.04
192 0.04
193 0.04
194 0.04
195 0.04
196 0.04
197 0.04
198 0.04
199 0.04
200 0.04
201 0.04
202 0.04
203 0.04
204 0.04
205 0.04
206 0.04
207 0.04
208 0.04
209 0.04
210 0.06
211 0.04
212 0.04
213 0.04
214 0.04
215 0.04
216 0.04
217 0.04
218 0.04
219 0.04
220 0.04
221 0.04
222 0.04
223 0.04
224 0.04
225 0.04
226 0.04
227 0.04
228 0.04
229 0.04
230 0.04
231 0.06
232 0.04
233 0.04
234 0.04
235 0.04
236 0.04
237 0.04
238 0.04
239 0.04
240 0.04
241 0.04
242 0.04
243 0.04
244 0.04
245 0.04
246 0.04
247 0.04
248 0.04
249 0.04
250 0.04
251 0.04
252 0.06
253 0.04
254 0.04
255 0.04
256 0.04
257 0.04
258 0.04
259 0.04
260 0.04
261 0.04
262 0.04
263 0.04
264 0.04
265 0.04
266 0.04
267 0.04
268 0.04
269 0.04
270 0.04
271 0.04
272 0.04
273 0.06
274 0.04
275 0.04
276 0.04
277 0.04
278 0.04
279 0.04
280 0.04
281 0.04
282 0.04
283 0.04
284 0.04
285 0.04
286 0.04
287 0.04
288 0.04
289 0.04
290 0.04
291 0.04
292 0.04
293 0.04
294 0.06
295 0.1
296 0.1
297 0.1
298 0.1
299 0.1
300 0.1
301 0.1
302 0.1
303 0.1
304 0.1
305 0.1
306 0.1
307 0.1
308 0.1
309 0.1
310 0.1
311 0.1
312 0.1
313 0.1
314 0.1
315 0.06
316 0.04
317 0.04
318 0.04
319 0.04
320 0.04
321 0.04
322 0.04
323 0.04
324 0.04
325 0.04
326 0.04
327 0.04
328 0.04
329 0.04
330 0.04
331 0.04
332 0.04
333 0.04
334 0.04
335 0.04
336 0.06
337 0.1
338 0.1
339 0.1
340 0.1
341 0.1
342 0.1
343 0.1
344 0.1
345 0.1
346 0.1
347 0.1
348 0.1
349 0.1
350 0.1
351 0.1
352 0.1
353 0.1
354 0.1
355 0.1
356 0.1
357 0.06
358 0.04
359 0.04
360 0.04
361 0.04
362 0.04
363 0.04
364 0.04
365 0.04
366 0.04
367 0.04
368 0.04
369 0.04
370 0.04
371 0.04
372 0.04
373 0.04
374 0.04
375 0.04
376 0.04
377 0.04
378 0.06
379 0.04
380 0.04
381 0.04
382 0.04
383 0.04
384 0.04
385 0.04
386 0.04
387 0.04
388 0.04
389 0.04
390 0.04
391 0.04
392 0.04
393 0.04
394 0.04
395 0.04
396 0.04
397 0.04
398 0.04
399 0.06
400 0.04
401 0.04
402 0.04
403 0.04
404 0.04
405 0.04
406 0.04
407 0.04
408 0.04
409 0.04
410 0.04
411 0.04
412 0.04
413 0.04
414 0.04
415 0.04
416 0.04
417 0.04
418 0.04
419 0.04
420 0.06
421 0.04
422 0.04
423 0.04
424 0.04
425 0.04
426 0.04
427 0.04
428 0.04
429 0.04
430 0.04
431 0.04
432 0.04
433 0.04
434 0.04
435 0.04
436 0.04
437 0.04
438 0.04
439 0.04
440 0.04
441 0.06
442 0.04
443 0.04
444 0.04
445 0.04
446 0.04
447 0.04
448 0.04
449 0.04
450 0.04
451 0.04
452 0.04
453 0.04
454 0.04
455 0.04
456 0.04
457 0.04
458 0.04
459 0.04
460 0.04
461 0.04
462 0.06
463 0.04
464 0.04
465 0.04
466 0.04
467 0.04
468 0.04
469 0.04
470 0.04
471 0.04
472 0.04
473 0.04
474 0.04
475 0.04
476 0.04
477 0.04
478 0.04
479 0.04
480 0.04
481 0.04
482 0.04
483 0.06
484 0.04
485 0.04
486 0.04
487 0.04
488 0.04
489 0.04
490 0.04
491 0.04
492 0.04
493 0.04
494 0.04
495 0.04
496 0.04
497 0.04
498 0.04
499 0.04
500 0.04
501 0.04
502 0.04
503 0.04
504 0.06
505 0.04
506 0.04
507 0.04
508 0.04
509 0.04
510 0.04
511 0.04
512 0.04
513 0.04
514 0.04
515 0.04
516 0.04
517 0.04
518 0.04
519 0.04
520 0.04
521 0.04
522 0.04
523 0.04
524 0.04
525 0.06
526 0.04
527 0.04
528 0.04
529 0.04
530 0.04
531 0.04
532 0.04
533 0.04
534 0.04
535 0.04
536 0.04
537 0.04
538 0.04
539 0.04
540 0.04
541 0.04
542 0.04
543 0.04
544 0.04
545 0.04
546 0.06
547 0.04
548 0.04
549 0.04
550 0.04
551 0.04
552 0.04
553 0.04
554 0.04
555 0.04
556 0.04
557 0.04
558 0.04
559 0.04
560 0.04
561 0.04
562 0.04
563 0.04
564 0.04
565 0.04
566 0.04
567 0.06
568 0.04
569 0.04
570 0.04
571 0.04
572 0.04
573 0.04
574 0.04
575 0.04
576 0.04
577 0.04
578 0.04
579 0.04
580 0.04
581 0.04
582 0.04
583 0.04
584 0.04
585 0.04
586 0.04
587 0.04
588 0.06
589 0.04
590 0.04
591 0.04
592 0.04
593 0.04
594 0.04
595 0.04
596 0.04
597 0.04
598 0.04
599 0.04
600 0.04
601 0.04
602 0.04
603 0.04
604 0.04
605 0.04
606 0.04
607 0.04
608 0.04
609 0.06
610 0.04
611 0.04
612 0.04
613 0.04
614 0.04
615 0.04
616 0.04
617 0.04
618 0.04
619 0.04
620 0.04
621 0.04
622 0.04
623 0.04
624 0.04
625 0.04
626 0.04
627 0.04
628 0.04
629 0.04
630 0.06
631 0.04
632 0.04
633 0.04
634 0.04
635 0.04
636 0.04
637 0.04
638 0.04
639 0.04
640 0.04
641 0.04
642 0.04
643 0.04
644 0.04
645 0.04
646 0.04
647 0.04
648 0.04
649 0.04
650 0.04
651 0.06
652 0.04
653 0.04
654 0.04
655 0.04
656 0.04
657 0.04
658 0.04
659 0.04
660 0.04
661 0.04
662 0.04
663 0.04
664 0.04
665 0.04
666 0.04
667 0.04
668 0.04
669 0.04
670 0.04
671 0.04
672 0.06
673 0.04
674 0.04
675 0.04
676 0.04
677 0.04
678 0.04
679 0.04
680 0.04
681 0.04
682 0.04
683 0.04
684 0.04
685 0.04
686 0.04
687 0.04
688 0.04
689 0.04
690 0.04
691 0.04
692 0.04
693 0.06
694 0.04
695 0.04
696 0.04
697 0.04
698 0.04
699 0.04
700 0.04
701 0.04
702 0.04
703 0.04
704 0.04
705 0.04
706 0.04
707 0.04
708 0.04
709 0.04
710 0.04
711 0.04
712 0.04
713 0.04
714 0.06
715 0.04
716 0.04
717 0.04
718 0.04
719 0.04
720 0.04
721 0.04
722 0.04
723 0.04
724 0.04
725 0.04
726 0.04
727 0.04
728 0.04
729 0.04
730 0.04
731 0.04
732 0.04
733 0.04
734 0.04
735 0.06
736 0.04
737 0.04
738 0.04
739 0.04
740 0.04
741 0.04
742 0.04
743 0.04
744 0.04
745 0.04
746 0.04
747 0.04
748 0.04
749 0.04
750 0.04
751 0.04
752 0.04
753 0.04
754 0.04
755 0.04
756 0.06
757 0.04
758 0.04
759 0.04
760 0.04
761 0.04
762 0.04
763 0.04
764 0.04
765 0.04
766 0.04
767 0.04
768 0.04
769 0.04
770 0.04
771 0.04
772 0.04
773 0.04
774 0.04
775 0.04
776 0.04
777 0.06
778 0.04
779 0.04
780 0.04
781 0.04
782 0.04
783 0.04
784 0.04
785 0.04
786 0.04
787 0.04
788 0.04
789 0.04
790 0.04
791 0.04
792 0.04
793 0.04
794 0.04
795 0.04
796 0.04
797 0.04
798 0.04
799 0.04
800 0.04
801 0.04
802 0.04
803 0.04
804 0.04
805 0.04
806 0.04
807 0.04
808 0.04
809 0.04
810 0.04
811 0.04
812 0.04
813 0.04
814 0.04
815 0.04
816 0.04
817 0.04
818 0.04
819 0.04
820 0.04
821 0.04
822 0.04
823 0.04
824 0.04
825 0.04
826 0.04
827 0.04
828 0.04
829 0.04
830 0.04
831 0.04
832 0.04
833 0.04
834 0.04
835 0.04
836 0.04
837 0.04
838 0.04
839 0.04
840 0.04
841 0.04
842 0.04
843 0.04
844 0.04
845 0.04
846 0.04
847 0.04
848 0.04
849 0.04
850 0.04
851 0.04
852 0.04
853 0.04
854 0.04
855 0.04
856 0.04
857 0.04
858 0.04
859 0.04
860 0.04
861 0.04
862 0.04
863 0.04
864 0.04
865 0.04
866 0.04
867 0.04
868 0.04
869 0.04
870 0.04
871 0.04
872 0.04
873 0.04
874 0.04
875 0.04
876 0.04
877 0.04
878 0.04
879 0.04
880 0.04
881 0.04
882 0.04
883 0.04
884 0.04
885 0.04
886 0.04
887 0.04
888 0.04
889 0.04
890 0.04
891 0.04
892 0.04
893 0.04
894 0.04
895 0.04
896 0.04
897 0.04
898 0.04
899 0.04
900 0.04
901 0.04
902 0.04
903 0.04
904 0.04
905 0.04
906 0.04
907 0.04
908 0.04
909 0.04
910 0.04
911 0.04
912 0.04
913 0.04
914 0.04
915 0.04
916 0.04
917 0.04
918 0.04
919 0.04
920 0.04
921 0.04
922 0.04
923 0.04
924 0.04
925 0.04
926 0.04
927 0.04
928 0.04
929 0.04
930 0.04
931 0.04
932 0.04
933 0.04
934 0.04
935 0.04
936 0.04
937 0.04
938 0.04
939 0.04
940 0.04
941 0.04
942 0.04
943 0.04
944 0.04
945 0.04
946 0.04
947 0.04
948 0.04
949 0.04
950 0.04
951 0.04
952 0.04
953 0.04
954 0.04
955 0.04
956 0.04
957 0.04
958 0.04
959 0.04
960 0.04
961 0.04
962 0.04
963 0.04
964 0.04
965 0.04
966 0.04
967 0.04
968 0.04
969 0.04
970 0.04
971 0.04
972 0.04
973 0.04
974 0.04
975 0.04
976 0.04
977 0.04
978 0.04
979 0.04
980 0.04
981 0.04
982 0.04
983 0.04
984 0.04
985 0.04
986 0.04
987 0.04
988 0.04
989 0.04
990 0.04
991 0.04
992 0.04
993 0.04
994 0.04
995 0.04
996 0.04
997 0.04
998 0.04
999 0.04
1000 0.04
1001 0.04
1002 0.04
1003 0.04
1004 0.04
1005 0.04
1006 0.04
1007 0.04
1008 0.04
1009 0.04
1010 0.04
1011 0.04
1012 0.04
1013 0.04
1014 0.04
1015 0.04
1016 0.04
1017 0.04
1018 0.04
1019 0.04
1020 0.04
1021 0.04
1022 0.04
1023 0.04
1024 0.04
1025 0.04
1026 0.04
1027 0.04
1028 0.04
1029 0.04
1030 0.04
1031 0.04
1032 0.04
1033 0.04
1034 0.04
1035 0.04
1036 0.04
1037 0.04
1038 0.04
1039 0.04
1040 0.04
1041 0.04
1042 0.04
1043 0.04
1044 0.04
1045 0.04
1046 0.04
1047 0.04
1048 0.04
1049 0.04
1050 0.04
1051 0.04
1052 0.04
1053 0.04
1054 0.04
1055 0.04
1056 0.04
1057 0.04
1058 0.04
1059 0.04
1060 0.04
1061 0.04
1062 0.04
1063 0.04
1064 0.04
1065 0.04
1066 0.04
1067 0.04
1068 0.04
1069 0.04
1070 0.04
1071 0.04
1072 0.04
1073 0.04
1074 0.04
1075 0.04
1076 0.04
1077 0.04
1078 0.04
1079 0.04
1080 0.04
1081 0.04
1082 0.04
1083 0.04
1084 0.04
1085 0.04
1086 0.04
1087 0.04
1088 0.04
1089 0.04
1090 0.04
1091 0.04
1092 0.04
1093 0.04
1094 0.04
1095 0.04
1096 0.04
1097 0.04
1098 0.04
1099 0.04
1100 0.04
1101 0.04
1102 0.04
1103 0.04
1104 0.04
1105 0.04
1106 0.04
1107 0.04
1108 0.04
1109 0.04
1110 0.04
1111 0.04
1112 0.04
1113 0.04
1114 0.04
1115 0.04
1116 0.04
1117 0.04
1118 0.04
1119 0.04
1120 0.04
1121 0.04
1122 0.04
1123 0.04
1124 0.04
1125 0.04
1126 0.04
1127 0.04
1128 0.04
1129 0.04
1130 0.04
1131 0.04
1132 0.04
1133 0.04
1134 0.04
1135 0.04
1136 0.04
1137 0.04
1138 0.04
1139 0.04
1140 0.04
1141 0.04
1142 0.04
1143 0.04
1144 0.04
1145 0.04
1146 0.04
1147 0.04
1148 0.04
1149 0.04
1150 0.04
1151 0.04
1152 0.04
1153 0.04
1154 0.04
1155 0.04
1156 0.04
1157 0.04
1158 0.04
1159 0.04
1160 0.04
1161 0.04
1162 0.04
1163 0.04
1164 0.04
1165 0.04
1166 0.04
1167 0.04
1168 0.04
1169 0.04
1170 0.04
1171 0.04
1172 0.04
1173 0.04
1174 0.04
1175 0.04
1176 0.04
1177 0.04
1178 0.04
1179 0.04
1180 0.04
1181 0.04
1182 0.04
1183 0.04
1184 0.04
1185 0.04
1186 0.04
1187 0.04
1188 0.04
1189 0.04
1190 0.04
1191 0.04
1192 0.04
1193 0.04
1194 0.04
1195 0.04
1196 0.04
1197 0.04
1198 0.04
1199 0.04
1200 0.04
1201 0.04
1202 0.04
1203 0.04
1204 0.04
1205 0.04
1206 0.04
1207 0.04
1208 0.04
1209 0.04
1210 0.04
1211 0.04
1212 0.04
1213 0.04
1214 0.04
1215 0.04
1216 0.04
1217 0.04
1218 0.04
1219 0.04
1220 0.04
1221 0.04
1222 0.04
1223 0.04
1224 0.04
1225 0.04
1226 0.04
1227 0.04
1228 0.04
1229 0.04
1230 0.04
1231 0.04
1232 0.04
1233 0.04
1234 0.04
1235 0.04
1236 0.04
1237 0.04
1238 0.04
1239 0.04
1240 0.04
1241 0.04
1242 0.04
1243 0.04
1244 0.04
1245 0.04
1246 0.04
1247 0.04
1248 0.04
1249 0.04
1250 0.04
1251 0.04
1252 0.04
1253 0.04
1254 0.04
1255 0.04
1256 0.04
1257 0.04
1258 0.04
1259 0.04
1260 0.04
1261 0.04
1262 0.04
1263 0.04
1264 0.04
1265 0.04
1266 0.04
1267 0.04
1268 0.04
1269 0.04
1270 0.04
1271 0.04
1272 0.04
1273 0.04
1274 0.04
1275 0.04
1276 0.04
1277 0.04
1278 0.04
1279 0.04
1280 0.04
1281 0.04
1282 0.04
1283 0.04
1284 0.04
1285 0.04
1286 0.04
1287 0.04
1288 0.04
1289 0.04
1290 0.04
1291 0.04
1292 0.04
1293 0.04
1294 0.04
1295 0.04
1296 0.04
1297 0.04
1298 0.04
1299 0.04
1300 0.04
1301 0.04
1302 0.04
1303 0.04
1304 0.04
1305 0.04
1306 0.04
1307 0.04
1308 0.04
1309 0.04
1310 0.04
1311 0.04
1312 0.04
1313 0.04
1314 0.04
1315 0.04
1316 0.04
1317 0.04
1318 0.04
1319 0.04
1320 0.04
1321 0.04
1322 0.04
1323 0.04
1324 0.04
1325 0.04
1326 0.04
1327 0.04
1328 0.04
1329 0.04
1330 0.04
1331 0.04
1332 0.04
1333 0.04
1334 0.04
1335 0.04
1336 0.04
1337 0.04
1338 0.04
1339 0.04
1340 0.04
1341 0.04
1342 0.04
1343 0.04
1344 0.04
1345 0.04
1346 0.04
1347 0.04
1348 0.04
1349 0.04
1350 0.04
1351 0.04
1352 0.04
1353 0.04
1354 0.04
1355 0.04
1356 0.04
1357 0.04
1358 0.04
1359 0.04
1360 0.04
1361 0.04
1362 0.04
1363 0.04
1364 0.04
1365 0.04
1366 0.04
1367 0.04
1368 0.04
1369 0.04
1370 0.04
1371 0.04
1372 0.04
1373 0.04
1374 0.04
1375 0.04
1376 0.04
1377 0.04
1378 0.04
1379 0.04
1380 0.04
1381 0.04
1382 0.04
1383 0.04
1384 0.04
1385 0.04
1386 0.04
1387 0.04
1388 0.04
1389 0.04
1390 0.04
1391 0.04
1392 0.04
1393 0.04
1394 0.04
1395 0.04
1396 0.04
1397 0.04
1398 0.04
1399 0.04
1400 0.04
1401 0.04
1402 0.04
1403 0.04
1404 0.04
1405 0.04
1406 0.04
1407 0.04
1408 0.04
1409 0.04
1410 0.04
1411 0.04
1412 0.04
1413 0.04
1414 0.04
1415 0.04
1416 0.04
1417 0.04
1418 0.04
1419 0.04
1420 0.04
1421 0.04
1422 0.04
1423 0.04
1424 0.04
1425 0.04
1426 0.04
1427 0.04
1428 0.04
1429 0.04
1430 0.04
1431 0.04
1432 0.04
1433 0.04
1434 0.04
1435 0.04
1436 0.04
1437 0.04
1438 0.04
1439 0.04
1440 0.04
1441 0.04
1442 0.04
1443 0.04
1444 0.04
1445 0.04
1446 0.04
1447 0.04
1448 0.04
1449 0.04
1450 0.04
1451 0.04
1452 0.04
1453 0.04
1454 0.04
1455 0.04
1456 0.04
1457 0.04
1458 0.04
1459 0.04
1460 0.04
1461 0.04
1462 0.04
1463 0.04
1464 0.04
1465 0.04
1466 0.04
1467 0.04
1468 0.04
1469 0.04
1470 0.04
1471 0.04
1472 0.04
1473 0.04
1474 0.04
1475 0.04
1476 0.04
1477 0.04
1478 0.04
1479 0.04
1480 0.04
1481 0.04
1482 0.04
1483 0.04
1484 0.04
1485 0.04
1486 0.04
1487 0.04
1488 0.04
1489 0.04
1490 0.04
1491 0.04
1492 0.04
1493 0.04
1494 0.04
1495 0.04
1496 0.04
1497 0.04
1498 0.04
1499 0.04
1500 0.04
1501 0.04
1502 0.04
1503 0.04
1504 0.04
1505 0.04
1506 0.04
1507 0.04
1508 0.04
1509 0.04
1510 0.04
1511 0.04
1512 0.04
1513 0.04
1514 0.04
1515 0.04
1516 0.04
1517 0.04
1518 0.04
1519 0.04
1520 0.04
1521 0.04
1522 0.04
1523 0.04
1524 0.04
1525 0.04
1526 0.04
1527 0.04
1528 0.04
1529 0.04
1530 0.04
1531 0.04
1532 0.04
1533 0.04
1534 0.04
1535 0.04
1536 0.04
1537 0.04
1538 0.04
1539 0.04
1540 0.04
1541 0.04
1542 0.04
1543 0.04
1544 0.04
1545 0.04
1546 0.04
1547 0.04
1548 0.04
1549 0.04
1550 0.04
1551 0.04
1552 0.04
1553 0.04
1554 0.04
1555 0.04
1556 0.04
1557 0.04
1558 0.04
1559 0.04
1560 0.04
1561 0.04
1562 0.04
1563 0.04
1564 0.04
1565 0.04
1566 0.04
1567 0.04
1568 0.04
1569 0.04
1570 0.04
1571 0.04
1572 0.04
1573 0.04
1574 0.04
1575 0.04
1576 0.04
1577 0.04
1578 0.04
1579 0.04
1580 0.04
1581 0.04
1582 0.04
1583 0.04
1584 0.04
1585 0.04
1586 0.04
1587 0.04
1588 0.04
1589 0.04
1590 0.04
1591 0.04
1592 0.04
1593 0.04
1594 0.04
1595 0.04
1596 0.04
1597 0.04
1598 0.04
1599 0.04
1600 0.04
1601 0.04
1602 0.04
1603 0.04
1604 0.04
1605 0.04
1606 0.04
1607 0.04
1608 0.04
1609 0.04
1610 0.04
1611 0.04
1612 0.04
1613 0.04
1614 0.04
1615 0.04
1616 0.04
1617 0.04
1618 0.04
1619 0.04
1620 0.04
1621 0.04
1622 0.04
1623 0.04
1624 0.04
1625 0.04
1626 0.04
1627 0.04
1628 0.04
1629 0.04
1630 0.04
1631 0.04
1632 0.04
1633 0.04
1634 0.04
1635 0.04
1636 0.04
1637 0.04
1638 0.04
1639 0.04
1640 0.04
1641 0.04
1642 0.04
1643 0.04
1644 0.04
1645 0.04
1646 0.04
1647 0.04
1648 0.04
1649 0.04
1650 0.04
1651 0.04
1652 0.04
1653 0.04
1654 0.04
1655 0.04
1656 0.04
1657 0.04
1658 0.04
1659 0.04
1660 0.04
1661 0.04
1662 0.04
1663 0.04
1664 0.04
1665 0.04
1666 0.04
1667 0.04
1668 0.04
1669 0.04
1670 0.04
1671 0.04
1672 0.04
1673 0.04
1674 0.04
1675 0.04
1676 0.04
1677 0.04
1678 0.04
1679 0.04
1680 0.04
1681 0.04
1682 0.04
1683 0.04
1684 0.04
1685 0.04
1686 0.04
1687 0.04
1688 0.04
1689 0.04
1690 0.04
1691 0.04
1692 0.04
1693 0.04
1694 0.04
1695 0.04
1696 0.04
1697 0.04
1698 0.04
1699 0.04
1700 0.04
1701 0.04
1702 0.04
1703 0.04
1704 0.04
1705 0.04
1706 0.04
1707 0.04
1708 0.04
1709 0.04
1710 0.04
1711 0.04
1712 0.04
1713 0.04
1714 0.04
1715 0.04
1716 0.04
1717 0.04
1718 0.04
1719 0.04
1720 0.04
1721 0.04
1722 0.04
1723 0.04
1724 0.04
1725 0.04
1726 0.04
1727 0.04
1728 0.04
1729 0.04
1730 0.04
1731 0.04
1732 0.04
1733 0.04
1734 0.04
1735 0.04
1736 0.04
1737 0.04
1738 0.04
1739 0.04
1740 0.04
1741 0.04
1742 0.04
1743 0.04
1744 0.04
1745 0.04
1746 0.04
1747 0.04
1748 0.04
1749 0.04
1750 0.04
1751 0.04
1752 0.04
1753 0.04
1754 0.04
1755 0.04
1756 0.04
1757 0.04
1758 0.04
1759 0.04
1760 0.04
1761 0.04
1762 0.04
1763 0.04
1764 0.04
1765 0.04
1766 0.04
1767 0.04
1768 0.04
1769 0.04
1770 0.04
1771 0.04
1772 0.04
1773 0.04
1774 0.04
1775 0.04
1776 0.04
1777 0.04
1778 0.04
1779 0.04
1780 0.04
1781 0.04
1782 0.04
1783 0.04
1784 0.04
1785 0.04
1786 0.04
1787 0.04
1788 0.04
1789 0.04
1790 0.04
1791 0.04
1792 0.04
1793 0.04
1794 0.04
1795 0.04
1796 0.04
1797 0.04
1798 0.04
1799 0.04
1800 0.04
1801 0.04
1802 0.04
1803 0.04
1804 0.04
1805 0.04
1806 0.04
1807 0.04
1808 0.04
1809 0.04
1810 0.04
1811 0.04
1812 0.04
1813 0.04
1814 0.04
1815 0.04
1816 0.04
1817 0.04
1818 0.04
1819 0.04
1820 0.04
1821 0.04
1822 0.04
1823 0.04
1824 0.04
1825 0.04
1826 0.04
1827 0.04
1828 0.04
1829 0.04
1830 0.04
1831 0.04
1832 0.04
1833 0.04
1834 0.04
1835 0.04
1836 0.04
1837 0.04
1838 0.04
1839 0.04
1840 0.04
1841 0.04
1842 0.04
1843 0.04
1844 0.04
1845 0.04
1846 0.04
1847 0.04
1848 0.04
1849 0.04
1850 0.04
1851 0.04
1852 0.04
1853 0.04
1854 0.04
1855 0.04
1856 0.04
1857 0.04
1858 0.04
1859 0.04
1860 0.04
1861 0.04
1862 0.04
1863 0.04
1864 0.04
1865 0.04
1866 0.04
1867 0.04
1868 0.04
1869 0.04
1870 0.04
1871 0.04
1872 0.04
1873 0.04
1874 0.04
1875 0.04
1876 0.04
1877 0.04
1878 0.04
1879 0.04
1880 0.04
1881 0.04
1882 0.04
1883 0.04
1884 0.04
1885 0.04
1886 0.04
1887 0.04
1888 0.04
1889 0.04
1890 0.04
1891 0.04
1892 0.04
1893 0.04
1894 0.04
1895 0.04
1896 0.04
1897 0.04
1898 0.04
1899 0.04
1900 0.04
1901 0.04
1902 0.04
1903 0.04
1904 0.04
1905 0.04
1906 0.04
1907 0.04
1908 0.04
1909 0.04
1910 0.04
1911 0.04
1912 0.04
1913 0.04
1914 0.04
1915 0.04
1916 0.04
1917 0.04
1918 0.04
1919 0.04
1920 0.04
1921 0.04
1922 0.04
1923 0.04
1924 0.04
1925 0.04
1926 0.04
1927 0.04
1928 0.04
1929 0.04
1930 0.04
1931 0.04
1932 0.04
1933 0.04
1934 0.04
1935 0.04
1936 0.04
1937 0.04
1938 0.04
1939 0.04
1940 0.04
1941 0.04
1942 0.04
1943 0.04
1944 0.04
1945 0.04
1946 0.04
1947 0.04
1948 0.04
1949 0.04
1950 0.04
1951 0.04
1952 0.04
1953 0.04
1954 0.04
1955 0.04
1956 0.04
1957 0.04
1958 0.04
1959 0.04
1960 0.04
1961 0.04
1962 0.04
1963 0.04
1964 0.04
1965 0.04
1966 0.04
1967 0.04
1968 0.04
1969 0.04
1970 0.04
1971 0.04
1972 0.04
1973 0.04
1974 0.04
1975 0.04
1976 0.04
1977 0.04
1978 0.04
1979 0.04
1980 0.04
1981 0.04
1982 0.04
1983 0.04
1984 0.04
1985 0.04
1986 0.04
1987 0.04
1988 0.04
1989 0.04
1990 0.04
1991 0.04
1992 0.04
1993 0.04
1994 0.04
1995 0.04
1996 0.04
1997 0.04
1998 0.04
1999 0.04
2000 0.04
2001 0.04
2002 0.04
2003 0.04
2004 0.04
2005 0.04
2006 0.04
2007 0.04
2008 0.04
2009 0.04
2010 0.04
2011 0.04
2012 0.04
2013 0.04
2014 0.04
2015 0.04
2016 0.04
2017 0.04
2018 0.04
2019 0.04
2020 0.04
2021 0.04
2022 0.04
2023 0.04
2024 0.04
2025 0.04
2026 0.04
2027 0.04
2028 0.04
2029 0.04
2030 0.04
2031 0.04
2032 0.04
2033 0.04
2034 0.04
2035 0.04
2036 0.04
2037 0.04
2038 0.04
2039 0.04
2040 0.04
2041 0.04
2042 0.04
2043 0.04
2044 0.04
2045 0.04
2046 0.04
2047 0.04
2048 0.04
2049 0.04
2050 0.04
2051 0.04
2052 0.04
2053 0.04
2054 0.04
2055 0.04
2056 0.04
2057 0.04
2058 0.04
2059 0.04
2060 0.04
2061 0.04
2062 0.04
2063 0.04
2064 0.04
2065 0.04
2066 0.04
2067 0.04
2068 0.04
2069 0.04
2070 0.04
2071 0.04
2072 0.04
2073 0.04
2074 0.04
2075 0.04
2076 0.04
2077 0.04
2078 0.04
2079 0.04
2080 0.04
2081 0.04
2082 0.04
2083 0.04
2084 0.04
2085 0.04
2086 0.04
2087 0.04
2088 0.04
2089 0.04
2090 0.04
2091 0.04
2092 0.04
2093 0.04
2094 0.04
2095 0.04
2096 0.04
2097 0.04
2098 0.04
2099 0.04
2100 0.04
2101 0.04
2102 0.04
2103 0.04
2104 0.04
2105 0.04
2106 0.04
2107 0.04
2108 0.04
2109 0.04
2110 0.04
2111 0.04
2112 0.04
2113 0.04
2114 0.04
2115 0.04
2116 0.04
2117 0.04
2118 0.04
2119 0.04
2120 0.04
2121 0.04
2122 0.04
2123 0.04
2124 0.04
2125 0.04
2126 0.04
2127 0.04
2128 0.04
2129 0.04
2130 0.04
2131 0.04
2132 0.04
2133 0.04
2134 0.04
2135 0.04
2136 0.04
2137 0.04
2138 0.04
2139 0.04
2140 0.04
2141 0.04
2142 0.04
2143 0.04
2144 0.04
2145 0.04
2146 0.04
2147 0.04
2148 0.04
2149 0.04
2150 0.04
2151 0.04
2152 0.04
2153 0.04
2154 0.04
2155 0.04
2156 0.04
2157 0.04
2158 0.04
2159 0.04
2160 0.04
2161 0.04
2162 0.04
2163 0.04
2164 0.04
2165 0.04
2166 0.04
2167 0.04
2168 0.04
2169 0.04
2170 0.04
2171 0.04
2172 0.04
2173 0.04
2174 0.04
2175 0.04
2176 0.04
2177 0.04
2178 0.04
2179 0.04
2180 0.04
2181 0.04
2182 0.04
2183 0.04
2184 0.04
2185 0.04
2186 0.04
2187 0.04
2188 0.04
2189 0.04
2190 0.04
2191 0.04
2192 0.04
2193 0.04
2194 0.04
2195 0.04
2196 0.04
2197 0.04
2198 0.04
2199 0.04
2200 0.04
2201 0.04
2202 0.04
2203 0.04
2204 0.04
2205 0.04
2206 0.04
2207 0.04
2208 0.04
2209 0.04
2210 0.04
2211 0.04
2212 0.04
2213 0.04
2214 0.04
2215 0.04
2216 0.04
2217 0.04
2218 0.04
2219 0.04
2220 0.06
2221 0.06
2222 0.04
2223 0.04
2224 0.04
2225 0.06
2226 0.06
2227 0.04
2228 0.04
2229 0.04
2230 0.06
2231 0.06
2232 0.04
2233 0.04
2234 0.04
2235 0.06
2236 0.06
2237 0.04
2238 0.04
2239 0.04
2240 0.06
2241 0.06
2242 0.04
2243 0.04
2244 0.04
2245 0.04
2246 0.04
2247 0.04
2248 0.04
2249 0.04
2250 0.04
2251 0.04
2252 0.04
2253 0.04
2254 0.04
2255 0.04
2256 0.04
2257 0.04
2258 0.04
2259 0.04
2260 0.04
2261 0.04
2262 0.04
2263 0.04
2264 0.04
2265 0.04
2266 0.04
2267 0.04
2268 0.04
2269 0.04
2270 0.04
2271 0.04
2272 0.04
2273 0.04
2274 0.04
2275 0.04
2276 0.04
2277 0.04
2278 0.04
2279 0.04
2280 0.04
2281 0.04
2282 0.04
2283 0.04
2284 0.04
2285 0.04
2286 0.04
2287 0.04
2288 0.04
2289 0.04
2290 0.04
2291 0.04
2292 0.04
2293 0.04
2294 0.04
2295 0.04
2296 0.04
2297 0.04
2298 0.1
2299 0.1
2300 0.1
2301 0.1
2302 0.06
2303 0.06
2304 0.04
2305 0.04
2306 0.1
2307 0.1
2308 0.1
2309 0.1
2310 0.06
2311 0.06
2312 0.04
2313 0.04
2314 0.1
2315 0.1
2316 0.1
2317 0.1
2318 0.06
2319 0.06
2320 0.04
2321 0.04
2322 0.1
2323 0.1
2324 0.1
2325 0.1
2326 0.06
2327 0.06
2328 0.04
2329 0.04
2330 0.1
2331 0.1
2332 0.1
2333 0.1
2334 0.06
2335 0.06
2336 0.04
2337 0.04
2338 0.1
2339 0.1
2340 0.1
2341 0.1
2342 0.04
2343 0.04
2344 0.04
2345 0.04
2346 0.06
2347 0.06
2348 0.06
2349 0.06
2350 0.04
2351 0.04
2352 0.04
2353 0.04
2354 0.06
2355 0.06
2356 0.06
2357 0.06
2358 0.04
2359 0.04
2360 0.04
2361 0.04
2362 0.06
2363 0.06
2364 0.06
2365 0.06
2366 0.04
2367 0.04
2368 0.04
2369 0.04
2370 0.06
2371 0.06
2372 0.06
2373 0.06
2374 0.04
2375 0.04
2376 0.04
2377 0.04
2378 0.06
2379 0.06
2380 0.06
2381 0.06
2382 0.04
2383 0.04
2384 0.04
2385 0.04
2386 0.04
2387 0.04
2388 0.04
2389 0.04
2390 0.04
2391 0.04
2392 0.04
2393 0.04
2394 0.04
2395 0.04
2396 0.04
2397 0.04
2398 0.04
2399 0.04
2400 0.04
2401 0.04
2402 0.04
2403 0.04
2404 0.04
2405 0.04
2406 0.04
2407 0.04
2408 0.04
2409 0.04
2410 0.04
2411 0.04
2412 0.04
2413 0.04
2414 0.04
2415 0.04
2416 0.04
2417 0.04
2418 0.1
2419 0.1
2420 0.1
2421 0.1
2422 0.008
2423 0.005
2424 0.005
2425 0.04
2426 0.04
2427 0.06
2428 0.06
2429 0.04
2430 0.04
2431 0.04
2432 0.06
2433 0.06
2434 0.04
2435 0.04
2436 0.04
2437 0.06
2438 0.06
2439 0.04
2440 0.04
2441 0.04
2442 0.06
2443 0.06
2444 0.04
2445 0.04
2446 0.04
2447 0.06
2448 0.06
2449 0.04
2450 0.04
2451 0.04
2452 0.04
2453 0.04
2454 0.04
2455 0.04
2456 0.04
2457 0.04
2458 0.04
2459 0.04
2460 0.04
2461 0.04
2462 0.04
2463 0.04
2464 0.04
2465 0.04
2466 0.04
2467 0.04
2468 0.04
2469 0.04
2470 0.04
2471 0.04
2472 0.04
2473 0.04
2474 0.04
2475 0.04
2476 0.04
2477 0.04
2478 0.04
2479 0.04
2480 0.04
2481 0.04
2482 0.04
2483 0.04
2484 0.04
2485 0.04
2486 0.04
2487 0.04
2488 0.04
2489 0.04
2490 0.04
2491 0.04
2492 0.04
2493 0.04
2494 0.04
2495 0.04
2496 0.04
2497 0.04
2498 0.04
2499 0.04
2500 0.04
2501 0.04
2502 0.04
2503 0.04
2504 0.04
2505 0.1
2506 0.1
2507 0.1
2508 0.1
2509 0.06
2510 0.06
2511 0.04
2512 0.04
2513 0.1
2514 0.1
2515 0.1
2516 0.1
2517 0.06
2518 0.06
2519 0.04
2520 0.04
2521 0.1
2522 0.1
2523 0.1
2524 0.1
2525 0.06
2526 0.06
2527 0.04
2528 0.04
2529 0.1
2530 0.1
2531 0.1
2532 0.1
2533 0.06
2534 0.06
2535 0.04
2536 0.04
2537 0.1
2538 0.1
2539 0.1
2540 0.1
2541 0.06
2542 0.06
2543 0.04
2544 0.04
2545 0.1
2546 0.1
2547 0.1
2548 0.1
2549 0.04
2550 0.04
2551 0.04
2552 0.04
2553 0.06
2554 0.06
2555 0.06
2556 0.06
2557 0.04
2558 0.04
2559 0.04
2560 0.04
2561 0.06
2562 0.06
2563 0.06
2564 0.06
2565 0.04
2566 0.04
2567 0.04
2568 0.04
2569 0.06
2570 0.06
2571 0.06
2572 0.06
2573 0.04
2574 0.04
2575 0.04
2576 0.04
2577 0.06
2578 0.06
2579 0.06
2580 0.06
2581 0.04
2582 0.04
2583 0.04
2584 0.04
2585 0.06
2586 0.06
2587 0.06
2588 0.06
2589 0.04
2590 0.04
2591 0.04
2592 0.04
2593 0.04
2594 0.04
2595 0.04
2596 0.04
2597 0.04
2598 0.04
2599 0.04
2600 0.04
2601 0.04
2602 0.04
2603 0.04
2604 0.04
2605 0.04
2606 0.04
2607 0.04
2608 0.04
2609 0.04
2610 0.04
2611 0.04
2612 0.04
2613 0.04
2614 0.04
2615 0.04
2616 0.04
2617 0.04
2618 0.04
2619 0.04
2620 0.04
2621 0.04
2622 0.04
2623 0.04
2624 0.04
2625 0.1
2626 0.1
2627 0.1
2628 0.1
2629 0.008
2630 0.005
2631 0.005
2632 0.1
2633 0.1
2634 0.1
2635 0.1
2636 0.04
2637 0.04
2638 0.04
2639 0.04
2640 0.04
2641 0.04
2642 0.04
2643 0.04
2644 0.04
2645 0.04
2646 0.04
2647 0.04
2648 0.04
2649 0.04
2650 0.04
2651 0.04
2652 0.04
2653 0.04
2654 0.04
2655 0.04
2656 0.04
2657 0.04
2658 0.04
2659 0.04
2660 0.04
2661 0.04
2662 0.04
2663 0.04
2664 0.04
2665 0.04
2666 0.04
2667 0.04
2668 0.04
2669 0.04
2670 0.04
2671 0.04
2672 0.04
2673 0.04
2674 0.04
2675 0.04
2676 0.04
2677 0.04
2678 0.04
2679 0.04
2680 0.04
2681 0.04
2682 0.04
2683 0.04
2684 0.04
2685 0.04
2686 0.04
2687 0.04
2688 0.04
2689 0.04
2690 0.04
2691 0.04
2692 0.04
2693 0.04
2694 0.04
2695 0.04
2696 0.04
2697 0.04
2698 0.04
2699 0.04
2700 0.04
2701 0.04
2702 0.04
2703 0.04
2704 0.04
2705 0.04
2706 0.04
2707 0.04
2708 0.04
2709 0.04
2710 0.04
2711 0.04
2712 0.04
2713 0.04
2714 0.04
2715 0.04
2716 0.04
2717 0.04
2718 0.04
2719 0.1
2720 0.1
2721 0.1
2722 0.1
2723 0.04
2724 0.04
2725 0.04
2726 0.04
2727 0.04
2728 0.04
2729 0.04
2730 0.04
2731 0.04
2732 0.04
2733 0.04
2734 0.04
2735 0.04
2736 0.04
2737 0.04
2738 0.04
2739 0.04
2740 0.04
2741 0.04
2742 0.04
2743 0.04
2744 0.04
2745 0.04
2746 0.04
2747 0.04
2748 0.04
2749 0.04
2750 0.04
2751 0.04
2752 0.04
2753 0.04
2754 0.04
2755 0.04
2756 0.04
2757 0.04
2758 0.04
2759 0.04
2760 0.04
2761 0.04
2762 0.04
2763 0.04
2764 0.04
2765 0.04
2766 0.04
2767 0.04
2768 0.04
2769 0.04
2770 0.04
2771 0.04
2772 0.04
2773 0.04
2774 0.04
2775 0.04
2776 0.04
2777 0.04
2778 0.04
2779 0.04
2780 0.04
2781 0.04
2782 0.04
2783 0.04
2784 0.04
2785 0.04
2786 0.04
2787 0.04
2788 0.04
2789 0.04
2790 0.04
2791 0.04
2792 0.04
2793 0.04
2794 0.04
2795 0.04
2796 0.04
2797 0.04
2798 0.04
2799 0.04
2800 0.04
2801 0.04
2802 0.04
2803 0.04
2804 0.04
2805 0.04
2806 0.1
2807 0.1
2808 0.1
2809 0.1
2810 0.04
2811 0.04
2812 0.04
2813 0.04
2814 0.04
2815 0.04
2816 0.04
2817 0.04
2818 0.04
2819 0.04
2820 0.04
2821 0.04
2822 0.04
2823 0.04
2824 0.04
2825 0.04
2826 0.04
2827 0.04
2828 0.04
2829 0.04
2830 0.04
2831 0.04
2832 0.04
2833 0.04
2834 0.04
2835 0.04
2836 0.04
2837 0.04
2838 0.04
2839 0.04
2840 0.04
2841 0.04
2842 0.04
2843 0.04
2844 0.04
2845 0.04
2846 0.04
2847 0.04
2848 0.04
2849 0.04
2850 0.04
2851 0.04
2852 0.04
2853 0.04
2854 0.04
2855 0.04
2856 0.04
2857 0.04
2858 0.04
2859 0.04
2860 0.04
2861 0.04
2862 0.04
2863 0.04
2864 0.04
2865 0.04
2866 0.04
2867 0.04
2868 0.04
2869 0.04
2870 0.04
2871 0.04
2872 0.04
2873 0.04
2874 0.04
2875 0.04
2876 0.04
2877 0.04
2878 0.04
2879 0.04
2880 0.04
2881 0.04
2882 0.04
2883 0.04
2884 0.04
2885 0.04
2886 0.04
2887 0.04
2888 0.04
2889 0.04
2890 0.04
2891 0.04
2892 0.04
2893 0.04
2894 0.04
2895 0.04
2896 0.04
2897 0.04
2898 0.04
2899 0.04
2900 0.04
2901 0.04
2902 0.04
2903 0.04
2904 0.04
2905 0.04
2906 0.1
2907 0.1
2908 0.1
2909 0.1
2910 0.005
$EndElementData
$ElementData
1
"Attribute:SectionDimension3"
1
0
3
0
1
2910
1 0.003
2 0.003
3 0.003
4 0.003
5 0.003
6 0.003
7 0.003
8 0.003
9 0.003
10 0.003
11 0.003
12 0.003
13 0.003
14 0.003
15 0.003
16 0.003
17 0.003
18 0.003
19 0.003
20 0.003
21 0.004
22 0.003
23 0.003
24 0.003
25 0.003
26 0.003
27 0.003
28 0.003
29 0.003
30 0.003
31 0.003
32 0.003
33 0.003
34 0.003
35 0.003
36 0.003
37 0.003
38 0.003
39 0.003
40 0.003
41 0.003
42 0.004
43 0.003
44 0.003
45 0.003
46 0.003
47 0.003
48 0.003
49 0.003
50 0.003
51 0.003
52 0.003
53 0.003
54 0.003
55 0.003
56 0.003
57 0.003
58 0.003
59 0.003
60 0.003
61 0.003
62 0.003
63 0.004
64 0.003
65 0.003
66 0.003
67 0.003
68 0.003
69 0.003
70 0.003
71 0.003
72 0.003
73 0.003
74 0.003
75 0.003
76 0.003
77 0.003
78 0.003
79 0.003
80 0.003
81 0.003
82 0.003
83 0.003
84 0.004
85 0.003
86 0.003
87 0.003
88 0.003
89 0.003
90 0.003
91 0.003
92 0.003
93 0.003
94 0.003
95 0.003
96 0.003
97 0.003
98 0.003
99 0.003
100 0.003
101 0.003
102 0.003
103 0.003
104 0.003
105 0.004
106 0.003
107 0.003
108 0.003
109 0.003
110 0.003
111 0.003
112 0.003
113 0.003
114 0.003
115 0.003
116 0.003
117 0.003
118 0.003
119 0.003
120 0.003
121 0.003
122 0.003
123 0.003
124 0.003
125 0.003
126 0.004
127 0.003
128 0.003
129 0.003
130 0.003
131 0.003
132 0.003
133 0.003
134 0.003
135 0.003
136 0.003
137 0.003
138 0.003
139 0.003
140 0.003
141 0.003
142 0.003
143 0.003
144 0.003
145 0.003
146 0.003
147 0.004
148 0.003
149 0.003
150 0.003
151 0.003
152 0.003
153 0.003
154 0.003
155 0.003
156 0.003
157 0.003
158 0.003
159 0.003
160 0.003
161 0.003
162 0.003
163 0.003
164 0.003
165 0.003
166 0.003
167 0.003
168 0.004
169 0.003
170 0.003
171 0.003
172 0.003
173 0.003
174 0.003
175 0.003
176 0.003
177 0.003
178 0.003
179 0.003
180 0.003
181 0.003
182 0.003
183 0.003
184 0.003
185 0.003
186 0.003
187 0.003
188 0.003
189 0.004
190 0.003
191 0.003
192 0.003
193 0.003
194 0.003
195 0.003
196 0.003
197 0.003
198 0.003
199 0.003
200 0.003
201 0.003
202 0.003
203 0.003
204 0.003
205 0.003
206 0.003
207 0.003
208 0.003
209 0.003
210 0.004
211 0.003
212 0.003
213 0.003
214 0.003
215 0.003
216 0.003
217 0.003
218 0.003
219 0.003
220 0.003
221 0.003
222 0.003
223 0.003
224 0.003
225 0.003
226 0.003
227 0.003
228 0.003
229 0.003
230 0.003
231 0.004
232 0.003
233 0.003
234 0.003
235 0.003
236 0.003
237 0.003
238 0.003
239 0.003
240 0.003
241 0.003
242 0.003
243 0.003
244 0.003
245 0.003
246 0.003
247 0.003
248 0.003
249 0.003
250 0.003
251 0.003
252 0.004
253 0.003
254 0.003
255 0.003
256 0.003
257 0.003
258 0.003
259 0.003
260 0.003
261 0.003
262 0.003
263 0.003
264 0.003
265 0.003
266 0.003
267 0.003
268 0.003
269 0.003
270 0.003
271 0.003
272 0.003
273 0.004
274 0.003
275 0.003
276 0.003
277 0.003
278 0.003
279 0.003
280 0.003
281 0.003
282 0.003
283 0.003
284 0.003
285 0.003
286 0.003
287 0.003
288 0.003
289 0.003
290 0.003
291 0.003
292 0.003
293 0.003
294 0.004
295 0.006
296 0.006
297 0.006
298 0.006
299 0.006
300 0.006
301 0.006
302 0.006
303 0.006
304 0.006
305 0.006
306 0.006
307 0.006
308 0.006
309 0.006
310 0.006
311 0.006
312 0.006
313 0.006
314 0.006
315 0.004
316 0.003
317 0.003
318 0.003
319 0.003
320 0.003
321 0.003
322 0.003
323 0.003
324 0.003
325 0.003
326 0.003
327 0.003
328 0.003
329 0.003
330 0.003
331 0.003
332 0.003
333 0.003
334 0.003
335 0.003
336 0.004
337 0.006
338 0.006
339 0.006
340 0.006
341 0.006
342 0.006
343 0.006
344 0.006
345 0.006
346 0.006
347 0.006
348 0.006
349 0.006
350 0.006
351 0.006
352 0.006
353 0.006
354 0.006
355 0.006
356 0.006
357 0.004
358 0.003
359 0.003
360 0.003
361 0.003
362 0.003
363 0.003
364 0.003
365 0.003
366 0.003
367 0.003
368 0.003
369 0.003
370 0.003
371 0.003
372 0.003
373 0.003
374 0.003
375 0.003
376 0.003
377 0.003
378 0.004
379 0.003
380 0.003
381 0.003
382 0.003
383 0.003
384 0.003
385 0.003
386 0.003
387 0.003
388 0.003
389 0.003
390 0.003
391 0.003
392 0.003
393 0.003
394 0.003
395 0.003
396 0.003
397 0.003
398 0.003
399 0.004
400 0.003
401 0.003
402 0.003
403 0.003
404 0.003
405 0.003
406 0.003
407 0.003
408 0.003
409 0.003
410 0.003
411 0.003
412 0.003
413 0.003
414 0.003
415 0.003
416 0.003
417 0.003
418 0.003
419 0.003
420 0.004
421 0.003
422 0.003
423 0.003
424 0.003
425 0.003
426 0.003
427 0.003
428 0.003
429 0.003
430 0.003
431 0.003
432 0.003
433 0.003
434 0.003
435 0.003
436 0.003
437 0.003
438 0.003
439 0.003
440 0.003
441 0.004
442 0.003
443 0.003
444 0.003
445 0.003
446 0.003
447 0.003
448 0.003
449 0.003
450 0.003
451 0.003
452 0.003
453 0.003
454 0.003
455 0.003
456 0.003
457 0.003
458 0.003
459 0.003
460 0.003
461 0.003
462 0.004
463 0.003
464 0.003
465 0.003
466 0.003
467 0.003
468 0.003
469 0.003
470 0.003
471 0.003
472 0.003
473 0.003
474 0.003
475 0.003
476 0.003
477 0.003
478 0.003
479 0.003
480 0.003
481 0.003
482 0.003
483 0.004
484 0.003
485 0.003
486 0.003
487 0.003
488 0.003
489 0.003
490 0.003
491 0.003
492 0.003
493 0.003
494 0.003
495 0.003
496 0.003
497 0.003
498 0.003
499 0.003
500 0.003
501 0.003
502 0.003
503 0.003
504 0.004
505 0.003
506 0.003
507 0.003
508 0.003
509 0.003
510 0.003
511 0.003
512 0.003
513 0.003
514 0.003
515 0.003
516 0.003
517 0.003
518 0.003
519 0.003
520 0.003
521 0.003
522 0.003
523 0.003
524 0.003
525 0.004
526 0.003
527 0.003
528 0.003
529 0.003
530 0.003
531 0.003
532 0.003
533 0.003
534 0.003
535 0.003
536 0.003
537 0.003
538 0.003
539 0.003
540 0.003
541 0.003
542 0.003
543 0.003
544 0.003
545 0.003
546 0.004
547 0.003
548 0.003
549 0.003
550 0.003
551 0.003
552 0.003
553 0.003
554 0.003
555 0.003
556 0.003
557 0.003
558 0.003
559 0.003
560 0.003
561 0.003
562 0.003
563 0.003
564 0.003
565 0.003
566 0.003
567 0.004
568 0.003
569 0.003
570 0.003
571 0.003
572 0.003
573 0.003
574 0.003
575 0.003
576 0.003
577 0.003
578 0.003
579 0.003
580 0.003
581 0.003
582 0.003
583 0.003
584 0.003
585 0.003
586 0.003
587 0.003
588 0.004
589 0.003
590 0.003
591 0.003
592 0.003
593 0.003
594 0.003
595 0.003
596 0.003
597 0.003
598 0.003
599 0.003
600 0.003
601 0.003
602 0.003
603 0.003
604 0.003
605 0.003
606 0.003
607 0.003
608 0.003
609 0.004
610 0.003
611 0.003
612 0.003
613 0.003
614 0.003
615 0.003
616 0.003
617 0.003
618 0.003
619 0.003
620 0.003
621 0.003
622 0.003
623 0.003
624 0.003
625 0.003
626 0.003
627 0.003
628 0.003
629 0.003
630 0.004
631 0.003
632 0.003
633 0.003
634 0.003
635 0.003
636 0.003
637 0.003
638 0.003
639 0.003
640 0.003
641 0.003
642 0.003
643 0.003
644 0.003
645 0.003
646 0.003
647 0.003
648 0.003
649 0.003
650 0.003
651 0.004
652 0.003
653 0.003
654 0.003
655 0.003
656 0.003
657 0.003
658 0.003
659 0.003
660 0.003
661 0.003
662 0.003
663 0.003
664 0.003
665 0.003
666 0.003
667 0.003
668 0.003
669 0.003
670 0.003
671 0.003
672 0.004
673 0.003
674 0.003
675 0.003
676 0.003
677 0.003
678 0.003
679 0.003
680 0.003
681 0.003
682 0.003
683 0.003
684 0.003
685 0.003
686 0.003
687 0.003
688 0.003
689 0.003
690 0.003
691 0.003
692 0.003
693 0.004
694 0.003
695 0.003
696 0.003
697 0.003
698 0.003
699 0.003
700 0.003
701 0.003
702 0.003
703 0.003
704 0.003
705 0.003
706 0.003
707 0.003
708 0.003
709 0.003
710 0.003
711 0.003
712 0.003
713 0.003
714 0.004
715 0.003
716 0.003
717 0.003
718 0.003
719 0.003
720 0.003
721 0.003
722 0.003
723 0.003
724 0.003
725 0.003
726 0.003
727 0.003
728 0.003
729 0.003
730 0.003
731 0.003
732 0.003
733 0.003
734 0.003
735 0.004
736 0.003
737 0.003
738 0.003
739 0.003
740 0.003
741 0.003
742 0.003
743 0.003
744 0.003
745 0.003
746 0.003
747 0.003
748 0.003
749 0.003
750 0.003
751 0.003
752 0.003
753 0.003
754 0.003
755 0.003
756 0.004
757 0.003
758 0.003
759 0.003
760 0.003
761 0.003
762 0.003
763 0.003
764 0.003
765 0.003
766 0.003
767 0.003
768 0.003
769 0.003
770 0.003
771 0.003
772 0.003
773 0.003
774 0.003
775 0.003
776 0.003
777 0.004
778 0.003
779 0.002
780 0.003
781 0.002
782 0.003
783 0.002
784 0.003
785 0.002
786 0.003
787 0.002
788 0.003
789 0.002
790 0.003
791 0.002
792 0.003
793 0.002
794 0.003
795 0.002
796 0.003
797 0.002
798 0.003
799 0.002
800 0.003
801 0.002
802 0.003
803 0.002
804 0.003
805 0.002
806 0.003
807 0.002
808 0.003
809 0.002
810 0.003
811 0.002
812 0.003
813 0.002
814 0.003
815 0.002
816 0.003
817 0.002
818 0.003
819 0.002
820 0.003
821 0.002
822 0.003
823 0.002
824 0.003
825 0.002
826 0.003
827 0.002
828 0.003
829 0.002
830 0.003
831 0.002
832 0.003
833 0.002
834 0.003
835 0.002
836 0.003
837 0.002
838 0.003
839 0.002
840 0.003
841 0.002
842 0.003
843 0.002
844 0.003
845 0.002
846 0.003
847 0.002
848 0.003
849 0.002
850 0.003
851 0.002
852 0.003
853 0.002
854 0.003
855 0.002
856 0.003
857 0.002
858 0.003
859 0.002
860 0.003
861 0.002
862 0.003
863 0.002
864 0.003
865 0.002
866 0.003
867 0.002
868 0.003
869 0.002
870 0.003
871 0.002
872 0.003
873 0.002
874 0.003
875 0.002
876 0.003
877 0.002
878 0.003
879 0.002
880 0.003
881 0.002
882 0.003
883 0.002
884 0.003
885 0.002
886 0.003
887 0.002
888 0.003
889 0.002
890 0.003
891 0.002
892 0.003
893 0.002
894 0.003
895 0.002
896 0.003
897 0.002
898 0.003
899 0.002
900 0.003
901 0.002
902 0.003
903 0.002
904 0.003
905 0.002
906 0.003
907 0.002
908 0.003
909 0.002
910 0.003
911 0.002
912 0.003
913 0.002
914 0.003
915 0.002
916 0.003
917 0.002
918 0.003
919 0.002
920 0.003
921 0.002
922 0.003
923 0.002
924 0.003
925 0.002
926 0.003
927 0.002
928 0.003
929 0.002
930 0.003
931 0.002
932 0.003
933 0.002
934 0.003
935 0.002
936 0.003
937 0.002
938 0.003
939 0.002
940 0.003
941 0.002
942 0.003
943 0.002
944 0.003
945 0.002
946 0.003
947 0.002
948 0.003
949 0.002
950 0.003
951 0.002
952 0.003
953 0.002
954 0.003
955 0.002
956 0.003
957 0.002
958 0.003
959 0.002
960 0.003
961 0.002
962 0.003
963 0.002
964 0.003
965 0.002
966 0.003
967 0.002
968 0.003
969 0.002
970 0.003
971 0.002
972 0.003
973 0.002
974 0.003
975 0.002
976 0.003
977 0.002
978 0.003
979 0.002
980 0.003
981 0.002
982 0.003
983 0.002
984 0.003
985 0.002
986 0.003
987 0.002
988 0.003
989 0.002
990 0.003
991 0.002
992 0.003
993 0.002
994 0.003
995 0.002
996 0.003
997 0.002
998 0.003
999 0.002
1000 0.003
1001 0.002
1002 0.003
1003 0.002
1004 0.003
1005 0.002
1006 0.003
1007 0.002
1008 0.003
1009 0.002
1010 0.003
1011 0.002
1012 0.003
1013 0.002
1014 0.003
1015 0.002
1016 0.003
1017 0.002
1018 0.003
1019 0.002
1020 0.003
1021 0.002
1022 0.003
1023 0.002
1024 0.003
1025 0.002
1026 0.003
1027 0.002
1028 0.003
1029 0.002
1030 0.003
1031 0.002
1032 0.003
1033 0.002
1034 0.003
1035 0.002
1036 0.003
1037 0.002
1038 0.003
1039 0.002
1040 0.003
1041 0.002
1042 0.003
1043 0.002
1044 0.003
1045 0.002
1046 0.003
1047 0.002
1048 0.003
1049 0.002
1050 0.003
1051 0.002
1052 0.003
1053 0.002
1054 0.003
1055 0.002
1056 0.003
1057 0.002
1058 0.003
1059 0.002
1060 0.003
1061 0.002
1062 0.003
1063 0.002
1064 0.003
1065 0.002
1066 0.003
1067 0.002
1068 0.003
1069 0.002
1070 0.003
1071 0.002
1072 0.003
1073 0.002
1074 0.003
1075 0.002
1076 0.003
1077 0.002
1078 0.003
1079 0.002
1080 0.003
1081 0.002
1082 0.003
1083 0.002
1084 0.003
1085 0.002
1086 0.003
1087 0.002
1088 0.003
1089 0.002
1090 0.003
1091 0.002
1092 0.003
1093 0.002
1094 0.003
1095 0.002
1096 0.003
1097 0.002
1098 0.003
1099 0.002
1100 0.003
1101 0.002
1102 0.003
1103 0.002
1104 0.003
1105 0.002
1106 0.003
1107 0.002
1108 0.003
1109 0.002
1110 0.003
1111 0.002
1112 0.003
1113 0.002
1114 0.003
1115 0.002
1116 0.003
1117 0.002
1118 0.003
1119 0.002
1120 0.003
1121 0.002
1122 0.003
1123 0.002
1124 0.003
1125 0.002
1126 0.003
1127 0.002
1128 0.003
1129 0.002
1130 0.003
1131 0.002
1132 0.003
1133 0.002
1134 0.003
1135 0.002
1136 0.003
1137 0.002
1138 0.003
1139 0.002
1140 0.003
1141 0.002
1142 0.003
1143 0.002
1144 0.003
1145 0.002
1146 0.003
1147 0.002
1148 0.003
1149 0.002
1150 0.003
1151 0.002
1152 0.003
1153 0.002
1154 0.003
1155 0.002
1156 0.003
1157 0.002
1158 0.003
1159 0.002
1160 0.003
1161 0.002
1162 0.003
1163 0.002
1164 0.003
1165 0.002
1166 0.003
1167 0.002
1168 0.003
1169 0.002
1170 0.003
1171 0.002
1172 0.003
1173 0.002
1174 0.003
1175 0.002
1176 0.003
1177 0.002
1178 0.003
1179 0.002
1180 0.003
1181 0.002
1182 0.003
1183 0.002
1184 0.003
1185 0.002
1186 0.003
1187 0.002
1188 0.003
1189 0.002
1190 0.003
1191 0.002
1192 0.003
1193 0.002
1194 0.003
1195 0.002
1196 0.003
1197 0.002
1198 0.003
1199 0.002
1200 0.003
1201 0.002
1202 0.003
1203 0.002
1204 0.003
1205 0.002
1206 0.003
1207 0.002
1208 0.003
1209 0.002
1210 0.003
1211 0.002
1212 0.003
1213 0.002
1214 0.003
1215 0.002
1216 0.003
1217 0.002
1218 0.003
1219 0.002
1220 0.003
1221 0.002
1222 0.003
1223 0.002
1224 0.003
1225 0.002
1226 0.003
1227 0.002
1228 0.003
1229 0.002
1230 0.003
1231 0.002
1232 0.003
1233 0.002
1234 0.003
1235 0.002
1236 0.003
1237 0.002
1238 0.003
1239 0.002
1240 0.003
1241 0.002
1242 0.003
1243 0.002
1244 0.003
1245 0.002
1246 0.003
1247 0.002
1248 0.003
1249 0.002
1250 0.003
1251 0.002
1252 0.003
1253 0.002
1254 0.003
1255 0.002
1256 0.003
1257 0.002
1258 0.003
1259 0.002
1260 0.003
1261 0.002
1262 0.003
1263 0.002
1264 0.003
1265 0.002
1266 0.003
1267 0.002
1268 0.003
1269 0.002
1270 0.003
1271 0.002
1272 0.003
1273 0.002
1274 0.003
1275 0.002
1276 0.003
1277 0.002
1278 0.003
1279 0.002
1280 0.003
1281 0.002
1282 0.003
1283 0.002
1284 0.003
1285 0.002
1286 0.003
1287 0.002
1288 0.003
1289 0.002
1290 0.003
1291 0.002
1292 0.003
1293 0.002
1294 0.003
1295 0.002
1296 0.003
1297 0.002
1298 0.003
1299 0.002
1300 0.003
1301 0.002
1302 0.003
1303 0.002
1304 0.003
1305 0.002
1306 0.003
1307 0.002
1308 0.003
1309 0.002
1310 0.003
1311 0.002
1312 0.003
1313 0.002
1314 0.003
1315 0.002
1316 0.003
1317 0.002
1318 0.003
1319 0.002
1320 0.003
1321 0.002
1322 0.003
1323 0.002
1324 0.003
1325 0.002
1326 0.003
1327 0.002
1328 0.003
1329 0.002
1330 0.003
1331 0.002
1332 0.003
1333 0.002
1334 0.003
1335 0.002
1336 0.003
1337 0.002
1338 0.003
1339 0.002
1340 0.003
1341 0.002
1342 0.003
1343 0.002
1344 0.003
1345 0.002
1346 0.003
1347 0.002
1348 0.003
1349 0.002
1350 0.003
1351 0.002
1352 0.003
1353 0.002
1354 0.003
1355 0.002
1356 0.003
1357 0.002
1358 0.003
1359 0.002
1360 0.003
1361 0.002
1362 0.003
1363 0.002
1364 0.003
1365 0.002
1366 0.003
1367 0.002
1368 0.003
1369 0.002
1370 0.003
1371 0.002
1372 0.003
1373 0.002
1374 0.003
1375 0.002
1376 0.003
1377 0.002
1378 0.003
1379 0.002
1380 0.003
1381 0.002
1382 0.003
1383 0.002
1384 0.003
1385 0.002
1386 0.003
1387 0.002
1388 0.003
1389 0.002
1390 0.003
1391 0.002
1392 0.003
1393 0.002
1394 0.003
1395 0.002
1396 0.003
1397 0.002
1398 0.003
1399 0.002
1400 0.003
1401 0.002
1402 0.003
1403 0.002
1404 0.003
1405 0.002
1406 0.003
1407 0.002
1408 0.003
1409 0.002
1410 0.003
1411 0.002
1412 0.003
1413 0.002
1414 0.003
1415 0.002
1416 0.003
1417 0.002
1418 0.003
1419 0.002
1420 0.003
1421 0.002
1422 0.003
1423 0.002
1424 0.003
1425 0.002
1426 0.003
1427 0.002
1428 0.003
1429 0.002
1430 0.003
1431 0.002
1432 0.003
1433 0.002
1434 0.003
1435 0.002
1436 0.003
1437 0.002
1438 0.003
1439 0.002
1440 0.003
1441 0.002
1442 0.003
1443 0.002
1444 0.003
1445 0.002
1446 0.003
1447 0.002
1448 0.003
1449 0.002
1450 0.003
1451 0.002
1452 0.003
1453 0.002
1454 0.003
1455 0.002
1456 0.003
1457 0.002
1458 0.003
1459 0.002
1460 0.003
1461 0.002
1462 0.003
1463 0.002
1464 0.003
1465 0.002
1466 0.003
1467 0.002
1468 0.003
1469 0.002
1470 0.003
1471 0.002
1472 0.003
1473 0.002
1474 0.003
1475 0.002
1476 0.003
1477 0.002
1478 0.003
1479 0.002
1480 0.003
1481 0.002
1482 0.003
1483 0.002
1484 0.003
1485 0.002
1486 0.003
1487 0.002
1488 0.003
1489 0.002
1490 0.003
1491 0.002
1492 0.003
1493 0.002
1494 0.003
1495 0.002
1496 0.003
1497 0.002
1498 0.003
1499 0.002
1500 0.003
1501 0.002
1502 0.003
1503 0.002
1504 0.003
1505 0.002
1506 0.003
1507 0.002
1508 0.003
1509 0.002
1510 0.003
1511 0.002
1512 0.003
1513 0.002
1514 0.003
1515 0.002
1516 0.003
1517 0.002
1518 0.003
1519 0.002
1520 0.003
1521 0.002
1522 0.003
1523 0.002
1524 0.003
1525 0.002
1526 0.003
1527 0.002
1528 0.003
1529 0.002
1530 0.003
1531 0.002
1532 0.003
1533 0.002
1534 0.003
1535 0.002
1536 0.003
1537 0.002
1538 0.003
1539 0.002
1540 0.003
1541 0.002
1542 0.003
1543 0.002
1544 0.003
1545 0.002
1546 0.003
1547 0.002
1548 0.003
1549 0.002
1550 0.003
1551 0.002
1552 0.003
1553 0.002
1554 0.003
1555 0.002
1556 0.003
1557 0.002
1558 0.003
1559 0.002
1560 0.003
1561 0.002
1562 0.003
1563 0.002
1564 0.003
1565 0.002
1566 0.003
1567 0.002
1568 0.003
1569 0.002
1570 0.003
1571 0.002
1572 0.003
1573 0.002
1574 0.003
1575 0.002
1576 0.003
1577 0.002
1578 0.003
1579 0.002
1580 0.003
1581 0.002
1582 0.003
1583 0.002
1584 0.003
1585 0.002
1586 0.003
1587 0.002
1588 0.003
1589 0.002
1590 0.003
1591 0.002
1592 0.003
1593 0.002
1594 0.003
1595 0.002
1596 0.003
1597 0.002
1598 0.003
1599 0.002
1600 0.003
1601 0.002
1602 0.003
1603 0.002
1604 0.003
1605 0.002
1606 0.003
1607 0.002
1608 0.003
1609 0.002
1610 0.003
1611 0.002
1612 0.003
1613 0.002
1614 0.003
1615 0.002
1616 0.003
1617 0.002
1618 0.003
1619 0.002
1620 0.003
1621 0.002
1622 0.003
1623 0.002
1624 0.003
1625 0.002
1626 0.003
1627 0.002
1628 0.003
1629 0.002
1630 0.003
1631 0.002
1632 0.003
1633 0.002
1634 0.003
1635 0.002
1636 0.003
1637 0.002
1638 0.003
1639 0.002
1640 0.003
1641 0.002
1642 0.003
1643 0.002
1644 0.003
1645 0.002
1646 0.003
1647 0.002
1648 0.003
1649 0.002
1650 0.003
1651 0.002
1652 0.003
1653 0.002
1654 0.003
1655 0.002
1656 0.003
1657 0.002
1658 0.003
1659 0.002
1660 0.003
1661 0.002
1662 0.003
1663 0.002
1664 0.003
1665 0.002
1666 0.003
1667 0.002
1668 0.003
1669 0.002
1670 0.003
1671 0.002
1672 0.003
1673 0.002
1674 0.003
1675 0.002
1676 0.003
1677 0.002
1678 0.003
1679 0.002
1680 0.003
1681 0.002
1682 0.003
1683 0.002
1684 0.003
1685 0.002
1686 0.003
1687 0.002
1688 0.003
1689 0.002
1690 0.003
1691 0.002
1692 0.003
1693 0.002
1694 0.003
1695 0.002
1696 0.003
1697 0.002
1698 0.003
1699 0.002
1700 0.003
1701 0.002
1702 0.003
1703 0.002
1704 0.003
1705 0.002
1706 0.003
1707 0.002
1708 0.003
1709 0.002
1710 0.003
1711 0.002
1712 0.003
1713 0.002
1714 0.003
1715 0.002
1716 0.003
1717 0.002
1718 0.003
1719 0.002
1720 0.003
1721 0.002
1722 0.003
1723 0.002
1724 0.003
1725 0.002
1726 0.003
1727 0.002
1728 0.003
1729 0.002
1730 0.003
1731 0.002
1732 0.003
1733 0.002
1734 0.003
1735 0.002
1736 0.003
1737 0.002
1738 0.003
1739 0.002
1740 0.003
1741 0.002
1742 0.003
1743 0.002
1744 0.003
1745 0.002
1746 0.003
1747 0.002
1748 0.003
1749 0.002
1750 0.003
1751 0.002
1752 0.003
1753 0.002
1754 0.003
1755 0.002
1756 0.003
1757 0.002
1758 0.003
1759 0.002
1760 0.003
1761 0.002
1762 0.003
1763 0.002
1764 0.003
1765 0.002
1766 0.003
1767 0.002
1768 0.003
1769 0.002
1770 0.003
1771 0.002
1772 0.003
1773 0.002
1774 0.003
1775 0.002
1776 0.003
1777 0.002
1778 0.003
1779 0.002
1780 0.003
1781 0.002
1782 0.003
1783 0.002
1784 0.003
1785 0.002
1786 0.003
1787 0.002
1788 0.003
1789 0.002
1790 0.003
1791 0.002
1792 0.003
1793 0.002
1794 0.003
1795 0.002
1796 0.003
1797 0.002
1798 0.003
1799 0.002
1800 0.003
1801 0.002
1802 0.003
1803 0.002
1804 0.003
1805 0.002
1806 0.003
1807 0.002
1808 0.003
1809 0.002
1810 0.003
1811 0.002
1812 0.003
1813 0.002
1814 0.003
1815 0.002
1816 0.003
1817 0.002
1818 0.003
1819 0.002
1820 0.003
1821 0.002
1822 0.003
1823 0.002
1824 0.003
1825 0.002
1826 0.003
1827 0.002
1828 0.003
1829 0.002
1830 0.003
1831 0.002
1832 0.003
1833 0.002
1834 0.003
1835 0.002
1836 0.003
1837 0.002
1838 0.003
1839 0.002
1840 0.003
1841 0.002
1842 0.003
1843 0.002
1844 0.003
1845 0.002
1846 0.003
1847 0.002
1848 0.003
1849 0.002
1850 0.003
1851 0.002
1852 0.003
1853 0.002
1854 0.003
1855 0.002
1856 0.003
1857 0.002
1858 0.003
1859 0.002
1860 0.003
1861 0.002
1862 0.003
1863 0.002
1864 0.003
1865 0.002
1866 0.003
1867 0.002
1868 0.003
1869 0.002
1870 0.003
1871 0.002
1872 0.003
1873 0.002
1874 0.003
1875 0.002
1876 0.003
1877 0.002
1878 0.003
1879 0.002
1880 0.003
1881 0.002
1882 0.003
1883 0.002
1884 0.003
1885 0.002
1886 0.003
1887 0.002
1888 0.003
1889 0.002
1890 0.003
1891 0.002
1892 0.003
1893 0.002
1894 0.003
1895 0.002
1896 0.003
1897 0.002
1898 0.003
1899 0.002
1900 0.003
1901 0.002
1902 0.003
1903 0.002
1904 0.003
1905 0.002
1906 0.003
1907 0.002
1908 0.003
1909 0.002
1910 0.003
1911 0.002
1912 0.003
1913 0.002
1914 0.003
1915 0.002
1916 0.003
1917 0.002
1918 0.003
1919 0.002
1920 0.003
1921 0.002
1922 0.003
1923 0.002
1924 0.003
1925 0.002
1926 0.003
1927 0.002
1928 0.003
1929 0.002
1930 0.003
1931 0.002
1932 0.003
1933 0.002
1934 0.003
1935 0.002
1936 0.003
1937 0.002
1938 0.003
1939 0.002
1940 0.003
1941 0.002
1942 0.003
1943 0.002
1944 0.003
1945 0.002
1946 0.003
1947 0.002
1948 0.003
1949 0.002
1950 0.003
1951 0.002
1952 0.003
1953 0.002
1954 0.003
1955 0.002
1956 0.003
1957 0.002
1958 0.003
1959 0.002
1960 0.003
1961 0.002
1962 0.003
1963 0.002
1964 0.003
1965 0.002
1966 0.003
1967 0.002
1968 0.003
1969 0.002
1970 0.003
1971 0.002
1972 0.003
1973 0.002
1974 0.003
1975 0.002
1976 0.003
1977 0.002
1978 0.003
1979 0.002
1980 0.003
1981 0.002
1982 0.003
1983 0.002
1984 0.003
1985 0.002
1986 0.003
1987 0.002
1988 0.003
1989 0.002
1990 0.003
1991 0.002
1992 0.003
1993 0.002
1994 0.003
1995 0.002
1996 0.003
1997 0.002
1998 0.003
1999 0.002
2000 0.003
2001 0.002
2002 0.003
2003 0.002
2004 0.003
2005 0.002
2006 0.003
2007 0.002
2008 0.003
2009 0.002
2010 0.003
2011 0.002
2012 0.003
2013 0.002
2014 0.003
2015 0.002
2016 0.003
2017 0.002
2018 0.003
2019 0.002
2020 0.003
2021 0.002
2022 0.003
2023 0.002
2024 0.003
2025 0.002
2026 0.003
2027 0.002
2028 0.003
2029 0.002
2030 0.003
2031 0.002
2032 0.003
2033 0.002
2034 0.003
2035 0.002
2036 0.003
2037 0.002
2038 0.003
2039 0.002
2040 0.003
2041 0.002
2042 0.003
2043 0.002
2044 0.003
2045 0.002
2046 0.003
2047 0.002
2048 0.003
2049 0.002
2050 0.003
2051 0.002
2052 0.003
2053 0.002
2054 0.003
2055 0.002
2056 0.003
2057 0.002
2058 0.003
2059 0.002
2060 0.003
2061 0.002
2062 0.003
2063 0.002
2064 0.003
2065 0.002
2066 0.003
2067 0.002
2068 0.003
2069 0.002
2070 0.003
2071 0.002
2072 0.003
2073 0.002
2074 0.003
2075 0.002
2076 0.003
2077 0.002
2078 0.003
2079 0.002
2080 0.003
2081 0.002
2082 0.003
2083 0.002
2084 0.003
2085 0.002
2086 0.003
2087 0.002
2088 0.003
2089 0.002
2090 0.003
2091 0.002
2092 0.003
2093 0.002
2094 0.003
2095 0.002
2096 0.003
2097 0.002
2098 0.003
2099 0.002
2100 0.003
2101 0.002
2102 0.003
2103 0.002
2104 0.003
2105 0.002
2106 0.003
2107 0.002
2108 0.003
2109 0.002
2110 0.003
2111 0.002
2112 0.003
2113 0.002
2114 0.003
2115 0.002
2116 0.003
2117 0.002
2118 0.003
2119 0.002
2120 0.003
2121 0.002
2122 0.003
2123 0.002
2124 0.003
2125 0.002
2126 0.003
2127 0.002
2128 0.003
2129 0.002
2130 0.003
2131 0.002
2132 0.003
2133 0.002
2134 0.003
2135 0.002
2136 0.003
2137 0.002
2138 0.003
2139 0.002
2140 0.003
2141 0.002
2142 0.003
2143 0.002
2144 0.003
2145 0.002
2146 0.003
2147 0.002
2148 0.003
2149 0.002
2150 0.003
2151 0.002
2152 0.003
2153 0.002
2154 0.003
2155 0.002
2156 0.003
2157 0.002
2158 0.003
2159 0.002
2160 0.003
2161 0.002
2162 0.003
2163 0.002
2164 0.003
2165 0.002
2166 0.003
2167 0.002
2168 0.003
2169 0.002
2170 0.003
2171 0.002
2172 0.003
2173 0.002
2174 0.003
2175 0.002
2176 0.003
2177 0.002
2178 0.003
2179 0.002
2180 0.003
2181 0.002
2182 0.003
2183 0.002
2184 0.003
2185 0.002
2186 0.003
2187 0.002
2188 0.003
2189 0.002
2190 0.003
2191 0.002
2192 0.003
2193 0.002
2194 0.003
2195 0.002
2196 0.003
2197 0.002
2198 0.003
2199 0.002
2200 0.003
2201 0.002
2202 0.003
2203 0.002
2204 0.003
2205 0.002
2206 0.003
2207 0.002
2208 0.003
2209 0.002
2210 0.003
2211 0.002
2212 0.003
2213 0.002
2214 0.003
2215 0.002
2216 0.003
2217 0.002
2218 0.003
2219 0.003
2220 0.004
2221 0.004
2222 0.002
2223 0.003
2224 0.003
2225 0.004
2226 0.004
2227 0.002
2228 0.003
2229 0.003
2230 0.004
2231 0.004
2232 0.002
2233 0.003
2234 0.003
2235 0.004
2236 0.004
2237 0.002
2238 0.003
2239 0.003
2240 0.004
2241 0.004
2242 0.002
2243 0.003
2244 0.003
2245 0.003
2246 0.003
2247 0.002
2248 0.003
2249 0.003
2250 0.003
2251 0.003
2252 0.002
2253 0.003
2254 0.003
2255 0.003
2256 0.003
2257 0.002
2258 0.003
2259 0.003
2260 0.003
2261 0.003
2262 0.002
2263 0.003
2264 0.003
2265 0.003
2266 0.003
2267 0.002
2268 0.003
2269 0.003
2270 0.003
2271 0.003
2272 0.002
2273 0.003
2274 0.003
2275 0.003
2276 0.003
2277 0.002
2278 0.003
2279 0.003
2280 0.003
2281 0.003
2282 0.002
2283 0.003
2284 0.003
2285 0.003
2286 0.003
2287 0.002
2288 0.003
2289 0.003
2290 0.003
2291 0.003
2292 0.002
2293 0.003
2294 0.003
2295 0.003
2296 0.003
2297 0.002
2298 0.006
2299 0.006
2300 0.006
2301 0.006
2302 0.004
2303 0.004
2304 0.003
2305 0.003
2306 0.006
2307 0.006
2308 0.006
2309 0.006
2310 0.004
2311 0.004
2312 0.003
2313 0.003
2314 0.006
2315 0.006
2316 0.006
2317 0.006
2318 0.004
2319 0.004
2320 0.003
2321 0.003
2322 0.006
2323 0.006
2324 0.006
2325 0.006
2326 0.004
2327 0.004
2328 0.003
2329 0.003
2330 0.006
2331 0.006
2332 0.006
2333 0.006
2334 0.004
2335 0.004
2336 0.003
2337 0.003
2338 0.006
2339 0.006
2340 0.006
2341 0.006
2342 0.003
2343 0.003
2344 0.003
2345 0.003
2346 0.004
2347 0.004
2348 0.004
2349 0.004
2350 0.003
2351 0.003
2352 0.003
2353 0.003
2354 0.004
2355 0.004
2356 0.004
2357 0.004
2358 0.003
2359 0.003
2360 0.003
2361 0.003
2362 0.004
2363 0.004
2364 0.004
2365 0.004
2366 0.003
2367 0.003
2368 0.003
2369 0.003
2370 0.004
2371 0.004
2372 0.004
2373 0.004
2374 0.003
2375 0.003
2376 0.003
2377 0.003
2378 0.004
2379 0.004
2380 0.004
2381 0.004
2382 0.003
2383 0.003
2384 0.003
2385 0.003
2386 0.003
2387 0.003
2388 0.003
2389 0.003
2390 0.003
2391 0.003
2392 0.003
2393 0.003
2394 0.003
2395 0.003
2396 0.003
2397 0.003
2398 0.003
2399 0.003
2400 0.003
2401 0.003
2402 0.003
2403 0.003
2404 0.003
2405 0.003
2406 0.003
2407 0.003
2408 0.003
2409 0.003
2410 0.003
2411 0.003
2412 0.003
2413 0.003
2414 0.003
2415 0.003
2416 0.003
2417 0.003
2418 0.006
2419 0.006
2420 0.006
2421 0.006
2422 0
2423 0
2424 0
2425 0.003
2426 0.003
2427 0.004
2428 0.004
2429 0.002
2430 0.003
2431 0.003
2432 0.004
2433 0.004
2434 0.002
2435 0.003
2436 0.003
2437 0.004
2438 0.004
2439 0.002
2440 0.003
2441 0.003
2442 0.004
2443 0.004
2444 0.002
2445 0.003
2446 0.003
2447 0.004
2448 0.004
2449 0.002
2450 0.003
2451 0.003
2452 0.003
2453 0.003
2454 0.002
2455 0.003
2456 0.003
2457 0.003
2458 0.003
2459 0.002
2460 0.003
2461 0.003
2462 0.003
2463 0.003
2464 0.002
2465 0.003
2466 0.003
2467 0.003
2468 0.003
2469 0.002
2470 0.003
2471 0.003
2472 0.003
2473 0.003
2474 0.002
2475 0.003
2476 0.003
2477 0.003
2478 0.003
2479 0.002
2480 0.003
2481 0.003
2482 0.003
2483 0.003
2484 0.002
2485 0.003
2486 0.003
2487 0.003
2488 0.003
2489 0.002
2490 0.003
2491 0.003
2492 0.003
2493 0.003
2494 0.002
2495 0.003
2496 0.003
2497 0.003
2498 0.003
2499 0.002
2500 0.003
2501 0.003
2502 0.003
2503 0.003
2504 0.002
2505 0.006
2506 0.006
2507 0.006
2508 0.006
2509 0.004
2510 0.004
2511 0.003
2512 0.003
2513 0.006
2514 0.006
2515 0.006
2516 0.006
2517 0.004
2518 0.004
2519 0.003
2520 0.003
2521 0.006
2522 0.006
2523 0.006
2524 0.006
2525 0.004
2526 0.004
2527 0.003
2528 0.003
2529 0.006
2530 0.006
2531 0.006
2532 0.006
2533 0.004
2534 0.004
2535 0.003
2536 0.003
2537 0.006
2538 0.006
2539 0.006
2540 0.006
2541 0.004
2542 0.004
2543 0.003
2544 0.003
2545 0.006
2546 0.006
2547 0.006
2548 0.006
2549 0.003
2550 0.003
2551 0.003
2552 0.003
2553 0.004
2554 0.004
2555 0.004
2556 0.004
2557 0.003
2558 0.003
2559 0.003
2560 0.003
2561 0.004
2562 0.004
2563 0.004
2564 0.004
2565 0.003
2566 0.003
2567 0.003
2568 0.003
2569 0.004
2570 0.004
2571 0.004
2572 0.004
2573 0.003
2574 0.003
2575 0.003
2576 0.003
2577 0.004
2578 0.004
2579 0.004
2580 0.004
2581 0.003
2582 0.003
2583 0.003
2584 0.003
2585 0.004
2586 0.004
2587 0.004
2588 0.004
2589 0.003
2590 0.003
2591 0.003
2592 0.003
2593 0.003
2594 0.003
2595 0.003
2596 0.003
2597 0.003
2598 0.003
2599 0.003
2600 0.003
2601 0.003
2602 0.003
2603 0.003
2604 0.003
2605 0.003
2606 0.003
2607 0.003
2608 0.003
2609 0.003
2610 0.003
2611 0.003
2612 0.003
2613 0.003
2614 0.003
2615 0.003
2616 0.003
2617 0.003
2618 0.003
2619 0.003
2620 0.003
2621 0.003
2622 0.003
2623 0.003
2624 0.003
2625 0.006
2626 0.006
2627 0.006
2628 0.006
2629 0
2630 0
2631 0
2632 0.006
2633 0.006
2634 0.006
2635 0.006
2636 0.003
2637 0.003
2638 0.003
2639 0.003
2640 0.002
2641 0.003
2642 0.003
2643 0.003
2644 0.003
2645 0.002
2646 0.003
2647 0.003
2648 0.003
2649 0.003
2650 0.002
2651 0.003
2652 0.003
2653 0.003
2654 0.003
2655 0.002
2656 0.003
2657 0.003
2658 0.003
2659 0.003
2660 0.002
2661 0.003
2662 0.003
2663 0.003
2664 0.003
2665 0.002
2666 0.003
2667 0.003
2668 0.003
2669 0.003
2670 0.002
2671 0.003
2672 0.003
2673 0.003
2674 0.003
2675 0.003
2676 0.003
2677 0.003
2678 0.003
2679 0.003
2680 0.003
2681 0.003
2682 0.003
2683 0.003
2684 0.003
2685 0.003
2686 0.003
2687 0.003
2688 0.003
2689 0.003
2690 0.003
2691 0.003
2692 0.003
2693 0.003
2694 0.003
2695 0.003
2696 0.003
2697 0.003
2698 0.003
2699 0.003
2700 0.003
2701 0.003
2702 0.003
2703 0.003
2704 0.003
2705 0.003
2706 0.003
2707 0.003
2708 0.003
2709 0.003
2710 0.003
2711 0.003
2712 0.003
2713 0.003
2714 0.003
2715 0.003
2716 0.003
2717 0.003
2718 0.003
2719 0.006
2720 0.006
2721 0.006
2722 0.006
2723 0.003
2724 0.003
2725 0.003
2726 0.003
2727 0.002
2728 0.003
2729 0.003
2730 0.003
2731 0.003
2732 0.002
2733 0.003
2734 0.003
2735 0.003
2736 0.003
2737 0.002
2738 0.003
2739 0.003
2740 0.003
2741 0.003
2742 0.002
2743 0.003
2744 0.003
2745 0.003
2746 0.003
2747 0.002
2748 0.003
2749 0.003
2750 0.003
2751 0.003
2752 0.002
2753 0.003
2754 0.003
2755 0.003
2756 0.003
2757 0.002
2758 0.003
2759 0.003
2760 0.003
2761 0.003
2762 0.003
2763 0.003
2764 0.003
2765 0.003
2766 0.003
2767 0.003
2768 0.003
2769 0.003
2770 0.003
2771 0.003
2772 0.003
2773 0.003
2774 0.003
2775 0.003
2776 0.003
2777 0.003
2778 0.003
2779 0.003
2780 0.003
2781 0.003
2782 0.003
2783 0.003
2784 0.003
2785 0.003
2786 0.003
2787 0.003
2788 0.003
2789 0.003
2790 0.003
2791 0.003
2792 0.003
2793 0.003
2794 0.003
2795 0.003
2796 0.003
2797 0.003
2798 0.003
2799 0.003
2800 0.003
2801 0.003
2802 0.003
2803 0.003
2804 0.003
2805 0.003
2806 0.006
2807 0.006
2808 0.006
2809 0.006
2810 0.003
2811 0.003
2812 0.003
2813 0.003
2814 0.002
2815 0.003
2816 0.003
2817 0.003
2818 0.003
2819 0.002
2820 0.003
2821 0.003
2822 0.003
2823 0.003
2824 0.002
2825 0.003
2826 0.003
2827 0.003
2828 0.003
2829 0.002
2830 0.003
2831 0.003
2832 0.003
2833 0.003
2834 0.002
2835 0.003
2836 0.003
2837 0.003
2838 0.003
2839 0.002
2840 0.003
2841 0.003
2842 0.003
2843 0.003
2844 0.002
2845 0.003
2846 0.003
2847 0.003
2848 0.003
2849 0.002
2850 0.003
2851 0.003
2852 0.003
2853 0.003
2854 0.003
2855 0.003
2856 0.003
2857 0.003
2858 0.003
2859 0.003
2860 0.003
2861 0.003
2862 0.003
2863 0.003
2864 0.003
2865 0.003
2866 0.003
2867 0.003
2868 0.003
2869 0.003
2870 0.003
2871 0.003
2872 0.003
2873 0.003
2874 0.003
2875 0.003
2876 0.003
2877 0.003
2878 0.003
2879 0.003
2880 0.003
2881 0.003
2882 0.003
2883 0.003
2884 0.003
2885 0.003
2886 0.003
2887 0.003
2888 0.003
2889 0.003
2890 0.003
2891 0.003
2892 0.003
2893 0.003
2894 0.003
2895 0.003
2896 0.003
2897 0.003
2898 0.003
2899 0.003
2900 0.003
2901 0.003
2902 0.003
2903 0.003
2904 0.003
2905 0.003
2906 0.006
2907 0.006
2908 0.006
2909 0.006
2910 0
$EndElementData
$ElementData
1
"Attribute:SectionDimension4"
1
0
3
0
1
2910
1 0.006
2 0.006
3 0.006
4 0.006
5 0.006
6 0.006
7 0.006
8 0.006
9 0.006
10 0.006
11 0.006
12 0.006
13 0.006
14 0.006
15 0.006
16 0.006
17 0.006
18 0.006
19 0.006
20 0.006
21 0.008
22 0.006
23 0.006
24 0.006
25 0.006
26 0.006
27 0.006
28 0.006
29 0.006
30 0.006
31 0.006
32 0.006
33 0.006
34 0.006
35 0.006
36 0.006
37 0.006
38 0.006
39 0.006
40 0.006
41 0.006
42 0.008
43 0.006
44 0.006
45 0.006
46 0.006
47 0.006
48 0.006
49 0.006
50 0.006
51 0.006
52 0.006
53 0.006
54 0.006
55 0.006
56 0.006
57 0.006
58 0.006
59 0.006
60 0.006
61 0.006
62 0.006
63 0.008
64 0.006
65 0.006
66 0.006
67 0.006
68 0.006
69 0.006
70 0.006
71 0.006
72 0.006
73 0.006
74 0.006
75 0.006
76 0.006
77 0.006
78 0.006
79 0.006
80 0.006
81 0.006
82 0.006
83 0.006
84 0.008
85 0.006
86 0.006
87 0.006
88 0.006
89 0.006
90 0.006
91 0.006
92 0.006
93 0.006
94 0.006
95 0.006
96 0.006
97 0.006
98 0.006
99 0.006
100 0.006
101 0.006
102 0.006
103 0.006
104 0.006
105 0.008
106 0.006
107 0.006
108 0.006
109 0.006
110 0.006
111 0.006
112 0.006
113 0.006
114 0.006
115 0.006
116 0.006
117 0.006
118 0.006
119 0.006
120 0.006
121 0.006
122 0.006
123 0.006
124 0.006
125 0.006
126 0.008
127 0.006
128 0.006
129 0.006
130 0.006
131 0.006
132 0.006
133 0.006
134 0.006
135 0.006
136 0.006
137 0.006
138 0.006
139 0.006
140 0.006
141 0.006
142 0.006
143 0.006
144 0.006
145 0.006
146 0.006
147 0.008
148 0.006
149 0.006
150 0.006
151 0.006
152 0.006
153 0.006
154 0.006
155 0.006
156 0.006
157 0.006
158 0.006
159 0.006
160 0.006
161 0.006
162 0.006
163 0.006
164 0.006
165 0.006
166 0.006
167 0.006
168 0.008
169 0.006
170 0.006
171 0.006
172 0.006
173 0.006
174 0.006
175 0.006
176 0.006
177 0.006
178 0.006
179 0.006
180 0.006
181 0.006
182 0.006
183 0.006
184 0.006
185 0.006
186 0.006
187 0.006
188 0.006
189 0.008
190 0.006
191 0.006
192 0.006
193 0.006
194 0.006
195 0.006
196 0.006
197 0.006
198 0.006
199 0.006
200 0.006
201 0.006
202 0.006
203 0.006
204 0.006
205 0.006
206 0.006
207 0.006
208 0.006
209 0.006
210 0.008
211 0.006
212 0.006
213 0.006
214 0.006
215 0.006
216 0.006
217 0.006
218 0.006
219 0.006
220 0.006
221 0.006
222 0.006
223 0.006
224 0.006
225 0.006
226 0.006
227 0.006
228 0.006
229 0.006
230 0.006
231 0.008
232 0.006
233 0.006
234 0.006
235 0.006
236 0.006
237 0.006
238 0.006
239 0.006
240 0.006
241 0.006
242 0.006
243 0.006
244 0.006
245 0.006
246 0.006
247 0.006
248 0.006
249 0.006
250 0.006
251 0.006
252 0.008
253 0.006
254 0.006
255 0.006
256 0.006
257 0.006
258 0.006
259 0.006
260 0.006
261 0.006
262 0.006
263 0.006
264 0.006
265 0.006
266 0.006
267 0.006
268 0.006
269 0.006
270 0.006
271 0.006
272 0.006
273 0.008
274 0.006
275 0.006
276 0.006
277 0.006
278 0.006
279 0.006
280 0.006
281 0.006
282 0.006
283 0.006
284 0.006
285 0.006
286 0.006
287 0.006
288 0.006
289 0.006
290 0.006
291 0.006
292 0.006
293 0.006
294 0.008
295 0.012
296 0.012
297 0.012
298 0.012
299 0.012
300 0.012
301 0.012
302 0.012
303 0.012
304 0.012
305 0.012
306 0.012
307 0.012
308 0.012
309 0.012
310 0.012
311 0.012
312 0.012
313 0.012
314 0.012
315 0.008
316 0.006
317 0.006
318 0.006
319 0.006
320 0.006
321 0.006
322 0.006
323 0.006
324 0.006
325 0.006
326 0.006
327 0.006
328 0.006
329 0.006
330 0.006
331 0.006
332 0.006
333 0.006
334 0.006
335 0.006
336 0.008
337 0.012
338 0.012
339 0.012
340 0.012
341 0.012
342 0.012
343 0.012
344 0.012
345 0.012
346 0.012
347 0.012
348 0.012
349 0.012
350 0.012
351 0.012
352 0.012
353 0.012
354 0.012
355 0.012
356 0.012
357 0.008
358 0.006
359 0.006
360 0.006
361 0.006
362 0.006
363 0.006
364 0.006
365 0.006
366 0.006
367 0.006
368 0.006
369 0.006
370 0.006
371 0.006
372 0.006
373 0.006
374 0.006
375 0.006
376 0.006
377 0.006
378 0.008
379 0.006
380 0.006
381 0.006
382 0.006
383 0.006
384 0.006
385 0.006
386 0.006
387 0.006
388 0.006
389 0.006
390 0.006
391 0.006
392 0.006
393 0.006
394 0.006
395 0.006
396 0.006
397 0.006
398 0.006
399 0.008
400 0.006
401 0.006
402 0.006
403 0.006
404 0.006
405 0.006
406 0.006
407 0.006
408 0.006
409 0.006
410 0.006
411 0.006
412 0.006
413 0.006
414 0.006
415 0.006
416 0.006
417 0.006
418 0.006
419 0.006
420 0.008
421 0.006
422 0.006
423 0.006
424 0.006
425 0.006
426 0.006
427 0.006
428 0.006
429 0.006
430 0.006
431 0.006
432 0.006
433 0.006
434 0.006
435 0.006
436 0.006
437 0.006
438 0.006
439 0.006
440 0.006
441 0.008
442 0.006
443 0.006
444 0.006
445 0.006
446 0.006
447 0.006
448 0.006
449 0.006
450 0.006
451 0.006
452 0.006
453 0.006
454 0.006
455 0.006
456 0.006
457 0.006
458 0.006
459 0.006
460 0.006
461 0.006
462 0.008
463 0.006
464 0.006
465 0.006
466 0.006
467 0.006
468 0.006
469 0.006
470 0.006
471 0.006
472 0.006
473 0.006
474 0.006
475 0.006
476 0.006
477 0.006
478 0.006
479 0.006
480 0.006
481 0.006
482 0.006
483 0.008
484 0.006
485 0.006
486 0.006
487 0.006
488 0.006
489 0.006
490 0.006
491 0.006
492 0.006
493 0.006
494 0.006
495 0.006
496 0.006
497 0.006
498 0.006
499 0.006
500 0.006
501 0.006
502 0.006
503 0.006
504 0.008
505 0.006
506 0.006
507 0.006
508 0.006
509 0.006
510 0.006
511 0.006
512 0.006
513 0.006
514 0.006
515 0.006
516 0.006
517 0.006
518 0.006
519 0.006
520 0.006
521 0.006
522 0.006
523 0.006
524 0.006
525 0.008
526 0.006
527 0.006
528 0.006
529 0.006
530 0.006
531 0.006
532 0.006
533 0.006
534 0.006
535 0.006
536 0.006
537 0.006
538 0.006
539 0.006
540 0.006
541 0.006
542 0.006
543 0.006
544 0.006
545 0.006
546 0.008
547 0.006
548 0.006
549 0.006
550 0.006
551 0.006
552 0.006
553 0.006
554 0.006
555 0.006
556 0.006
557 0.006
558 0.006
559 0.006
560 0.006
561 0.006
562 0.006
563 0.006
564 0.006
565 0.006
566 0.006
567 0.008
568 0.006
569 0.006
570 0.006
571 0.006
572 0.006
573 0.006
574 0.006
575 0.006
576 0.006
577 0.006
578 0.006
579 0.006
580 0.006
581 0.006
582 0.006
583 0.006
584 0.006
585 0.006
586 0.006
587 0.006
588 0.008
589 0.006
590 0.006
591 0.006
592 0.006
593 0.006
594 0.006
595 0.006
596 0.006
597 0.006
598 0.006
599 0.006
600 0.006
601 0.006
602 0.006
603 0.006
604 0.006
605 0.006
606 0.006
607 0.006
608 0.006
609 0.008
610 0.006
611 0.006
612 0.006
613 0.006
614 0.006
615 0.006
616 0.006
617 0.006
618 0.006
619 0.006
620 0.006
621 0.006
622 0.006
623 0.006
624 0.006
625 0.006
626 0.006
627 0.006
628 0.006
629 0.006
630 0.008
631 0.006
632 0.006
633 0.006
634 0.006
635 0.006
636 0.006
637 0.006
638 0.006
639 0.006
640 0.006
641 0.006
642 0.006
643 0.006
644 0.006
645 0.006
646 0.006
647 0.006
648 0.006
649 0.006
650 0.006
651 0.008
652 0.006
653 0.006
654 0.006
655 0.006
656 0.006
657 0.006
658 0.006
659 0.006
660 0.006
661 0.006
662 0.006
663 0.006
664 0.006
665 0.006
666 0.006
667 0.006
668 0.006
669 0.006
670 0.006
671 0.006
672 0.008
673 0.006
674 0.006
675 0.006
676 0.006
677 0.006
678 0.006
679 0.006
680 0.006
681 0.006
682 0.006
683 0.006
684 0.006
685 0.006
686 0.006
687 0.006
688 0.006
689 0.006
690 0.006
691 0.006
692 0.006
693 0.008
694 0.006
695 0.006
696 0.006
697 0.006
698 0.006
699 0.006
700 0.006
701 0.006
702 0.006
703 0.006
704 0.006
705 0.006
706 0.006
707 0.006
708 0.006
709 0.006
710 0.006
711 0.006
712 0.006
713 0.006
714 0.008
715 0.006
716 0.006
717 0.006
718 0.006
719 0.006
720 0.006
721 0.006
722 0.006
723 0.006
724 0.006
725 0.006
726 0.006
727 0.006
728 0.006
729 0.006
730 0.006
731 0.006
732 0.006
733 0.006
734 0.006
735 0.008
736 0.006
737 0.006
738 0.006
739 0.006
740 0.006
741 0.006
742 0.006
743 0.006
744 0.006
745 0.006
746 0.006
747 0.006
748 0.006
749 0.006
750 0.006
751 0.006
752 0.006
753 0.006
754 0.006
755 0.006
756 0.008
757 0.006
758 0.006
759 0.006
760 0.006
761 0.006
762 0.006
763 0.006
764 0.006
765 0.006
766 0.006
767 0.006
768 0.006
769 0.006
770 0.006
771 0.006
772 0.006
773 0.006
774 0.006
775 0.006
776 0.006
777 0.008
778 0.006
779 0.004
780 0.006
781 0.004
782 0.006
783 0.004
784 0.006
785 0.004
786 0.006
787 0.004
788 0.006
789 0.004
790 0.006
791 0.004
792 0.006
793 0.004
794 0.006
795 0.004
796 0.006
797 0.004
798 0.006
799 0.004
800 0.006
801 0.004
802 0.006
803 0.004
804 0.006
805 0.004
806 0.006
807 0.004
808 0.006
809 0.004
810 0.006
811 0.004
812 0.006
813 0.004
814 0.006
815 0.004
816 0.006
817 0.004
818 0.006
819 0.004
820 0.006
821 0.004
822 0.006
823 0.004
824 0.006
825 0.004
826 0.006
827 0.004
828 0.006
829 0.004
830 0.006
831 0.004
832 0.006
833 0.004
834 0.006
835 0.004
836 0.006
837 0.004
838 0.006
839 0.004
840 0.006
841 0.004
842 0.006
843 0.004
844 0.006
845 0.004
846 0.006
847 0.004
848 0.006
849 0.004
850 0.006
851 0.004
852 0.006
853 0.004
854 0.006
855 0.004
856 0.006
857 0.004
858 0.006
859 0.004
860 0.006
861 0.004
862 0.006
863 0.004
864 0.006
865 0.004
866 0.006
867 0.004
868 0.006
869 0.004
870 0.006
871 0.004
872 0.006
873 0.004
874 0.006
875 0.004
876 0.006
877 0.004
878 0.006
879 0.004
880 0.006
881 0.004
882 0.006
883 0.004
884 0.006
885 0.004
886 0.006
887 0.004
888 0.006
889 0.004
890 0.006
891 0.004
892 0.006
893 0.004
894 0.006
895 0.004
896 0.006
897 0.004
898 0.006
899 0.004
900 0.006
901 0.004
902 0.006
903 0.004
904 0.006
905 0.004
906 0.006
907 0.004
908 0.006
909 0.004
910 0.006
911 0.004
912 0.006
913 0.004
914 0.006
915 0.004
916 0.006
917 0.004
918 0.006
919 0.004
920 0.006
921 0.004
922 0.006
923 0.004
924 0.006
925 0.004
926 0.006
927 0.004
928 0.006
929 0.004
930 0.006
931 0.004
932 0.006
933 0.004
934 0.006
935 0.004
936 0.006
937 0.004
938 0.006
939 0.004
940 0.006
941 0.004
942 0.006
943 0.004
944 0.006
945 0.004
946 0.006
947 0.004
948 0.006
949 0.004
950 0.006
951 0.004
952 0.006
953 0.004
954 0.006
955 0.004
956 0.006
957 0.004
958 0.006
959 0.004
960 0.006
961 0.004
962 0.006
963 0.004
964 0.006
965 0.004
966 0.006
967 0.004
968 0.006
969 0.004
970 0.006
971 0.004
972 0.006
973 0.004
974 0.006
975 0.004
976 0.006
977 0.004
978 0.006
979 0.004
980 0.006
981 0.004
982 0.006
983 0.004
984 0.006
985 0.004
986 0.006
987 0.004
988 0.006
989 0.004
990 0.006
991 0.004
992 0.006
993 0.004
994 0.006
995 0.004
996 0.006
997 0.004
998 0.006
999 0.004
1000 0.006
1001 0.004
1002 0.006
1003 0.004
1004 0.006
1005 0.004
1006 0.006
1007 0.004
1008 0.006
1009 0.004
1010 0.006
1011 0.004
1012 0.006
1013 0.004
1014 0.006
1015 0.004
1016 0.006
1017 0.004
1018 0.006
1019 0.004
1020 0.006
1021 0.004
1022 0.006
1023 0.004
1024 0.006
1025 0.004
1026 0.006
1027 0.004
1028 0.006
1029 0.004
1030 0.006
1031 0.004
1032 0.006
1033 0.004
1034 0.006
1035 0.004
1036 0.006
1037 0.004
1038 0.006
1039 0.004
1040 0.006
1041 0.004
1042 0.006
1043 0.004
1044 0.006
1045 0.004
1046 0.006
1047 0.004
1048 0.006
1049 0.004
1050 0.006
1051 0.004
1052 0.006
1053 0.004
1054 0.006
1055 0.004
1056 0.006
1057 0.004
1058 0.006
1059 0.004
1060 0.006
1061 0.004
1062 0.006
1063 0.004
1064 0.006
1065 0.004
1066 0.006
1067 0.004
1068 0.006
1069 0.004
1070 0.006
1071 0.004
1072 0.006
1073 0.004
1074 0.006
1075 0.004
1076 0.006
1077 0.004
1078 0.006
1079 0.004
1080 0.006
1081 0.004
1082 0.006
1083 0.004
1084 0.006
1085 0.004
1086 0.006
1087 0.004
1088 0.006
1089 0.004
1090 0.006
1091 0.004
1092 0.006
1093 0.004
1094 0.006
1095 0.004
1096 0.006
1097 0.004
1098 0.006
1099 0.004
1100 0.006
1101 0.004
1102 0.006
1103 0.004
1104 0.006
1105 0.004
1106 0.006
1107 0.004
1108 0.006
1109 0.004
1110 0.006
1111 0.004
1112 0.006
1113 0.004
1114 0.006
1115 0.004
1116 0.006
1117 0.004
1118 0.006
1119 0.004
1120 0.006
1121 0.004
1122 0.006
1123 0.004
1124 0.006
1125 0.004
1126 0.006
1127 0.004
1128 0.006
1129 0.004
1130 0.006
1131 0.004
1132 0.006
1133 0.004
1134 0.006
1135 0.004
1136 0.006
1137 0.004
1138 0.006
1139 0.004
1140 0.006
1141 0.004
1142 0.006
1143 0.004
1144 0.006
1145 0.004
1146 0.006
1147 0.004
1148 0.006
1149 0.004
1150 0.006
1151 0.004
1152 0.006
1153 0.004
1154 0.006
1155 0.004
1156 0.006
1157 0.004
1158 0.006
1159 0.004
1160 0.006
1161 0.004
1162 0.006
1163 0.004
1164 0.006
1165 0.004
1166 0.006
1167 0.004
1168 0.006
1169 0.004
1170 0.006
1171 0.004
1172 0.006
1173 0.004
1174 0.006
1175 0.004
1176 0.006
1177 0.004
1178 0.006
1179 0.004
1180 0.006
1181 0.004
1182 0.006
1183 0.004
1184 0.006
1185 0.004
1186 0.006
1187 0.004
1188 0.006
1189 0.004
1190 0.006
1191 0.004
1192 0.006
1193 0.004
1194 0.006
1195 0.004
1196 0.006
1197 0.004
1198 0.006
1199 0.004
1200 0.006
1201 0.004
1202 0.006
1203 0.004
1204 0.006
1205 0.004
1206 0.006
1207 0.004
1208 0.006
1209 0.004
1210 0.006
1211 0.004
1212 0.006
1213 0.004
1214 0.006
1215 0.004
1216 0.006
1217 0.004
1218 0.006
1219 0.004
1220 0.006
1221 0.004
1222 0.006
1223 0.004
1224 0.006
1225 0.004
1226 0.006
1227 0.004
1228 0.006
1229 0.004
1230 0.006
1231 0.004
1232 0.006
1233 0.004
1234 0.006
1235 0.004
1236 0.006
1237 0.004
1238 0.006
1239 0.004
1240 0.006
1241 0.004
1242 0.006
1243 0.004
1244 0.006
1245 0.004
1246 0.006
1247 0.004
1248 0.006
1249 0.004
1250 0.006
1251 0.004
1252 0.006
1253 0.004
1254 0.006
1255 0.004
1256 0.006
1257 0.004
1258 0.006
1259 0.004
1260 0.006
1261 0.004
1262 0.006
1263 0.004
1264 0.006
1265 0.004
1266 0.006
1267 0.004
1268 0.006
1269 0.004
1270 0.006
1271 0.004
1272 0.006
1273 0.004
1274 0.006
1275 0.004
1276 0.006
1277 0.004
1278 0.006
1279 0.004
1280 0.006
1281 0.004
1282 0.006
1283 0.004
1284 0.006
1285 0.004
1286 0.006
1287 0.004
1288 0.006
1289 0.004
1290 0.006
1291 0.004
1292 0.006
1293 0.004
1294 0.006
1295 0.004
1296 0.006
1297 0.004
1298 0.006
1299 0.004
1300 0.006
1301 0.004
1302 0.006
1303 0.004
1304 0.006
1305 0.004
1306 0.006
1307 0.004
1308 0.006
1309 0.004
1310 0.006
1311 0.004
1312 0.006
1313 0.004
1314 0.006
1315 0.004
1316 0.006
1317 0.004
1318 0.006
1319 0.004
1320 0.006
1321 0.004
1322 0.006
1323 0.004
1324 0.006
1325 0.004
1326 0.006
1327 0.004
1328 0.006
1329 0.004
1330 0.006
1331 0.004
1332 0.006
1333 0.004
1334 0.006
1335 0.004
1336 0.006
1337 0.004
1338 0.006
1339 0.004
1340 0.006
1341 0.004
1342 0.006
1343 0.004
1344 0.006
1345 0.004
1346 0.006
1347 0.004
1348 0.006
1349 0.004
1350 0.006
1351 0.004
1352 0.006
1353 0.004
1354 0.006
1355 0.004
1356 0.006
1357 0.004
1358 0.006
1359 0.004
1360 0.006
1361 0.004
1362 0.006
1363 0.004
1364 0.006
1365 0.004
1366 0.006
1367 0.004
1368 0.006
1369 0.004
1370 0.006
1371 0.004
1372 0.006
1373 0.004
1374 0.006
1375 0.004
1376 0.006
1377 0.004
1378 0.006
1379 0.004
1380 0.006
1381 0.004
1382 0.006
1383 0.004
1384 0.006
1385 0.004
1386 0.006
1387 0.004
1388 0.006
1389 0.004
1390 0.006
1391 0.004
1392 0.006
1393 0.004
1394 0.006
1395 0.004
1396 0.006
1397 0.004
1398 0.006
1399 0.004
1400 0.006
1401 0.004
1402 0.006
1403 0.004
1404 0.006
1405 0.004
1406 0.006
1407 0.004
1408 0.006
1409 0.004
1410 0.006
1411 0.004
1412 0.006
1413 0.004
1414 0.006
1415 0.004
1416 0.006
1417 0.004
1418 0.006
1419 0.004
1420 0.006
1421 0.004
1422 0.006
1423 0.004
1424 0.006
1425 0.004
1426 0.006
1427 0.004
1428 0.006
1429 0.004
1430 0.006
1431 0.004
1432 0.006
1433 0.004
1434 0.006
1435 0.004
1436 0.006
1437 0.004
1438 0.006
1439 0.004
1440 0.006
1441 0.004
1442 0.006
1443 0.004
1444 0.006
1445 0.004
1446 0.006
1447 0.004
1448 0.006
1449 0.004
1450 0.006
1451 0.004
1452 0.006
1453 0.004
1454 0.006
1455 0.004
1456 0.006
1457 0.004
1458 0.006
1459 0.004
1460 0.006
1461 0.004
1462 0.006
1463 0.004
1464 0.006
1465 0.004
1466 0.006
1467 0.004
1468 0.006
1469 0.004
1470 0.006
1471 0.004
1472 0.006
1473 0.004
1474 0.006
1475 0.004
1476 0.006
1477 0.004
1478 0.006
1479 0.004
1480 0.006
1481 0.004
1482 0.006
1483 0.004
1484 0.006
1485 0.004
1486 0.006
1487 0.004
1488 0.006
1489 0.004
1490 0.006
1491 0.004
1492 0.006
1493 0.004
1494 0.006
1495 0.004
1496 0.006
1497 0.004
1498 0.006
1499 0.004
1500 0.006
1501 0.004
1502 0.006
1503 0.004
1504 0.006
1505 0.004
1506 0.006
1507 0.004
1508 0.006
1509 0.004
1510 0.006
1511 0.004
1512 0.006
1513 0.004
1514 0.006
1515 0.004
1516 0.006
1517 0.004
1518 0.006
1519 0.004
1520 0.006
1521 0.004
1522 0.006
1523 0.004
1524 0.006
1525 0.004
1526 0.006
1527 0.004
1528 0.006
1529 0.004
1530 0.006
1531 0.004
1532 0.006
1533 0.004
1534 0.006
1535 0.004
1536 0.006
1537 0.004
1538 0.006
1539 0.004
1540 0.006
1541 0.004
1542 0.006
1543 0.004
1544 0.006
1545 0.004
1546 0.006
1547 0.004
1548 0.006
1549 0.004
1550 0.006
1551 0.004
1552 0.006
1553 0.004
1554 0.006
1555 0.004
1556 0.006
1557 0.004
1558 0.006
1559 0.004
1560 0.006
1561 0.004
1562 0.006
1563 0.004
1564 0.006
1565 0.004
1566 0.006
1567 0.004
1568 0.006
1569 0.004
1570 0.006
1571 0.004
1572 0.006
1573 0.004
1574 0.006
1575 0.004
1576 0.006
1577 0.004
1578 0.006
1579 0.004
1580 0.006
1581 0.004
1582 0.006
1583 0.004
1584 0.006
1585 0.004
1586 0.006
1587 0.004
1588 0.006
1589 0.004
1590 0.006
1591 0.004
1592 0.006
1593 0.004
1594 0.006
1595 0.004
1596 0.006
1597 0.004
1598 0.006
1599 0.004
1600 0.006
1601 0.004
1602 0.006
1603 0.004
1604 0.006
1605 0.004
1606 0.006
1607 0.004
1608 0.006
1609 0.004
1610 0.006
1611 0.004
1612 0.006
1613 0.004
1614 0.006
1615 0.004
1616 0.006
1617 0.004
1618 0.006
1619 0.004
1620 0.006
1621 0.004
1622 0.006
1623 0.004
1624 0.006
1625 0.004
1626 0.006
1627 0.004
1628 0.006
1629 0.004
1630 0.006
1631 0.004
1632 0.006
1633 0.004
1634 0.006
1635 0.004
1636 0.006
1637 0.004
1638 0.006
1639 0.004
1640 0.006
1641 0.004
1642 0.006
1643 0.004
1644 0.006
1645 0.004
1646 0.006
1647 0.004
1648 0.006
1649 0.004
1650 0.006
1651 0.004
1652 0.006
1653 0.004
1654 0.006
1655 0.004
1656 0.006
1657 0.004
1658 0.006
1659 0.004
1660 0.006
1661 0.004
1662 0.006
1663 0.004
1664 0.006
1665 0.004
1666 0.006
1667 0.004
1668 0.006
1669 0.004
1670 0.006
1671 0.004
1672 0.006
1673 0.004
1674 0.006
1675 0.004
1676 0.006
1677 0.004
1678 0.006
1679 0.004
1680 0.006
1681 0.004
1682 0.006
1683 0.004
1684 0.006
1685 0.004
1686 0.006
1687 0.004
1688 0.006
1689 0.004
1690 0.006
1691 0.004
1692 0.006
1693 0.004
1694 0.006
1695 0.004
1696 0.006
1697 0.004
1698 0.006
1699 0.004
1700 0.006
1701 0.004
1702 0.006
1703 0.004
1704 0.006
1705 0.004
1706 0.006
1707 0.004
1708 0.006
1709 0.004
1710 0.006
1711 0.004
1712 0.006
1713 0.004
1714 0.006
1715 0.004
1716 0.006
1717 0.004
1718 0.006
1719 0.004
1720 0.006
1721 0.004
1722 0.006
1723 0.004
1724 0.006
1725 0.004
1726 0.006
1727 0.004
1728 0.006
1729 0.004
1730 0.006
1731 0.004
1732 0.006
1733 0.004
1734 0.006
1735 0.004
1736 0.006
1737 0.004
1738 0.006
1739 0.004
1740 0.006
1741 0.004
1742 0.006
1743 0.004
1744 0.006
1745 0.004
1746 0.006
1747 0.004
1748 0.006
1749 0.004
1750 0.006
1751 0.004
1752 0.006
1753 0.004
1754 0.006
1755 0.004
1756 0.006
1757 0.004
1758 0.006
1759 0.004
1760 0.006
1761 0.004
1762 0.006
1763 0.004
1764 0.006
1765 0.004
1766 0.006
1767 0.004
1768 0.006
1769 0.004
1770 0.006
1771 0.004
1772 0.006
1773 0.004
1774 0.006
1775 0.004
1776 0.006
1777 0.004
1778 0.006
1779 0.004
1780 0.006
1781 0.004
1782 0.006
1783 0.004
1784 0.006
1785 0.004
1786 0.006
1787 0.004
1788 0.006
1789 0.004
1790 0.006
1791 0.004
1792 0.006
1793 0.004
1794 0.006
1795 0.004
1796 0.006
1797 0.004
1798 0.006
1799 0.004
1800 0.006
1801 0.004
1802 0.006
1803 0.004
1804 0.006
1805 0.004
1806 0.006
1807 0.004
1808 0.006
1809 0.004
1810 0.006
1811 0.004
1812 0.006
1813 0.004
1814 0.006
1815 0.004
1816 0.006
1817 0.004
1818 0.006
1819 0.004
1820 0.006
1821 0.004
1822 0.006
1823 0.004
1824 0.006
1825 0.004
1826 0.006
1827 0.004
1828 0.006
1829 0.004
1830 0.006
1831 0.004
1832 0.006
1833 0.004
1834 0.006
1835 0.004
1836 0.006
1837 0.004
1838 0.006
1839 0.004
1840 0.006
1841 0.004
1842 0.006
1843 0.004
1844 0.006
1845 0.004
1846 0.006
1847 0.004
1848 0.006
1849 0.004
1850 0.006
1851 0.004
1852 0.006
1853 0.004
1854 0.006
1855 0.004
1856 0.006
1857 0.004
1858 0.006
1859 0.004
1860 0.006
1861 0.004
1862 0.006
1863 0.004
1864 0.006
1865 0.004
1866 0.006
1867 0.004
1868 0.006
1869 0.004
1870 0.006
1871 0.004
1872 0.006
1873 0.004
1874 0.006
1875 0.004
1876 0.006
1877 0.004
1878 0.006
1879 0.004
1880 0.006
1881 0.004
1882 0.006
1883 0.004
1884 0.006
1885 0.004
1886 0.006
1887 0.004
1888 0.006
1889 0.004
1890 0.006
1891 0.004
1892 0.006
1893 0.004
1894 0.006
1895 0.004
1896 0.006
1897 0.004
1898 0.006
1899 0.004
1900 0.006
1901 0.004
1902 0.006
1903 0.004
1904 0.006
1905 0.004
1906 0.006
1907 0.004
1908 0.006
1909 0.004
1910 0.006
1911 0.004
1912 0.006
1913 0.004
1914 0.006
1915 0.004
1916 0.006
1917 0.004
1918 0.006
1919 0.004
1920 0.006
1921 0.004
1922 0.006
1923 0.004
1924 0.006
1925 0.004
1926 0.006
1927 0.004
1928 0.006
1929 0.004
1930 0.006
1931 0.004
1932 0.006
1933 0.004
1934 0.006
1935 0.004
1936 0.006
1937 0.004
1938 0.006
1939 0.004
1940 0.006
1941 0.004
1942 0.006
1943 0.004
1944 0.006
1945 0.004
1946 0.006
1947 0.004
1948 0.006
1949 0.004
1950 0.006
1951 0.004
1952 0.006
1953 0.004
1954 0.006
1955 0.004
1956 0.006
1957 0.004
1958 0.006
1959 0.004
1960 0.006
1961 0.004
1962 0.006
1963 0.004
1964 0.006
1965 0.004
1966 0.006
1967 0.004
1968 0.006
1969 0.004
1970 0.006
1971 0.004
1972 0.006
1973 0.004
1974 0.006
1975 0.004
1976 0.006
1977 0.004
1978 0.006
1979 0.004
1980 0.006
1981 0.004
1982 0.006
1983 0.004
1984 0.006
1985 0.004
1986 0.006
1987 0.004
1988 0.006
1989 0.004
1990 0.006
1991 0.004
1992 0.006
1993 0.004
1994 0.006
1995 0.004
1996 0.006
1997 0.004
1998 0.006
1999 0.004
2000 0.006
2001 0.004
2002 0.006
2003 0.004
2004 0.006
2005 0.004
2006 0.006
2007 0.004
2008 0.006
2009 0.004
2010 0.006
2011 0.004
2012 0.006
2013 0.004
2014 0.006
2015 0.004
2016 0.006
2017 0.004
2018 0.006
2019 0.004
2020 0.006
2021 0.004
2022 0.006
2023 0.004
2024 0.006
2025 0.004
2026 0.006
2027 0.004
2028 0.006
2029 0.004
2030 0.006
2031 0.004
2032 0.006
2033 0.004
2034 0.006
2035 0.004
2036 0.006
2037 0.004
2038 0.006
2039 0.004
2040 0.006
2041 0.004
2042 0.006
2043 0.004
2044 0.006
2045 0.004
2046 0.006
2047 0.004
2048 0.006
2049 0.004
2050 0.006
2051 0.004
2052 0.006
2053 0.004
2054 0.006
2055 0.004
2056 0.006
2057 0.004
2058 0.006
2059 0.004
2060 0.006
2061 0.004
2062 0.006
2063 0.004
2064 0.006
2065 0.004
2066 0.006
2067 0.004
2068 0.006
2069 0.004
2070 0.006
2071 0.004
2072 0.006
2073 0.004
2074 0.006
2075 0.004
2076 0.006
2077 0.004
2078 0.006
2079 0.004
2080 0.006
2081 0.004
2082 0.006
2083 0.004
2084 0.006
2085 0.004
2086 0.006
2087 0.004
2088 0.006
2089 0.004
2090 0.006
2091 0.004
2092 0.006
2093 0.004
2094 0.006
2095 0.004
2096 0.006
2097 0.004
2098 0.006
2099 0.004
2100 0.006
2101 0.004
2102 0.006
2103 0.004
2104 0.006
2105 0.004
2106 0.006
2107 0.004
2108 0.006
2109 0.004
2110 0.006
2111 0.004
2112 0.006
2113 0.004
2114 0.006
2115 0.004
2116 0.006
2117 0.004
2118 0.006
2119 0.004
2120 0.006
2121 0.004
2122 0.006
2123 0.004
2124 0.006
2125 0.004
2126 0.006
2127 0.004
2128 0.006
2129 0.004
2130 0.006
2131 0.004
2132 0.006
2133 0.004
2134 0.006
2135 0.004
2136 0.006
2137 0.004
2138 0.006
2139 0.004
2140 0.006
2141 0.004
2142 0.006
2143 0.004
2144 0.006
2145 0.004
2146 0.006
2147 0.004
2148 0.006
2149 0.004
2150 0.006
2151 0.004
2152 0.006
2153 0.004
2154 0.006
2155 0.004
2156 0.006
2157 0.004
2158 0.006
2159 0.004
2160 0.006
2161 0.004
2162 0.006
2163 0.004
2164 0.006
2165 0.004
2166 0.006
2167 0.004
2168 0.006
2169 0.004
2170 0.006
2171 0.004
2172 0.006
2173 0.004
2174 0.006
2175 0.004
2176 0.006
2177 0.004
2178 0.006
2179 0.004
2180 0.006
2181 0.004
2182 0.006
2183 0.004
2184 0.006
2185 0.004
2186 0.006
2187 0.004
2188 0.006
2189 0.004
2190 0.006
2191 0.004
2192 0.006
2193 0.004
2194 0.006
2195 0.004
2196 0.006
2197 0.004
2198 0.006
2199 0.004
2200 0.006
2201 0.004
2202 0.006
2203 0.004
2204 0.006
2205 0.004
2206 0.006
2207 0.004
2208 0.006
2209 0.004
2210 0.006
2211 0.004
2212 0.006
2213 0.004
2214 0.006
2215 0.004
2216 0.006
2217 0.004
2218 0.006
2219 0.006
2220 0.008
2221 0.008
2222 0.004
2223 0.006
2224 0.006
2225 0.008
2226 0.008
2227 0.004
2228 0.006
2229 0.006
2230 0.008
2231 0.008
2232 0.004
2233 0.006
2234 0.006
2235 0.008
2236 0.008
2237 0.004
2238 0.006
2239 0.006
2240 0.008
2241 0.008
2242 0.004
2243 0.006
2244 0.006
2245 0.006
2246 0.006
2247 0.004
2248 0.006
2249 0.006
2250 0.006
2251 0.006
2252 0.004
2253 0.006
2254 0.006
2255 0.006
2256 0.006
2257 0.004
2258 0.006
2259 0.006
2260 0.006
2261 0.006
2262 0.004
2263 0.006
2264 0.006
2265 0.006
2266 0.006
2267 0.004
2268 0.006
2269 0.006
2270 0.006
2271 0.006
2272 0.004
2273 0.006
2274 0.006
2275 0.006
2276 0.006
2277 0.004
2278 0.006
2279 0.006
2280 0.006
2281 0.006
2282 0.004
2283 0.006
2284 0.006
2285 0.006
2286 0.006
2287 0.004
2288 0.006
2289 0.006
2290 0.006
2291 0.006
2292 0.004
2293 0.006
2294 0.006
2295 0.006
2296 0.006
2297 0.004
2298 0.012
2299 0.012
2300 0.012
2301 0.012
2302 0.008
2303 0.008
2304 0.006
2305 0.006
2306 0.012
2307 0.012
2308 0.012
2309 0.012
2310 0.008
2311 0.008
2312 0.006
2313 0.006
2314 0.012
2315 0.012
2316 0.012
2317 0.012
2318 0.008
2319 0.008
2320 0.006
2321 0.006
2322 0.012
2323 0.012
2324 0.012
2325 0.012
2326 0.008
2327 0.008
2328 0.006
2329 0.006
2330 0.012
2331 0.012
2332 0.012
2333 0.012
2334 0.008
2335 0.008
2336 0.006
2337 0.006
2338 0.012
2339 0.012
2340 0.012
2341 0.012
2342 0.006
2343 0.006
2344 0.006
2345 0.006
2346 0.008
2347 0.008
2348 0.008
2349 0.008
2350 0.006
2351 0.006
2352 0.006
2353 0.006
2354 0.008
2355 0.008
2356 0.008
2357 0.008
2358 0.006
2359 0.006
2360 0.006
2361 0.006
2362 0.008
2363 0.008
2364 0.008
2365 0.008
2366 0.006
2367 0.006
2368 0.006
2369 0.006
2370 0.008
2371 0.008
2372 0.008
2373 0.008
2374 0.006
2375 0.006
2376 0.006
2377 0.006
2378 0.008
2379 0.008
2380 0.008
2381 0.008
2382 0.006
2383 0.006
2384 0.006
2385 0.006
2386 0.006
2387 0.006
2388 0.006
2389 0.006
2390 0.006
2391 0.006
2392 0.006
2393 0.006
2394 0.006
2395 0.006
2396 0.006
2397 0.006
2398 0.006
2399 0.006
2400 0.006
2401 0.006
2402 0.006
2403 0.006
2404 0.006
2405 0.006
2406 0.006
2407 0.006
2408 0.006
2409 0.006
2410 0.006
2411 0.006
2412 0.006
2413 0.006
2414 0.006
2415 0.006
2416 0.006
2417 0.006
2418 0.012
2419 0.012
2420 0.012
2421 0.012
2422 0
2423 0
2424 0
2425 0.006
2426 0.006
2427 0.008
2428 0.008
2429 0.004
2430 0.006
2431 0.006
2432 0.008
2433 0.008
2434 0.004
2435 0.006
2436 0.006
2437 0.008
2438 0.008
2439 0.004
2440 0.006
2441 0.006
2442 0.008
2443 0.008
2444 0.004
2445 0.006
2446 0.006
2447 0.008
2448 0.008
2449 0.004
2450 0.006
2451 0.006
2452 0.006
2453 0.006
2454 0.004
2455 0.006
2456 0.006
2457 0.006
2458 0.006
2459 0.004
2460 0.006
2461 0.006
2462 0.006
2463 0.006
2464 0.004
2465 0.006
2466 0.006
2467 0.006
2468 0.006
2469 0.004
2470 0.006
2471 0.006
2472 0.006
2473 0.006
2474 0.004
2475 0.006
2476 0.006
2477 0.006
2478 0.006
2479 0.004
2480 0.006
2481 0.006
2482 0.006
2483 0.006
2484 0.004
2485 0.006
2486 0.006
2487 0.006
2488 0.006
2489 0.004
2490 0.006
2491 0.006
2492 0.006
2493 0.006
2494 0.004
2495 0.006
2496 0.006
2497 0.006
2498 0.006
2499 0.004
2500 0.006
2501 0.006
2502 0.006
2503 0.006
2504 0.004
2505 0.012
2506 0.012
2507 0.012
2508 0.012
2509 0.008
2510 0.008
2511 0.006
2512 0.006
2513 0.012
2514 0.012
2515 0.012
2516 0.012
2517 0.008
2518 0.008
2519 0.006
2520 0.006
2521 0.012
2522 0.012
2523 0.012
2524 0.012
2525 0.008
2526 0.008
2527 0.006
2528 0.006
2529 0.012
2530 0.012
2531 0.012
2532 0.012
2533 0.008
2534 0.008
2535 0.006
2536 0.006
2537 0.012
2538 0.012
2539 0.012
2540 0.012
2541 0.008
2542 0.008
2543 0.006
2544 0.006
2545 0.012
2546 0.012
2547 0.012
2548 0.012
2549 0.006
2550 0.006
2551 0.006
2552 0.006
2553 0.008
2554 0.008
2555 0.008
2556 0.008
2557 0.006
2558 0.006
2559 0.006
2560 0.006
2561 0.008
2562 0.008
2563 0.008
2564 0.008
2565 0.006
2566 0.006
2567 0.006
2568 0.006
2569 0.008
2570 0.008
2571 0.008
2572 0.008
2573 0.006
2574 0.006
2575 0.006
2576 0.006
2577 0.008
2578 0.008
2579 0.008
2580 0.008
2581 0.006
2582 0.006
2583 0.006
2584 0.006
2585 0.008
2586 0.008
2587 0.008
2588 0.008
2589 0.006
2590 0.006
2591 0.006
2592 0.006
2593 0.006
2594 0.006
2595 0.006
2596 0.006
2597 0.006
2598 0.006
2599 0.006
2600 0.006
2601 0.006
2602 0.006
2603 0.006
2604 0.006
2605 0.006
2606 0.006
2607 0.006
2608 0.006
2609 0.006
2610 0.006
2611 0.006
2612 0.006
2613 0.006
2614 0.006
2615 0.006
2616 0.006
2617 0.006
2618 0.006
2619 0.006
2620 0.006
2621 0.006
2622 0.006
2623 0.006
2624 0.006
2625 0.012
2626 0.012
2627 0.012
2628 0.012
2629 0
2630 0
2631 0
2632 0.012
2633 0.012
2634 0.012
2635 0.012
2636 0.006
2637 0.006
2638 0.006
2639 0.006
2640 0.004
2641 0.006
2642 0.006
2643 0.006
2644 0.006
2645 0.004
2646 0.006
2647 0.006
2648 0.006
2649 0.006
2650 0.004
2651 0.006
2652 0.006
2653 0.006
2654 0.006
2655 0.004
2656 0.006
2657 0.006
2658 0.006
2659 0.006
2660 0.004
2661 0.006
2662 0.006
2663 0.006
2664 0.006
2665 0.004
2666 0.006
2667 0.006
2668 0.006
2669 0.006
2670 0.004
2671 0.006
2672 0.006
2673 0.006
2674 0.006
2675 0.006
2676 0.006
2677 0.006
2678 0.006
2679 0.006
2680 0.006
2681 0.006
2682 0.006
2683 0.006
2684 0.006
2685 0.006
2686 0.006
2687 0.006
2688 0.006
2689 0.006
2690 0.006
2691 0.006
2692 0.006
2693 0.006
2694 0.006
2695 0.006
2696 0.006
2697 0.006
2698 0.006
2699 0.006
2700 0.006
2701 0.006
2702 0.006
2703 0.006
2704 0.006
2705 0.006
2706 0.006
2707 0.006
2708 0.006
2709 0.006
2710 0.006
2711 0.006
2712 0.006
2713 0.006
2714 0.006
2715 0.006
2716 0.006
2717 0.006
2718 0.006
2719 0.012
2720 0.012
2721 0.012
2722 0.012
2723 0.006
2724 0.006
2725 0.006
2726 0.006
2727 0.004
2728 0.006
2729 0.006
2730 0.006
2731 0.006
2732 0.004
2733 0.006
2734 0.006
2735 0.006
2736 0.006
2737 0.004
2738 0.006
2739 0.006
2740 0.006
2741 0.006
2742 0.004
2743 0.006
2744 0.006
2745 0.006
2746 0.006
2747 0.004
2748 0.006
2749 0.006
2750 0.006
2751 0.006
2752 0.004
2753 0.006
2754 0.006
2755 0.006
2756 0.006
2757 0.004
2758 0.006
2759 0.006
2760 0.006
2761 0.006
2762 0.006
2763 0.006
2764 0.006
2765 0.006
2766 0.006
2767 0.006
2768 0.006
2769 0.006
2770 0.006
2771 0.006
2772 0.006
2773 0.006
2774 0.006
2775 0.006
2776 0.006
2777 0.006
2778 0.006
2779 0.006
2780 0.006
2781 0.006
2782 0.006
2783 0.006
2784 0.006
2785 0.006
2786 0.006
2787 0.006
2788 0.006
2789 0.006
2790 0.006
2791 0.006
2792 0.006
2793 0.006
2794 0.006
2795 0.006
2796 0.006
2797 0.006
2798 0.006
2799 0.006
2800 0.006
2801 0.006
2802 0.006
2803 0.006
2804 0.006
2805 0.006
2806 0.012
2807 0.012
2808 0.012
2809 0.012
2810 0.006
2811 0.006
2812 0.006
2813 0.006
2814 0.004
2815 0.006
2816 0.006
2817 0.006
2818 0.006
2819 0.004
2820 0.006
2821 0.006
2822 0.006
2823 0.006
2824 0.004
2825 0.006
2826 0.006
2827 0.006
2828 0.006
2829 0.004
2830 0.006
2831 0.006
2832 0.006
2833 0.006
2834 0.004
2835 0.006
2836 0.006
2837 0.006
2838 0.006
2839 0.004
2840 0.006
2841 0.006
2842 0.006
2843 0.006
2844 0.004
2845 0.006
2846 0.006
2847 0.006
2848 0.006
2849 0.004
2850 0.006
2851 0.006
2852 0.006
2853 0.006
2854 0.006
2855 0.006
2856 0.006
2857 0.006
2858 0.006
2859 0.006
2860 0.006
2861 0.006
2862 0.006
2863 0.006
2864 0.006
2865 0.006
2866 0.006
2867 0.006
2868 0.006
2869 0.006
2870 0.006
2871 0.006
2872 0.006
2873 0.006
2874 0.006
2875 0.006
2876 0.006
2877 0.006
2878 0.006
2879 0.006
2880 0.006
2881 0.006
2882 0.006
2883 0.006
2884 0.006
2885 0.006
2886 0.006
2887 0.006
2888 0.006
2889 0.006
2890 0.006
2891 0.006
2892 0.006
2893 0.006
2894 0.006
2895 0.006
2896 0.006
2897 0.006
2898 0.006
2899 0.006
2900 0.006
2901 0.006
2902 0.006
2903 0.006
2904 0.006
2905 0.006
2906 0.012
2907 0.012
2908 0.012
2909 0.012
2910 0
$EndElementData
$ElementData
1
"Attribute:SectionDimension5"
1
0
3
0
1
2910
1 0.003
2 0.003
3 0.003
4 0.003
5 0.003
6 0.003
7 0.003
8 0.003
9 0.003
10 0.003
11 0.003
12 0.003
13 0.003
14 0.003
15 0.003
16 0.003
17 0.003
18 0.003
19 0.003
20 0.003
21 0.004
22 0.003
23 0.003
24 0.003
25 0.003
26 0.003
27 0.003
28 0.003
29 0.003
30 0.003
31 0.003
32 0.003
33 0.003
34 0.003
35 0.003
36 0.003
37 0.003
38 0.003
39 0.003
40 0.003
41 0.003
42 0.004
43 0.003
44 0.003
45 0.003
46 0.003
47 0.003
48 0.003
49 0.003
50 0.003
51 0.003
52 0.003
53 0.003
54 0.003
55 0.003
56 0.003
57 0.003
58 0.003
59 0.003
60 0.003
61 0.003
62 0.003
63 0.004
64 0.003
65 0.003
66 0.003
67 0.003
68 0.003
69 0.003
70 0.003
71 0.003
72 0.003
73 0.003
74 0.003
75 0.003
76 0.003
77 0.003
78 0.003
79 0.003
80 0.003
81 0.003
82 0.003
83 0.003
84 0.004
85 0.003
86 0.003
87 0.003
88 0.003
89 0.003
90 0.003
91 0.003
92 0.003
93 0.003
94 0.003
95 0.003
96 0.003
97 0.003
98 0.003
99 0.003
100 0.003
101 0.003
102 0.003
103 0.003
104 0.003
105 0.004
106 0.003
107 0.003
108 0.003
109 0.003
110 0.003
111 0.003
112 0.003
113 0.003
114 0.003
115 0.003
116 0.003
117 0.003
118 0.003
119 0.003
120 0.003
121 0.003
122 0.003
123 0.003
124 0.003
125 0.003
126 0.004
127 0.003
128 0.003
129 0.003
130 0.003
131 0.003
132 0.003
133 0.003
134 0.003
135 0.003
136 0.003
137 0.003
138 0.003
139 0.003
140 0.003
141 0.003
142 0.003
143 0.003
144 0.003
145 0.003
146 0.003
147 0.004
148 0.003
149 0.003
150 0.003
151 0.003
152 0.003
153 0.003
154 0.003
155 0.003
156 0.003
157 0.003
158 0.003
159 0.003
160 0.003
161 0.003
162 0.003
163 0.003
164 0.003
165 0.003
166 0.003
167 0.003
168 0.004
169 0.003
170 0.003
171 0.003
172 0.003
173 0.003
174 0.003
175 0.003
176 0.003
177 0.003
178 0.003
179 0.003
180 0.003
181 0.003
182 0.003
183 0.003
184 0.003
185 0.003
186 0.003
187 0.003
188 0.003
189 0.004
190 0.003
191 0.003
192 0.003
193 0.003
194 0.003
195 0.003
196 0.003
197 0.003
198 0.003
199 0.003
200 0.003
201 0.003
202 0.003
203 0.003
204 0.003
205 0.003
206 0.003
207 0.003
208 0.003
209 0.003
210 0.004
211 0.003
212 0.003
213 0.003
214 0.003
215 0.003
216 0.003
217 0.003
218 0.003
219 0.003
220 0.003
221 0.003
222 0.003
223 0.003
224 0.003
225 0.003
226 0.003
227 0.003
228 0.003
229 0.003
230 0.003
231 0.004
232 0.003
233 0.003
234 0.003
235 0.003
236 0.003
237 0.003
238 0.003
239 0.003
240 0.003
241 0.003
242 0.003
243 0.003
244 0.003
245 0.003
246 0.003
247 0.003
248 0.003
249 0.003
250 0.003
251 0.003
252 0.004
253 0.003
254 0.003
255 0.003
256 0.003
257 0.003
258 0.003
259 0.003
260 0.003
261 0.003
262 0.003
263 0.003
264 0.003
265 0.003
266 0.003
267 0.003
268 0.003
269 0.003
270 0.003
271 0.003
272 0.003
273 0.004
274 0.003
275 0.003
276 0.003
277 0.003
278 0.003
279 0.003
280 0.003
281 0.003
282 0.003
283 0.003
284 0.003
285 0.003
286 0.003
287 0.003
288 0.003
289 0.003
290 0.003
291 0.003
292 0.003
293 0.003
294 0.004
295 0.006
296 0.006
297 0.006
298 0.006
299 0.006
300 0.006
301 0.006
302 0.006
303 0.006
304 0.006
305 0.006
306 0.006
307 0.006
308 0.006
309 0.006
310 0.006
311 0.006
312 0.006
313 0.006
314 0.006
315 0.004
316 0.003
317 0.003
318 0.003
319 0.003
320 0.003
321 0.003
322 0.003
323 0.003
324 0.003
325 0.003
326 0.003
327 0.003
328 0.003
329 0.003
330 0.003
331 0.003
332 0.003
333 0.003
334 0.003
335 0.003
336 0.004
337 0.006
338 0.006
339 0.006
340 0.006
341 0.006
342 0.006
343 0.006
344 0.006
345 0.006
346 0.006
347 0.006
348 0.006
349 0.006
350 0.006
351 0.006
352 0.006
353 0.006
354 0.006
355 0.006
356 0.006
357 0.004
358 0.003
359 0.003
360 0.003
361 0.003
362 0.003
363 0.003
364 0.003
365 0.003
366 0.003
367 0.003
368 0.003
369 0.003
370 0.003
371 0.003
372 0.003
373 0.003
374 0.003
375 0.003
376 0.003
377 0.003
378 0.004
379 0.003
380 0.003
381 0.003
382 0.003
383 0.003
384 0.003
385 0.003
386 0.003
387 0.003
388 0.003
389 0.003
390 0.003
391 0.003
392 0.003
393 0.003
394 0.003
395 0.003
396 0.003
397 0.003
398 0.003
399 0.004
400 0.003
401 0.003
402 0.003
403 0.003
404 0.003
405 0.003
406 0.003
407 0.003
408 0.003
409 0.003
410 0.003
411 0.003
412 0.003
413 0.003
414 0.003
415 0.003
416 0.003
417 0.003
418 0.003
419 0.003
420 0.004
421 0.003
422 0.003
423 0.003
424 0.003
425 0.003
426 0.003
427 0.003
428 0.003
429 0.003
430 0.003
431 0.003
432 0.003
433 0.003
434 0.003
435 0.003
436 0.003
437 0.003
438 0.003
439 0.003
440 0.003
441 0.004
442 0.003
443 0.003
444 0.003
445 0.003
446 0.003
447 0.003
448 0.003
449 0.003
450 0.003
451 0.003
452 0.003
453 0.003
454 0.003
455 0.003
456 0.003
457 0.003
458 0.003
459 0.003
460 0.003
461 0.003
462 0.004
463 0.003
464 0.003
465 0.003
466 0.003
467 0.003
468 0.003
469 0.003
470 0.003
471 0.003
472 0.003
473 0.003
474 0.003
475 0.003
476 0.003
477 0.003
478 0.003
479 0.003
480 0.003
481 0.003
482 0.003
483 0.004
484 0.003
485 0.003
486 0.003
487 0.003
488 0.003
489 0.003
490 0.003
491 0.003
492 0.003
493 0.003
494 0.003
495 0.003
496 0.003
497 0.003
498 0.003
499 0.003
500 0.003
501 0.003
502 0.003
503 0.003
504 0.004
505 0.003
506 0.003
507 0.003
508 0.003
509 0.003
510 0.003
511 0.003
512 0.003
513 0.003
514 0.003
515 0.003
516 0.003
517 0.003
518 0.003
519 0.003
520 0.003
521 0.003
522 0.003
523 0.003
524 0.003
525 0.004
526 0.003
527 0.003
528 0.003
529 0.003
530 0.003
531 0.003
532 0.003
533 0.003
534 0.003
535 0.003
536 0.003
537 0.003
538 0.003
539 0.003
540 0.003
541 0.003
542 0.003
543 0.003
544 0.003
545 0.003
546 0.004
547 0.003
548 0.003
549 0.003
550 0.003
551 0.003
552 0.003
553 0.003
554 0.003
555 0.003
556 0.003
557 0.003
558 0.003
559 0.003
560 0.003
561 0.003
562 0.003
563 0.003
564 0.003
565 0.003
566 0.003
567 0.004
568 0.003
569 0.003
570 0.003
571 0.003
572 0.003
573 0.003
574 0.003
575 0.003
576 0.003
577 0.003
578 0.003
579 0.003
580 0.003
581 0.003
582 0.003
583 0.003
584 0.003
585 0.003
586 0.003
587 0.003
588 0.004
589 0.003
590 0.003
591 0.003
592 0.003
593 0.003
594 0.003
595 0.003
596 0.003
597 0.003
598 0.003
599 0.003
600 0.003
601 0.003
602 0.003
603 0.003
604 0.003
605 0.003
606 0.003
607 0.003
608 0.003
609 0.004
610 0.003
611 0.003
612 0.003
613 0.003
614 0.003
615 0.003
616 0.003
617 0.003
618 0.003
619 0.003
620 0.003
621 0.003
622 0.003
623 0.003
624 0.003
625 0.003
626 0.003
627 0.003
628 0.003
629 0.003
630 0.004
631 0.003
632 0.003
633 0.003
634 0.003
635 0.003
636 0.003
637 0.003
638 0.003
639 0.003
640 0.003
641 0.003
642 0.003
643 0.003
644 0.003
645 0.003
646 0.003
647 0.003
648 0.003
649 0.003
650 0.003
651 0.004
652 0.003
653 0.003
654 0.003
655 0.003
656 0.003
657 0.003
658 0.003
659 0.003
660 0.003
661 0.003
662 0.003
663 0.003
664 0.003
665 0.003
666 0.003
667 0.003
668 0.003
669 0.003
670 0.003
671 0.003
672 0.004
673 0.003
674 0.003
675 0.003
676 0.003
677 0.003
678 0.003
679 0.003
680 0.003
681 0.003
682 0.003
683 0.003
684 0.003
685 0.003
686 0.003
687 0.003
688 0.003
689 0.003
690 0.003
691 0.003
692 0.003
693 0.004
694 0.003
695 0.003
696 0.003
697 0.003
698 0.003
699 0.003
700 0.003
701 0.003
702 0.003
703 0.003
704 0.003
705 0.003
706 0.003
707 0.003
708 0.003
709 0.003
710 0.003
711 0.003
712 0.003
713 0.003
714 0.004
715 0.003
716 0.003
717 0.003
718 0.003
719 0.003
720 0.003
721 0.003
722 0.003
723 0.003
724 0.003
725 0.003
726 0.003
727 0.003
728 0.003
729 0.003
730 0.003
731 0.003
732 0.003
733 0.003
734 0.003
735 0.004
736 0.003
737 0.003
738 0.003
739 0.003
740 0.003
741 0.003
742 0.003
743 0.003
744 0.003
745 0.003
746 0.003
747 0.003
748 0.003
749 0.003
750 0.003
751 0.003
752 0.003
753 0.003
754 0.003
755 0.003
756 0.004
757 0.003
758 0.003
759 0.003
760 0.003
761 0.003
762 0.003
763 0.003
764 0.003
765 0.003
766 0.003
767 0.003
768 0.003
769 0.003
770 0.003
771 0.003
772 0.003
773 0.003
774 0.003
775 0.003
776 0.003
777 0.004
778 0.003
779 0.002
780 0.003
781 0.002
782 0.003
783 0.002
784 0.003
785 0.002
786 0.003
787 0.002
788 0.003
789 0.002
790 0.003
791 0.002
792 0.003
793 0.002
794 0.003
795 0.002
796 0.003
797 0.002
798 0.003
799 0.002
800 0.003
801 0.002
802 0.003
803 0.002
804 0.003
805 0.002
806 0.003
807 0.002
808 0.003
809 0.002
810 0.003
811 0.002
812 0.003
813 0.002
814 0.003
815 0.002
816 0.003
817 0.002
818 0.003
819 0.002
820 0.003
821 0.002
822 0.003
823 0.002
824 0.003
825 0.002
826 0.003
827 0.002
828 0.003
829 0.002
830 0.003
831 0.002
832 0.003
833 0.002
834 0.003
835 0.002
836 0.003
837 0.002
838 0.003
839 0.002
840 0.003
841 0.002
842 0.003
843 0.002
844 0.003
845 0.002
846 0.003
847 0.002
848 0.003
849 0.002
850 0.003
851 0.002
852 0.003
853 0.002
854 0.003
855 0.002
856 0.003
857 0.002
858 0.003
859 0.002
860 0.003
861 0.002
862 0.003
863 0.002
864 0.003
865 0.002
866 0.003
867 0.002
868 0.003
869 0.002
870 0.003
871 0.002
872 0.003
873 0.002
874 0.003
875 0.002
876 0.003
877 0.002
878 0.003
879 0.002
880 0.003
881 0.002
882 0.003
883 0.002
884 0.003
885 0.002
886 0.003
887 0.002
888 0.003
889 0.002
890 0.003
891 0.002
892 0.003
893 0.002
894 0.003
895 0.002
896 0.003
897 0.002
898 0.003
899 0.002
900 0.003
901 0.002
902 0.003
903 0.002
904 0.003
905 0.002
906 0.003
907 0.002
908 0.003
909 0.002
910 0.003
911 0.002
912 0.003
913 0.002
914 0.003
915 0.002
916 0.003
917 0.002
918 0.003
919 0.002
920 0.003
921 0.002
922 0.003
923 0.002
924 0.003
925 0.002
926 0.003
927 0.002
928 0.003
929 0.002
930 0.003
931 0.002
932 0.003
933 0.002
934 0.003
935 0.002
936 0.003
937 0.002
938 0.003
939 0.002
940 0.003
941 0.002
942 0.003
943 0.002
944 0.003
945 0.002
946 0.003
947 0.002
948 0.003
949 0.002
950 0.003
951 0.002
952 0.003
953 0.002
954 0.003
955 0.002
956 0.003
957 0.002
958 0.003
959 0.002
960 0.003
961 0.002
962 0.003
963 0.002
964 0.003
965 0.002
966 0.003
967 0.002
968 0.003
969 0.002
970 0.003
971 0.002
972 0.003
973 0.002
974 0.003
975 0.002
976 0.003
977 0.002
978 0.003
979 0.002
980 0.003
981 0.002
982 0.003
983 0.002
984 0.003
985 0.002
986 0.003
987 0.002
988 0.003
989 0.002
990 0.003
991 0.002
992 0.003
993 0.002
994 0.003
995 0.002
996 0.003
997 0.002
998 0.003
999 0.002
1000 0.003
1001 0.002
1002 0.003
1003 0.002
1004 0.003
1005 0.002
1006 0.003
1007 0.002
1008 0.003
1009 0.002
1010 0.003
1011 0.002
1012 0.003
1013 0.002
1014 0.003
1015 0.002
1016 0.003
1017 0.002
1018 0.003
1019 0.002
1020 0.003
1021 0.002
1022 0.003
1023 0.002
1024 0.003
1025 0.002
1026 0.003
1027 0.002
1028 0.003
1029 0.002
1030 0.003
1031 0.002
1032 0.003
1033 0.002
1034 0.003
1035 0.002
1036 0.003
1037 0.002
1038 0.003
1039 0.002
1040 0.003
1041 0.002
1042 0.003
1043 0.002
1044 0.003
1045 0.002
1046 0.003
1047 0.002
1048 0.003
1049 0.002
1050 0.003
1051 0.002
1052 0.003
1053 0.002
1054 0.003
1055 0.002
1056 0.003
1057 0.002
1058 0.003
1059 0.002
1060 0.003
1061 0.002
1062 0.003
1063 0.002
1064 0.003
1065 0.002
1066 0.003
1067 0.002
1068 0.003
1069 0.002
1070 0.003
1071 0.002
1072 0.003
1073 0.002
1074 0.003
1075 0.002
1076 0.003
1077 0.002
1078 0.003
1079 0.002
1080 0.003
1081 0.002
1082 0.003
1083 0.002
1084 0.003
1085 0.002
1086 0.003
1087 0.002
1088 0.003
1089 0.002
1090 0.003
1091 0.002
1092 0.003
1093 0.002
1094 0.003
1095 0.002
1096 0.003
1097 0.002
1098 0.003
1099 0.002
1100 0.003
1101 0.002
1102 0.003
1103 0.002
1104 0.003
1105 0.002
1106 0.003
1107 0.002
1108 0.003
1109 0.002
1110 0.003
1111 0.002
1112 0.003
1113 0.002
1114 0.003
1115 0.002
1116 0.003
1117 0.002
1118 0.003
1119 0.002
1120 0.003
1121 0.002
1122 0.003
1123 0.002
1124 0.003
1125 0.002
1126 0.003
1127 0.002
1128 0.003
1129 0.002
1130 0.003
1131 0.002
1132 0.003
1133 0.002
1134 0.003
1135 0.002
1136 0.003
1137 0.002
1138 0.003
1139 0.002
1140 0.003
1141 0.002
1142 0.003
1143 0.002
1144 0.003
1145 0.002
1146 0.003
1147 0.002
1148 0.003
1149 0.002
1150 0.003
1151 0.002
1152 0.003
1153 0.002
1154 0.003
1155 0.002
1156 0.003
1157 0.002
1158 0.003
1159 0.002
1160 0.003
1161 0.002
1162 0.003
1163 0.002
1164 0.003
1165 0.002
1166 0.003
1167 0.002
1168 0.003
1169 0.002
1170 0.003
1171 0.002
1172 0.003
1173 0.002
1174 0.003
1175 0.002
1176 0.003
1177 0.002
1178 0.003
1179 0.002
1180 0.003
1181 0.002
1182 0.003
1183 0.002
1184 0.003
1185 0.002
1186 0.003
1187 0.002
1188 0.003
1189 0.002
1190 0.003
1191 0.002
1192 0.003
1193 0.002
1194 0.003
1195 0.002
1196 0.003
1197 0.002
1198 0.003
1199 0.002
1200 0.003
1201 0.002
1202 0.003
1203 0.002
1204 0.003
1205 0.002
1206 0.003
1207 0.002
1208 0.003
1209 0.002
1210 0.003
1211 0.002
1212 0.003
1213 0.002
1214 0.003
1215 0.002
1216 0.003
1217 0.002
1218 0.003
1219 0.002
1220 0.003
1221 0.002
1222 0.003
1223 0.002
1224 0.003
1225 0.002
1226 0.003
1227 0.002
1228 0.003
1229 0.002
1230 0.003
1231 0.002
1232 0.003
1233 0.002
1234 0.003
1235 0.002
1236 0.003
1237 0.002
1238 0.003
1239 0.002
1240 0.003
1241 0.002
1242 0.003
1243 0.002
1244 0.003
1245 0.002
1246 0.003
1247 0.002
1248 0.003
1249 0.002
1250 0.003
1251 0.002
1252 0.003
1253 0.002
1254 0.003
1255 0.002
1256 0.003
1257 0.002
1258 0.003
1259 0.002
1260 0.003
1261 0.002
1262 0.003
1263 0.002
1264 0.003
1265 0.002
1266 0.003
1267 0.002
1268 0.003
1269 0.002
1270 0.003
1271 0.002
1272 0.003
1273 0.002
1274 0.003
1275 0.002
1276 0.003
1277 0.002
1278 0.003
1279 0.002
1280 0.003
1281 0.002
1282 0.003
1283 0.002
1284 0.003
1285 0.002
1286 0.003
1287 0.002
1288 0.003
1289 0.002
1290 0.003
1291 0.002
1292 0.003
1293 0.002
1294 0.003
1295 0.002
1296 0.003
1297 0.002
1298 0.003
1299 0.002
1300 0.003
1301 0.002
1302 0.003
1303 0.002
1304 0.003
1305 0.002
1306 0.003
1307 0.002
1308 0.003
1309 0.002
1310 0.003
1311 0.002
1312 0.003
1313 0.002
1314 0.003
1315 0.002
1316 0.003
1317 0.002
1318 0.003
1319 0.002
1320 0.003
1321 0.002
1322 0.003
1323 0.002
1324 0.003
1325 0.002
1326 0.003
1327 0.002
1328 0.003
1329 0.002
1330 0.003
1331 0.002
1332 0.003
1333 0.002
1334 0.003
1335 0.002
1336 0.003
1337 0.002
1338 0.003
1339 0.002
1340 0.003
1341 0.002
1342 0.003
1343 0.002
1344 0.003
1345 0.002
1346 0.003
1347 0.002
1348 0.003
1349 0.002
1350 0.003
1351 0.002
1352 0.003
1353 0.002
1354 0.003
1355 0.002
1356 0.003
1357 0.002
1358 0.003
1359 0.002
1360 0.003
1361 0.002
1362 0.003
1363 0.002
1364 0.003
1365 0.002
1366 0.003
1367 0.002
1368 0.003
1369 0.002
1370 0.003
1371 0.002
1372 0.003
1373 0.002
1374 0.003
1375 0.002
1376 0.003
1377 0.002
1378 0.003
1379 0.002
1380 0.003
1381 0.002
1382 0.003
1383 0.002
1384 0.003
1385 0.002
1386 0.003
1387 0.002
1388 0.003
1389 0.002
1390 0.003
1391 0.002
1392 0.003
1393 0.002
1394 0.003
1395 0.002
1396 0.003
1397 0.002
1398 0.003
1399 0.002
1400 0.003
1401 0.002
1402 0.003
1403 0.002
1404 0.003
1405 0.002
1406 0.003
1407 0.002
1408 0.003
1409 0.002
1410 0.003
1411 0.002
1412 0.003
1413 0.002
1414 0.003
1415 0.002
1416 0.003
1417 0.002
1418 0.003
1419 0.002
1420 0.003
1421 0.002
1422 0.003
1423 0.002
1424 0.003
1425 0.002
1426 0.003
1427 0.002
1428 0.003
1429 0.002
1430 0.003
1431 0.002
1432 0.003
1433 0.002
1434 0.003
1435 0.002
1436 0.003
1437 0.002
1438 0.003
1439 0.002
1440 0.003
1441 0.002
1442 0.003
1443 0.002
1444 0.003
1445 0.002
1446 0.003
1447 0.002
1448 0.003
1449 0.002
1450 0.003
1451 0.002
1452 0.003
1453 0.002
1454 0.003
1455 0.002
1456 0.003
1457 0.002
1458 0.003
1459 0.002
1460 0.003
1461 0.002
1462 0.003
1463 0.002
1464 0.003
1465 0.002
1466 0.003
1467 0.002
1468 0.003
1469 0.002
1470 0.003
1471 0.002
1472 0.003
1473 0.002
1474 0.003
1475 0.002
1476 0.003
1477 0.002
1478 0.003
1479 0.002
1480 0.003
1481 0.002
1482 0.003
1483 0.002
1484 0.003
1485 0.002
1486 0.003
1487 0.002
1488 0.003
1489 0.002
1490 0.003
1491 0.002
1492 0.003
1493 0.002
1494 0.003
1495 0.002
1496 0.003
1497 0.002
1498 0.003
1499 0.002
1500 0.003
1501 0.002
1502 0.003
1503 0.002
1504 0.003
1505 0.002
1506 0.003
1507 0.002
1508 0.003
1509 0.002
1510 0.003
1511 0.002
1512 0.003
1513 0.002
1514 0.003
1515 0.002
1516 0.003
1517 0.002
1518 0.003
1519 0.002
1520 0.003
1521 0.002
1522 0.003
1523 0.002
1524 0.003
1525 0.002
1526 0.003
1527 0.002
1528 0.003
1529 0.002
1530 0.003
1531 0.002
1532 0.003
1533 0.002
1534 0.003
1535 0.002
1536 0.003
1537 0.002
1538 0.003
1539 0.002
1540 0.003
1541 0.002
1542 0.003
1543 0.002
1544 0.003
1545 0.002
1546 0.003
1547 0.002
1548 0.003
1549 0.002
1550 0.003
1551 0.002
1552 0.003
1553 0.002
1554 0.003
1555 0.002
1556 0.003
1557 0.002
1558 0.003
1559 0.002
1560 0.003
1561 0.002
1562 0.003
1563 0.002
1564 0.003
1565 0.002
1566 0.003
1567 0.002
1568 0.003
1569 0.002
1570 0.003
1571 0.002
1572 0.003
1573 0.002
1574 0.003
1575 0.002
1576 0.003
1577 0.002
1578 0.003
1579 0.002
1580 0.003
1581 0.002
1582 0.003
1583 0.002
1584 0.003
1585 0.002
1586 0.003
1587 0.002
1588 0.003
1589 0.002
1590 0.003
1591 0.002
1592 0.003
1593 0.002
1594 0.003
1595 0.002
1596 0.003
1597 0.002
1598 0.003
1599 0.002
1600 0.003
1601 0.002
1602 0.003
1603 0.002
1604 0.003
1605 0.002
1606 0.003
1607 0.002
1608 0.003
1609 0.002
1610 0.003
1611 0.002
1612 0.003
1613 0.002
1614 0.003
1615 0.002
1616 0.003
1617 0.002
1618 0.003
1619 0.002
1620 0.003
1621 0.002
1622 0.003
1623 0.002
1624 0.003
1625 0.002
1626 0.003
1627 0.002
1628 0.003
1629 0.002
1630 0.003
1631 0.002
1632 0.003
1633 0.002
1634 0.003
1635 0.002
1636 0.003
1637 0.002
1638 0.003
1639 0.002
1640 0.003
1641 0.002
1642 0.003
1643 0.002
1644 0.003
1645 0.002
1646 0.003
1647 0.002
1648 0.003
1649 0.002
1650 0.003
1651 0.002
1652 0.003
1653 0.002
1654 0.003
1655 0.002
1656 0.003
1657 0.002
1658 0.003
1659 0.002
1660 0.003
1661 0.002
1662 0.003
1663 0.002
1664 0.003
1665 0.002
1666 0.003
1667 0.002
1668 0.003
1669 0.002
1670 0.003
1671 0.002
1672 0.003
1673 0.002
1674 0.003
1675 0.002
1676 0.003
1677 0.002
1678 0.003
1679 0.002
1680 0.003
1681 0.002
1682 0.003
1683 0.002
1684 0.003
1685 0.002
1686 0.003
1687 0.002
1688 0.003
1689 0.002
1690 0.003
1691 0.002
1692 0.003
1693 0.002
1694 0.003
1695 0.002
1696 0.003
1697 0.002
1698 0.003
1699 0.002
1700 0.003
1701 0.002
1702 0.003
1703 0.002
1704 0.003
1705 0.002
1706 0.003
1707 0.002
1708 0.003
1709 0.002
1710 0.003
1711 0.002
1712 0.003
1713 0.002
1714 0.003
1715 0.002
1716 0.003
1717 0.002
1718 0.003
1719 0.002
1720 0.003
1721 0.002
1722 0.003
1723 0.002
1724 0.003
1725 0.002
1726 0.003
1727 0.002
1728 0.003
1729 0.002
1730 0.003
1731 0.002
1732 0.003
1733 0.002
1734 0.003
1735 0.002
1736 0.003
1737 0.002
1738 0.003
1739 0.002
1740 0.003
1741 0.002
1742 0.003
1743 0.002
1744 0.003
1745 0.002
1746 0.003
1747 0.002
1748 0.003
1749 0.002
1750 0.003
1751 0.002
1752 0.003
1753 0.002
1754 0.003
1755 0.002
1756 0.003
1757 0.002
1758 0.003
1759 0.002
1760 0.003
1761 0.002
1762 0.003
1763 0.002
1764 0.003
1765 0.002
1766 0.003
1767 0.002
1768 0.003
1769 0.002
1770 0.003
1771 0.002
1772 0.003
1773 0.002
1774 0.003
1775 0.002
1776 0.003
1777 0.002
1778 0.003
1779 0.002
1780 0.003
1781 0.002
1782 0.003
1783 0.002
1784 0.003
1785 0.002
1786 0.003
1787 0.002
1788 0.003
1789 0.002
1790 0.003
1791 0.002
1792 0.003
1793 0.002
1794 0.003
1795 0.002
1796 0.003
1797 0.002
1798 0.003
1799 0.002
1800 0.003
1801 0.002
1802 0.003
1803 0.002
1804 0.003
1805 0.002
1806 0.003
1807 0.002
1808 0.003
1809 0.002
1810 0.003
1811 0.002
1812 0.003
1813 0.002
1814 0.003
1815 0.002
1816 0.003
1817 0.002
1818 0.003
1819 0.002
1820 0.003
1821 0.002
1822 0.003
1823 0.002
1824 0.003
1825 0.002
1826 0.003
1827 0.002
1828 0.003
1829 0.002
1830 0.003
1831 0.002
1832 0.003
1833 0.002
1834 0.003
1835 0.002
1836 0.003
1837 0.002
1838 0.003
1839 0.002
1840 0.003
1841 0.002
1842 0.003
1843 0.002
1844 0.003
1845 0.002
1846 0.003
1847 0.002
1848 0.003
1849 0.002
1850 0.003
1851 0.002
1852 0.003
1853 0.002
1854 0.003
1855 0.002
1856 0.003
1857 0.002
1858 0.003
1859 0.002
1860 0.003
1861 0.002
1862 0.003
1863 0.002
1864 0.003
1865 0.002
1866 0.003
1867 0.002
1868 0.003
1869 0.002
1870 0.003
1871 0.002
1872 0.003
1873 0.002
1874 0.003
1875 0.002
1876 0.003
1877 0.002
1878 0.003
1879 0.002
1880 0.003
1881 0.002
1882 0.003
1883 0.002
1884 0.003
1885 0.002
1886 0.003
1887 0.002
1888 0.003
1889 0.002
1890 0.003
1891 0.002
1892 0.003
1893 0.002
1894 0.003
1895 0.002
1896 0.003
1897 0.002
1898 0.003
1899 0.002
1900 0.003
1901 0.002
1902 0.003
1903 0.002
1904 0.003
1905 0.002
1906 0.003
1907 0.002
1908 0.003
1909 0.002
1910 0.003
1911 0.002
1912 0.003
1913 0.002
1914 0.003
1915 0.002
1916 0.003
1917 0.002
1918 0.003
1919 0.002
1920 0.003
1921 0.002
1922 0.003
1923 0.002
1924 0.003
1925 0.002
1926 0.003
1927 0.002
1928 0.003
1929 0.002
1930 0.003
1931 0.002
1932 0.003
1933 0.002
1934 0.003
1935 0.002
1936 0.003
1937 0.002
1938 0.003
1939 0.002
1940 0.003
1941 0.002
1942 0.003
1943 0.002
1944 0.003
1945 0.002
1946 0.003
1947 0.002
1948 0.003
1949 0.002
1950 0.003
1951 0.002
1952 0.003
1953 0.002
1954 0.003
1955 0.002
1956 0.003
1957 0.002
1958 0.003
1959 0.002
1960 0.003
1961 0.002
1962 0.003
1963 0.002
1964 0.003
1965 0.002
1966 0.003
1967 0.002
1968 0.003
1969 0.002
1970 0.003
1971 0.002
1972 0.003
1973 0.002
1974 0.003
1975 0.002
1976 0.003
1977 0.002
1978 0.003
1979 0.002
1980 0.003
1981 0.002
1982 0.003
1983 0.002
1984 0.003
1985 0.002
1986 0.003
1987 0.002
1988 0.003
1989 0.002
1990 0.003
1991 0.002
1992 0.003
1993 0.002
1994 0.003
1995 0.002
1996 0.003
1997 0.002
1998 0.003
1999 0.002
2000 0.003
2001 0.002
2002 0.003
2003 0.002
2004 0.003
2005 0.002
2006 0.003
2007 0.002
2008 0.003
2009 0.002
2010 0.003
2011 0.002
2012 0.003
2013 0.002
2014 0.003
2015 0.002
2016 0.003
2017 0.002
2018 0.003
2019 0.002
2020 0.003
2021 0.002
2022 0.003
2023 0.002
2024 0.003
2025 0.002
2026 0.003
2027 0.002
2028 0.003
2029 0.002
2030 0.003
2031 0.002
2032 0.003
2033 0.002
2034 0.003
2035 0.002
2036 0.003
2037 0.002
2038 0.003
2039 0.002
2040 0.003
2041 0.002
2042 0.003
2043 0.002
2044 0.003
2045 0.002
2046 0.003
2047 0.002
2048 0.003
2049 0.002
2050 0.003
2051 0.002
2052 0.003
2053 0.002
2054 0.003
2055 0.002
2056 0.003
2057 0.002
2058 0.003
2059 0.002
2060 0.003
2061 0.002
2062 0.003
2063 0.002
2064 0.003
2065 0.002
2066 0.003
2067 0.002
2068 0.003
2069 0.002
2070 0.003
2071 0.002
2072 0.003
2073 0.002
2074 0.003
2075 0.002
2076 0.003
2077 0.002
2078 0.003
2079 0.002
2080 0.003
2081 0.002
2082 0.003
2083 0.002
2084 0.003
2085 0.002
2086 0.003
2087 0.002
2088 0.003
2089 0.002
2090 0.003
2091 0.002
2092 0.003
2093 0.002
2094 0.003
2095 0.002
2096 0.003
2097 0.002
2098 0.003
2099 0.002
2100 0.003
2101 0.002
2102 0.003
2103 0.002
2104 0.003
2105 0.002
2106 0.003
2107 0.002
2108 0.003
2109 0.002
2110 0.003
2111 0.002
2112 0.003
2113 0.002
2114 0.003
2115 0.002
2116 0.003
2117 0.002
2118 0.003
2119 0.002
2120 0.003
2121 0.002
2122 0.003
2123 0.002
2124 0.003
2125 0.002
2126 0.003
2127 0.002
2128 0.003
2129 0.002
2130 0.003
2131 0.002
2132 0.003
2133 0.002
2134 0.003
2135 0.002
2136 0.003
2137 0.002
2138 0.003
2139 0.002
2140 0.003
2141 0.002
2142 0.003
2143 0.002
2144 0.003
2145 0.002
2146 0.003
2147 0.002
2148 0.003
2149 0.002
2150 0.003
2151 0.002
2152 0.003
2153 0.002
2154 0.003
2155 0.002
2156 0.003
2157 0.002
2158 0.003
2159 0.002
2160 0.003
2161 0.002
2162 0.003
2163 0.002
2164 0.003
2165 0.002
2166 0.003
2167 0.002
2168 0.003
2169 0.002
2170 0.003
2171 0.002
2172 0.003
2173 0.002
2174 0.003
2175 0.002
2176 0.003
2177 0.002
2178 0.003
2179 0.002
2180 0.003
2181 0.002
2182 0.003
2183 0.002
2184 0.003
2185 0.002
2186 0.003
2187 0.002
2188 0.003
2189 0.002
2190 0.003
2191 0.002
2192 0.003
2193 0.002
2194 0.003
2195 0.002
2196 0.003
2197 0.002
2198 0.003
2199 0.002
2200 0.003
2201 0.002
2202 0.003
2203 0.002
2204 0.003
2205 0.002
2206 0.003
2207 0.002
2208 0.003
2209 0.002
2210 0.003
2211 0.002
2212 0.003
2213 0.002
2214 0.003
2215 0.002
2216 0.003
2217 0.002
2218 0.003
2219 0.003
2220 0.004
2221 0.004
2222 0.002
2223 0.003
2224 0.003
2225 0.004
2226 0.004
2227 0.002
2228 0.003
2229 0.003
2230 0.004
2231 0.004
2232 0.002
2233 0.003
2234 0.003
2235 0.004
2236 0.004
2237 0.002
2238 0.003
2239 0.003
2240 0.004
2241 0.004
2242 0.002
2243 0.003
2244 0.003
2245 0.003
2246 0.003
2247 0.002
2248 0.003
2249 0.003
2250 0.003
2251 0.003
2252 0.002
2253 0.003
2254 0.003
2255 0.003
2256 0.003
2257 0.002
2258 0.003
2259 0.003
2260 0.003
2261 0.003
2262 0.002
2263 0.003
2264 0.003
2265 0.003
2266 0.003
2267 0.002
2268 0.003
2269 0.003
2270 0.003
2271 0.003
2272 0.002
2273 0.003
2274 0.003
2275 0.003
2276 0.003
2277 0.002
2278 0.003
2279 0.003
2280 0.003
2281 0.003
2282 0.002
2283 0.003
2284 0.003
2285 0.003
2286 0.003
2287 0.002
2288 0.003
2289 0.003
2290 0.003
2291 0.003
2292 0.002
2293 0.003
2294 0.003
2295 0.003
2296 0.003
2297 0.002
2298 0.006
2299 0.006
2300 0.006
2301 0.006
2302 0.004
2303 0.004
2304 0.003
2305 0.003
2306 0.006
2307 0.006
2308 0.006
2309 0.006
2310 0.004
2311 0.004
2312 0.003
2313 0.003
2314 0.006
2315 0.006
2316 0.006
2317 0.006
2318 0.004
2319 0.004
2320 0.003
2321 0.003
2322 0.006
2323 0.006
2324 0.006
2325 0.006
2326 0.004
2327 0.004
2328 0.003
2329 0.003
2330 0.006
2331 0.006
2332 0.006
2333 0.006
2334 0.004
2335 0.004
2336 0.003
2337 0.003
2338 0.006
2339 0.006
2340 0.006
2341 0.006
2342 0.003
2343 0.003
2344 0.003
2345 0.003
2346 0.004
2347 0.004
2348 0.004
2349 0.004
2350 0.003
2351 0.003
2352 0.003
2353 0.003
2354 0.004
2355 0.004
2356 0.004
2357 0.004
2358 0.003
2359 0.003
2360 0.003
2361 0.003
2362 0.004
2363 0.004
2364 0.004
2365 0.004
2366 0.003
2367 0.003
2368 0.003
2369 0.003
2370 0.004
2371 0.004
2372 0.004
2373 0.004
2374 0.003
2375 0.003
2376 0.003
2377 0.003
2378 0.004
2379 0.004
2380 0.004
2381 0.004
2382 0.003
2383 0.003
2384 0.003
2385 0.003
2386 0.003
2387 0.003
2388 0.003
2389 0.003
2390 0.003
2391 0.003
2392 0.003
2393 0.003
2394 0.003
2395 0.003
2396 0.003
2397 0.003
2398 0.003
2399 0.003
2400 0.003
2401 0.003
2402 0.003
2403 0.003
2404 0.003
2405 0.003
2406 0.003
2407 0.003
2408 0.003
2409 0.003
2410 0.003
2411 0.003
2412 0.003
2413 0.003
2414 0.003
2415 0.003
2416 0.003
2417 0.003
2418 0.006
2419 0.006
2420 0.006
2421 0.006
2422 0
2423 0
2424 0
2425 0.003
2426 0.003
2427 0.004
2428 0.004
2429 0.002
2430 0.003
2431 0.003
2432 0.004
2433 0.004
2434 0.002
2435 0.003
2436 0.003
2437 0.004
2438 0.004
2439 0.002
2440 0.003
2441 0.003
2442 0.004
2443 0.004
2444 0.002
2445 0.003
2446 0.003
2447 0.004
2448 0.004
2449 0.002
2450 0.003
2451 0.003
2452 0.003
2453 0.003
2454 0.002
2455 0.003
2456 0.003
2457 0.003
2458 0.003
2459 0.002
2460 0.003
2461 0.003
2462 0.003
2463 0.003
2464 0.002
2465 0.003
2466 0.003
2467 0.003
2468 0.003
2469 0.002
2470 0.003
2471 0.003
2472 0.003
2473 0.003
2474 0.002
2475 0.003
2476 0.003
2477 0.003
2478 0.003
2479 0.002
2480 0.003
2481 0.003
2482 0.003
2483 0.003
2484 0.002
2485 0.003
2486 0.003
2487 0.003
2488 0.003
2489 0.002
2490 0.003
2491 0.003
2492 0.003
2493 0.003
2494 0.002
2495 0.003
2496 0.003
2497 0.003
2498 0.003
2499 0.002
2500 0.003
2501 0.003
2502 0.003
2503 0.003
2504 0.002
2505 0.006
2506 0.006
2507 0.006
2508 0.006
2509 0.004
2510 0.004
2511 0.003
2512 0.003
2513 0.006
2514 0.006
2515 0.006
2516 0.006
2517 0.004
2518 0.004
2519 0.003
2520 0.003
2521 0.006
2522 0.006
2523 0.006
2524 0.006
2525 0.004
2526 0.004
2527 0.003
2528 0.003
2529 0.006
2530 0.006
2531 0.006
2532 0.006
2533 0.004
2534 0.004
2535 0.003
2536 0.003
2537 0.006
2538 0.006
2539 0.006
2540 0.006
2541 0.004
2542 0.004
2543 0.003
2544 0.003
2545 0.006
2546 0.006
2547 0.006
2548 0.006
2549 0.003
2550 0.003
2551 0.003
2552 0.003
2553 0.004
2554 0.004
2555 0.004
2556 0.004
2557 0.003
2558 0.003
2559 0.003
2560 0.003
2561 0.004
2562 0.004
2563 0.004
2564 0.004
2565 0.003
2566 0.003
2567 0.003
2568 0.003
2569 0.004
2570 0.004
2571 0.004
2572 0.004
2573 0.003
2574 0.003
2575 0.003
2576 0.003
2577 0.004
2578 0.004
2579 0.004
2580 0.004
2581 0.003
2582 0.003
2583 0.003
2584 0.003
2585 0.004
2586 0.004
2587 0.004
2588 0.004
2589 0.003
2590 0.003
2591 0.003
2592 0.003
2593 0.003
2594 0.003
2595 0.003
2596 0.003
2597 0.003
2598 0.003
2599 0.003
2600 0.003
2601 0.003
2602 0.003
2603 0.003
2604 0.003
2605 0.003
2606 0.003
2607 0.003
2608 0.003
2609 0.003
2610 0.003
2611 0.003
2612 0.003
2613 0.003
2614 0.003
2615 0.003
2616 0.003
2617 0.003
2618 0.003
2619 0.003
2620 0.003
2621 0.003
2622 0.003
2623 0.003
2624 0.003
2625 0.006
2626 0.006
2627 0.006
2628 0.006
2629 0
2630 0
2631 0
2632 0.006
2633 0.006
2634 0.006
2635 0.006
2636 0.003
2637 0.003
2638 0.003
2639 0.003
2640 0.002
2641 0.003
2642 0.003
2643 0.003
2644 0.003
2645 0.002
2646 0.003
2647 0.003
2648 0.003
2649 0.003
2650 0.002
2651 0.003
2652 0.003
2653 0.003
2654 0.003
2655 0.002
2656 0.003
2657 0.003
2658 0.003
2659 0.003
2660 0.002
2661 0.003
2662 0.003
2663 0.003
2664 0.003
2665 0.002
2666 0.003
2667 0.003
2668 0.003
2669 0.003
2670 0.002
2671 0.003
2672 0.003
2673 0.003
2674 0.003
2675 0.003
2676 0.003
2677 0.003
2678 0.003
2679 0.003
2680 0.003
2681 0.003
2682 0.003
2683 0.003
2684 0.003
2685 0.003
2686 0.003
2687 0.003
2688 0.003
2689 0.003
2690 0.003
2691 0.003
2692 0.003
2693 0.003
2694 0.003
2695 0.003
2696 0.003
2697 0.003
2698 0.003
2699 0.003
2700 0.003
2701 0.003
2702 0.003
2703 0.003
2704 0.003
2705 0.003
2706 0.003
2707 0.003
2708 0.003
2709 0.003
2710 0.003
2711 0.003
2712 0.003
2713 0.003
2714 0.003
2715 0.003
2716 0.003
2717 0.003
2718 0.003
2719 0.006
2720 0.006
2721 0.006
2722 0.006
2723 0.003
2724 0.003
2725 0.003
2726 0.003
2727 0.002
2728 0.003
2729 0.003
2730 0.003
2731 0.003
2732 0.002
2733 0.003
2734 0.003
2735 0.003
2736 0.003
2737 0.002
2738 0.003
2739 0.003
2740 0.003
2741 0.003
2742 0.002
2743 0.003
2744 0.003
2745 0.003
2746 0.003
2747 0.002
2748 0.003
2749 0.003
2750 0.003
2751 0.003
2752 0.002
2753 0.003
2754 0.003
2755 0.003
2756 0.003
2757 0.002
2758 0.003
2759 0.003
2760 0.003
2761 0.003
2762 0.003
2763 0.003
2764 0.003
2765 0.003
2766 0.003
2767 0.003
2768 0.003
2769 0.003
2770 0.003
2771 0.003
2772 0.003
2773 0.003
2774 0.003
2775 0.003
2776 0.003
2777 0.003
2778 0.003
2779 0.003
2780 0.003
2781 0.003
2782 0.003
2783 0.003
2784 0.003
2785 0.003
2786 0.003
2787 0.003
2788 0.003
2789 0.003
2790 0.003
2791 0.003
2792 0.003
2793 0.003
2794 0.003
2795 0.003
2796 0.003
2797 0.003
2798 0.003
2799 0.003
2800 0.003
2801 0.003
2802 0.003
2803 0.003
2804 0.003
2805 0.003
2806 0.006
2807 0.006
2808 0.006
2809 0.006
2810 0.003
2811 0.003
2812 0.003
2813 0.003
2814 0.002
2815 0.003
2816 0.003
2817 0.003
2818 0.003
2819 0.002
2820 0.003
2821 0.003
2822 0.003
2823 0.003
2824 0.002
2825 0.003
2826 0.003
2827 0.003
2828 0.003
2829 0.002
2830 0.003
2831 0.003
2832 0.003
2833 0.003
2834 0.002
2835 0.003
2836 0.003
2837 0.003
2838 0.003
2839 0.002
2840 0.003
2841 0.003
2842 0.003
2843 0.003
2844 0.002
2845 0.003
2846 0.003
2847 0.003
2848 0.003
2849 0.002
2850 0.003
2851 0.003
2852 0.003
2853 0.003
2854 0.003
2855 0.003
2856 0.003
2857 0.003
2858 0.003
2859 0.003
2860 0.003
2861 0.003
2862 0.003
2863 0.003
2864 0.003
2865 0.003
2866 0.003
2867 0.003
2868 0.003
2869 0.003
2870 0.003
2871 0.003
2872 0.003
2873 0.003
2874 0.003
2875 0.003
2876 0.003
2877 0.003
2878 0.003
2879 0.003
2880 0.003
2881 0.003
2882 0.003
2883 0.003
2884 0.003
2885 0.003
2886 0.003
2887 0.003
2888 0.003
2889 0.003
2890 0.003
2891 0.003
2892 0.003
2893 0.003
2894 0.003
2895 0.003
2896 0.003
2897 0.003
2898 0.003
2899 0.003
2900 0.003
2901 0.003
2902 0.003
2903 0.003
2904 0.003
2905 0.003
2906 0.006
2907 0.006
2908 0.006
2909 0.006
2910 0
$EndElementData
$ElementData
1
"Attribute:SectionShape"
1
0
3
0
1
2910
1 4
2 4
3 4
4 4
5 4
6 4
7 4
8 4
9 4
10 4
11 4
12 4
13 4
14 4
15 4
16 4
17 4
18 4
19 4
20 4
21 4
22 4
23 4
24 4
25 4
26 4
27 4
28 4
29 4
30 4
31 4
32 4
33 4
34 4
35 4
36 4
37 4
38 4
39 4
40 4
41 4
42 4
43 4
44 4
45 4
46 4
47 4
48 4
49 4
50 4
51 4
52 4
53 4
54 4
55 4
56 4
57 4
58 4
59 4
60 4
61 4
62 4
63 4
64 4
65 4
66 4
67 4
68 4
69 4
70 4
71 4
72 4
73 4
74 4
75 4
76 4
77 4
78 4
79 4
80 4
81 4
82 4
83 4
84 4
85 4
86 4
87 4
88 4
89 4
90 4
91 4
92 4
93 4
94 4
95 4
96 4
97 4
98 4
99 4
100 4
101 4
102 4
103 4
104 4
105 4
106 4
107 4
108 4
109 4
110 4
111 4
112 4
113 4
114 4
115 4
116 4
117 4
118 4
119 4
120 4
121 4
122 4
123 4
124 4
125 4
126 4
127 4
128 4
129 4
130 4
131 4
132 4
133 4
134 4
135 4
136 4
137 4
138 4
139 4
140 4
141 4
142 4
143 4
144 4
145 4
146 4
147 4
148 4
149 4
150 4
151 4
152 4
153 4
154 4
155 4
156 4
157 4
158 4
159 4
160 4
161 4
162 4
163 4
164 4
165 4
166 4
167 4
168 4
169 4
170 4
171 4
172 4
173 4
174 4
175 4
176 4
177 4
178 4
179 4
180 4
181 4
182 4
183 4
184 4
185 4
186 4
187 4
188 4
189 4
190 4
191 4
192 4
193 4
194 4
195 4
196 4
197 4
198 4
199 4
200 4
201 4
202 4
203 4
204 4
205 4
206 4
207 4
208 4
209 4
210 4
211 4
212 4
213 4
214 4
215 4
216 4
217 4
218 4
219 4
220 4
221 4
222 4
223 4
224 4
225 4
226 4
227 4
228 4
229 4
230 4
231 4
232 4
233 4
234 4
235 4
236 4
237 4
238 4
239 4
240 4
241 4
242 4
243 4
244 4
245 4
246 4
247 4
248 4
249 4
250 4
251 4
252 4
253 4
254 4
255 4
256 4
257 4
258 4
259 4
260 4
261 4
262 4
263 4
264 4
265 4
266 4
267 4
268 4
269 4
270 4
271 4
272 4
273 4
274 4
275 4
276 4
277 4
278 4
279 4
280 4
281 4
282 4
283 4
284 4
285 4
286 4
287 4
288 4
289 4
290 4
291 4
292 4
293 4
294 4
295 4
296 4
297 4
298 4
299 4
300 4
301 4
302 4
303 4
304 4
305 4
306 4
307 4
308 4
309 4
310 4
311 4
312 4
313 4
314 4
315 4
316 4
317 4
318 4
319 4
320 4
321 4
322 4
323 4
324 4
325 4
326 4
327 4
328 4
329 4
330 4
331 4
332 4
333 4
334 4
335 4
336 4
337 4
338 4
339 4
340 4
341 4
342 4
343 4
344 4
345 4
346 4
347 4
348 4
349 4
350 4
351 4
352 4
353 4
354 4
355 4
356 4
357 4
358 4
359 4
360 4
361 4
362 4
363 4
364 4
365 4
366 4
367 4
368 4
369 4
370 4
371 4
372 4
373 4
374 4
375 4
376 4
377 4
378 4
379 4
380 4
381 4
382 4
383 4
384 4
385 4
386 4
387 4
388 4
389 4
390 4
391 4
392 4
393 4
394 4
395 4
396 4
397 4
398 4
399 4
400 4
401 4
402 4
403 4
404 4
405 4
406 4
407 4
408 4
409 4
410 4
411 4
412 4
413 4
414 4
415 4
416 4
417 4
418 4
419 4
420 4
421 4
422 4
423 4
424 4
425 4
426 4
427 4
428 4
429 4
430 4
431 4
432 4
433 4
434 4
435 4
436 4
437 4
438 4
439 4
440 4
441 4
442 4
443 4
444 4
445 4
446 4
447 4
448 4
449 4
450 4
451 4
452 4
453 4
454 4
455 4
456 4
457 4
458 4
459 4
460 4
461 4
462 4
463 4
464 4
465 4
466 4
467 4
468 4
469 4
470 4
471 4
472 4
473 4
474 4
475 4
476 4
477 4
478 4
479 4
480 4
481 4
482 4
483 4
484 4
485 4
486 4
487 4
488 4
489 4
490 4
491 4
492 4
493 4
494 4
495 4
496 4
497 4
498 4
499 4
500 4
501 4
502 4
503 4
504 4
505 4
506 4
507 4
508 4
509 4
510 4
511 4
512 4
513 4
514 4
515 4
516 4
517 4
518 4
519 4
520 4
521 4
522 4
523 4
524 4
525 4
526 4
527 4
528 4
529 4
530 4
531 4
532 4
533 4
534 4
535 4
536 4
537 4
538 4
539 4
540 4
541 4
542 4
543 4
544 4
545 4
546 4
547 4
548 4
549 4
550 4
551 4
552 4
553 4
554 4
555 4
556 4
557 4
558 4
559 4
560 4
561 4
562 4
563 4
564 4
565 4
566 4
567 4
568 4
569 4
570 4
571 4
572 4
573 4
574 4
575 4
576 4
577 4
578 4
579 4
580 4
581 4
582 4
583 4
584 4
585 4
586 4
587 4
588 4
589 4
590 4
591 4
592 4
593 4
594 4
595 4
596 4
597 4
598 4
599 4
600 4
601 4
602 4
603 4
604 4
605 4
606 4
607 4
608 4
609 4
610 4
611 4
612 4
613 4
614 4
615 4
616 4
617 4
618 4
619 4
620 4
621 4
622 4
623 4
624 4
625 4
626 4
627 4
628 4
629 4
630 4
631 4
632 4
633 4
634 4
635 4
636 4
637 4
638 4
639 4
640 4
641 4
642 4
643 4
644 4
645 4
646 4
647 4
648 4
649 4
650 4
651 4
652 4
653 4
654 4
655 4
656 4
657 4
658 4
659 4
660 4
661 4
662 4
663 4
664 4
665 4
666 4
667 4
668 4
669 4
670 4
671 4
672 4
673 4
674 4
675 4
676 4
677 4
678 4
679 4
680 4
681 4
682 4
683 4
684 4
685 4
686 4
687 4
688 4
689 4
690 4
691 4
692 4
693 4
694 4
695 4
696 4
697 4
698 4
699 4
700 4
701 4
702 4
703 4
704 4
705 4
706 4
707 4
708 4
709 4
710 4
711 4
712 4
713 4
714 4
715 4
716 4
717 4
718 4
719 4
720 4
721 4
722 4
723 4
724 4
725 4
726 4
727 4
728 4
729 4
730 4
731 4
732 4
733 4
734 4
735 4
736 4
737 4
738 4
739 4
740 4
741 4
742 4
743 4
744 4
745 4
746 4
747 4
748 4
749 4
750 4
751 4
752 4
753 4
754 4
755 4
756 4
757 4
758 4
759 4
760 4
761 4
762 4
763 4
764 4
765 4
766 4
767 4
768 4
769 4
770 4
771 4
772 4
773 4
774 4
775 4
776 4
777 4
778 4
779 4
780 4
781 4
782 4
783 4
784 4
785 4
786 4
787 4
788 4
789 4
790 4
791 4
792 4
793 4
794 4
795 4
796 4
797 4
798 4
799 4
800 4
801 4
802 4
803 4
804 4
805 4
806 4
807 4
808 4
809 4
810 4
811 4
812 4
813 4
814 4
815 4
816 4
817 4
818 4
819 4
820 4
821 4
822 4
823 4
824 4
825 4
826 4
827 4
828 4
829 4
830 4
831 4
832 4
833 4
834 4
835 4
836 4
837 4
838 4
839 4
840 4
841 4
842 4
843 4
844 4
845 4
846 4
847 4
848 4
849 4
850 4
851 4
852 4
853 4
854 4
855 4
856 4
857 4
858 4
859 4
860 4
861 4
862 4
863 4
864 4
865 4
866 4
867 4
868 4
869 4
870 4
871 4
872 4
873 4
874 4
875 4
876 4
877 4
878 4
879 4
880 4
881 4
882 4
883 4
884 4
885 4
886 4
887 4
888 4
889 4
890 4
891 4
892 4
893 4
894 4
895 4
896 4
897 4
898 4
899 4
900 4
901 4
902 4
903 4
904 4
905 4
906 4
907 4
908 4
909 4
910 4
911 4
912 4
913 4
914 4
915 4
916 4
917 4
918 4
919 4
920 4
921 4
922 4
923 4
924 4
925 4
926 4
927 4
928 4
929 4
930 4
931 4
932 4
933 4
934 4
935 4
936 4
937 4
938 4
939 4
940 4
941 4
942 4
943 4
944 4
945 4
946 4
947 4
948 4
949 4
950 4
951 4
952 4
953 4
954 4
955 4
956 4
957 4
958 4
959 4
960 4
961 4
962 4
963 4
964 4
965 4
966 4
967 4
968 4
969 4
970 4
971 4
972 4
973 4
974 4
975 4
976 4
977 4
978 4
979 4
980 4
981 4
982 4
983 4
984 4
985 4
986 4
987 4
988 4
989 4
990 4
991 4
992 4
993 4
994 4
995 4
996 4
997 4
998 4
999 4
1000 4
1001 4
1002 4
1003 4
1004 4
1005 4
1006 4
1007 4
1008 4
1009 4
1010 4
1011 4
1012 4
1013 4
1014 4
1015 4
1016 4
1017 4
1018 4
1019 4
1020 4
1021 4
1022 4
1023 4
1024 4
1025 4
1026 4
1027 4
1028 4
1029 4
1030 4
1031 4
1032 4
1033 4
1034 4
1035 4
1036 4
1037 4
1038 4
1039 4
1040 4
1041 4
1042 4
1043 4
1044 4
1045 4
1046 4
1047 4
1048 4
1049 4
1050 4
1051 4
1052 4
1053 4
1054 4
1055 4
1056 4
1057 4
1058 4
1059 4
1060 4
1061 4
1062 4
1063 4
1064 4
1065 4
1066 4
1067 4
1068 4
1069 4
1070 4
1071 4
1072 4
1073 4
1074 4
1075 4
1076 4
1077 4
1078 4
1079 4
1080 4
1081 4
1082 4
1083 4
1084 4
1085 4
1086 4
1087 4
1088 4
1089 4
1090 4
1091 4
1092 4
1093 4
1094 4
1095 4
1096 4
1097 4
1098 4
1099 4
1100 4
1101 4
1102 4
1103 4
1104 4
1105 4
1106 4
1107 4
1108 4
1109 4
1110 4
1111 4
1112 4
1113 4
1114 4
1115 4
1116 4
1117 4
1118 4
1119 4
1120 4
1121 4
1122 4
1123 4
1124 4
1125 4
1126 4
1127 4
1128 4
1129 4
1130 4
1131 4
1132 4
1133 4
1134 4
1135 4
1136 4
1137 4
1138 4
1139 4
1140 4
1141 4
1142 4
1143 4
1144 4
1145 4
1146 4
1147 4
1148 4
1149 4
1150 4
1151 4
1152 4
1153 4
1154 4
1155 4
1156 4
1157 4
1158 4
1159 4
1160 4
1161 4
1162 4
1163 4
1164 4
1165 4
1166 4
1167 4
1168 4
1169 4
1170 4
1171 4
1172 4
1173 4
1174 4
1175 4
1176 4
1177 4
1178 4
1179 4
1180 4
1181 4
1182 4
1183 4
1184 4
1185 4
1186 4
1187 4
1188 4
1189 4
1190 4
1191 4
1192 4
1193 4
1194 4
1195 4
1196 4
1197 4
1198 4
1199 4
1200 4
1201 4
1202 4
1203 4
1204 4
1205 4
1206 4
1207 4
1208 4
1209 4
1210 4
1211 4
1212 4
1213 4
1214 4
1215 4
1216 4
1217 4
1218 4
1219 4
1220 4
1221 4
1222 4
1223 4
1224 4
1225 4
1226 4
1227 4
1228 4
1229 4
1230 4
1231 4
1232 4
1233 4
1234 4
1235 4
1236 4
1237 4
1238 4
1239 4
1240 4
1241 4
1242 4
1243 4
1244 4
1245 4
1246 4
1247 4
1248 4
1249 4
1250 4
1251 4
1252 4
1253 4
1254 4
1255 4
1256 4
1257 4
1258 4
1259 4
1260 4
1261 4
1262 4
1263 4
1264 4
1265 4
1266 4
1267 4
1268 4
1269 4
1270 4
1271 4
1272 4
1273 4
1274 4
1275 4
1276 4
1277 4
1278 4
1279 4
1280 4
1281 4
1282 4
1283 4
1284 4
1285 4
1286 4
1287 4
1288 4
1289 4
1290 4
1291 4
1292 4
1293 4
1294 4
1295 4
1296 4
1297 4
1298 4
1299 4
1300 4
1301 4
1302 4
1303 4
1304 4
1305 4
1306 4
1307 4
1308 4
1309 4
1310 4
1311 4
1312 4
1313 4
1314 4
1315 4
1316 4
1317 4
1318 4
1319 4
1320 4
1321 4
1322 4
1323 4
1324 4
1325 4
1326 4
1327 4
1328 4
1329 4
1330 4
1331 4
1332 4
1333 4
1334 4
1335 4
1336 4
1337 4
1338 4
1339 4
1340 4
1341 4
1342 4
1343 4
1344 4
1345 4
1346 4
1347 4
1348 4
1349 4
1350 4
1351 4
1352 4
1353 4
1354 4
1355 4
1356 4
1357 4
1358 4
1359 4
1360 4
1361 4
1362 4
1363 4
1364 4
1365 4
1366 4
1367 4
1368 4
1369 4
1370 4
1371 4
1372 4
1373 4
1374 4
1375 4
1376 4
1377 4
1378 4
1379 4
1380 4
1381 4
1382 4
1383 4
1384 4
1385 4
1386 4
1387 4
1388 4
1389 4
1390 4
1391 4
1392 4
1393 4
1394 4
1395 4
1396 4
1397 4
1398 4
1399 4
1400 4
1401 4
1402 4
1403 4
1404 4
1405 4
1406 4
1407 4
1408 4
1409 4
1410 4
1411 4
1412 4
1413 4
1414 4
1415 4
1416 4
1417 4
1418 4
1419 4
1420 4
1421 4
1422 4
1423 4
1424 4
1425 4
1426 4
1427 4
1428 4
1429 4
1430 4
1431 4
1432 4
1433 4
1434 4
1435 4
1436 4
1437 4
1438 4
1439 4
1440 4
1441 4
1442 4
1443 4
1444 4
1445 4
1446 4
1447 4
1448 4
1449 4
1450 4
1451 4
1452 4
1453 4
1454 4
1455 4
1456 4
1457 4
1458 4
1459 4
1460 4
1461 4
1462 4
1463 4
1464 4
1465 4
1466 4
1467 4
1468 4
1469 4
1470 4
1471 4
1472 4
1473 4
1474 4
1475 4
1476 4
1477 4
1478 4
1479 4
1480 4
1481 4
1482 4
1483 4
1484 4
1485 4
1486 4
1487 4
1488 4
1489 4
1490 4
1491 4
1492 4
1493 4
1494 4
1495 4
1496 4
1497 4
1498 4
1499 4
1500 4
1501 4
1502 4
1503 4
1504 4
1505 4
1506 4
1507 4
1508 4
1509 4
1510 4
1511 4
1512 4
1513 4
1514 4
1515 4
1516 4
1517 4
1518 4
1519 4
1520 4
1521 4
1522 4
1523 4
1524 4
1525 4
1526 4
1527 4
1528 4
1529 4
1530 4
1531 4
1532 4
1533 4
1534 4
1535 4
1536 4
1537 4
1538 4
1539 4
1540 4
1541 4
1542 4
1543 4
1544 4
1545 4
1546 4
1547 4
1548 4
1549 4
1550 4
1551 4
1552 4
1553 4
1554 4
1555 4
1556 4
1557 4
1558 4
1559 4
1560 4
1561 4
1562 4
1563 4
1564 4
1565 4
1566 4
1567 4
1568 4
1569 4
1570 4
1571 4
1572 4
1573 4
1574 4
1575 4
1576 4
1577 4
1578 4
1579 4
1580 4
1581 4
1582 4
1583 4
1584 4
1585 4
1586 4
1587 4
1588 4
1589 4
1590 4
1591 4
1592 4
1593 4
1594 4
1595 4
1596 4
1597 4
1598 4
1599 4
1600 4
1601 4
1602 4
1603 4
1604 4
1605 4
1606 4
1607 4
1608 4
1609 4
1610 4
1611 4
1612 4
1613 4
1614 4
1615 4
1616 4
1617 4
1618 4
1619 4
1620 4
1621 4
1622 4
1623 4
1624 4
1625 4
1626 4
1627 4
1628 4
1629 4
1630 4
1631 4
1632 4
1633 4
1634 4
1635 4
1636 4
1637 4
1638 4
1639 4
1640 4
1641 4
1642 4
1643 4
1644 4
1645 4
1646 4
1647 4
1648 4
1649 4
1650 4
1651 4
1652 4
1653 4
1654 4
1655 4
1656 4
1657 4
1658 4
1659 4
1660 4
1661 4
1662 4
1663 4
1664 4
1665 4
1666 4
1667 4
1668 4
1669 4
1670 4
1671 4
1672 4
1673 4
1674 4
1675 4
1676 4
1677 4
1678 4
1679 4
1680 4
1681 4
1682 4
1683 4
1684 4
1685 4
1686 4
1687 4
1688 4
1689 4
1690 4
1691 4
1692 4
1693 4
1694 4
1695 4
1696 4
1697 4
1698 4
1699 4
1700 4
1701 4
1702 4
1703 4
1704 4
1705 4
1706 4
1707 4
1708 4
1709 4
1710 4
1711 4
1712 4
1713 4
1714 4
1715 4
1716 4
1717 4
1718 4
1719 4
1720 4
1721 4
1722 4
1723 4
1724 4
1725 4
1726 4
1727 4
1728 4
1729 4
1730 4
1731 4
1732 4
1733 4
1734 4
1735 4
1736 4
1737 4
1738 4
1739 4
1740 4
1741 4
1742 4
1743 4
1744 4
1745 4
1746 4
1747 4
1748 4
1749 4
1750 4
1751 4
1752 4
1753 4
1754 4
1755 4
1756 4
1757 4
1758 4
1759 4
1760 4
1761 4
1762 4
1763 4
1764 4
1765 4
1766 4
1767 4
1768 4
1769 4
1770 4
1771 4
1772 4
1773 4
1774 4
1775 4
1776 4
1777 4
1778 4
1779 4
1780 4
1781 4
1782 4
1783 4
1784 4
1785 4
1786 4
1787 4
1788 4
1789 4
1790 4
1791 4
1792 4
1793 4
1794 4
1795 4
1796 4
1797 4
1798 4
1799 4
1800 4
1801 4
1802 4
1803 4
1804 4
1805 4
1806 4
1807 4
1808 4
1809 4
1810 4
1811 4
1812 4
1813 4
1814 4
1815 4
1816 4
1817 4
1818 4
1819 4
1820 4
1821 4
1822 4
1823 4
1824 4
1825 4
1826 4
1827 4
1828 4
1829 4
1830 4
1831 4
1832 4
1833 4
1834 4
1835 4
1836 4
1837 4
1838 4
1839 4
1840 4
1841 4
1842 4
1843 4
1844 4
1845 4
1846 4
1847 4
1848 4
1849 4
1850 4
1851 4
1852 4
1853 4
1854 4
1855 4
1856 4
1857 4
1858 4
1859 4
1860 4
1861 4
1862 4
1863 4
1864 4
1865 4
1866 4
1867 4
1868 4
1869 4
1870 4
1871 4
1872 4
1873 4
1874 4
1875 4
1876 4
1877 4
1878 4
1879 4
1880 4
1881 4
1882 4
1883 4
1884 4
1885 4
1886 4
1887 4
1888 4
1889 4
1890 4
1891 4
1892 4
1893 4
1894 4
1895 4
1896 4
1897 4
1898 4
1899 4
1900 4
1901 4
1902 4
1903 4
1904 4
1905 4
1906 4
1907 4
1908 4
1909 4
1910 4
1911 4
1912 4
1913 4
1914 4
1915 4
1916 4
1917 4
1918 4
1919 4
1920 4
1921 4
1922 4
1923 4
1924 4
1925 4
1926 4
1927 4
1928 4
1929 4
1930 4
1931 4
1932 4
1933 4
1934 4
1935 4
1936 4
1937 4
1938 4
1939 4
1940 4
1941 4
1942 4
1943 4
1944 4
1945 4
1946 4
1947 4
1948 4
1949 4
1950 4
1951 4
1952 4
1953 4
1954 4
1955 4
1956 4
1957 4
1958 4
1959 4
1960 4
1961 4
1962 4
1963 4
1964 4
1965 4
1966 4
1967 4
1968 4
1969 4
1970 4
1971 4
1972 4
1973 4
1974 4
1975 4
1976 4
1977 4
1978 4
1979 4
1980 4
1981 4
1982 4
1983 4
1984 4
1985 4
1986 4
1987 4
1988 4
1989 4
1990 4
1991 4
1992 4
1993 4
1994 4
1995 4
1996 4
1997 4
1998 4
1999 4
2000 4
2001 4
2002 4
2003 4
2004 4
2005 4
2006 4
2007 4
2008 4
2009 4
2010 4
2011 4
2012 4
2013 4
2014 4
2015 4
2016 4
2017 4
2018 4
2019 4
2020 4
2021 4
2022 4
2023 4
2024 4
2025 4
2026 4
2027 4
2028 4
2029 4
2030 4
2031 4
2032 4
2033 4
2034 4
2035 4
2036 4
2037 4
2038 4
2039 4
2040 4
2041 4
2042 4
2043 4
2044 4
2045 4
2046 4
2047 4
2048 4
2049 4
2050 4
2051 4
2052 4
2053 4
2054 4
2055 4
2056 4
2057 4
2058 4
2059 4
2060 4
2061 4
2062 4
2063 4
2064 4
2065 4
2066 4
2067 4
2068 4
2069 4
2070 4
2071 4
2072 4
2073 4
2074 4
2075 4
2076 4
2077 4
2078 4
2079 4
2080 4
2081 4
2082 4
2083 4
2084 4
2085 4
2086 4
2087 4
2088 4
2089 4
2090 4
2091 4
2092 4
2093 4
2094 4
2095 4
2096 4
2097 4
2098 4
2099 4
2100 4
2101 4
2102 4
2103 4
2104 4
2105 4
2106 4
2107 4
2108 4
2109 4
2110 4
2111 4
2112 4
2113 4
2114 4
2115 4
2116 4
2117 4
2118 4
2119 4
2120 4
2121 4
2122 4
2123 4
2124 4
2125 4
2126 4
2127 4
2128 4
2129 4
2130 4
2131 4
2132 4
2133 4
2134 4
2135 4
2136 4
2137 4
2138 4
2139 4
2140 4
2141 4
2142 4
2143 4
2144 4
2145 4
2146 4
2147 4
2148 4
2149 4
2150 4
2151 4
2152 4
2153 4
2154 4
2155 4
2156 4
2157 4
2158 4
2159 4
2160 4
2161 4
2162 4
2163 4
2164 4
2165 4
2166 4
2167 4
2168 4
2169 4
2170 4
2171 4
2172 4
2173 4
2174 4
2175 4
2176 4
2177 4
2178 4
2179 4
2180 4
2181 4
2182 4
2183 4
2184 4
2185 4
2186 4
2187 4
2188 4
2189 4
2190 4
2191 4
2192 4
2193 4
2194 4
2195 4
2196 4
2197 4
2198 4
2199 4
2200 4
2201 4
2202 4
2203 4
2204 4
2205 4
2206 4
2207 4
2208 4
2209 4
2210 4
2211 4
2212 4
2213 4
2214 4
2215 4
2216 4
2217 4
2218 4
2219 4
2220 4
2221 4
2222 4
2223 4
2224 4
2225 4
2226 4
2227 4
2228 4
2229 4
2230 4
2231 4
2232 4
2233 4
2234 4
2235 4
2236 4
2237 4
2238 4
2239 4
2240 4
2241 4
2242 4
2243 4
2244 4
2245 4
2246 4
2247 4
2248 4
2249 4
2250 4
2251 4
2252 4
2253 4
2254 4
2255 4
2256 4
2257 4
2258 4
2259 4
2260 4
2261 4
2262 4
2263 4
2264 4
2265 4
2266 4
2267 4
2268 4
2269 4
2270 4
2271 4
2272 4
2273 4
2274 4
2275 4
2276 4
2277 4
2278 4
2279 4
2280 4
2281 4
2282 4
2283 4
2284 4
2285 4
2286 4
2287 4
2288 4
2289 4
2290 4
2291 4
2292 4
2293 4
2294 4
2295 4
2296 4
2297 4
2298 4
2299 4
2300 4
2301 4
2302 4
2303 4
2304 4
2305 4
2306 4
2307 4
2308 4
2309 4
2310 4
2311 4
2312 4
2313 4
2314 4
2315 4
2316 4
2317 4
2318 4
2319 4
2320 4
2321 4
2322 4
2323 4
2324 4
2325 4
2326 4
2327 4
2328 4
2329 4
2330 4
2331 4
2332 4
2333 4
2334 4
2335 4
2336 4
2337 4
2338 4
2339 4
2340 4
2341 4
2342 4
2343 4
2344 4
2345 4
2346 4
2347 4
2348 4
2349 4
2350 4
2351 4
2352 4
2353 4
2354 4
2355 4
2356 4
2357 4
2358 4
2359 4
2360 4
2361 4
2362 4
2363 4
2364 4
2365 4
2366 4
2367 4
2368 4
2369 4
2370 4
2371 4
2372 4
2373 4
2374 4
2375 4
2376 4
2377 4
2378 4
2379 4
2380 4
2381 4
2382 4
2383 4
2384 4
2385 4
2386 4
2387 4
2388 4
2389 4
2390 4
2391 4
2392 4
2393 4
2394 4
2395 4
2396 4
2397 4
2398 4
2399 4
2400 4
2401 4
2402 4
2403 4
2404 4
2405 4
2406 4
2407 4
2408 4
2409 4
2410 4
2411 4
2412 4
2413 4
2414 4
2415 4
2416 4
2417 4
2418 4
2419 4
2420 4
2421 4
2422 3
2423 3
2424 3
2425 4
2426 4
2427 4
2428 4
2429 4
2430 4
2431 4
2432 4
2433 4
2434 4
2435 4
2436 4
2437 4
2438 4
2439 4
2440 4
2441 4
2442 4
2443 4
2444 4
2445 4
2446 4
2447 4
2448 4
2449 4
2450 4
2451 4
2452 4
2453 4
2454 4
2455 4
2456 4
2457 4
2458 4
2459 4
2460 4
2461 4
2462 4
2463 4
2464 4
2465 4
2466 4
2467 4
2468 4
2469 4
2470 4
2471 4
2472 4
2473 4
2474 4
2475 4
2476 4
2477 4
2478 4
2479 4
2480 4
2481 4
2482 4
2483 4
2484 4
2485 4
2486 4
2487 4
2488 4
2489 4
2490 4
2491 4
2492 4
2493 4
2494 4
2495 4
2496 4
2497 4
2498 4
2499 4
2500 4
2501 4
2502 4
2503 4
2504 4
2505 4
2506 4
2507 4
2508 4
2509 4
2510 4
2511 4
2512 4
2513 4
2514 4
2515 4
2516 4
2517 4
2518 4
2519 4
2520 4
2521 4
2522 4
2523 4
2524 4
2525 4
2526 4
2527 4
2528 4
2529 4
2530 4
2531 4
2532 4
2533 4
2534 4
2535 4
2536 4
2537 4
2538 4
2539 4
2540 4
2541 4
2542 4
2543 4
2544 4
2545 4
2546 4
2547 4
2548 4
2549 4
2550 4
2551 4
2552 4
2553 4
2554 4
2555 4
2556 4
2557 4
2558 4
2559 4
2560 4
2561 4
2562 4
2563 4
2564 4
2565 4
2566 4
2567 4
2568 4
2569 4
2570 4
2571 4
2572 4
2573 4
2574 4
2575 4
2576 4
2577 4
2578 4
2579 4
2580 4
2581 4
2582 4
2583 4
2584 4
2585 4
2586 4
2587 4
2588 4
2589 4
2590 4
2591 4
2592 4
2593 4
2594 4
2595 4
2596 4
2597 4
2598 4
2599 4
2600 4
2601 4
2602 4
2603 4
2604 4
2605 4
2606 4
2607 4
2608 4
2609 4
2610 4
2611 4
2612 4
2613 4
2614 4
2615 4
2616 4
2617 4
2618 4
2619 4
2620 4
2621 4
2622 4
2623 4
2624 4
2625 4
2626 4
2627 4
2628 4
2629 3
2630 3
2631 3
2632 4
2633 4
2634 4
2635 4
2636 4
2637 4
2638 4
2639 4
2640 4
2641 4
2642 4
2643 4
2644 4
2645 4
2646 4
2647 4
2648 4
2649 4
2650 4
2651 4
2652 4
2653 4
2654 4
2655 4
2656 4
2657 4
2658 4
2659 4
2660 4
2661 4
2662 4
2663 4
2664 4
2665 4
2666 4
2667 4
2668 4
2669 4
2670 4
2671 4
2672 4
2673 4
2674 4
2675 4
2676 4
2677 4
2678 4
2679 4
2680 4
2681 4
2682 4
2683 4
2684 4
2685 4
2686 4
2687 4
2688 4
2689 4
2690 4
2691 4
2692 4
2693 4
2694 4
2695 4
2696 4
2697 4
2698 4
2699 4
2700 4
2701 4
2702 4
2703 4
2704 4
2705 4
2706 4
2707 4
2708 4
2709 4
2710 4
2711 4
2712 4
2713 4
2714 4
2715 4
2716 4
2717 4
2718 4
2719 4
2720 4
2721 4
2722 4
2723 4
2724 4
2725 4
2726 4
2727 4
2728 4
2729 4
2730 4
2731 4
2732 4
2733 4
2734 4
2735 4
2736 4
2737 4
2738 4
2739 4
2740 4
2741 4
2742 4
2743 4
2744 4
2745 4
2746 4
2747 4
2748 4
2749 4
2750 4
2751 4
2752 4
2753 4
2754 4
2755 4
2756 4
2757 4
2758 4
2759 4
2760 4
2761 4
2762 4
2763 4
2764 4
2765 4
2766 4
2767 4
2768 4
2769 4
2770 4
2771 4
2772 4
2773 4
2774 4
2775 4
2776 4
2777 4
2778 4
2779 4
2780 4
2781 4
2782 4
2783 4
2784 4
2785 4
2786 4
2787 4
2788 4
2789 4
2790 4
2791 4
2792 4
2793 4
2794 4
2795 4
2796 4
2797 4
2798 4
2799 4
2800 4
2801 4
2802 4
2803 4
2804 4
2805 4
2806 4
2807 4
2808 4
2809 4
2810 4
2811 4
2812 4
2813 4
2814 4
2815 4
2816 4
2817 4
2818 4
2819 4
2820 4
2821 4
2822 4
2823 4
2824 4
2825 4
2826 4
2827 4
2828 4
2829 4
2830 4
2831 4
2832 4
2833 4
2834 4
2835 4
2836 4
2837 4
2838 4
2839 4
2840 4
2841 4
2842 4
2843 4
2844 4
2845 4
2846 4
2847 4
2848 4
2849 4
2850 4
2851 4
2852 4
2853 4
2854 4
2855 4
2856 4
2857 4
2858 4
2859 4
2860 4
2861 4
2862 4
2863 4
2864 4
2865 4
2866 4
2867 4
2868 4
2869 4
2870 4
2871 4
2872 4
2873 4
2874 4
2875 4
2876 4
2877 4
2878 4
2879 4
2880 4
2881 4
2882 4
2883 4
2884 4
2885 4
2886 4
2887 4
2888 4
2889 4
2890 4
2891 4
2892 4
2893 4
2894 4
2895 4
2896 4
2897 4
2898 4
2899 4
2900 4
2901 4
2902 4
2903 4
2904 4
2905 4
2906 4
2907 4
2908 4
2909 4
2910 3
$EndElementData
$ElementData
1
"Attribute:ShearAreaY"
1
0
3
0
1
2910
1 0.00042187725572707756
2 0.00042187725572707756
3 0.00042187725572707756
4 0.00042187725572707756
5 0.00042187725572707756
6 0.00042187725572707756
7 0.00042187725572707756
8 0.00042187725572707756
9 0.00042187725572707756
10 0.00042187725572707756
11 0.00042187725572707756
12 0.00042187725572707756
13 0.00042187725572707756
14 0.00042187725572707756
15 0.00042187725572707756
16 0.00042187725572707756
17 0.00042187725572707756
18 0.00042187725572707756
19 0.00042187725572707756
20 0.00042187725572707756
21 0.0008506937422671438
22 0.00042187725572707756
23 0.00042187725572707756
24 0.00042187725572707756
25 0.00042187725572707756
26 0.00042187725572707756
27 0.00042187725572707756
28 0.00042187725572707756
29 0.00042187725572707756
30 0.00042187725572707756
31 0.00042187725572707756
32 0.00042187725572707756
33 0.00042187725572707756
34 0.00042187725572707756
35 0.00042187725572707756
36 0.00042187725572707756
37 0.00042187725572707756
38 0.00042187725572707756
39 0.00042187725572707756
40 0.00042187725572707756
41 0.00042187725572707756
42 0.0008506937422671438
43 0.00042187725572707756
44 0.00042187725572707756
45 0.00042187725572707756
46 0.00042187725572707756
47 0.00042187725572707756
48 0.00042187725572707756
49 0.00042187725572707756
50 0.00042187725572707756
51 0.00042187725572707756
52 0.00042187725572707756
53 0.00042187725572707756
54 0.00042187725572707756
55 0.00042187725572707756
56 0.00042187725572707756
57 0.00042187725572707756
58 0.00042187725572707756
59 0.00042187725572707756
60 0.00042187725572707756
61 0.00042187725572707756
62 0.00042187725572707756
63 0.0008506937422671438
64 0.00042187725572707756
65 0.00042187725572707756
66 0.00042187725572707756
67 0.00042187725572707756
68 0.00042187725572707756
69 0.00042187725572707756
70 0.00042187725572707756
71 0.00042187725572707756
72 0.00042187725572707756
73 0.00042187725572707756
74 0.00042187725572707756
75 0.00042187725572707756
76 0.00042187725572707756
77 0.00042187725572707756
78 0.00042187725572707756
79 0.00042187725572707756
80 0.00042187725572707756
81 0.00042187725572707756
82 0.00042187725572707756
83 0.00042187725572707756
84 0.0008506937422671438
85 0.00042187725572707756
86 0.00042187725572707756
87 0.00042187725572707756
88 0.00042187725572707756
89 0.00042187725572707756
90 0.00042187725572707756
91 0.00042187725572707756
92 0.00042187725572707756
93 0.00042187725572707756
94 0.00042187725572707756
95 0.00042187725572707756
96 0.00042187725572707756
97 0.00042187725572707756
98 0.00042187725572707756
99 0.00042187725572707756
100 0.00042187725572707756
101 0.00042187725572707756
102 0.00042187725572707756
103 0.00042187725572707756
104 0.00042187725572707756
105 0.0008506937422671438
106 0.00042187725572707756
107 0.00042187725572707756
108 0.00042187725572707756
109 0.00042187725572707756
110 0.00042187725572707756
111 0.00042187725572707756
112 0.00042187725572707756
113 0.00042187725572707756
114 0.00042187725572707756
115 0.00042187725572707756
116 0.00042187725572707756
117 0.00042187725572707756
118 0.00042187725572707756
119 0.00042187725572707756
120 0.00042187725572707756
121 0.00042187725572707756
122 0.00042187725572707756
123 0.00042187725572707756
124 0.00042187725572707756
125 0.00042187725572707756
126 0.0008506937422671438
127 0.00042187725572707756
128 0.00042187725572707756
129 0.00042187725572707756
130 0.00042187725572707756
131 0.00042187725572707756
132 0.00042187725572707756
133 0.00042187725572707756
134 0.00042187725572707756
135 0.00042187725572707756
136 0.00042187725572707756
137 0.00042187725572707756
138 0.00042187725572707756
139 0.00042187725572707756
140 0.00042187725572707756
141 0.00042187725572707756
142 0.00042187725572707756
143 0.00042187725572707756
144 0.00042187725572707756
145 0.00042187725572707756
146 0.00042187725572707756
147 0.0008506937422671438
148 0.00042187725572707756
149 0.00042187725572707756
150 0.00042187725572707756
151 0.00042187725572707756
152 0.00042187725572707756
153 0.00042187725572707756
154 0.00042187725572707756
155 0.00042187725572707756
156 0.00042187725572707756
157 0.00042187725572707756
158 0.00042187725572707756
159 0.00042187725572707756
160 0.00042187725572707756
161 0.00042187725572707756
162 0.00042187725572707756
163 0.00042187725572707756
164 0.00042187725572707756
165 0.00042187725572707756
166 0.00042187725572707756
167 0.00042187725572707756
168 0.0008506937422671438
169 0.00042187725572707756
170 0.00042187725572707756
171 0.00042187725572707756
172 0.00042187725572707756
173 0.00042187725572707756
174 0.00042187725572707756
175 0.00042187725572707756
176 0.00042187725572707756
177 0.00042187725572707756
178 0.00042187725572707756
179 0.00042187725572707756
180 0.00042187725572707756
181 0.00042187725572707756
182 0.00042187725572707756
183 0.00042187725572707756
184 0.00042187725572707756
185 0.00042187725572707756
186 0.00042187725572707756
187 0.00042187725572707756
188 0.00042187725572707756
189 0.0008506937422671438
190 0.00042187725572707756
191 0.00042187725572707756
192 0.00042187725572707756
193 0.00042187725572707756
194 0.00042187725572707756
195 0.00042187725572707756
196 0.00042187725572707756
197 0.00042187725572707756
198 0.00042187725572707756
199 0.00042187725572707756
200 0.00042187725572707756
201 0.00042187725572707756
202 0.00042187725572707756
203 0.00042187725572707756
204 0.00042187725572707756
205 0.00042187725572707756
206 0.00042187725572707756
207 0.00042187725572707756
208 0.00042187725572707756
209 0.00042187725572707756
210 0.0008506937422671438
211 0.00042187725572707756
212 0.00042187725572707756
213 0.00042187725572707756
214 0.00042187725572707756
215 0.00042187725572707756
216 0.00042187725572707756
217 0.00042187725572707756
218 0.00042187725572707756
219 0.00042187725572707756
220 0.00042187725572707756
221 0.00042187725572707756
222 0.00042187725572707756
223 0.00042187725572707756
224 0.00042187725572707756
225 0.00042187725572707756
226 0.00042187725572707756
227 0.00042187725572707756
228 0.00042187725572707756
229 0.00042187725572707756
230 0.00042187725572707756
231 0.0008506937422671438
232 0.00042187725572707756
233 0.00042187725572707756
234 0.00042187725572707756
235 0.00042187725572707756
236 0.00042187725572707756
237 0.00042187725572707756
238 0.00042187725572707756
239 0.00042187725572707756
240 0.00042187725572707756
241 0.00042187725572707756
242 0.00042187725572707756
243 0.00042187725572707756
244 0.00042187725572707756
245 0.00042187725572707756
246 0.00042187725572707756
247 0.00042187725572707756
248 0.00042187725572707756
249 0.00042187725572707756
250 0.00042187725572707756
251 0.00042187725572707756
252 0.0008506937422671438
253 0.00042187725572707756
254 0.00042187725572707756
255 0.00042187725572707756
256 0.00042187725572707756
257 0.00042187725572707756
258 0.00042187725572707756
259 0.00042187725572707756
260 0.00042187725572707756
261 0.00042187725572707756
262 0.00042187725572707756
263 0.00042187725572707756
264 0.00042187725572707756
265 0.00042187725572707756
266 0.00042187725572707756
267 0.00042187725572707756
268 0.00042187725572707756
269 0.00042187725572707756
270 0.00042187725572707756
271 0.00042187725572707756
272 0.00042187725572707756
273 0.0008506937422671438
274 0.00042187725572707756
275 0.00042187725572707756
276 0.00042187725572707756
277 0.00042187725572707756
278 0.00042187725572707756
279 0.00042187725572707756
280 0.00042187725572707756
281 0.00042187725572707756
282 0.00042187725572707756
283 0.00042187725572707756
284 0.00042187725572707756
285 0.00042187725572707756
286 0.00042187725572707756
287 0.00042187725572707756
288 0.00042187725572707756
289 0.00042187725572707756
290 0.00042187725572707756
291 0.00042187725572707756
292 0.00042187725572707756
293 0.00042187725572707756
294 0.0008506937422671438
295 0.002140588373979719
296 0.002140588373979719
297 0.002140588373979719
298 0.002140588373979719
299 0.002140588373979719
300 0.002140588373979719
301 0.002140588373979719
302 0.002140588373979719
303 0.002140588373979719
304 0.002140588373979719
305 0.002140588373979719
306 0.002140588373979719
307 0.002140588373979719
308 0.002140588373979719
309 0.002140588373979719
310 0.002140588373979719
311 0.002140588373979719
312 0.002140588373979719
313 0.002140588373979719
314 0.002140588373979719
315 0.0008506937422671438
316 0.00042187725572707756
317 0.00042187725572707756
318 0.00042187725572707756
319 0.00042187725572707756
320 0.00042187725572707756
321 0.00042187725572707756
322 0.00042187725572707756
323 0.00042187725572707756
324 0.00042187725572707756
325 0.00042187725572707756
326 0.00042187725572707756
327 0.00042187725572707756
328 0.00042187725572707756
329 0.00042187725572707756
330 0.00042187725572707756
331 0.00042187725572707756
332 0.00042187725572707756
333 0.00042187725572707756
334 0.00042187725572707756
335 0.00042187725572707756
336 0.0008506937422671438
337 0.002140588373979719
338 0.002140588373979719
339 0.002140588373979719
340 0.002140588373979719
341 0.002140588373979719
342 0.002140588373979719
343 0.002140588373979719
344 0.002140588373979719
345 0.002140588373979719
346 0.002140588373979719
347 0.002140588373979719
348 0.002140588373979719
349 0.002140588373979719
350 0.002140588373979719
351 0.002140588373979719
352 0.002140588373979719
353 0.002140588373979719
354 0.002140588373979719
355 0.002140588373979719
356 0.002140588373979719
357 0.0008506937422671438
358 0.00042187725572707756
359 0.00042187725572707756
360 0.00042187725572707756
361 0.00042187725572707756
362 0.00042187725572707756
363 0.00042187725572707756
364 0.00042187725572707756
365 0.00042187725572707756
366 0.00042187725572707756
367 0.00042187725572707756
368 0.00042187725572707756
369 0.00042187725572707756
370 0.00042187725572707756
371 0.00042187725572707756
372 0.00042187725572707756
373 0.00042187725572707756
374 0.00042187725572707756
375 0.00042187725572707756
376 0.00042187725572707756
377 0.00042187725572707756
378 0.0008506937422671438
379 0.00042187725572707756
380 0.00042187725572707756
381 0.00042187725572707756
382 0.00042187725572707756
383 0.00042187725572707756
384 0.00042187725572707756
385 0.00042187725572707756
386 0.00042187725572707756
387 0.00042187725572707756
388 0.00042187725572707756
389 0.00042187725572707756
390 0.00042187725572707756
391 0.00042187725572707756
392 0.00042187725572707756
393 0.00042187725572707756
394 0.00042187725572707756
395 0.00042187725572707756
396 0.00042187725572707756
397 0.00042187725572707756
398 0.00042187725572707756
399 0.0008506937422671438
400 0.00042187725572707756
401 0.00042187725572707756
402 0.00042187725572707756
403 0.00042187725572707756
404 0.00042187725572707756
405 0.00042187725572707756
406 0.00042187725572707756
407 0.00042187725572707756
408 0.00042187725572707756
409 0.00042187725572707756
410 0.00042187725572707756
411 0.00042187725572707756
412 0.00042187725572707756
413 0.00042187725572707756
414 0.00042187725572707756
415 0.00042187725572707756
416 0.00042187725572707756
417 0.00042187725572707756
418 0.00042187725572707756
419 0.00042187725572707756
420 0.0008506937422671438
421 0.00042187725572707756
422 0.00042187725572707756
423 0.00042187725572707756
424 0.00042187725572707756
425 0.00042187725572707756
426 0.00042187725572707756
427 0.00042187725572707756
428 0.00042187725572707756
429 0.00042187725572707756
430 0.00042187725572707756
431 0.00042187725572707756
432 0.00042187725572707756
433 0.00042187725572707756
434 0.00042187725572707756
435 0.00042187725572707756
436 0.00042187725572707756
437 0.00042187725572707756
438 0.00042187725572707756
439 0.00042187725572707756
440 0.00042187725572707756
441 0.0008506937422671438
442 0.00042187725572707756
443 0.00042187725572707756
444 0.00042187725572707756
445 0.00042187725572707756
446 0.00042187725572707756
447 0.00042187725572707756
448 0.00042187725572707756
449 0.00042187725572707756
450 0.00042187725572707756
451 0.00042187725572707756
452 0.00042187725572707756
453 0.00042187725572707756
454 0.00042187725572707756
455 0.00042187725572707756
456 0.00042187725572707756
457 0.00042187725572707756
458 0.00042187725572707756
459 0.00042187725572707756
460 0.00042187725572707756
461 0.00042187725572707756
462 0.0008506937422671438
463 0.00042187725572707756
464 0.00042187725572707756
465 0.00042187725572707756
466 0.00042187725572707756
467 0.00042187725572707756
468 0.00042187725572707756
469 0.00042187725572707756
470 0.00042187725572707756
471 0.00042187725572707756
472 0.00042187725572707756
473 0.00042187725572707756
474 0.00042187725572707756
475 0.00042187725572707756
476 0.00042187725572707756
477 0.00042187725572707756
478 0.00042187725572707756
479 0.00042187725572707756
480 0.00042187725572707756
481 0.00042187725572707756
482 0.00042187725572707756
483 0.0008506937422671438
484 0.00042187725572707756
485 0.00042187725572707756
486 0.00042187725572707756
487 0.00042187725572707756
488 0.00042187725572707756
489 0.00042187725572707756
490 0.00042187725572707756
491 0.00042187725572707756
492 0.00042187725572707756
493 0.00042187725572707756
494 0.00042187725572707756
495 0.00042187725572707756
496 0.00042187725572707756
497 0.00042187725572707756
498 0.00042187725572707756
499 0.00042187725572707756
500 0.00042187725572707756
501 0.00042187725572707756
502 0.00042187725572707756
503 0.00042187725572707756
504 0.0008506937422671438
505 0.00042187725572707756
506 0.00042187725572707756
507 0.00042187725572707756
508 0.00042187725572707756
509 0.00042187725572707756
510 0.00042187725572707756
511 0.00042187725572707756
512 0.00042187725572707756
513 0.00042187725572707756
514 0.00042187725572707756
515 0.00042187725572707756
516 0.00042187725572707756
517 0.00042187725572707756
518 0.00042187725572707756
519 0.00042187725572707756
520 0.00042187725572707756
521 0.00042187725572707756
522 0.00042187725572707756
523 0.00042187725572707756
524 0.00042187725572707756
525 0.0008506937422671438
526 0.00042187725572707756
527 0.00042187725572707756
528 0.00042187725572707756
529 0.00042187725572707756
530 0.00042187725572707756
531 0.00042187725572707756
532 0.00042187725572707756
533 0.00042187725572707756
534 0.00042187725572707756
535 0.00042187725572707756
536 0.00042187725572707756
537 0.00042187725572707756
538 0.00042187725572707756
539 0.00042187725572707756
540 0.00042187725572707756
541 0.00042187725572707756
542 0.00042187725572707756
543 0.00042187725572707756
544 0.00042187725572707756
545 0.00042187725572707756
546 0.0008506937422671438
547 0.00042187725572707756
548 0.00042187725572707756
549 0.00042187725572707756
550 0.00042187725572707756
551 0.00042187725572707756
552 0.00042187725572707756
553 0.00042187725572707756
554 0.00042187725572707756
555 0.00042187725572707756
556 0.00042187725572707756
557 0.00042187725572707756
558 0.00042187725572707756
559 0.00042187725572707756
560 0.00042187725572707756
561 0.00042187725572707756
562 0.00042187725572707756
563 0.00042187725572707756
564 0.00042187725572707756
565 0.00042187725572707756
566 0.00042187725572707756
567 0.0008506937422671438
568 0.00042187725572707756
569 0.00042187725572707756
570 0.00042187725572707756
571 0.00042187725572707756
572 0.00042187725572707756
573 0.00042187725572707756
574 0.00042187725572707756
575 0.00042187725572707756
576 0.00042187725572707756
577 0.00042187725572707756
578 0.00042187725572707756
579 0.00042187725572707756
580 0.00042187725572707756
581 0.00042187725572707756
582 0.00042187725572707756
583 0.00042187725572707756
584 0.00042187725572707756
585 0.00042187725572707756
586 0.00042187725572707756
587 0.00042187725572707756
588 0.0008506937422671438
589 0.00042187725572707756
590 0.00042187725572707756
591 0.00042187725572707756
592 0.00042187725572707756
593 0.00042187725572707756
594 0.00042187725572707756
595 0.00042187725572707756
596 0.00042187725572707756
597 0.00042187725572707756
598 0.00042187725572707756
599 0.00042187725572707756
600 0.00042187725572707756
601 0.00042187725572707756
602 0.00042187725572707756
603 0.00042187725572707756
604 0.00042187725572707756
605 0.00042187725572707756
606 0.00042187725572707756
607 0.00042187725572707756
608 0.00042187725572707756
609 0.0008506937422671438
610 0.00042187725572707756
611 0.00042187725572707756
612 0.00042187725572707756
613 0.00042187725572707756
614 0.00042187725572707756
615 0.00042187725572707756
616 0.00042187725572707756
617 0.00042187725572707756
618 0.00042187725572707756
619 0.00042187725572707756
620 0.00042187725572707756
621 0.00042187725572707756
622 0.00042187725572707756
623 0.00042187725572707756
624 0.00042187725572707756
625 0.00042187725572707756
626 0.00042187725572707756
627 0.00042187725572707756
628 0.00042187725572707756
629 0.00042187725572707756
630 0.0008506937422671438
631 0.00042187725572707756
632 0.00042187725572707756
633 0.00042187725572707756
634 0.00042187725572707756
635 0.00042187725572707756
636 0.00042187725572707756
637 0.00042187725572707756
638 0.00042187725572707756
639 0.00042187725572707756
640 0.00042187725572707756
641 0.00042187725572707756
642 0.00042187725572707756
643 0.00042187725572707756
644 0.00042187725572707756
645 0.00042187725572707756
646 0.00042187725572707756
647 0.00042187725572707756
648 0.00042187725572707756
649 0.00042187725572707756
650 0.00042187725572707756
651 0.0008506937422671438
652 0.00042187725572707756
653 0.00042187725572707756
654 0.00042187725572707756
655 0.00042187725572707756
656 0.00042187725572707756
657 0.00042187725572707756
658 0.00042187725572707756
659 0.00042187725572707756
660 0.00042187725572707756
661 0.00042187725572707756
662 0.00042187725572707756
663 0.00042187725572707756
664 0.00042187725572707756
665 0.00042187725572707756
666 0.00042187725572707756
667 0.00042187725572707756
668 0.00042187725572707756
669 0.00042187725572707756
670 0.00042187725572707756
671 0.00042187725572707756
672 0.0008506937422671438
673 0.00042187725572707756
674 0.00042187725572707756
675 0.00042187725572707756
676 0.00042187725572707756
677 0.00042187725572707756
678 0.00042187725572707756
679 0.00042187725572707756
680 0.00042187725572707756
681 0.00042187725572707756
682 0.00042187725572707756
683 0.00042187725572707756
684 0.00042187725572707756
685 0.00042187725572707756
686 0.00042187725572707756
687 0.00042187725572707756
688 0.00042187725572707756
689 0.00042187725572707756
690 0.00042187725572707756
691 0.00042187725572707756
692 0.00042187725572707756
693 0.0008506937422671438
694 0.00042187725572707756
695 0.00042187725572707756
696 0.00042187725572707756
697 0.00042187725572707756
698 0.00042187725572707756
699 0.00042187725572707756
700 0.00042187725572707756
701 0.00042187725572707756
702 0.00042187725572707756
703 0.00042187725572707756
704 0.00042187725572707756
705 0.00042187725572707756
706 0.00042187725572707756
707 0.00042187725572707756
708 0.00042187725572707756
709 0.00042187725572707756
710 0.00042187725572707756
711 0.00042187725572707756
712 0.00042187725572707756
713 0.00042187725572707756
714 0.0008506937422671438
715 0.00042187725572707756
716 0.00042187725572707756
717 0.00042187725572707756
718 0.00042187725572707756
719 0.00042187725572707756
720 0.00042187725572707756
721 0.00042187725572707756
722 0.00042187725572707756
723 0.00042187725572707756
724 0.00042187725572707756
725 0.00042187725572707756
726 0.00042187725572707756
727 0.00042187725572707756
728 0.00042187725572707756
729 0.00042187725572707756
730 0.00042187725572707756
731 0.00042187725572707756
732 0.00042187725572707756
733 0.00042187725572707756
734 0.00042187725572707756
735 0.0008506937422671438
736 0.00042187725572707756
737 0.00042187725572707756
738 0.00042187725572707756
739 0.00042187725572707756
740 0.00042187725572707756
741 0.00042187725572707756
742 0.00042187725572707756
743 0.00042187725572707756
744 0.00042187725572707756
745 0.00042187725572707756
746 0.00042187725572707756
747 0.00042187725572707756
748 0.00042187725572707756
749 0.00042187725572707756
750 0.00042187725572707756
751 0.00042187725572707756
752 0.00042187725572707756
753 0.00042187725572707756
754 0.00042187725572707756
755 0.00042187725572707756
756 0.0008506937422671438
757 0.00042187725572707756
758 0.00042187725572707756
759 0.00042187725572707756
760 0.00042187725572707756
761 0.00042187725572707756
762 0.00042187725572707756
763 0.00042187725572707756
764 0.00042187725572707756
765 0.00042187725572707756
766 0.00042187725572707756
767 0.00042187725572707756
768 0.00042187725572707756
769 0.00042187725572707756
770 0.00042187725572707756
771 0.00042187725572707756
772 0.00042187725572707756
773 0.00042187725572707756
774 0.00042187725572707756
775 0.00042187725572707756
776 0.00042187725572707756
777 0.0008506937422671438
778 0.0003038347602687874
779 0.00012834559512117397
780 0.0003038347602687874
781 0.00012834559512117397
782 0.0003038347602687874
783 0.00012834559512117397
784 0.0003038347602687874
785 0.00012834559512117397
786 0.0003038347602687874
787 0.00012834559512117397
788 0.0003038347602687874
789 0.00012834559512117397
790 0.0003038347602687874
791 0.00012834559512117397
792 0.0003038347602687874
793 0.00012834559512117397
794 0.0003038347602687874
795 0.00012834559512117397
796 0.0003038347602687874
797 0.00012834559512117397
798 0.0003038347602687874
799 0.00012834559512117397
800 0.0003038347602687874
801 0.00012834559512117397
802 0.0003038347602687874
803 0.00012834559512117397
804 0.0003038347602687874
805 0.00012834559512117397
806 0.0003038347602687874
807 0.00012834559512117397
808 0.0003038347602687874
809 0.00012834559512117397
810 0.0003038347602687874
811 0.00012834559512117397
812 0.0003038347602687874
813 0.00012834559512117397
814 0.0003038347602687874
815 0.00012834559512117397
816 0.0003038347602687874
817 0.00012834559512117397
818 0.0003038347602687874
819 0.00012834559512117397
820 0.0003038347602687874
821 0.00012834559512117397
822 0.0003038347602687874
823 0.00012834559512117397
824 0.0003038347602687874
825 0.00012834559512117397
826 0.0003038347602687874
827 0.00012834559512117397
828 0.0003038347602687874
829 0.00012834559512117397
830 0.0003038347602687874
831 0.00012834559512117397
832 0.0003038347602687874
833 0.00012834559512117397
834 0.0003038347602687874
835 0.00012834559512117397
836 0.0003038347602687874
837 0.00012834559512117397
838 0.0003038347602687874
839 0.00012834559512117397
840 0.0003038347602687874
841 0.00012834559512117397
842 0.0003038347602687874
843 0.00012834559512117397
844 0.0003038347602687874
845 0.00012834559512117397
846 0.0003038347602687874
847 0.00012834559512117397
848 0.0003038347602687874
849 0.00012834559512117397
850 0.0003038347602687874
851 0.00012834559512117397
852 0.0003038347602687874
853 0.00012834559512117397
854 0.0003038347602687874
855 0.00012834559512117397
856 0.0003038347602687874
857 0.00012834559512117397
858 0.0003038347602687874
859 0.00012834559512117397
860 0.0003038347602687874
861 0.00012834559512117397
862 0.0003038347602687874
863 0.00012834559512117397
864 0.0003038347602687874
865 0.00012834559512117397
866 0.0003038347602687874
867 0.00012834559512117397
868 0.0003038347602687874
869 0.00012834559512117397
870 0.0003038347602687874
871 0.00012834559512117397
872 0.0003038347602687874
873 0.00012834559512117397
874 0.0003038347602687874
875 0.00012834559512117397
876 0.0003038347602687874
877 0.00012834559512117397
878 0.0003038347602687874
879 0.00012834559512117397
880 0.0003038347602687874
881 0.00012834559512117397
882 0.0003038347602687874
883 0.00012834559512117397
884 0.0003038347602687874
885 0.00012834559512117397
886 0.0003038347602687874
887 0.00012834559512117397
888 0.0003038347602687874
889 0.00012834559512117397
890 0.0003038347602687874
891 0.00012834559512117397
892 0.0003038347602687874
893 0.00012834559512117397
894 0.0003038347602687874
895 0.00012834559512117397
896 0.0003038347602687874
897 0.00012834559512117397
898 0.0003038347602687874
899 0.00012834559512117397
900 0.0003038347602687874
901 0.00012834559512117397
902 0.0003038347602687874
903 0.00012834559512117397
904 0.0003038347602687874
905 0.00012834559512117397
906 0.0003038347602687874
907 0.00012834559512117397
908 0.0003038347602687874
909 0.00012834559512117397
910 0.0003038347602687874
911 0.00012834559512117397
912 0.0003038347602687874
913 0.00012834559512117397
914 0.0003038347602687874
915 0.00012834559512117397
916 0.0003038347602687874
917 0.00012834559512117397
918 0.0003038347602687874
919 0.00012834559512117397
920 0.0003038347602687874
921 0.00012834559512117397
922 0.0003038347602687874
923 0.00012834559512117397
924 0.0003038347602687874
925 0.00012834559512117397
926 0.0003038347602687874
927 0.00012834559512117397
928 0.0003038347602687874
929 0.00012834559512117397
930 0.0003038347602687874
931 0.00012834559512117397
932 0.0003038347602687874
933 0.00012834559512117397
934 0.0003038347602687874
935 0.00012834559512117397
936 0.0003038347602687874
937 0.00012834559512117397
938 0.0003038347602687874
939 0.00012834559512117397
940 0.0003038347602687874
941 0.00012834559512117397
942 0.0003038347602687874
943 0.00012834559512117397
944 0.0003038347602687874
945 0.00012834559512117397
946 0.0003038347602687874
947 0.00012834559512117397
948 0.0003038347602687874
949 0.00012834559512117397
950 0.0003038347602687874
951 0.00012834559512117397
952 0.0003038347602687874
953 0.00012834559512117397
954 0.0003038347602687874
955 0.00012834559512117397
956 0.0003038347602687874
957 0.00012834559512117397
958 0.0003038347602687874
959 0.00012834559512117397
960 0.0003038347602687874
961 0.00012834559512117397
962 0.0003038347602687874
963 0.00012834559512117397
964 0.0003038347602687874
965 0.00012834559512117397
966 0.0003038347602687874
967 0.00012834559512117397
968 0.0003038347602687874
969 0.00012834559512117397
970 0.0003038347602687874
971 0.00012834559512117397
972 0.0003038347602687874
973 0.00012834559512117397
974 0.0003038347602687874
975 0.00012834559512117397
976 0.0003038347602687874
977 0.00012834559512117397
978 0.0003038347602687874
979 0.00012834559512117397
980 0.0003038347602687874
981 0.00012834559512117397
982 0.0003038347602687874
983 0.00012834559512117397
984 0.0003038347602687874
985 0.00012834559512117397
986 0.0003038347602687874
987 0.00012834559512117397
988 0.0003038347602687874
989 0.00012834559512117397
990 0.0003038347602687874
991 0.00012834559512117397
992 0.0003038347602687874
993 0.00012834559512117397
994 0.0003038347602687874
995 0.00012834559512117397
996 0.0003038347602687874
997 0.00012834559512117397
998 0.0003038347602687874
999 0.00012834559512117397
1000 0.0003038347602687874
1001 0.00012834559512117397
1002 0.0003038347602687874
1003 0.00012834559512117397
1004 0.0003038347602687874
1005 0.00012834559512117397
1006 0.0003038347602687874
1007 0.00012834559512117397
1008 0.0003038347602687874
1009 0.00012834559512117397
1010 0.0003038347602687874
1011 0.00012834559512117397
1012 0.0003038347602687874
1013 0.00012834559512117397
1014 0.0003038347602687874
1015 0.00012834559512117397
1016 0.0003038347602687874
1017 0.00012834559512117397
1018 0.0003038347602687874
1019 0.00012834559512117397
1020 0.0003038347602687874
1021 0.00012834559512117397
1022 0.0003038347602687874
1023 0.00012834559512117397
1024 0.0003038347602687874
1025 0.00012834559512117397
1026 0.0003038347602687874
1027 0.00012834559512117397
1028 0.0003038347602687874
1029 0.00012834559512117397
1030 0.0003038347602687874
1031 0.00012834559512117397
1032 0.0003038347602687874
1033 0.00012834559512117397
1034 0.0003038347602687874
1035 0.00012834559512117397
1036 0.0003038347602687874
1037 0.00012834559512117397
1038 0.0003038347602687874
1039 0.00012834559512117397
1040 0.0003038347602687874
1041 0.00012834559512117397
1042 0.0003038347602687874
1043 0.00012834559512117397
1044 0.0003038347602687874
1045 0.00012834559512117397
1046 0.0003038347602687874
1047 0.00012834559512117397
1048 0.0003038347602687874
1049 0.00012834559512117397
1050 0.0003038347602687874
1051 0.00012834559512117397
1052 0.0003038347602687874
1053 0.00012834559512117397
1054 0.0003038347602687874
1055 0.00012834559512117397
1056 0.0003038347602687874
1057 0.00012834559512117397
1058 0.0003038347602687874
1059 0.00012834559512117397
1060 0.0003038347602687874
1061 0.00012834559512117397
1062 0.0003038347602687874
1063 0.00012834559512117397
1064 0.0003038347602687874
1065 0.00012834559512117397
1066 0.0003038347602687874
1067 0.00012834559512117397
1068 0.0003038347602687874
1069 0.00012834559512117397
1070 0.0003038347602687874
1071 0.00012834559512117397
1072 0.0003038347602687874
1073 0.00012834559512117397
1074 0.0003038347602687874
1075 0.00012834559512117397
1076 0.0003038347602687874
1077 0.00012834559512117397
1078 0.0003038347602687874
1079 0.00012834559512117397
1080 0.0003038347602687874
1081 0.00012834559512117397
1082 0.0003038347602687874
1083 0.00012834559512117397
1084 0.0003038347602687874
1085 0.00012834559512117397
1086 0.0003038347602687874
1087 0.00012834559512117397
1088 0.0003038347602687874
1089 0.00012834559512117397
1090 0.0003038347602687874
1091 0.00012834559512117397
1092 0.0003038347602687874
1093 0.00012834559512117397
1094 0.0003038347602687874
1095 0.00012834559512117397
1096 0.0003038347602687874
1097 0.00012834559512117397
1098 0.0003038347602687874
1099 0.00012834559512117397
1100 0.0003038347602687874
1101 0.00012834559512117397
1102 0.0003038347602687874
1103 0.00012834559512117397
1104 0.0003038347602687874
1105 0.00012834559512117397
1106 0.0003038347602687874
1107 0.00012834559512117397
1108 0.0003038347602687874
1109 0.00012834559512117397
1110 0.0003038347602687874
1111 0.00012834559512117397
1112 0.0003038347602687874
1113 0.00012834559512117397
1114 0.0003038347602687874
1115 0.00012834559512117397
1116 0.0003038347602687874
1117 0.00012834559512117397
1118 0.0003038347602687874
1119 0.00012834559512117397
1120 0.0003038347602687874
1121 0.00012834559512117397
1122 0.0003038347602687874
1123 0.00012834559512117397
1124 0.0003038347602687874
1125 0.00012834559512117397
1126 0.0003038347602687874
1127 0.00012834559512117397
1128 0.0003038347602687874
1129 0.00012834559512117397
1130 0.0003038347602687874
1131 0.00012834559512117397
1132 0.0003038347602687874
1133 0.00012834559512117397
1134 0.0003038347602687874
1135 0.00012834559512117397
1136 0.0003038347602687874
1137 0.00012834559512117397
1138 0.0003038347602687874
1139 0.00012834559512117397
1140 0.0003038347602687874
1141 0.00012834559512117397
1142 0.0003038347602687874
1143 0.00012834559512117397
1144 0.0003038347602687874
1145 0.00012834559512117397
1146 0.0003038347602687874
1147 0.00012834559512117397
1148 0.0003038347602687874
1149 0.00012834559512117397
1150 0.0003038347602687874
1151 0.00012834559512117397
1152 0.0003038347602687874
1153 0.00012834559512117397
1154 0.0003038347602687874
1155 0.00012834559512117397
1156 0.0003038347602687874
1157 0.00012834559512117397
1158 0.0003038347602687874
1159 0.00012834559512117397
1160 0.0003038347602687874
1161 0.00012834559512117397
1162 0.0003038347602687874
1163 0.00012834559512117397
1164 0.0003038347602687874
1165 0.00012834559512117397
1166 0.0003038347602687874
1167 0.00012834559512117397
1168 0.0003038347602687874
1169 0.00012834559512117397
1170 0.0003038347602687874
1171 0.00012834559512117397
1172 0.0003038347602687874
1173 0.00012834559512117397
1174 0.0003038347602687874
1175 0.00012834559512117397
1176 0.0003038347602687874
1177 0.00012834559512117397
1178 0.0003038347602687874
1179 0.00012834559512117397
1180 0.0003038347602687874
1181 0.00012834559512117397
1182 0.0003038347602687874
1183 0.00012834559512117397
1184 0.0003038347602687874
1185 0.00012834559512117397
1186 0.0003038347602687874
1187 0.00012834559512117397
1188 0.0003038347602687874
1189 0.00012834559512117397
1190 0.0003038347602687874
1191 0.00012834559512117397
1192 0.0003038347602687874
1193 0.00012834559512117397
1194 0.0003038347602687874
1195 0.00012834559512117397
1196 0.0003038347602687874
1197 0.00012834559512117397
1198 0.0003038347602687874
1199 0.00012834559512117397
1200 0.0003038347602687874
1201 0.00012834559512117397
1202 0.0003038347602687874
1203 0.00012834559512117397
1204 0.0003038347602687874
1205 0.00012834559512117397
1206 0.0003038347602687874
1207 0.00012834559512117397
1208 0.0003038347602687874
1209 0.00012834559512117397
1210 0.0003038347602687874
1211 0.00012834559512117397
1212 0.0003038347602687874
1213 0.00012834559512117397
1214 0.0003038347602687874
1215 0.00012834559512117397
1216 0.0003038347602687874
1217 0.00012834559512117397
1218 0.0003038347602687874
1219 0.00012834559512117397
1220 0.0003038347602687874
1221 0.00012834559512117397
1222 0.0003038347602687874
1223 0.00012834559512117397
1224 0.0003038347602687874
1225 0.00012834559512117397
1226 0.0003038347602687874
1227 0.00012834559512117397
1228 0.0003038347602687874
1229 0.00012834559512117397
1230 0.0003038347602687874
1231 0.00012834559512117397
1232 0.0003038347602687874
1233 0.00012834559512117397
1234 0.0003038347602687874
1235 0.00012834559512117397
1236 0.0003038347602687874
1237 0.00012834559512117397
1238 0.0003038347602687874
1239 0.00012834559512117397
1240 0.0003038347602687874
1241 0.00012834559512117397
1242 0.0003038347602687874
1243 0.00012834559512117397
1244 0.0003038347602687874
1245 0.00012834559512117397
1246 0.0003038347602687874
1247 0.00012834559512117397
1248 0.0003038347602687874
1249 0.00012834559512117397
1250 0.0003038347602687874
1251 0.00012834559512117397
1252 0.0003038347602687874
1253 0.00012834559512117397
1254 0.0003038347602687874
1255 0.00012834559512117397
1256 0.0003038347602687874
1257 0.00012834559512117397
1258 0.0003038347602687874
1259 0.00012834559512117397
1260 0.0003038347602687874
1261 0.00012834559512117397
1262 0.0003038347602687874
1263 0.00012834559512117397
1264 0.0003038347602687874
1265 0.00012834559512117397
1266 0.0003038347602687874
1267 0.00012834559512117397
1268 0.0003038347602687874
1269 0.00012834559512117397
1270 0.0003038347602687874
1271 0.00012834559512117397
1272 0.0003038347602687874
1273 0.00012834559512117397
1274 0.0003038347602687874
1275 0.00012834559512117397
1276 0.0003038347602687874
1277 0.00012834559512117397
1278 0.0003038347602687874
1279 0.00012834559512117397
1280 0.0003038347602687874
1281 0.00012834559512117397
1282 0.0003038347602687874
1283 0.00012834559512117397
1284 0.0003038347602687874
1285 0.00012834559512117397
1286 0.0003038347602687874
1287 0.00012834559512117397
1288 0.0003038347602687874
1289 0.00012834559512117397
1290 0.0003038347602687874
1291 0.00012834559512117397
1292 0.0003038347602687874
1293 0.00012834559512117397
1294 0.0003038347602687874
1295 0.00012834559512117397
1296 0.0003038347602687874
1297 0.00012834559512117397
1298 0.0003038347602687874
1299 0.00012834559512117397
1300 0.0003038347602687874
1301 0.00012834559512117397
1302 0.0003038347602687874
1303 0.00012834559512117397
1304 0.0003038347602687874
1305 0.00012834559512117397
1306 0.0003038347602687874
1307 0.00012834559512117397
1308 0.0003038347602687874
1309 0.00012834559512117397
1310 0.0003038347602687874
1311 0.00012834559512117397
1312 0.0003038347602687874
1313 0.00012834559512117397
1314 0.0003038347602687874
1315 0.00012834559512117397
1316 0.0003038347602687874
1317 0.00012834559512117397
1318 0.0003038347602687874
1319 0.00012834559512117397
1320 0.0003038347602687874
1321 0.00012834559512117397
1322 0.0003038347602687874
1323 0.00012834559512117397
1324 0.0003038347602687874
1325 0.00012834559512117397
1326 0.0003038347602687874
1327 0.00012834559512117397
1328 0.0003038347602687874
1329 0.00012834559512117397
1330 0.0003038347602687874
1331 0.00012834559512117397
1332 0.0003038347602687874
1333 0.00012834559512117397
1334 0.0003038347602687874
1335 0.00012834559512117397
1336 0.0003038347602687874
1337 0.00012834559512117397
1338 0.0003038347602687874
1339 0.00012834559512117397
1340 0.0003038347602687874
1341 0.00012834559512117397
1342 0.0003038347602687874
1343 0.00012834559512117397
1344 0.0003038347602687874
1345 0.00012834559512117397
1346 0.0003038347602687874
1347 0.00012834559512117397
1348 0.0003038347602687874
1349 0.00012834559512117397
1350 0.0003038347602687874
1351 0.00012834559512117397
1352 0.0003038347602687874
1353 0.00012834559512117397
1354 0.0003038347602687874
1355 0.00012834559512117397
1356 0.0003038347602687874
1357 0.00012834559512117397
1358 0.0003038347602687874
1359 0.00012834559512117397
1360 0.0003038347602687874
1361 0.00012834559512117397
1362 0.0003038347602687874
1363 0.00012834559512117397
1364 0.0003038347602687874
1365 0.00012834559512117397
1366 0.0003038347602687874
1367 0.00012834559512117397
1368 0.0003038347602687874
1369 0.00012834559512117397
1370 0.0003038347602687874
1371 0.00012834559512117397
1372 0.0003038347602687874
1373 0.00012834559512117397
1374 0.0003038347602687874
1375 0.00012834559512117397
1376 0.0003038347602687874
1377 0.00012834559512117397
1378 0.0003038347602687874
1379 0.00012834559512117397
1380 0.0003038347602687874
1381 0.00012834559512117397
1382 0.0003038347602687874
1383 0.00012834559512117397
1384 0.0003038347602687874
1385 0.00012834559512117397
1386 0.0003038347602687874
1387 0.00012834559512117397
1388 0.0003038347602687874
1389 0.00012834559512117397
1390 0.0003038347602687874
1391 0.00012834559512117397
1392 0.0003038347602687874
1393 0.00012834559512117397
1394 0.0003038347602687874
1395 0.00012834559512117397
1396 0.0003038347602687874
1397 0.00012834559512117397
1398 0.0003038347602687874
1399 0.00012834559512117397
1400 0.0003038347602687874
1401 0.00012834559512117397
1402 0.0003038347602687874
1403 0.00012834559512117397
1404 0.0003038347602687874
1405 0.00012834559512117397
1406 0.0003038347602687874
1407 0.00012834559512117397
1408 0.0003038347602687874
1409 0.00012834559512117397
1410 0.0003038347602687874
1411 0.00012834559512117397
1412 0.0003038347602687874
1413 0.00012834559512117397
1414 0.0003038347602687874
1415 0.00012834559512117397
1416 0.0003038347602687874
1417 0.00012834559512117397
1418 0.0003038347602687874
1419 0.00012834559512117397
1420 0.0003038347602687874
1421 0.00012834559512117397
1422 0.0003038347602687874
1423 0.00012834559512117397
1424 0.0003038347602687874
1425 0.00012834559512117397
1426 0.0003038347602687874
1427 0.00012834559512117397
1428 0.0003038347602687874
1429 0.00012834559512117397
1430 0.0003038347602687874
1431 0.00012834559512117397
1432 0.0003038347602687874
1433 0.00012834559512117397
1434 0.0003038347602687874
1435 0.00012834559512117397
1436 0.0003038347602687874
1437 0.00012834559512117397
1438 0.0003038347602687874
1439 0.00012834559512117397
1440 0.0003038347602687874
1441 0.00012834559512117397
1442 0.0003038347602687874
1443 0.00012834559512117397
1444 0.0003038347602687874
1445 0.00012834559512117397
1446 0.0003038347602687874
1447 0.00012834559512117397
1448 0.0003038347602687874
1449 0.00012834559512117397
1450 0.0003038347602687874
1451 0.00012834559512117397
1452 0.0003038347602687874
1453 0.00012834559512117397
1454 0.0003038347602687874
1455 0.00012834559512117397
1456 0.0003038347602687874
1457 0.00012834559512117397
1458 0.0003038347602687874
1459 0.00012834559512117397
1460 0.0003038347602687874
1461 0.00012834559512117397
1462 0.0003038347602687874
1463 0.00012834559512117397
1464 0.0003038347602687874
1465 0.00012834559512117397
1466 0.0003038347602687874
1467 0.00012834559512117397
1468 0.0003038347602687874
1469 0.00012834559512117397
1470 0.0003038347602687874
1471 0.00012834559512117397
1472 0.0003038347602687874
1473 0.00012834559512117397
1474 0.0003038347602687874
1475 0.00012834559512117397
1476 0.0003038347602687874
1477 0.00012834559512117397
1478 0.0003038347602687874
1479 0.00012834559512117397
1480 0.0003038347602687874
1481 0.00012834559512117397
1482 0.0003038347602687874
1483 0.00012834559512117397
1484 0.0003038347602687874
1485 0.00012834559512117397
1486 0.0003038347602687874
1487 0.00012834559512117397
1488 0.0003038347602687874
1489 0.00012834559512117397
1490 0.0003038347602687874
1491 0.00012834559512117397
1492 0.0003038347602687874
1493 0.00012834559512117397
1494 0.0003038347602687874
1495 0.00012834559512117397
1496 0.0003038347602687874
1497 0.00012834559512117397
1498 0.0003038347602687874
1499 0.00012834559512117397
1500 0.0003038347602687874
1501 0.00012834559512117397
1502 0.0003038347602687874
1503 0.00012834559512117397
1504 0.0003038347602687874
1505 0.00012834559512117397
1506 0.0003038347602687874
1507 0.00012834559512117397
1508 0.0003038347602687874
1509 0.00012834559512117397
1510 0.0003038347602687874
1511 0.00012834559512117397
1512 0.0003038347602687874
1513 0.00012834559512117397
1514 0.0003038347602687874
1515 0.00012834559512117397
1516 0.0003038347602687874
1517 0.00012834559512117397
1518 0.0003038347602687874
1519 0.00012834559512117397
1520 0.0003038347602687874
1521 0.00012834559512117397
1522 0.0003038347602687874
1523 0.00012834559512117397
1524 0.0003038347602687874
1525 0.00012834559512117397
1526 0.0003038347602687874
1527 0.00012834559512117397
1528 0.0003038347602687874
1529 0.00012834559512117397
1530 0.0003038347602687874
1531 0.00012834559512117397
1532 0.0003038347602687874
1533 0.00012834559512117397
1534 0.0003038347602687874
1535 0.00012834559512117397
1536 0.0003038347602687874
1537 0.00012834559512117397
1538 0.0003038347602687874
1539 0.00012834559512117397
1540 0.0003038347602687874
1541 0.00012834559512117397
1542 0.0003038347602687874
1543 0.00012834559512117397
1544 0.0003038347602687874
1545 0.00012834559512117397
1546 0.0003038347602687874
1547 0.00012834559512117397
1548 0.0003038347602687874
1549 0.00012834559512117397
1550 0.0003038347602687874
1551 0.00012834559512117397
1552 0.0003038347602687874
1553 0.00012834559512117397
1554 0.0003038347602687874
1555 0.00012834559512117397
1556 0.0003038347602687874
1557 0.00012834559512117397
1558 0.0003038347602687874
1559 0.00012834559512117397
1560 0.0003038347602687874
1561 0.00012834559512117397
1562 0.0003038347602687874
1563 0.00012834559512117397
1564 0.0003038347602687874
1565 0.00012834559512117397
1566 0.0003038347602687874
1567 0.00012834559512117397
1568 0.0003038347602687874
1569 0.00012834559512117397
1570 0.0003038347602687874
1571 0.00012834559512117397
1572 0.0003038347602687874
1573 0.00012834559512117397
1574 0.0003038347602687874
1575 0.00012834559512117397
1576 0.0003038347602687874
1577 0.00012834559512117397
1578 0.0003038347602687874
1579 0.00012834559512117397
1580 0.0003038347602687874
1581 0.00012834559512117397
1582 0.0003038347602687874
1583 0.00012834559512117397
1584 0.0003038347602687874
1585 0.00012834559512117397
1586 0.0003038347602687874
1587 0.00012834559512117397
1588 0.0003038347602687874
1589 0.00012834559512117397
1590 0.0003038347602687874
1591 0.00012834559512117397
1592 0.0003038347602687874
1593 0.00012834559512117397
1594 0.0003038347602687874
1595 0.00012834559512117397
1596 0.0003038347602687874
1597 0.00012834559512117397
1598 0.0003038347602687874
1599 0.00012834559512117397
1600 0.0003038347602687874
1601 0.00012834559512117397
1602 0.0003038347602687874
1603 0.00012834559512117397
1604 0.0003038347602687874
1605 0.00012834559512117397
1606 0.0003038347602687874
1607 0.00012834559512117397
1608 0.0003038347602687874
1609 0.00012834559512117397
1610 0.0003038347602687874
1611 0.00012834559512117397
1612 0.0003038347602687874
1613 0.00012834559512117397
1614 0.0003038347602687874
1615 0.00012834559512117397
1616 0.0003038347602687874
1617 0.00012834559512117397
1618 0.0003038347602687874
1619 0.00012834559512117397
1620 0.0003038347602687874
1621 0.00012834559512117397
1622 0.0003038347602687874
1623 0.00012834559512117397
1624 0.0003038347602687874
1625 0.00012834559512117397
1626 0.0003038347602687874
1627 0.00012834559512117397
1628 0.0003038347602687874
1629 0.00012834559512117397
1630 0.0003038347602687874
1631 0.00012834559512117397
1632 0.0003038347602687874
1633 0.00012834559512117397
1634 0.0003038347602687874
1635 0.00012834559512117397
1636 0.0003038347602687874
1637 0.00012834559512117397
1638 0.0003038347602687874
1639 0.00012834559512117397
1640 0.0003038347602687874
1641 0.00012834559512117397
1642 0.0003038347602687874
1643 0.00012834559512117397
1644 0.0003038347602687874
1645 0.00012834559512117397
1646 0.0003038347602687874
1647 0.00012834559512117397
1648 0.0003038347602687874
1649 0.00012834559512117397
1650 0.0003038347602687874
1651 0.00012834559512117397
1652 0.0003038347602687874
1653 0.00012834559512117397
1654 0.0003038347602687874
1655 0.00012834559512117397
1656 0.0003038347602687874
1657 0.00012834559512117397
1658 0.0003038347602687874
1659 0.00012834559512117397
1660 0.0003038347602687874
1661 0.00012834559512117397
1662 0.0003038347602687874
1663 0.00012834559512117397
1664 0.0003038347602687874
1665 0.00012834559512117397
1666 0.0003038347602687874
1667 0.00012834559512117397
1668 0.0003038347602687874
1669 0.00012834559512117397
1670 0.0003038347602687874
1671 0.00012834559512117397
1672 0.0003038347602687874
1673 0.00012834559512117397
1674 0.0003038347602687874
1675 0.00012834559512117397
1676 0.0003038347602687874
1677 0.00012834559512117397
1678 0.0003038347602687874
1679 0.00012834559512117397
1680 0.0003038347602687874
1681 0.00012834559512117397
1682 0.0003038347602687874
1683 0.00012834559512117397
1684 0.0003038347602687874
1685 0.00012834559512117397
1686 0.0003038347602687874
1687 0.00012834559512117397
1688 0.0003038347602687874
1689 0.00012834559512117397
1690 0.0003038347602687874
1691 0.00012834559512117397
1692 0.0003038347602687874
1693 0.00012834559512117397
1694 0.0003038347602687874
1695 0.00012834559512117397
1696 0.0003038347602687874
1697 0.00012834559512117397
1698 0.0003038347602687874
1699 0.00012834559512117397
1700 0.0003038347602687874
1701 0.00012834559512117397
1702 0.0003038347602687874
1703 0.00012834559512117397
1704 0.0003038347602687874
1705 0.00012834559512117397
1706 0.0003038347602687874
1707 0.00012834559512117397
1708 0.0003038347602687874
1709 0.00012834559512117397
1710 0.0003038347602687874
1711 0.00012834559512117397
1712 0.0003038347602687874
1713 0.00012834559512117397
1714 0.0003038347602687874
1715 0.00012834559512117397
1716 0.0003038347602687874
1717 0.00012834559512117397
1718 0.0003038347602687874
1719 0.00012834559512117397
1720 0.0003038347602687874
1721 0.00012834559512117397
1722 0.0003038347602687874
1723 0.00012834559512117397
1724 0.0003038347602687874
1725 0.00012834559512117397
1726 0.0003038347602687874
1727 0.00012834559512117397
1728 0.0003038347602687874
1729 0.00012834559512117397
1730 0.0003038347602687874
1731 0.00012834559512117397
1732 0.0003038347602687874
1733 0.00012834559512117397
1734 0.0003038347602687874
1735 0.00012834559512117397
1736 0.0003038347602687874
1737 0.00012834559512117397
1738 0.0003038347602687874
1739 0.00012834559512117397
1740 0.0003038347602687874
1741 0.00012834559512117397
1742 0.0003038347602687874
1743 0.00012834559512117397
1744 0.0003038347602687874
1745 0.00012834559512117397
1746 0.0003038347602687874
1747 0.00012834559512117397
1748 0.0003038347602687874
1749 0.00012834559512117397
1750 0.0003038347602687874
1751 0.00012834559512117397
1752 0.0003038347602687874
1753 0.00012834559512117397
1754 0.0003038347602687874
1755 0.00012834559512117397
1756 0.0003038347602687874
1757 0.00012834559512117397
1758 0.0003038347602687874
1759 0.00012834559512117397
1760 0.0003038347602687874
1761 0.00012834559512117397
1762 0.0003038347602687874
1763 0.00012834559512117397
1764 0.0003038347602687874
1765 0.00012834559512117397
1766 0.0003038347602687874
1767 0.00012834559512117397
1768 0.0003038347602687874
1769 0.00012834559512117397
1770 0.0003038347602687874
1771 0.00012834559512117397
1772 0.0003038347602687874
1773 0.00012834559512117397
1774 0.0003038347602687874
1775 0.00012834559512117397
1776 0.0003038347602687874
1777 0.00012834559512117397
1778 0.0003038347602687874
1779 0.00012834559512117397
1780 0.0003038347602687874
1781 0.00012834559512117397
1782 0.0003038347602687874
1783 0.00012834559512117397
1784 0.0003038347602687874
1785 0.00012834559512117397
1786 0.0003038347602687874
1787 0.00012834559512117397
1788 0.0003038347602687874
1789 0.00012834559512117397
1790 0.0003038347602687874
1791 0.00012834559512117397
1792 0.0003038347602687874
1793 0.00012834559512117397
1794 0.0003038347602687874
1795 0.00012834559512117397
1796 0.0003038347602687874
1797 0.00012834559512117397
1798 0.0003038347602687874
1799 0.00012834559512117397
1800 0.0003038347602687874
1801 0.00012834559512117397
1802 0.0003038347602687874
1803 0.00012834559512117397
1804 0.0003038347602687874
1805 0.00012834559512117397
1806 0.0003038347602687874
1807 0.00012834559512117397
1808 0.0003038347602687874
1809 0.00012834559512117397
1810 0.0003038347602687874
1811 0.00012834559512117397
1812 0.0003038347602687874
1813 0.00012834559512117397
1814 0.0003038347602687874
1815 0.00012834559512117397
1816 0.0003038347602687874
1817 0.00012834559512117397
1818 0.0003038347602687874
1819 0.00012834559512117397
1820 0.0003038347602687874
1821 0.00012834559512117397
1822 0.0003038347602687874
1823 0.00012834559512117397
1824 0.0003038347602687874
1825 0.00012834559512117397
1826 0.0003038347602687874
1827 0.00012834559512117397
1828 0.0003038347602687874
1829 0.00012834559512117397
1830 0.0003038347602687874
1831 0.00012834559512117397
1832 0.0003038347602687874
1833 0.00012834559512117397
1834 0.0003038347602687874
1835 0.00012834559512117397
1836 0.0003038347602687874
1837 0.00012834559512117397
1838 0.0003038347602687874
1839 0.00012834559512117397
1840 0.0003038347602687874
1841 0.00012834559512117397
1842 0.0003038347602687874
1843 0.00012834559512117397
1844 0.0003038347602687874
1845 0.00012834559512117397
1846 0.0003038347602687874
1847 0.00012834559512117397
1848 0.0003038347602687874
1849 0.00012834559512117397
1850 0.0003038347602687874
1851 0.00012834559512117397
1852 0.0003038347602687874
1853 0.00012834559512117397
1854 0.0003038347602687874
1855 0.00012834559512117397
1856 0.0003038347602687874
1857 0.00012834559512117397
1858 0.0003038347602687874
1859 0.00012834559512117397
1860 0.0003038347602687874
1861 0.00012834559512117397
1862 0.0003038347602687874
1863 0.00012834559512117397
1864 0.0003038347602687874
1865 0.00012834559512117397
1866 0.0003038347602687874
1867 0.00012834559512117397
1868 0.0003038347602687874
1869 0.00012834559512117397
1870 0.0003038347602687874
1871 0.00012834559512117397
1872 0.0003038347602687874
1873 0.00012834559512117397
1874 0.0003038347602687874
1875 0.00012834559512117397
1876 0.0003038347602687874
1877 0.00012834559512117397
1878 0.0003038347602687874
1879 0.00012834559512117397
1880 0.0003038347602687874
1881 0.00012834559512117397
1882 0.0003038347602687874
1883 0.00012834559512117397
1884 0.0003038347602687874
1885 0.00012834559512117397
1886 0.0003038347602687874
1887 0.00012834559512117397
1888 0.0003038347602687874
1889 0.00012834559512117397
1890 0.0003038347602687874
1891 0.00012834559512117397
1892 0.0003038347602687874
1893 0.00012834559512117397
1894 0.0003038347602687874
1895 0.00012834559512117397
1896 0.0003038347602687874
1897 0.00012834559512117397
1898 0.0003038347602687874
1899 0.00012834559512117397
1900 0.0003038347602687874
1901 0.00012834559512117397
1902 0.0003038347602687874
1903 0.00012834559512117397
1904 0.0003038347602687874
1905 0.00012834559512117397
1906 0.0003038347602687874
1907 0.00012834559512117397
1908 0.0003038347602687874
1909 0.00012834559512117397
1910 0.0003038347602687874
1911 0.00012834559512117397
1912 0.0003038347602687874
1913 0.00012834559512117397
1914 0.0003038347602687874
1915 0.00012834559512117397
1916 0.0003038347602687874
1917 0.00012834559512117397
1918 0.0003038347602687874
1919 0.00012834559512117397
1920 0.0003038347602687874
1921 0.00012834559512117397
1922 0.0003038347602687874
1923 0.00012834559512117397
1924 0.0003038347602687874
1925 0.00012834559512117397
1926 0.0003038347602687874
1927 0.00012834559512117397
1928 0.0003038347602687874
1929 0.00012834559512117397
1930 0.0003038347602687874
1931 0.00012834559512117397
1932 0.0003038347602687874
1933 0.00012834559512117397
1934 0.0003038347602687874
1935 0.00012834559512117397
1936 0.0003038347602687874
1937 0.00012834559512117397
1938 0.0003038347602687874
1939 0.00012834559512117397
1940 0.0003038347602687874
1941 0.00012834559512117397
1942 0.0003038347602687874
1943 0.00012834559512117397
1944 0.0003038347602687874
1945 0.00012834559512117397
1946 0.0003038347602687874
1947 0.00012834559512117397
1948 0.0003038347602687874
1949 0.00012834559512117397
1950 0.0003038347602687874
1951 0.00012834559512117397
1952 0.0003038347602687874
1953 0.00012834559512117397
1954 0.0003038347602687874
1955 0.00012834559512117397
1956 0.0003038347602687874
1957 0.00012834559512117397
1958 0.0003038347602687874
1959 0.00012834559512117397
1960 0.0003038347602687874
1961 0.00012834559512117397
1962 0.0003038347602687874
1963 0.00012834559512117397
1964 0.0003038347602687874
1965 0.00012834559512117397
1966 0.0003038347602687874
1967 0.00012834559512117397
1968 0.0003038347602687874
1969 0.00012834559512117397
1970 0.0003038347602687874
1971 0.00012834559512117397
1972 0.0003038347602687874
1973 0.00012834559512117397
1974 0.0003038347602687874
1975 0.00012834559512117397
1976 0.0003038347602687874
1977 0.00012834559512117397
1978 0.0003038347602687874
1979 0.00012834559512117397
1980 0.0003038347602687874
1981 0.00012834559512117397
1982 0.0003038347602687874
1983 0.00012834559512117397
1984 0.0003038347602687874
1985 0.00012834559512117397
1986 0.0003038347602687874
1987 0.00012834559512117397
1988 0.0003038347602687874
1989 0.00012834559512117397
1990 0.0003038347602687874
1991 0.00012834559512117397
1992 0.0003038347602687874
1993 0.00012834559512117397
1994 0.0003038347602687874
1995 0.00012834559512117397
1996 0.0003038347602687874
1997 0.00012834559512117397
1998 0.0003038347602687874
1999 0.00012834559512117397
2000 0.0003038347602687874
2001 0.00012834559512117397
2002 0.0003038347602687874
2003 0.00012834559512117397
2004 0.0003038347602687874
2005 0.00012834559512117397
2006 0.0003038347602687874
2007 0.00012834559512117397
2008 0.0003038347602687874
2009 0.00012834559512117397
2010 0.0003038347602687874
2011 0.00012834559512117397
2012 0.0003038347602687874
2013 0.00012834559512117397
2014 0.0003038347602687874
2015 0.00012834559512117397
2016 0.0003038347602687874
2017 0.00012834559512117397
2018 0.0003038347602687874
2019 0.00012834559512117397
2020 0.0003038347602687874
2021 0.00012834559512117397
2022 0.0003038347602687874
2023 0.00012834559512117397
2024 0.0003038347602687874
2025 0.00012834559512117397
2026 0.0003038347602687874
2027 0.00012834559512117397
2028 0.0003038347602687874
2029 0.00012834559512117397
2030 0.0003038347602687874
2031 0.00012834559512117397
2032 0.0003038347602687874
2033 0.00012834559512117397
2034 0.0003038347602687874
2035 0.00012834559512117397
2036 0.0003038347602687874
2037 0.00012834559512117397
2038 0.0003038347602687874
2039 0.00012834559512117397
2040 0.0003038347602687874
2041 0.00012834559512117397
2042 0.0003038347602687874
2043 0.00012834559512117397
2044 0.0003038347602687874
2045 0.00012834559512117397
2046 0.0003038347602687874
2047 0.00012834559512117397
2048 0.0003038347602687874
2049 0.00012834559512117397
2050 0.0003038347602687874
2051 0.00012834559512117397
2052 0.0003038347602687874
2053 0.00012834559512117397
2054 0.0003038347602687874
2055 0.00012834559512117397
2056 0.0003038347602687874
2057 0.00012834559512117397
2058 0.0003038347602687874
2059 0.00012834559512117397
2060 0.0003038347602687874
2061 0.00012834559512117397
2062 0.0003038347602687874
2063 0.00012834559512117397
2064 0.0003038347602687874
2065 0.00012834559512117397
2066 0.0003038347602687874
2067 0.00012834559512117397
2068 0.0003038347602687874
2069 0.00012834559512117397
2070 0.0003038347602687874
2071 0.00012834559512117397
2072 0.0003038347602687874
2073 0.00012834559512117397
2074 0.0003038347602687874
2075 0.00012834559512117397
2076 0.0003038347602687874
2077 0.00012834559512117397
2078 0.0003038347602687874
2079 0.00012834559512117397
2080 0.0003038347602687874
2081 0.00012834559512117397
2082 0.0003038347602687874
2083 0.00012834559512117397
2084 0.0003038347602687874
2085 0.00012834559512117397
2086 0.0003038347602687874
2087 0.00012834559512117397
2088 0.0003038347602687874
2089 0.00012834559512117397
2090 0.0003038347602687874
2091 0.00012834559512117397
2092 0.0003038347602687874
2093 0.00012834559512117397
2094 0.0003038347602687874
2095 0.00012834559512117397
2096 0.0003038347602687874
2097 0.00012834559512117397
2098 0.0003038347602687874
2099 0.00012834559512117397
2100 0.0003038347602687874
2101 0.00012834559512117397
2102 0.0003038347602687874
2103 0.00012834559512117397
2104 0.0003038347602687874
2105 0.00012834559512117397
2106 0.0003038347602687874
2107 0.00012834559512117397
2108 0.0003038347602687874
2109 0.00012834559512117397
2110 0.0003038347602687874
2111 0.00012834559512117397
2112 0.0003038347602687874
2113 0.00012834559512117397
2114 0.0003038347602687874
2115 0.00012834559512117397
2116 0.0003038347602687874
2117 0.00012834559512117397
2118 0.0003038347602687874
2119 0.00012834559512117397
2120 0.0003038347602687874
2121 0.00012834559512117397
2122 0.0003038347602687874
2123 0.00012834559512117397
2124 0.0003038347602687874
2125 0.00012834559512117397
2126 0.0003038347602687874
2127 0.00012834559512117397
2128 0.0003038347602687874
2129 0.00012834559512117397
2130 0.0003038347602687874
2131 0.00012834559512117397
2132 0.0003038347602687874
2133 0.00012834559512117397
2134 0.0003038347602687874
2135 0.00012834559512117397
2136 0.0003038347602687874
2137 0.00012834559512117397
2138 0.0003038347602687874
2139 0.00012834559512117397
2140 0.0003038347602687874
2141 0.00012834559512117397
2142 0.0003038347602687874
2143 0.00012834559512117397
2144 0.0003038347602687874
2145 0.00012834559512117397
2146 0.0003038347602687874
2147 0.00012834559512117397
2148 0.0003038347602687874
2149 0.00012834559512117397
2150 0.0003038347602687874
2151 0.00012834559512117397
2152 0.0003038347602687874
2153 0.00012834559512117397
2154 0.0003038347602687874
2155 0.00012834559512117397
2156 0.0003038347602687874
2157 0.00012834559512117397
2158 0.0003038347602687874
2159 0.00012834559512117397
2160 0.0003038347602687874
2161 0.00012834559512117397
2162 0.0003038347602687874
2163 0.00012834559512117397
2164 0.0003038347602687874
2165 0.00012834559512117397
2166 0.0003038347602687874
2167 0.00012834559512117397
2168 0.0003038347602687874
2169 0.00012834559512117397
2170 0.0003038347602687874
2171 0.00012834559512117397
2172 0.0003038347602687874
2173 0.00012834559512117397
2174 0.0003038347602687874
2175 0.00012834559512117397
2176 0.0003038347602687874
2177 0.00012834559512117397
2178 0.0003038347602687874
2179 0.00012834559512117397
2180 0.0003038347602687874
2181 0.00012834559512117397
2182 0.0003038347602687874
2183 0.00012834559512117397
2184 0.0003038347602687874
2185 0.00012834559512117397
2186 0.0003038347602687874
2187 0.00012834559512117397
2188 0.0003038347602687874
2189 0.00012834559512117397
2190 0.0003038347602687874
2191 0.00012834559512117397
2192 0.0003038347602687874
2193 0.00012834559512117397
2194 0.0003038347602687874
2195 0.00012834559512117397
2196 0.0003038347602687874
2197 0.00012834559512117397
2198 0.0003038347602687874
2199 0.00012834559512117397
2200 0.0003038347602687874
2201 0.00012834559512117397
2202 0.0003038347602687874
2203 0.00012834559512117397
2204 0.0003038347602687874
2205 0.00012834559512117397
2206 0.0003038347602687874
2207 0.00012834559512117397
2208 0.0003038347602687874
2209 0.00012834559512117397
2210 0.0003038347602687874
2211 0.00012834559512117397
2212 0.0003038347602687874
2213 0.00012834559512117397
2214 0.0003038347602687874
2215 0.00012834559512117397
2216 0.0003038347602687874
2217 0.00012834559512117397
2218 0.0003038347602687874
2219 0.0003038347602687874
2220 0.0008506937422671438
2221 0.0008506937422671438
2222 0.00012834559512117397
2223 0.0003038347602687874
2224 0.0003038347602687874
2225 0.0008506937422671438
2226 0.0008506937422671438
2227 0.00012834559512117397
2228 0.0003038347602687874
2229 0.0003038347602687874
2230 0.0008506937422671438
2231 0.0008506937422671438
2232 0.00012834559512117397
2233 0.0003038347602687874
2234 0.0003038347602687874
2235 0.0008506937422671438
2236 0.0008506937422671438
2237 0.00012834559512117397
2238 0.0003038347602687874
2239 0.0003038347602687874
2240 0.0008506937422671438
2241 0.0008506937422671438
2242 0.00012834559512117397
2243 0.0003038347602687874
2244 0.0003038347602687874
2245 0.00042187725572707756
2246 0.00042187725572707756
2247 0.00012834559512117397
2248 0.0003038347602687874
2249 0.0003038347602687874
2250 0.00042187725572707756
2251 0.00042187725572707756
2252 0.00012834559512117397
2253 0.0003038347602687874
2254 0.0003038347602687874
2255 0.00042187725572707756
2256 0.00042187725572707756
2257 0.00012834559512117397
2258 0.0003038347602687874
2259 0.0003038347602687874
2260 0.00042187725572707756
2261 0.00042187725572707756
2262 0.00012834559512117397
2263 0.0003038347602687874
2264 0.0003038347602687874
2265 0.00042187725572707756
2266 0.00042187725572707756
2267 0.00012834559512117397
2268 0.0003038347602687874
2269 0.0003038347602687874
2270 0.00042187725572707756
2271 0.00042187725572707756
2272 0.00012834559512117397
2273 0.0003038347602687874
2274 0.0003038347602687874
2275 0.00042187725572707756
2276 0.00042187725572707756
2277 0.00012834559512117397
2278 0.0003038347602687874
2279 0.0003038347602687874
2280 0.00042187725572707756
2281 0.00042187725572707756
2282 0.00012834559512117397
2283 0.0003038347602687874
2284 0.0003038347602687874
2285 0.00042187725572707756
2286 0.00042187725572707756
2287 0.00012834559512117397
2288 0.0003038347602687874
2289 0.0003038347602687874
2290 0.00042187725572707756
2291 0.00042187725572707756
2292 0.00012834559512117397
2293 0.0003038347602687874
2294 0.0003038347602687874
2295 0.00042187725572707756
2296 0.00042187725572707756
2297 0.00012834559512117397
2298 0.002140588373979719
2299 0.002140588373979719
2300 0.002140588373979719
2301 0.002140588373979719
2302 0.0008506937422671438
2303 0.0008506937422671438
2304 0.0003038347602687874
2305 0.0003038347602687874
2306 0.002140588373979719
2307 0.002140588373979719
2308 0.002140588373979719
2309 0.002140588373979719
2310 0.0008506937422671438
2311 0.0008506937422671438
2312 0.0003038347602687874
2313 0.0003038347602687874
2314 0.002140588373979719
2315 0.002140588373979719
2316 0.002140588373979719
2317 0.002140588373979719
2318 0.0008506937422671438
2319 0.0008506937422671438
2320 0.0003038347602687874
2321 0.0003038347602687874
2322 0.002140588373979719
2323 0.002140588373979719
2324 0.002140588373979719
2325 0.002140588373979719
2326 0.0008506937422671438
2327 0.0008506937422671438
2328 0.0003038347602687874
2329 0.0003038347602687874
2330 0.002140588373979719
2331 0.002140588373979719
2332 0.002140588373979719
2333 0.002140588373979719
2334 0.0008506937422671438
2335 0.0008506937422671438
2336 0.0003038347602687874
2337 0.0003038347602687874
2338 0.002140588373979719
2339 0.002140588373979719
2340 0.002140588373979719
2341 0.002140588373979719
2342 0.0003038347602687874
2343 0.0003038347602687874
2344 0.0003038347602687874
2345 0.0003038347602687874
2346 0.0008506937422671438
2347 0.0008506937422671438
2348 0.0008506937422671438
2349 0.0008506937422671438
2350 0.0003038347602687874
2351 0.0003038347602687874
2352 0.0003038347602687874
2353 0.0003038347602687874
2354 0.0008506937422671438
2355 0.0008506937422671438
2356 0.0008506937422671438
2357 0.0008506937422671438
2358 0.0003038347602687874
2359 0.0003038347602687874
2360 0.0003038347602687874
2361 0.0003038347602687874
2362 0.0008506937422671438
2363 0.0008506937422671438
2364 0.0008506937422671438
2365 0.0008506937422671438
2366 0.0003038347602687874
2367 0.0003038347602687874
2368 0.0003038347602687874
2369 0.0003038347602687874
2370 0.0008506937422671438
2371 0.0008506937422671438
2372 0.0008506937422671438
2373 0.0008506937422671438
2374 0.0003038347602687874
2375 0.0003038347602687874
2376 0.0003038347602687874
2377 0.0003038347602687874
2378 0.0008506937422671438
2379 0.0008506937422671438
2380 0.0008506937422671438
2381 0.0008506937422671438
2382 0.0003038347602687874
2383 0.0003038347602687874
2384 0.0003038347602687874
2385 0.0003038347602687874
2386 0.00042187725572707756
2387 0.00042187725572707756
2388 0.00042187725572707756
2389 0.00042187725572707756
2390 0.0003038347602687874
2391 0.0003038347602687874
2392 0.0003038347602687874
2393 0.0003038347602687874
2394 0.00042187725572707756
2395 0.00042187725572707756
2396 0.00042187725572707756
2397 0.00042187725572707756
2398 0.0003038347602687874
2399 0.0003038347602687874
2400 0.0003038347602687874
2401 0.0003038347602687874
2402 0.00042187725572707756
2403 0.00042187725572707756
2404 0.00042187725572707756
2405 0.00042187725572707756
2406 0.0003038347602687874
2407 0.0003038347602687874
2408 0.0003038347602687874
2409 0.0003038347602687874
2410 0.00042187725572707756
2411 0.00042187725572707756
2412 0.00042187725572707756
2413 0.00042187725572707756
2414 0.0003038347602687874
2415 0.0003038347602687874
2416 0.0003038347602687874
2417 0.0003038347602687874
2418 0.002140588373979719
2419 0.002140588373979719
2420 0.002140588373979719
2421 0.002140588373979719
2422 0.00214287745219334
2423 0.0009126152734679698
2424 0.0009126152734679698
2425 0.0003038347602687874
2426 0.0003038347602687874
2427 0.0008506937422671438
2428 0.0008506937422671438
2429 0.00012834559512117397
2430 0.0003038347602687874
2431 0.0003038347602687874
2432 0.0008506937422671438
2433 0.0008506937422671438
2434 0.00012834559512117397
2435 0.0003038347602687874
2436 0.0003038347602687874
2437 0.0008506937422671438
2438 0.0008506937422671438
2439 0.00012834559512117397
2440 0.0003038347602687874
2441 0.0003038347602687874
2442 0.0008506937422671438
2443 0.0008506937422671438
2444 0.00012834559512117397
2445 0.0003038347602687874
2446 0.0003038347602687874
2447 0.0008506937422671438
2448 0.0008506937422671438
2449 0.00012834559512117397
2450 0.0003038347602687874
2451 0.0003038347602687874
2452 0.00042187725572707756
2453 0.00042187725572707756
2454 0.00012834559512117397
2455 0.0003038347602687874
2456 0.0003038347602687874
2457 0.00042187725572707756
2458 0.00042187725572707756
2459 0.00012834559512117397
2460 0.0003038347602687874
2461 0.0003038347602687874
2462 0.00042187725572707756
2463 0.00042187725572707756
2464 0.00012834559512117397
2465 0.0003038347602687874
2466 0.0003038347602687874
2467 0.00042187725572707756
2468 0.00042187725572707756
2469 0.00012834559512117397
2470 0.0003038347602687874
2471 0.0003038347602687874
2472 0.00042187725572707756
2473 0.00042187725572707756
2474 0.00012834559512117397
2475 0.0003038347602687874
2476 0.0003038347602687874
2477 0.00042187725572707756
2478 0.00042187725572707756
2479 0.00012834559512117397
2480 0.0003038347602687874
2481 0.0003038347602687874
2482 0.00042187725572707756
2483 0.00042187725572707756
2484 0.00012834559512117397
2485 0.0003038347602687874
2486 0.0003038347602687874
2487 0.00042187725572707756
2488 0.00042187725572707756
2489 0.00012834559512117397
2490 0.0003038347602687874
2491 0.0003038347602687874
2492 0.00042187725572707756
2493 0.00042187725572707756
2494 0.00012834559512117397
2495 0.0003038347602687874
2496 0.0003038347602687874
2497 0.00042187725572707756
2498 0.00042187725572707756
2499 0.00012834559512117397
2500 0.0003038347602687874
2501 0.0003038347602687874
2502 0.00042187725572707756
2503 0.00042187725572707756
2504 0.00012834559512117397
2505 0.002140588373979719
2506 0.002140588373979719
2507 0.002140588373979719
2508 0.002140588373979719
2509 0.0008506937422671438
2510 0.0008506937422671438
2511 0.0003038347602687874
2512 0.0003038347602687874
2513 0.002140588373979719
2514 0.002140588373979719
2515 0.002140588373979719
2516 0.002140588373979719
2517 0.0008506937422671438
2518 0.0008506937422671438
2519 0.0003038347602687874
2520 0.0003038347602687874
2521 0.002140588373979719
2522 0.002140588373979719
2523 0.002140588373979719
2524 0.002140588373979719
2525 0.0008506937422671438
2526 0.0008506937422671438
2527 0.0003038347602687874
2528 0.0003038347602687874
2529 0.002140588373979719
2530 0.002140588373979719
2531 0.002140588373979719
2532 0.002140588373979719
2533 0.0008506937422671438
2534 0.0008506937422671438
2535 0.0003038347602687874
2536 0.0003038347602687874
2537 0.002140588373979719
2538 0.002140588373979719
2539 0.002140588373979719
2540 0.002140588373979719
2541 0.0008506937422671438
2542 0.0008506937422671438
2543 0.0003038347602687874
2544 0.0003038347602687874
2545 0.002140588373979719
2546 0.002140588373979719
2547 0.002140588373979719
2548 0.002140588373979719
2549 0.0003038347602687874
2550 0.0003038347602687874
2551 0.0003038347602687874
2552 0.0003038347602687874
2553 0.0008506937422671438
2554 0.0008506937422671438
2555 0.0008506937422671438
2556 0.0008506937422671438
2557 0.0003038347602687874
2558 0.0003038347602687874
2559 0.0003038347602687874
2560 0.0003038347602687874
2561 0.0008506937422671438
2562 0.0008506937422671438
2563 0.0008506937422671438
2564 0.0008506937422671438
2565 0.0003038347602687874
2566 0.0003038347602687874
2567 0.0003038347602687874
2568 0.0003038347602687874
2569 0.0008506937422671438
2570 0.0008506937422671438
2571 0.0008506937422671438
2572 0.0008506937422671438
2573 0.0003038347602687874
2574 0.0003038347602687874
2575 0.0003038347602687874
2576 0.0003038347602687874
2577 0.0008506937422671438
2578 0.0008506937422671438
2579 0.0008506937422671438
2580 0.0008506937422671438
2581 0.0003038347602687874
2582 0.0003038347602687874
2583 0.0003038347602687874
2584 0.0003038347602687874
2585 0.0008506937422671438
2586 0.0008506937422671438
2587 0.0008506937422671438
2588 0.0008506937422671438
2589 0.0003038347602687874
2590 0.0003038347602687874
2591 0.0003038347602687874
2592 0.0003038347602687874
2593 0.00042187725572707756
2594 0.00042187725572707756
2595 0.00042187725572707756
2596 0.00042187725572707756
2597 0.0003038347602687874
2598 0.0003038347602687874
2599 0.0003038347602687874
2600 0.0003038347602687874
2601 0.00042187725572707756
2602 0.00042187725572707756
2603 0.00042187725572707756
2604 0.00042187725572707756
2605 0.0003038347602687874
2606 0.0003038347602687874
2607 0.0003038347602687874
2608 0.0003038347602687874
2609 0.00042187725572707756
2610 0.00042187725572707756
2611 0.00042187725572707756
2612 0.00042187725572707756
2613 0.0003038347602687874
2614 0.0003038347602687874
2615 0.0003038347602687874
2616 0.0003038347602687874
2617 0.00042187725572707756
2618 0.00042187725572707756
2619 0.00042187725572707756
2620 0.00042187725572707756
2621 0.0003038347602687874
2622 0.0003038347602687874
2623 0.0003038347602687874
2624 0.0003038347602687874
2625 0.002140588373979719
2626 0.002140588373979719
2627 0.002140588373979719
2628 0.002140588373979719
2629 0.00214287745219334
2630 0.0009126152734679698
2631 0.0009126152734679698
2632 0.002140588373979719
2633 0.002140588373979719
2634 0.002140588373979719
2635 0.002140588373979719
2636 0.0003038347602687874
2637 0.0003038347602687874
2638 0.00042187725572707756
2639 0.00042187725572707756
2640 0.00012834559512117397
2641 0.0003038347602687874
2642 0.0003038347602687874
2643 0.00042187725572707756
2644 0.00042187725572707756
2645 0.00012834559512117397
2646 0.0003038347602687874
2647 0.0003038347602687874
2648 0.00042187725572707756
2649 0.00042187725572707756
2650 0.00012834559512117397
2651 0.0003038347602687874
2652 0.0003038347602687874
2653 0.00042187725572707756
2654 0.00042187725572707756
2655 0.00012834559512117397
2656 0.0003038347602687874
2657 0.0003038347602687874
2658 0.00042187725572707756
2659 0.00042187725572707756
2660 0.00012834559512117397
2661 0.0003038347602687874
2662 0.0003038347602687874
2663 0.00042187725572707756
2664 0.00042187725572707756
2665 0.00012834559512117397
2666 0.0003038347602687874
2667 0.0003038347602687874
2668 0.00042187725572707756
2669 0.00042187725572707756
2670 0.00012834559512117397
2671 0.00042187725572707756
2672 0.00042187725572707756
2673 0.00042187725572707756
2674 0.00042187725572707756
2675 0.0003038347602687874
2676 0.0003038347602687874
2677 0.0003038347602687874
2678 0.0003038347602687874
2679 0.00042187725572707756
2680 0.00042187725572707756
2681 0.00042187725572707756
2682 0.00042187725572707756
2683 0.0003038347602687874
2684 0.0003038347602687874
2685 0.0003038347602687874
2686 0.0003038347602687874
2687 0.00042187725572707756
2688 0.00042187725572707756
2689 0.00042187725572707756
2690 0.00042187725572707756
2691 0.0003038347602687874
2692 0.0003038347602687874
2693 0.0003038347602687874
2694 0.0003038347602687874
2695 0.00042187725572707756
2696 0.00042187725572707756
2697 0.00042187725572707756
2698 0.00042187725572707756
2699 0.0003038347602687874
2700 0.0003038347602687874
2701 0.0003038347602687874
2702 0.0003038347602687874
2703 0.00042187725572707756
2704 0.00042187725572707756
2705 0.00042187725572707756
2706 0.00042187725572707756
2707 0.0003038347602687874
2708 0.0003038347602687874
2709 0.0003038347602687874
2710 0.0003038347602687874
2711 0.00042187725572707756
2712 0.00042187725572707756
2713 0.00042187725572707756
2714 0.00042187725572707756
2715 0.0003038347602687874
2716 0.0003038347602687874
2717 0.0003038347602687874
2718 0.0003038347602687874
2719 0.002140588373979719
2720 0.002140588373979719
2721 0.002140588373979719
2722 0.002140588373979719
2723 0.0003038347602687874
2724 0.0003038347602687874
2725 0.00042187725572707756
2726 0.00042187725572707756
2727 0.00012834559512117397
2728 0.0003038347602687874
2729 0.0003038347602687874
2730 0.00042187725572707756
2731 0.00042187725572707756
2732 0.00012834559512117397
2733 0.0003038347602687874
2734 0.0003038347602687874
2735 0.00042187725572707756
2736 0.00042187725572707756
2737 0.00012834559512117397
2738 0.0003038347602687874
2739 0.0003038347602687874
2740 0.00042187725572707756
2741 0.00042187725572707756
2742 0.00012834559512117397
2743 0.0003038347602687874
2744 0.0003038347602687874
2745 0.00042187725572707756
2746 0.00042187725572707756
2747 0.00012834559512117397
2748 0.0003038347602687874
2749 0.0003038347602687874
2750 0.00042187725572707756
2751 0.00042187725572707756
2752 0.00012834559512117397
2753 0.0003038347602687874
2754 0.0003038347602687874
2755 0.00042187725572707756
2756 0.00042187725572707756
2757 0.00012834559512117397
2758 0.00042187725572707756
2759 0.00042187725572707756
2760 0.00042187725572707756
2761 0.00042187725572707756
2762 0.0003038347602687874
2763 0.0003038347602687874
2764 0.0003038347602687874
2765 0.0003038347602687874
2766 0.00042187725572707756
2767 0.00042187725572707756
2768 0.00042187725572707756
2769 0.00042187725572707756
2770 0.0003038347602687874
2771 0.0003038347602687874
2772 0.0003038347602687874
2773 0.0003038347602687874
2774 0.00042187725572707756
2775 0.00042187725572707756
2776 0.00042187725572707756
2777 0.00042187725572707756
2778 0.0003038347602687874
2779 0.0003038347602687874
2780 0.0003038347602687874
2781 0.0003038347602687874
2782 0.00042187725572707756
2783 0.00042187725572707756
2784 0.00042187725572707756
2785 0.00042187725572707756
2786 0.0003038347602687874
2787 0.0003038347602687874
2788 0.0003038347602687874
2789 0.0003038347602687874
2790 0.00042187725572707756
2791 0.00042187725572707756
2792 0.00042187725572707756
2793 0.00042187725572707756
2794 0.0003038347602687874
2795 0.0003038347602687874
2796 0.0003038347602687874
2797 0.0003038347602687874
2798 0.00042187725572707756
2799 0.00042187725572707756
2800 0.00042187725572707756
2801 0.00042187725572707756
2802 0.0003038347602687874
2803 0.0003038347602687874
2804 0.0003038347602687874
2805 0.0003038347602687874
2806 0.002140588373979719
2807 0.002140588373979719
2808 0.002140588373979719
2809 0.002140588373979719
2810 0.0003038347602687874
2811 0.0003038347602687874
2812 0.00042187725572707756
2813 0.00042187725572707756
2814 0.00012834559512117397
2815 0.0003038347602687874
2816 0.0003038347602687874
2817 0.00042187725572707756
2818 0.00042187725572707756
2819 0.00012834559512117397
2820 0.0003038347602687874
2821 0.0003038347602687874
2822 0.00042187725572707756
2823 0.00042187725572707756
2824 0.00012834559512117397
2825 0.0003038347602687874
2826 0.0003038347602687874
2827 0.00042187725572707756
2828 0.00042187725572707756
2829 0.00012834559512117397
2830 0.0003038347602687874
2831 0.0003038347602687874
2832 0.00042187725572707756
2833 0.00042187725572707756
2834 0.00012834559512117397
2835 0.0003038347602687874
2836 0.0003038347602687874
2837 0.00042187725572707756
2838 0.00042187725572707756
2839 0.00012834559512117397
2840 0.0003038347602687874
2841 0.0003038347602687874
2842 0.00042187725572707756
2843 0.00042187725572707756
2844 0.00012834559512117397
2845 0.0003038347602687874
2846 0.0003038347602687874
2847 0.00042187725572707756
2848 0.00042187725572707756
2849 0.00012834559512117397
2850 0.00042187725572707756
2851 0.00042187725572707756
2852 0.00042187725572707756
2853 0.00042187725572707756
2854 0.0003038347602687874
2855 0.0003038347602687874
2856 0.0003038347602687874
2857 0.0003038347602687874
2858 0.00042187725572707756
2859 0.00042187725572707756
2860 0.00042187725572707756
2861 0.00042187725572707756
2862 0.0003038347602687874
2863 0.0003038347602687874
2864 0.0003038347602687874
2865 0.0003038347602687874
2866 0.00042187725572707756
2867 0.00042187725572707756
2868 0.00042187725572707756
2869 0.00042187725572707756
2870 0.0003038347602687874
2871 0.0003038347602687874
2872 0.0003038347602687874
2873 0.0003038347602687874
2874 0.00042187725572707756
2875 0.00042187725572707756
2876 0.00042187725572707756
2877 0.00042187725572707756
2878 0.0003038347602687874
2879 0.0003038347602687874
2880 0.0003038347602687874
2881 0.0003038347602687874
2882 0.00042187725572707756
2883 0.00042187725572707756
2884 0.00042187725572707756
2885 0.00042187725572707756
2886 0.0003038347602687874
2887 0.0003038347602687874
2888 0.0003038347602687874
2889 0.0003038347602687874
2890 0.00042187725572707756
2891 0.00042187725572707756
2892 0.00042187725572707756
2893 0.00042187725572707756
2894 0.0003038347602687874
2895 0.0003038347602687874
2896 0.0003038347602687874
2897 0.0003038347602687874
2898 0.00042187725572707756
2899 0.00042187725572707756
2900 0.00042187725572707756
2901 0.00042187725572707756
2902 0.0003038347602687874
2903 0.0003038347602687874
2904 0.0003038347602687874
2905 0.0003038347602687874
2906 0.002140588373979719
2907 0.002140588373979719
2908 0.002140588373979719
2909 0.002140588373979719
2910 0.0009126152734679698
$EndElementData
$ElementData
1
"Attribute:ShearAreaZ"
1
0
3
0
1
2910
1 0.00015395668953075635
2 0.00015395668953075635
3 0.00015395668953075635
4 0.00015395668953075635
5 0.00015395668953075635
6 0.00015395668953075635
7 0.00015395668953075635
8 0.00015395668953075635
9 0.00015395668953075635
10 0.00015395668953075635
11 0.00015395668953075635
12 0.00015395668953075635
13 0.00015395668953075635
14 0.00015395668953075635
15 0.00015395668953075635
16 0.00015395668953075635
17 0.00015395668953075635
18 0.00015395668953075635
19 0.00015395668953075635
20 0.00015395668953075635
21 0.00031247790836282926
22 0.00015395668953075635
23 0.00015395668953075635
24 0.00015395668953075635
25 0.00015395668953075635
26 0.00015395668953075635
27 0.00015395668953075635
28 0.00015395668953075635
29 0.00015395668953075635
30 0.00015395668953075635
31 0.00015395668953075635
32 0.00015395668953075635
33 0.00015395668953075635
34 0.00015395668953075635
35 0.00015395668953075635
36 0.00015395668953075635
37 0.00015395668953075635
38 0.00015395668953075635
39 0.00015395668953075635
40 0.00015395668953075635
41 0.00015395668953075635
42 0.00031247790836282926
43 0.00015395668953075635
44 0.00015395668953075635
45 0.00015395668953075635
46 0.00015395668953075635
47 0.00015395668953075635
48 0.00015395668953075635
49 0.00015395668953075635
50 0.00015395668953075635
51 0.00015395668953075635
52 0.00015395668953075635
53 0.00015395668953075635
54 0.00015395668953075635
55 0.00015395668953075635
56 0.00015395668953075635
57 0.00015395668953075635
58 0.00015395668953075635
59 0.00015395668953075635
60 0.00015395668953075635
61 0.00015395668953075635
62 0.00015395668953075635
63 0.00031247790836282926
64 0.00015395668953075635
65 0.00015395668953075635
66 0.00015395668953075635
67 0.00015395668953075635
68 0.00015395668953075635
69 0.00015395668953075635
70 0.00015395668953075635
71 0.00015395668953075635
72 0.00015395668953075635
73 0.00015395668953075635
74 0.00015395668953075635
75 0.00015395668953075635
76 0.00015395668953075635
77 0.00015395668953075635
78 0.00015395668953075635
79 0.00015395668953075635
80 0.00015395668953075635
81 0.00015395668953075635
82 0.00015395668953075635
83 0.00015395668953075635
84 0.00031247790836282926
85 0.00015395668953075635
86 0.00015395668953075635
87 0.00015395668953075635
88 0.00015395668953075635
89 0.00015395668953075635
90 0.00015395668953075635
91 0.00015395668953075635
92 0.00015395668953075635
93 0.00015395668953075635
94 0.00015395668953075635
95 0.00015395668953075635
96 0.00015395668953075635
97 0.00015395668953075635
98 0.00015395668953075635
99 0.00015395668953075635
100 0.00015395668953075635
101 0.00015395668953075635
102 0.00015395668953075635
103 0.00015395668953075635
104 0.00015395668953075635
105 0.00031247790836282926
106 0.00015395668953075635
107 0.00015395668953075635
108 0.00015395668953075635
109 0.00015395668953075635
110 0.00015395668953075635
111 0.00015395668953075635
112 0.00015395668953075635
113 0.00015395668953075635
114 0.00015395668953075635
115 0.00015395668953075635
116 0.00015395668953075635
117 0.00015395668953075635
118 0.00015395668953075635
119 0.00015395668953075635
120 0.00015395668953075635
121 0.00015395668953075635
122 0.00015395668953075635
123 0.00015395668953075635
124 0.00015395668953075635
125 0.00015395668953075635
126 0.00031247790836282926
127 0.00015395668953075635
128 0.00015395668953075635
129 0.00015395668953075635
130 0.00015395668953075635
131 0.00015395668953075635
132 0.00015395668953075635
133 0.00015395668953075635
134 0.00015395668953075635
135 0.00015395668953075635
136 0.00015395668953075635
137 0.00015395668953075635
138 0.00015395668953075635
139 0.00015395668953075635
140 0.00015395668953075635
141 0.00015395668953075635
142 0.00015395668953075635
143 0.00015395668953075635
144 0.00015395668953075635
145 0.00015395668953075635
146 0.00015395668953075635
147 0.00031247790836282926
148 0.00015395668953075635
149 0.00015395668953075635
150 0.00015395668953075635
151 0.00015395668953075635
152 0.00015395668953075635
153 0.00015395668953075635
154 0.00015395668953075635
155 0.00015395668953075635
156 0.00015395668953075635
157 0.00015395668953075635
158 0.00015395668953075635
159 0.00015395668953075635
160 0.00015395668953075635
161 0.00015395668953075635
162 0.00015395668953075635
163 0.00015395668953075635
164 0.00015395668953075635
165 0.00015395668953075635
166 0.00015395668953075635
167 0.00015395668953075635
168 0.00031247790836282926
169 0.00015395668953075635
170 0.00015395668953075635
171 0.00015395668953075635
172 0.00015395668953075635
173 0.00015395668953075635
174 0.00015395668953075635
175 0.00015395668953075635
176 0.00015395668953075635
177 0.00015395668953075635
178 0.00015395668953075635
179 0.00015395668953075635
180 0.00015395668953075635
181 0.00015395668953075635
182 0.00015395668953075635
183 0.00015395668953075635
184 0.00015395668953075635
185 0.00015395668953075635
186 0.00015395668953075635
187 0.00015395668953075635
188 0.00015395668953075635
189 0.00031247790836282926
190 0.00015395668953075635
191 0.00015395668953075635
192 0.00015395668953075635
193 0.00015395668953075635
194 0.00015395668953075635
195 0.00015395668953075635
196 0.00015395668953075635
197 0.00015395668953075635
198 0.00015395668953075635
199 0.00015395668953075635
200 0.00015395668953075635
201 0.00015395668953075635
202 0.00015395668953075635
203 0.00015395668953075635
204 0.00015395668953075635
205 0.00015395668953075635
206 0.00015395668953075635
207 0.00015395668953075635
208 0.00015395668953075635
209 0.00015395668953075635
210 0.00031247790836282926
211 0.00015395668953075635
212 0.00015395668953075635
213 0.00015395668953075635
214 0.00015395668953075635
215 0.00015395668953075635
216 0.00015395668953075635
217 0.00015395668953075635
218 0.00015395668953075635
219 0.00015395668953075635
220 0.00015395668953075635
221 0.00015395668953075635
222 0.00015395668953075635
223 0.00015395668953075635
224 0.00015395668953075635
225 0.00015395668953075635
226 0.00015395668953075635
227 0.00015395668953075635
228 0.00015395668953075635
229 0.00015395668953075635
230 0.00015395668953075635
231 0.00031247790836282926
232 0.00015395668953075635
233 0.00015395668953075635
234 0.00015395668953075635
235 0.00015395668953075635
236 0.00015395668953075635
237 0.00015395668953075635
238 0.00015395668953075635
239 0.00015395668953075635
240 0.00015395668953075635
241 0.00015395668953075635
242 0.00015395668953075635
243 0.00015395668953075635
244 0.00015395668953075635
245 0.00015395668953075635
246 0.00015395668953075635
247 0.00015395668953075635
248 0.00015395668953075635
249 0.00015395668953075635
250 0.00015395668953075635
251 0.00015395668953075635
252 0.00031247790836282926
253 0.00015395668953075635
254 0.00015395668953075635
255 0.00015395668953075635
256 0.00015395668953075635
257 0.00015395668953075635
258 0.00015395668953075635
259 0.00015395668953075635
260 0.00015395668953075635
261 0.00015395668953075635
262 0.00015395668953075635
263 0.00015395668953075635
264 0.00015395668953075635
265 0.00015395668953075635
266 0.00015395668953075635
267 0.00015395668953075635
268 0.00015395668953075635
269 0.00015395668953075635
270 0.00015395668953075635
271 0.00015395668953075635
272 0.00015395668953075635
273 0.00031247790836282926
274 0.00015395668953075635
275 0.00015395668953075635
276 0.00015395668953075635
277 0.00015395668953075635
278 0.00015395668953075635
279 0.00015395668953075635
280 0.00015395668953075635
281 0.00015395668953075635
282 0.00015395668953075635
283 0.00015395668953075635
284 0.00015395668953075635
285 0.00015395668953075635
286 0.00015395668953075635
287 0.00015395668953075635
288 0.00015395668953075635
289 0.00015395668953075635
290 0.00015395668953075635
291 0.00015395668953075635
292 0.00015395668953075635
293 0.00015395668953075635
294 0.00031247790836282926
295 0.0007903482879247669
296 0.0007903482879247669
297 0.0007903482879247669
298 0.0007903482879247669
299 0.0007903482879247669
300 0.0007903482879247669
301 0.0007903482879247669
302 0.0007903482879247669
303 0.0007903482879247669
304 0.0007903482879247669
305 0.0007903482879247669
306 0.0007903482879247669
307 0.0007903482879247669
308 0.0007903482879247669
309 0.0007903482879247669
310 0.0007903482879247669
311 0.0007903482879247669
312 0.0007903482879247669
313 0.0007903482879247669
314 0.0007903482879247669
315 0.00031247790836282926
316 0.00015395668953075635
317 0.00015395668953075635
318 0.00015395668953075635
319 0.00015395668953075635
320 0.00015395668953075635
321 0.00015395668953075635
322 0.00015395668953075635
323 0.00015395668953075635
324 0.00015395668953075635
325 0.00015395668953075635
326 0.00015395668953075635
327 0.00015395668953075635
328 0.00015395668953075635
329 0.00015395668953075635
330 0.00015395668953075635
331 0.00015395668953075635
332 0.00015395668953075635
333 0.00015395668953075635
334 0.00015395668953075635
335 0.00015395668953075635
336 0.00031247790836282926
337 0.0007903482879247669
338 0.0007903482879247669
339 0.0007903482879247669
340 0.0007903482879247669
341 0.0007903482879247669
342 0.0007903482879247669
343 0.0007903482879247669
344 0.0007903482879247669
345 0.0007903482879247669
346 0.0007903482879247669
347 0.0007903482879247669
348 0.0007903482879247669
349 0.0007903482879247669
350 0.0007903482879247669
351 0.0007903482879247669
352 0.0007903482879247669
353 0.0007903482879247669
354 0.0007903482879247669
355 0.0007903482879247669
356 0.0007903482879247669
357 0.00031247790836282926
358 0.00015395668953075635
359 0.00015395668953075635
360 0.00015395668953075635
361 0.00015395668953075635
362 0.00015395668953075635
363 0.00015395668953075635
364 0.00015395668953075635
365 0.00015395668953075635
366 0.00015395668953075635
367 0.00015395668953075635
368 0.00015395668953075635
369 0.00015395668953075635
370 0.00015395668953075635
371 0.00015395668953075635
372 0.00015395668953075635
373 0.00015395668953075635
374 0.00015395668953075635
375 0.00015395668953075635
376 0.00015395668953075635
377 0.00015395668953075635
378 0.00031247790836282926
379 0.00015395668953075635
380 0.00015395668953075635
381 0.00015395668953075635
382 0.00015395668953075635
383 0.00015395668953075635
384 0.00015395668953075635
385 0.00015395668953075635
386 0.00015395668953075635
387 0.00015395668953075635
388 0.00015395668953075635
389 0.00015395668953075635
390 0.00015395668953075635
391 0.00015395668953075635
392 0.00015395668953075635
393 0.00015395668953075635
394 0.00015395668953075635
395 0.00015395668953075635
396 0.00015395668953075635
397 0.00015395668953075635
398 0.00015395668953075635
399 0.00031247790836282926
400 0.00015395668953075635
401 0.00015395668953075635
402 0.00015395668953075635
403 0.00015395668953075635
404 0.00015395668953075635
405 0.00015395668953075635
406 0.00015395668953075635
407 0.00015395668953075635
408 0.00015395668953075635
409 0.00015395668953075635
410 0.00015395668953075635
411 0.00015395668953075635
412 0.00015395668953075635
413 0.00015395668953075635
414 0.00015395668953075635
415 0.00015395668953075635
416 0.00015395668953075635
417 0.00015395668953075635
418 0.00015395668953075635
419 0.00015395668953075635
420 0.00031247790836282926
421 0.00015395668953075635
422 0.00015395668953075635
423 0.00015395668953075635
424 0.00015395668953075635
425 0.00015395668953075635
426 0.00015395668953075635
427 0.00015395668953075635
428 0.00015395668953075635
429 0.00015395668953075635
430 0.00015395668953075635
431 0.00015395668953075635
432 0.00015395668953075635
433 0.00015395668953075635
434 0.00015395668953075635
435 0.00015395668953075635
436 0.00015395668953075635
437 0.00015395668953075635
438 0.00015395668953075635
439 0.00015395668953075635
440 0.00015395668953075635
441 0.00031247790836282926
442 0.00015395668953075635
443 0.00015395668953075635
444 0.00015395668953075635
445 0.00015395668953075635
446 0.00015395668953075635
447 0.00015395668953075635
448 0.00015395668953075635
449 0.00015395668953075635
450 0.00015395668953075635
451 0.00015395668953075635
452 0.00015395668953075635
453 0.00015395668953075635
454 0.00015395668953075635
455 0.00015395668953075635
456 0.00015395668953075635
457 0.00015395668953075635
458 0.00015395668953075635
459 0.00015395668953075635
460 0.00015395668953075635
461 0.00015395668953075635
462 0.00031247790836282926
463 0.00015395668953075635
464 0.00015395668953075635
465 0.00015395668953075635
466 0.00015395668953075635
467 0.00015395668953075635
468 0.00015395668953075635
469 0.00015395668953075635
470 0.00015395668953075635
471 0.00015395668953075635
472 0.00015395668953075635
473 0.00015395668953075635
474 0.00015395668953075635
475 0.00015395668953075635
476 0.00015395668953075635
477 0.00015395668953075635
478 0.00015395668953075635
479 0.00015395668953075635
480 0.00015395668953075635
481 0.00015395668953075635
482 0.00015395668953075635
483 0.00031247790836282926
484 0.00015395668953075635
485 0.00015395668953075635
486 0.00015395668953075635
487 0.00015395668953075635
488 0.00015395668953075635
489 0.00015395668953075635
490 0.00015395668953075635
491 0.00015395668953075635
492 0.00015395668953075635
493 0.00015395668953075635
494 0.00015395668953075635
495 0.00015395668953075635
496 0.00015395668953075635
497 0.00015395668953075635
498 0.00015395668953075635
499 0.00015395668953075635
500 0.00015395668953075635
501 0.00015395668953075635
502 0.00015395668953075635
503 0.00015395668953075635
504 0.00031247790836282926
505 0.00015395668953075635
506 0.00015395668953075635
507 0.00015395668953075635
508 0.00015395668953075635
509 0.00015395668953075635
510 0.00015395668953075635
511 0.00015395668953075635
512 0.00015395668953075635
513 0.00015395668953075635
514 0.00015395668953075635
515 0.00015395668953075635
516 0.00015395668953075635
517 0.00015395668953075635
518 0.00015395668953075635
519 0.00015395668953075635
520 0.00015395668953075635
521 0.00015395668953075635
522 0.00015395668953075635
523 0.00015395668953075635
524 0.00015395668953075635
525 0.00031247790836282926
526 0.00015395668953075635
527 0.00015395668953075635
528 0.00015395668953075635
529 0.00015395668953075635
530 0.00015395668953075635
531 0.00015395668953075635
532 0.00015395668953075635
533 0.00015395668953075635
534 0.00015395668953075635
535 0.00015395668953075635
536 0.00015395668953075635
537 0.00015395668953075635
538 0.00015395668953075635
539 0.00015395668953075635
540 0.00015395668953075635
541 0.00015395668953075635
542 0.00015395668953075635
543 0.00015395668953075635
544 0.00015395668953075635
545 0.00015395668953075635
546 0.00031247790836282926
547 0.00015395668953075635
548 0.00015395668953075635
549 0.00015395668953075635
550 0.00015395668953075635
551 0.00015395668953075635
552 0.00015395668953075635
553 0.00015395668953075635
554 0.00015395668953075635
555 0.00015395668953075635
556 0.00015395668953075635
557 0.00015395668953075635
558 0.00015395668953075635
559 0.00015395668953075635
560 0.00015395668953075635
561 0.00015395668953075635
562 0.00015395668953075635
563 0.00015395668953075635
564 0.00015395668953075635
565 0.00015395668953075635
566 0.00015395668953075635
567 0.00031247790836282926
568 0.00015395668953075635
569 0.00015395668953075635
570 0.00015395668953075635
571 0.00015395668953075635
572 0.00015395668953075635
573 0.00015395668953075635
574 0.00015395668953075635
575 0.00015395668953075635
576 0.00015395668953075635
577 0.00015395668953075635
578 0.00015395668953075635
579 0.00015395668953075635
580 0.00015395668953075635
581 0.00015395668953075635
582 0.00015395668953075635
583 0.00015395668953075635
584 0.00015395668953075635
585 0.00015395668953075635
586 0.00015395668953075635
587 0.00015395668953075635
588 0.00031247790836282926
589 0.00015395668953075635
590 0.00015395668953075635
591 0.00015395668953075635
592 0.00015395668953075635
593 0.00015395668953075635
594 0.00015395668953075635
595 0.00015395668953075635
596 0.00015395668953075635
597 0.00015395668953075635
598 0.00015395668953075635
599 0.00015395668953075635
600 0.00015395668953075635
601 0.00015395668953075635
602 0.00015395668953075635
603 0.00015395668953075635
604 0.00015395668953075635
605 0.00015395668953075635
606 0.00015395668953075635
607 0.00015395668953075635
608 0.00015395668953075635
609 0.00031247790836282926
610 0.00015395668953075635
611 0.00015395668953075635
612 0.00015395668953075635
613 0.00015395668953075635
614 0.00015395668953075635
615 0.00015395668953075635
616 0.00015395668953075635
617 0.00015395668953075635
618 0.00015395668953075635
619 0.00015395668953075635
620 0.00015395668953075635
621 0.00015395668953075635
622 0.00015395668953075635
623 0.00015395668953075635
624 0.00015395668953075635
625 0.00015395668953075635
626 0.00015395668953075635
627 0.00015395668953075635
628 0.00015395668953075635
629 0.00015395668953075635
630 0.00031247790836282926
631 0.00015395668953075635
632 0.00015395668953075635
633 0.00015395668953075635
634 0.00015395668953075635
635 0.00015395668953075635
636 0.00015395668953075635
637 0.00015395668953075635
638 0.00015395668953075635
639 0.00015395668953075635
640 0.00015395668953075635
641 0.00015395668953075635
642 0.00015395668953075635
643 0.00015395668953075635
644 0.00015395668953075635
645 0.00015395668953075635
646 0.00015395668953075635
647 0.00015395668953075635
648 0.00015395668953075635
649 0.00015395668953075635
650 0.00015395668953075635
651 0.00031247790836282926
652 0.00015395668953075635
653 0.00015395668953075635
654 0.00015395668953075635
655 0.00015395668953075635
656 0.00015395668953075635
657 0.00015395668953075635
658 0.00015395668953075635
659 0.00015395668953075635
660 0.00015395668953075635
661 0.00015395668953075635
662 0.00015395668953075635
663 0.00015395668953075635
664 0.00015395668953075635
665 0.00015395668953075635
666 0.00015395668953075635
667 0.00015395668953075635
668 0.00015395668953075635
669 0.00015395668953075635
670 0.00015395668953075635
671 0.00015395668953075635
672 0.00031247790836282926
673 0.00015395668953075635
674 0.00015395668953075635
675 0.00015395668953075635
676 0.00015395668953075635
677 0.00015395668953075635
678 0.00015395668953075635
679 0.00015395668953075635
680 0.00015395668953075635
681 0.00015395668953075635
682 0.00015395668953075635
683 0.00015395668953075635
684 0.00015395668953075635
685 0.00015395668953075635
686 0.00015395668953075635
687 0.00015395668953075635
688 0.00015395668953075635
689 0.00015395668953075635
690 0.00015395668953075635
691 0.00015395668953075635
692 0.00015395668953075635
693 0.00031247790836282926
694 0.00015395668953075635
695 0.00015395668953075635
696 0.00015395668953075635
697 0.00015395668953075635
698 0.00015395668953075635
699 0.00015395668953075635
700 0.00015395668953075635
701 0.00015395668953075635
702 0.00015395668953075635
703 0.00015395668953075635
704 0.00015395668953075635
705 0.00015395668953075635
706 0.00015395668953075635
707 0.00015395668953075635
708 0.00015395668953075635
709 0.00015395668953075635
710 0.00015395668953075635
711 0.00015395668953075635
712 0.00015395668953075635
713 0.00015395668953075635
714 0.00031247790836282926
715 0.00015395668953075635
716 0.00015395668953075635
717 0.00015395668953075635
718 0.00015395668953075635
719 0.00015395668953075635
720 0.00015395668953075635
721 0.00015395668953075635
722 0.00015395668953075635
723 0.00015395668953075635
724 0.00015395668953075635
725 0.00015395668953075635
726 0.00015395668953075635
727 0.00015395668953075635
728 0.00015395668953075635
729 0.00015395668953075635
730 0.00015395668953075635
731 0.00015395668953075635
732 0.00015395668953075635
733 0.00015395668953075635
734 0.00015395668953075635
735 0.00031247790836282926
736 0.00015395668953075635
737 0.00015395668953075635
738 0.00015395668953075635
739 0.00015395668953075635
740 0.00015395668953075635
741 0.00015395668953075635
742 0.00015395668953075635
743 0.00015395668953075635
744 0.00015395668953075635
745 0.00015395668953075635
746 0.00015395668953075635
747 0.00015395668953075635
748 0.00015395668953075635
749 0.00015395668953075635
750 0.00015395668953075635
751 0.00015395668953075635
752 0.00015395668953075635
753 0.00015395668953075635
754 0.00015395668953075635
755 0.00015395668953075635
756 0.00031247790836282926
757 0.00015395668953075635
758 0.00015395668953075635
759 0.00015395668953075635
760 0.00015395668953075635
761 0.00015395668953075635
762 0.00015395668953075635
763 0.00015395668953075635
764 0.00015395668953075635
765 0.00015395668953075635
766 0.00015395668953075635
767 0.00015395668953075635
768 0.00015395668953075635
769 0.00015395668953075635
770 0.00015395668953075635
771 0.00015395668953075635
772 0.00015395668953075635
773 0.00015395668953075635
774 0.00015395668953075635
775 0.00015395668953075635
776 0.00015395668953075635
777 0.00031247790836282926
778 0.00016836011980367143
779 0.00012834559512117397
780 0.00016836011980367143
781 0.00012834559512117397
782 0.00016836011980367143
783 0.00012834559512117397
784 0.00016836011980367143
785 0.00012834559512117397
786 0.00016836011980367143
787 0.00012834559512117397
788 0.00016836011980367143
789 0.00012834559512117397
790 0.00016836011980367143
791 0.00012834559512117397
792 0.00016836011980367143
793 0.00012834559512117397
794 0.00016836011980367143
795 0.00012834559512117397
796 0.00016836011980367143
797 0.00012834559512117397
798 0.00016836011980367143
799 0.00012834559512117397
800 0.00016836011980367143
801 0.00012834559512117397
802 0.00016836011980367143
803 0.00012834559512117397
804 0.00016836011980367143
805 0.00012834559512117397
806 0.00016836011980367143
807 0.00012834559512117397
808 0.00016836011980367143
809 0.00012834559512117397
810 0.00016836011980367143
811 0.00012834559512117397
812 0.00016836011980367143
813 0.00012834559512117397
814 0.00016836011980367143
815 0.00012834559512117397
816 0.00016836011980367143
817 0.00012834559512117397
818 0.00016836011980367143
819 0.00012834559512117397
820 0.00016836011980367143
821 0.00012834559512117397
822 0.00016836011980367143
823 0.00012834559512117397
824 0.00016836011980367143
825 0.00012834559512117397
826 0.00016836011980367143
827 0.00012834559512117397
828 0.00016836011980367143
829 0.00012834559512117397
830 0.00016836011980367143
831 0.00012834559512117397
832 0.00016836011980367143
833 0.00012834559512117397
834 0.00016836011980367143
835 0.00012834559512117397
836 0.00016836011980367143
837 0.00012834559512117397
838 0.00016836011980367143
839 0.00012834559512117397
840 0.00016836011980367143
841 0.00012834559512117397
842 0.00016836011980367143
843 0.00012834559512117397
844 0.00016836011980367143
845 0.00012834559512117397
846 0.00016836011980367143
847 0.00012834559512117397
848 0.00016836011980367143
849 0.00012834559512117397
850 0.00016836011980367143
851 0.00012834559512117397
852 0.00016836011980367143
853 0.00012834559512117397
854 0.00016836011980367143
855 0.00012834559512117397
856 0.00016836011980367143
857 0.00012834559512117397
858 0.00016836011980367143
859 0.00012834559512117397
860 0.00016836011980367143
861 0.00012834559512117397
862 0.00016836011980367143
863 0.00012834559512117397
864 0.00016836011980367143
865 0.00012834559512117397
866 0.00016836011980367143
867 0.00012834559512117397
868 0.00016836011980367143
869 0.00012834559512117397
870 0.00016836011980367143
871 0.00012834559512117397
872 0.00016836011980367143
873 0.00012834559512117397
874 0.00016836011980367143
875 0.00012834559512117397
876 0.00016836011980367143
877 0.00012834559512117397
878 0.00016836011980367143
879 0.00012834559512117397
880 0.00016836011980367143
881 0.00012834559512117397
882 0.00016836011980367143
883 0.00012834559512117397
884 0.00016836011980367143
885 0.00012834559512117397
886 0.00016836011980367143
887 0.00012834559512117397
888 0.00016836011980367143
889 0.00012834559512117397
890 0.00016836011980367143
891 0.00012834559512117397
892 0.00016836011980367143
893 0.00012834559512117397
894 0.00016836011980367143
895 0.00012834559512117397
896 0.00016836011980367143
897 0.00012834559512117397
898 0.00016836011980367143
899 0.00012834559512117397
900 0.00016836011980367143
901 0.00012834559512117397
902 0.00016836011980367143
903 0.00012834559512117397
904 0.00016836011980367143
905 0.00012834559512117397
906 0.00016836011980367143
907 0.00012834559512117397
908 0.00016836011980367143
909 0.00012834559512117397
910 0.00016836011980367143
911 0.00012834559512117397
912 0.00016836011980367143
913 0.00012834559512117397
914 0.00016836011980367143
915 0.00012834559512117397
916 0.00016836011980367143
917 0.00012834559512117397
918 0.00016836011980367143
919 0.00012834559512117397
920 0.00016836011980367143
921 0.00012834559512117397
922 0.00016836011980367143
923 0.00012834559512117397
924 0.00016836011980367143
925 0.00012834559512117397
926 0.00016836011980367143
927 0.00012834559512117397
928 0.00016836011980367143
929 0.00012834559512117397
930 0.00016836011980367143
931 0.00012834559512117397
932 0.00016836011980367143
933 0.00012834559512117397
934 0.00016836011980367143
935 0.00012834559512117397
936 0.00016836011980367143
937 0.00012834559512117397
938 0.00016836011980367143
939 0.00012834559512117397
940 0.00016836011980367143
941 0.00012834559512117397
942 0.00016836011980367143
943 0.00012834559512117397
944 0.00016836011980367143
945 0.00012834559512117397
946 0.00016836011980367143
947 0.00012834559512117397
948 0.00016836011980367143
949 0.00012834559512117397
950 0.00016836011980367143
951 0.00012834559512117397
952 0.00016836011980367143
953 0.00012834559512117397
954 0.00016836011980367143
955 0.00012834559512117397
956 0.00016836011980367143
957 0.00012834559512117397
958 0.00016836011980367143
959 0.00012834559512117397
960 0.00016836011980367143
961 0.00012834559512117397
962 0.00016836011980367143
963 0.00012834559512117397
964 0.00016836011980367143
965 0.00012834559512117397
966 0.00016836011980367143
967 0.00012834559512117397
968 0.00016836011980367143
969 0.00012834559512117397
970 0.00016836011980367143
971 0.00012834559512117397
972 0.00016836011980367143
973 0.00012834559512117397
974 0.00016836011980367143
975 0.00012834559512117397
976 0.00016836011980367143
977 0.00012834559512117397
978 0.00016836011980367143
979 0.00012834559512117397
980 0.00016836011980367143
981 0.00012834559512117397
982 0.00016836011980367143
983 0.00012834559512117397
984 0.00016836011980367143
985 0.00012834559512117397
986 0.00016836011980367143
987 0.00012834559512117397
988 0.00016836011980367143
989 0.00012834559512117397
990 0.00016836011980367143
991 0.00012834559512117397
992 0.00016836011980367143
993 0.00012834559512117397
994 0.00016836011980367143
995 0.00012834559512117397
996 0.00016836011980367143
997 0.00012834559512117397
998 0.00016836011980367143
999 0.00012834559512117397
1000 0.00016836011980367143
1001 0.00012834559512117397
1002 0.00016836011980367143
1003 0.00012834559512117397
1004 0.00016836011980367143
1005 0.00012834559512117397
1006 0.00016836011980367143
1007 0.00012834559512117397
1008 0.00016836011980367143
1009 0.00012834559512117397
1010 0.00016836011980367143
1011 0.00012834559512117397
1012 0.00016836011980367143
1013 0.00012834559512117397
1014 0.00016836011980367143
1015 0.00012834559512117397
1016 0.00016836011980367143
1017 0.00012834559512117397
1018 0.00016836011980367143
1019 0.00012834559512117397
1020 0.00016836011980367143
1021 0.00012834559512117397
1022 0.00016836011980367143
1023 0.00012834559512117397
1024 0.00016836011980367143
1025 0.00012834559512117397
1026 0.00016836011980367143
1027 0.00012834559512117397
1028 0.00016836011980367143
1029 0.00012834559512117397
1030 0.00016836011980367143
1031 0.00012834559512117397
1032 0.00016836011980367143
1033 0.00012834559512117397
1034 0.00016836011980367143
1035 0.00012834559512117397
1036 0.00016836011980367143
1037 0.00012834559512117397
1038 0.00016836011980367143
1039 0.00012834559512117397
1040 0.00016836011980367143
1041 0.00012834559512117397
1042 0.00016836011980367143
1043 0.00012834559512117397
1044 0.00016836011980367143
1045 0.00012834559512117397
1046 0.00016836011980367143
1047 0.00012834559512117397
1048 0.00016836011980367143
1049 0.00012834559512117397
1050 0.00016836011980367143
1051 0.00012834559512117397
1052 0.00016836011980367143
1053 0.00012834559512117397
1054 0.00016836011980367143
1055 0.00012834559512117397
1056 0.00016836011980367143
1057 0.00012834559512117397
1058 0.00016836011980367143
1059 0.00012834559512117397
1060 0.00016836011980367143
1061 0.00012834559512117397
1062 0.00016836011980367143
1063 0.00012834559512117397
1064 0.00016836011980367143
1065 0.00012834559512117397
1066 0.00016836011980367143
1067 0.00012834559512117397
1068 0.00016836011980367143
1069 0.00012834559512117397
1070 0.00016836011980367143
1071 0.00012834559512117397
1072 0.00016836011980367143
1073 0.00012834559512117397
1074 0.00016836011980367143
1075 0.00012834559512117397
1076 0.00016836011980367143
1077 0.00012834559512117397
1078 0.00016836011980367143
1079 0.00012834559512117397
1080 0.00016836011980367143
1081 0.00012834559512117397
1082 0.00016836011980367143
1083 0.00012834559512117397
1084 0.00016836011980367143
1085 0.00012834559512117397
1086 0.00016836011980367143
1087 0.00012834559512117397
1088 0.00016836011980367143
1089 0.00012834559512117397
1090 0.00016836011980367143
1091 0.00012834559512117397
1092 0.00016836011980367143
1093 0.00012834559512117397
1094 0.00016836011980367143
1095 0.00012834559512117397
1096 0.00016836011980367143
1097 0.00012834559512117397
1098 0.00016836011980367143
1099 0.00012834559512117397
1100 0.00016836011980367143
1101 0.00012834559512117397
1102 0.00016836011980367143
1103 0.00012834559512117397
1104 0.00016836011980367143
1105 0.00012834559512117397
1106 0.00016836011980367143
1107 0.00012834559512117397
1108 0.00016836011980367143
1109 0.00012834559512117397
1110 0.00016836011980367143
1111 0.00012834559512117397
1112 0.00016836011980367143
1113 0.00012834559512117397
1114 0.00016836011980367143
1115 0.00012834559512117397
1116 0.00016836011980367143
1117 0.00012834559512117397
1118 0.00016836011980367143
1119 0.00012834559512117397
1120 0.00016836011980367143
1121 0.00012834559512117397
1122 0.00016836011980367143
1123 0.00012834559512117397
1124 0.00016836011980367143
1125 0.00012834559512117397
1126 0.00016836011980367143
1127 0.00012834559512117397
1128 0.00016836011980367143
1129 0.00012834559512117397
1130 0.00016836011980367143
1131 0.00012834559512117397
1132 0.00016836011980367143
1133 0.00012834559512117397
1134 0.00016836011980367143
1135 0.00012834559512117397
1136 0.00016836011980367143
1137 0.00012834559512117397
1138 0.00016836011980367143
1139 0.00012834559512117397
1140 0.00016836011980367143
1141 0.00012834559512117397
1142 0.00016836011980367143
1143 0.00012834559512117397
1144 0.00016836011980367143
1145 0.00012834559512117397
1146 0.00016836011980367143
1147 0.00012834559512117397
1148 0.00016836011980367143
1149 0.00012834559512117397
1150 0.00016836011980367143
1151 0.00012834559512117397
1152 0.00016836011980367143
1153 0.00012834559512117397
1154 0.00016836011980367143
1155 0.00012834559512117397
1156 0.00016836011980367143
1157 0.00012834559512117397
1158 0.00016836011980367143
1159 0.00012834559512117397
1160 0.00016836011980367143
1161 0.00012834559512117397
1162 0.00016836011980367143
1163 0.00012834559512117397
1164 0.00016836011980367143
1165 0.00012834559512117397
1166 0.00016836011980367143
1167 0.00012834559512117397
1168 0.00016836011980367143
1169 0.00012834559512117397
1170 0.00016836011980367143
1171 0.00012834559512117397
1172 0.00016836011980367143
1173 0.00012834559512117397
1174 0.00016836011980367143
1175 0.00012834559512117397
1176 0.00016836011980367143
1177 0.00012834559512117397
1178 0.00016836011980367143
1179 0.00012834559512117397
1180 0.00016836011980367143
1181 0.00012834559512117397
1182 0.00016836011980367143
1183 0.00012834559512117397
1184 0.00016836011980367143
1185 0.00012834559512117397
1186 0.00016836011980367143
1187 0.00012834559512117397
1188 0.00016836011980367143
1189 0.00012834559512117397
1190 0.00016836011980367143
1191 0.00012834559512117397
1192 0.00016836011980367143
1193 0.00012834559512117397
1194 0.00016836011980367143
1195 0.00012834559512117397
1196 0.00016836011980367143
1197 0.00012834559512117397
1198 0.00016836011980367143
1199 0.00012834559512117397
1200 0.00016836011980367143
1201 0.00012834559512117397
1202 0.00016836011980367143
1203 0.00012834559512117397
1204 0.00016836011980367143
1205 0.00012834559512117397
1206 0.00016836011980367143
1207 0.00012834559512117397
1208 0.00016836011980367143
1209 0.00012834559512117397
1210 0.00016836011980367143
1211 0.00012834559512117397
1212 0.00016836011980367143
1213 0.00012834559512117397
1214 0.00016836011980367143
1215 0.00012834559512117397
1216 0.00016836011980367143
1217 0.00012834559512117397
1218 0.00016836011980367143
1219 0.00012834559512117397
1220 0.00016836011980367143
1221 0.00012834559512117397
1222 0.00016836011980367143
1223 0.00012834559512117397
1224 0.00016836011980367143
1225 0.00012834559512117397
1226 0.00016836011980367143
1227 0.00012834559512117397
1228 0.00016836011980367143
1229 0.00012834559512117397
1230 0.00016836011980367143
1231 0.00012834559512117397
1232 0.00016836011980367143
1233 0.00012834559512117397
1234 0.00016836011980367143
1235 0.00012834559512117397
1236 0.00016836011980367143
1237 0.00012834559512117397
1238 0.00016836011980367143
1239 0.00012834559512117397
1240 0.00016836011980367143
1241 0.00012834559512117397
1242 0.00016836011980367143
1243 0.00012834559512117397
1244 0.00016836011980367143
1245 0.00012834559512117397
1246 0.00016836011980367143
1247 0.00012834559512117397
1248 0.00016836011980367143
1249 0.00012834559512117397
1250 0.00016836011980367143
1251 0.00012834559512117397
1252 0.00016836011980367143
1253 0.00012834559512117397
1254 0.00016836011980367143
1255 0.00012834559512117397
1256 0.00016836011980367143
1257 0.00012834559512117397
1258 0.00016836011980367143
1259 0.00012834559512117397
1260 0.00016836011980367143
1261 0.00012834559512117397
1262 0.00016836011980367143
1263 0.00012834559512117397
1264 0.00016836011980367143
1265 0.00012834559512117397
1266 0.00016836011980367143
1267 0.00012834559512117397
1268 0.00016836011980367143
1269 0.00012834559512117397
1270 0.00016836011980367143
1271 0.00012834559512117397
1272 0.00016836011980367143
1273 0.00012834559512117397
1274 0.00016836011980367143
1275 0.00012834559512117397
1276 0.00016836011980367143
1277 0.00012834559512117397
1278 0.00016836011980367143
1279 0.00012834559512117397
1280 0.00016836011980367143
1281 0.00012834559512117397
1282 0.00016836011980367143
1283 0.00012834559512117397
1284 0.00016836011980367143
1285 0.00012834559512117397
1286 0.00016836011980367143
1287 0.00012834559512117397
1288 0.00016836011980367143
1289 0.00012834559512117397
1290 0.00016836011980367143
1291 0.00012834559512117397
1292 0.00016836011980367143
1293 0.00012834559512117397
1294 0.00016836011980367143
1295 0.00012834559512117397
1296 0.00016836011980367143
1297 0.00012834559512117397
1298 0.00016836011980367143
1299 0.00012834559512117397
1300 0.00016836011980367143
1301 0.00012834559512117397
1302 0.00016836011980367143
1303 0.00012834559512117397
1304 0.00016836011980367143
1305 0.00012834559512117397
1306 0.00016836011980367143
1307 0.00012834559512117397
1308 0.00016836011980367143
1309 0.00012834559512117397
1310 0.00016836011980367143
1311 0.00012834559512117397
1312 0.00016836011980367143
1313 0.00012834559512117397
1314 0.00016836011980367143
1315 0.00012834559512117397
1316 0.00016836011980367143
1317 0.00012834559512117397
1318 0.00016836011980367143
1319 0.00012834559512117397
1320 0.00016836011980367143
1321 0.00012834559512117397
1322 0.00016836011980367143
1323 0.00012834559512117397
1324 0.00016836011980367143
1325 0.00012834559512117397
1326 0.00016836011980367143
1327 0.00012834559512117397
1328 0.00016836011980367143
1329 0.00012834559512117397
1330 0.00016836011980367143
1331 0.00012834559512117397
1332 0.00016836011980367143
1333 0.00012834559512117397
1334 0.00016836011980367143
1335 0.00012834559512117397
1336 0.00016836011980367143
1337 0.00012834559512117397
1338 0.00016836011980367143
1339 0.00012834559512117397
1340 0.00016836011980367143
1341 0.00012834559512117397
1342 0.00016836011980367143
1343 0.00012834559512117397
1344 0.00016836011980367143
1345 0.00012834559512117397
1346 0.00016836011980367143
1347 0.00012834559512117397
1348 0.00016836011980367143
1349 0.00012834559512117397
1350 0.00016836011980367143
1351 0.00012834559512117397
1352 0.00016836011980367143
1353 0.00012834559512117397
1354 0.00016836011980367143
1355 0.00012834559512117397
1356 0.00016836011980367143
1357 0.00012834559512117397
1358 0.00016836011980367143
1359 0.00012834559512117397
1360 0.00016836011980367143
1361 0.00012834559512117397
1362 0.00016836011980367143
1363 0.00012834559512117397
1364 0.00016836011980367143
1365 0.00012834559512117397
1366 0.00016836011980367143
1367 0.00012834559512117397
1368 0.00016836011980367143
1369 0.00012834559512117397
1370 0.00016836011980367143
1371 0.00012834559512117397
1372 0.00016836011980367143
1373 0.00012834559512117397
1374 0.00016836011980367143
1375 0.00012834559512117397
1376 0.00016836011980367143
1377 0.00012834559512117397
1378 0.00016836011980367143
1379 0.00012834559512117397
1380 0.00016836011980367143
1381 0.00012834559512117397
1382 0.00016836011980367143
1383 0.00012834559512117397
1384 0.00016836011980367143
1385 0.00012834559512117397
1386 0.00016836011980367143
1387 0.00012834559512117397
1388 0.00016836011980367143
1389 0.00012834559512117397
1390 0.00016836011980367143
1391 0.00012834559512117397
1392 0.00016836011980367143
1393 0.00012834559512117397
1394 0.00016836011980367143
1395 0.00012834559512117397
1396 0.00016836011980367143
1397 0.00012834559512117397
1398 0.00016836011980367143
1399 0.00012834559512117397
1400 0.00016836011980367143
1401 0.00012834559512117397
1402 0.00016836011980367143
1403 0.00012834559512117397
1404 0.00016836011980367143
1405 0.00012834559512117397
1406 0.00016836011980367143
1407 0.00012834559512117397
1408 0.00016836011980367143
1409 0.00012834559512117397
1410 0.00016836011980367143
1411 0.00012834559512117397
1412 0.00016836011980367143
1413 0.00012834559512117397
1414 0.00016836011980367143
1415 0.00012834559512117397
1416 0.00016836011980367143
1417 0.00012834559512117397
1418 0.00016836011980367143
1419 0.00012834559512117397
1420 0.00016836011980367143
1421 0.00012834559512117397
1422 0.00016836011980367143
1423 0.00012834559512117397
1424 0.00016836011980367143
1425 0.00012834559512117397
1426 0.00016836011980367143
1427 0.00012834559512117397
1428 0.00016836011980367143
1429 0.00012834559512117397
1430 0.00016836011980367143
1431 0.00012834559512117397
1432 0.00016836011980367143
1433 0.00012834559512117397
1434 0.00016836011980367143
1435 0.00012834559512117397
1436 0.00016836011980367143
1437 0.00012834559512117397
1438 0.00016836011980367143
1439 0.00012834559512117397
1440 0.00016836011980367143
1441 0.00012834559512117397
1442 0.00016836011980367143
1443 0.00012834559512117397
1444 0.00016836011980367143
1445 0.00012834559512117397
1446 0.00016836011980367143
1447 0.00012834559512117397
1448 0.00016836011980367143
1449 0.00012834559512117397
1450 0.00016836011980367143
1451 0.00012834559512117397
1452 0.00016836011980367143
1453 0.00012834559512117397
1454 0.00016836011980367143
1455 0.00012834559512117397
1456 0.00016836011980367143
1457 0.00012834559512117397
1458 0.00016836011980367143
1459 0.00012834559512117397
1460 0.00016836011980367143
1461 0.00012834559512117397
1462 0.00016836011980367143
1463 0.00012834559512117397
1464 0.00016836011980367143
1465 0.00012834559512117397
1466 0.00016836011980367143
1467 0.00012834559512117397
1468 0.00016836011980367143
1469 0.00012834559512117397
1470 0.00016836011980367143
1471 0.00012834559512117397
1472 0.00016836011980367143
1473 0.00012834559512117397
1474 0.00016836011980367143
1475 0.00012834559512117397
1476 0.00016836011980367143
1477 0.00012834559512117397
1478 0.00016836011980367143
1479 0.00012834559512117397
1480 0.00016836011980367143
1481 0.00012834559512117397
1482 0.00016836011980367143
1483 0.00012834559512117397
1484 0.00016836011980367143
1485 0.00012834559512117397
1486 0.00016836011980367143
1487 0.00012834559512117397
1488 0.00016836011980367143
1489 0.00012834559512117397
1490 0.00016836011980367143
1491 0.00012834559512117397
1492 0.00016836011980367143
1493 0.00012834559512117397
1494 0.00016836011980367143
1495 0.00012834559512117397
1496 0.00016836011980367143
1497 0.00012834559512117397
1498 0.00016836011980367143
1499 0.00012834559512117397
1500 0.00016836011980367143
1501 0.00012834559512117397
1502 0.00016836011980367143
1503 0.00012834559512117397
1504 0.00016836011980367143
1505 0.00012834559512117397
1506 0.00016836011980367143
1507 0.00012834559512117397
1508 0.00016836011980367143
1509 0.00012834559512117397
1510 0.00016836011980367143
1511 0.00012834559512117397
1512 0.00016836011980367143
1513 0.00012834559512117397
1514 0.00016836011980367143
1515 0.00012834559512117397
1516 0.00016836011980367143
1517 0.00012834559512117397
1518 0.00016836011980367143
1519 0.00012834559512117397
1520 0.00016836011980367143
1521 0.00012834559512117397
1522 0.00016836011980367143
1523 0.00012834559512117397
1524 0.00016836011980367143
1525 0.00012834559512117397
1526 0.00016836011980367143
1527 0.00012834559512117397
1528 0.00016836011980367143
1529 0.00012834559512117397
1530 0.00016836011980367143
1531 0.00012834559512117397
1532 0.00016836011980367143
1533 0.00012834559512117397
1534 0.00016836011980367143
1535 0.00012834559512117397
1536 0.00016836011980367143
1537 0.00012834559512117397
1538 0.00016836011980367143
1539 0.00012834559512117397
1540 0.00016836011980367143
1541 0.00012834559512117397
1542 0.00016836011980367143
1543 0.00012834559512117397
1544 0.00016836011980367143
1545 0.00012834559512117397
1546 0.00016836011980367143
1547 0.00012834559512117397
1548 0.00016836011980367143
1549 0.00012834559512117397
1550 0.00016836011980367143
1551 0.00012834559512117397
1552 0.00016836011980367143
1553 0.00012834559512117397
1554 0.00016836011980367143
1555 0.00012834559512117397
1556 0.00016836011980367143
1557 0.00012834559512117397
1558 0.00016836011980367143
1559 0.00012834559512117397
1560 0.00016836011980367143
1561 0.00012834559512117397
1562 0.00016836011980367143
1563 0.00012834559512117397
1564 0.00016836011980367143
1565 0.00012834559512117397
1566 0.00016836011980367143
1567 0.00012834559512117397
1568 0.00016836011980367143
1569 0.00012834559512117397
1570 0.00016836011980367143
1571 0.00012834559512117397
1572 0.00016836011980367143
1573 0.00012834559512117397
1574 0.00016836011980367143
1575 0.00012834559512117397
1576 0.00016836011980367143
1577 0.00012834559512117397
1578 0.00016836011980367143
1579 0.00012834559512117397
1580 0.00016836011980367143
1581 0.00012834559512117397
1582 0.00016836011980367143
1583 0.00012834559512117397
1584 0.00016836011980367143
1585 0.00012834559512117397
1586 0.00016836011980367143
1587 0.00012834559512117397
1588 0.00016836011980367143
1589 0.00012834559512117397
1590 0.00016836011980367143
1591 0.00012834559512117397
1592 0.00016836011980367143
1593 0.00012834559512117397
1594 0.00016836011980367143
1595 0.00012834559512117397
1596 0.00016836011980367143
1597 0.00012834559512117397
1598 0.00016836011980367143
1599 0.00012834559512117397
1600 0.00016836011980367143
1601 0.00012834559512117397
1602 0.00016836011980367143
1603 0.00012834559512117397
1604 0.00016836011980367143
1605 0.00012834559512117397
1606 0.00016836011980367143
1607 0.00012834559512117397
1608 0.00016836011980367143
1609 0.00012834559512117397
1610 0.00016836011980367143
1611 0.00012834559512117397
1612 0.00016836011980367143
1613 0.00012834559512117397
1614 0.00016836011980367143
1615 0.00012834559512117397
1616 0.00016836011980367143
1617 0.00012834559512117397
1618 0.00016836011980367143
1619 0.00012834559512117397
1620 0.00016836011980367143
1621 0.00012834559512117397
1622 0.00016836011980367143
1623 0.00012834559512117397
1624 0.00016836011980367143
1625 0.00012834559512117397
1626 0.00016836011980367143
1627 0.00012834559512117397
1628 0.00016836011980367143
1629 0.00012834559512117397
1630 0.00016836011980367143
1631 0.00012834559512117397
1632 0.00016836011980367143
1633 0.00012834559512117397
1634 0.00016836011980367143
1635 0.00012834559512117397
1636 0.00016836011980367143
1637 0.00012834559512117397
1638 0.00016836011980367143
1639 0.00012834559512117397
1640 0.00016836011980367143
1641 0.00012834559512117397
1642 0.00016836011980367143
1643 0.00012834559512117397
1644 0.00016836011980367143
1645 0.00012834559512117397
1646 0.00016836011980367143
1647 0.00012834559512117397
1648 0.00016836011980367143
1649 0.00012834559512117397
1650 0.00016836011980367143
1651 0.00012834559512117397
1652 0.00016836011980367143
1653 0.00012834559512117397
1654 0.00016836011980367143
1655 0.00012834559512117397
1656 0.00016836011980367143
1657 0.00012834559512117397
1658 0.00016836011980367143
1659 0.00012834559512117397
1660 0.00016836011980367143
1661 0.00012834559512117397
1662 0.00016836011980367143
1663 0.00012834559512117397
1664 0.00016836011980367143
1665 0.00012834559512117397
1666 0.00016836011980367143
1667 0.00012834559512117397
1668 0.00016836011980367143
1669 0.00012834559512117397
1670 0.00016836011980367143
1671 0.00012834559512117397
1672 0.00016836011980367143
1673 0.00012834559512117397
1674 0.00016836011980367143
1675 0.00012834559512117397
1676 0.00016836011980367143
1677 0.00012834559512117397
1678 0.00016836011980367143
1679 0.00012834559512117397
1680 0.00016836011980367143
1681 0.00012834559512117397
1682 0.00016836011980367143
1683 0.00012834559512117397
1684 0.00016836011980367143
1685 0.00012834559512117397
1686 0.00016836011980367143
1687 0.00012834559512117397
1688 0.00016836011980367143
1689 0.00012834559512117397
1690 0.00016836011980367143
1691 0.00012834559512117397
1692 0.00016836011980367143
1693 0.00012834559512117397
1694 0.00016836011980367143
1695 0.00012834559512117397
1696 0.00016836011980367143
1697 0.00012834559512117397
1698 0.00016836011980367143
1699 0.00012834559512117397
1700 0.00016836011980367143
1701 0.00012834559512117397
1702 0.00016836011980367143
1703 0.00012834559512117397
1704 0.00016836011980367143
1705 0.00012834559512117397
1706 0.00016836011980367143
1707 0.00012834559512117397
1708 0.00016836011980367143
1709 0.00012834559512117397
1710 0.00016836011980367143
1711 0.00012834559512117397
1712 0.00016836011980367143
1713 0.00012834559512117397
1714 0.00016836011980367143
1715 0.00012834559512117397
1716 0.00016836011980367143
1717 0.00012834559512117397
1718 0.00016836011980367143
1719 0.00012834559512117397
1720 0.00016836011980367143
1721 0.00012834559512117397
1722 0.00016836011980367143
1723 0.00012834559512117397
1724 0.00016836011980367143
1725 0.00012834559512117397
1726 0.00016836011980367143
1727 0.00012834559512117397
1728 0.00016836011980367143
1729 0.00012834559512117397
1730 0.00016836011980367143
1731 0.00012834559512117397
1732 0.00016836011980367143
1733 0.00012834559512117397
1734 0.00016836011980367143
1735 0.00012834559512117397
1736 0.00016836011980367143
1737 0.00012834559512117397
1738 0.00016836011980367143
1739 0.00012834559512117397
1740 0.00016836011980367143
1741 0.00012834559512117397
1742 0.00016836011980367143
1743 0.00012834559512117397
1744 0.00016836011980367143
1745 0.00012834559512117397
1746 0.00016836011980367143
1747 0.00012834559512117397
1748 0.00016836011980367143
1749 0.00012834559512117397
1750 0.00016836011980367143
1751 0.00012834559512117397
1752 0.00016836011980367143
1753 0.00012834559512117397
1754 0.00016836011980367143
1755 0.00012834559512117397
1756 0.00016836011980367143
1757 0.00012834559512117397
1758 0.00016836011980367143
1759 0.00012834559512117397
1760 0.00016836011980367143
1761 0.00012834559512117397
1762 0.00016836011980367143
1763 0.00012834559512117397
1764 0.00016836011980367143
1765 0.00012834559512117397
1766 0.00016836011980367143
1767 0.00012834559512117397
1768 0.00016836011980367143
1769 0.00012834559512117397
1770 0.00016836011980367143
1771 0.00012834559512117397
1772 0.00016836011980367143
1773 0.00012834559512117397
1774 0.00016836011980367143
1775 0.00012834559512117397
1776 0.00016836011980367143
1777 0.00012834559512117397
1778 0.00016836011980367143
1779 0.00012834559512117397
1780 0.00016836011980367143
1781 0.00012834559512117397
1782 0.00016836011980367143
1783 0.00012834559512117397
1784 0.00016836011980367143
1785 0.00012834559512117397
1786 0.00016836011980367143
1787 0.00012834559512117397
1788 0.00016836011980367143
1789 0.00012834559512117397
1790 0.00016836011980367143
1791 0.00012834559512117397
1792 0.00016836011980367143
1793 0.00012834559512117397
1794 0.00016836011980367143
1795 0.00012834559512117397
1796 0.00016836011980367143
1797 0.00012834559512117397
1798 0.00016836011980367143
1799 0.00012834559512117397
1800 0.00016836011980367143
1801 0.00012834559512117397
1802 0.00016836011980367143
1803 0.00012834559512117397
1804 0.00016836011980367143
1805 0.00012834559512117397
1806 0.00016836011980367143
1807 0.00012834559512117397
1808 0.00016836011980367143
1809 0.00012834559512117397
1810 0.00016836011980367143
1811 0.00012834559512117397
1812 0.00016836011980367143
1813 0.00012834559512117397
1814 0.00016836011980367143
1815 0.00012834559512117397
1816 0.00016836011980367143
1817 0.00012834559512117397
1818 0.00016836011980367143
1819 0.00012834559512117397
1820 0.00016836011980367143
1821 0.00012834559512117397
1822 0.00016836011980367143
1823 0.00012834559512117397
1824 0.00016836011980367143
1825 0.00012834559512117397
1826 0.00016836011980367143
1827 0.00012834559512117397
1828 0.00016836011980367143
1829 0.00012834559512117397
1830 0.00016836011980367143
1831 0.00012834559512117397
1832 0.00016836011980367143
1833 0.00012834559512117397
1834 0.00016836011980367143
1835 0.00012834559512117397
1836 0.00016836011980367143
1837 0.00012834559512117397
1838 0.00016836011980367143
1839 0.00012834559512117397
1840 0.00016836011980367143
1841 0.00012834559512117397
1842 0.00016836011980367143
1843 0.00012834559512117397
1844 0.00016836011980367143
1845 0.00012834559512117397
1846 0.00016836011980367143
1847 0.00012834559512117397
1848 0.00016836011980367143
1849 0.00012834559512117397
1850 0.00016836011980367143
1851 0.00012834559512117397
1852 0.00016836011980367143
1853 0.00012834559512117397
1854 0.00016836011980367143
1855 0.00012834559512117397
1856 0.00016836011980367143
1857 0.00012834559512117397
1858 0.00016836011980367143
1859 0.00012834559512117397
1860 0.00016836011980367143
1861 0.00012834559512117397
1862 0.00016836011980367143
1863 0.00012834559512117397
1864 0.00016836011980367143
1865 0.00012834559512117397
1866 0.00016836011980367143
1867 0.00012834559512117397
1868 0.00016836011980367143
1869 0.00012834559512117397
1870 0.00016836011980367143
1871 0.00012834559512117397
1872 0.00016836011980367143
1873 0.00012834559512117397
1874 0.00016836011980367143
1875 0.00012834559512117397
1876 0.00016836011980367143
1877 0.00012834559512117397
1878 0.00016836011980367143
1879 0.00012834559512117397
1880 0.00016836011980367143
1881 0.00012834559512117397
1882 0.00016836011980367143
1883 0.00012834559512117397
1884 0.00016836011980367143
1885 0.00012834559512117397
1886 0.00016836011980367143
1887 0.00012834559512117397
1888 0.00016836011980367143
1889 0.00012834559512117397
1890 0.00016836011980367143
1891 0.00012834559512117397
1892 0.00016836011980367143
1893 0.00012834559512117397
1894 0.00016836011980367143
1895 0.00012834559512117397
1896 0.00016836011980367143
1897 0.00012834559512117397
1898 0.00016836011980367143
1899 0.00012834559512117397
1900 0.00016836011980367143
1901 0.00012834559512117397
1902 0.00016836011980367143
1903 0.00012834559512117397
1904 0.00016836011980367143
1905 0.00012834559512117397
1906 0.00016836011980367143
1907 0.00012834559512117397
1908 0.00016836011980367143
1909 0.00012834559512117397
1910 0.00016836011980367143
1911 0.00012834559512117397
1912 0.00016836011980367143
1913 0.00012834559512117397
1914 0.00016836011980367143
1915 0.00012834559512117397
1916 0.00016836011980367143
1917 0.00012834559512117397
1918 0.00016836011980367143
1919 0.00012834559512117397
1920 0.00016836011980367143
1921 0.00012834559512117397
1922 0.00016836011980367143
1923 0.00012834559512117397
1924 0.00016836011980367143
1925 0.00012834559512117397
1926 0.00016836011980367143
1927 0.00012834559512117397
1928 0.00016836011980367143
1929 0.00012834559512117397
1930 0.00016836011980367143
1931 0.00012834559512117397
1932 0.00016836011980367143
1933 0.00012834559512117397
1934 0.00016836011980367143
1935 0.00012834559512117397
1936 0.00016836011980367143
1937 0.00012834559512117397
1938 0.00016836011980367143
1939 0.00012834559512117397
1940 0.00016836011980367143
1941 0.00012834559512117397
1942 0.00016836011980367143
1943 0.00012834559512117397
1944 0.00016836011980367143
1945 0.00012834559512117397
1946 0.00016836011980367143
1947 0.00012834559512117397
1948 0.00016836011980367143
1949 0.00012834559512117397
1950 0.00016836011980367143
1951 0.00012834559512117397
1952 0.00016836011980367143
1953 0.00012834559512117397
1954 0.00016836011980367143
1955 0.00012834559512117397
1956 0.00016836011980367143
1957 0.00012834559512117397
1958 0.00016836011980367143
1959 0.00012834559512117397
1960 0.00016836011980367143
1961 0.00012834559512117397
1962 0.00016836011980367143
1963 0.00012834559512117397
1964 0.00016836011980367143
1965 0.00012834559512117397
1966 0.00016836011980367143
1967 0.00012834559512117397
1968 0.00016836011980367143
1969 0.00012834559512117397
1970 0.00016836011980367143
1971 0.00012834559512117397
1972 0.00016836011980367143
1973 0.00012834559512117397
1974 0.00016836011980367143
1975 0.00012834559512117397
1976 0.00016836011980367143
1977 0.00012834559512117397
1978 0.00016836011980367143
1979 0.00012834559512117397
1980 0.00016836011980367143
1981 0.00012834559512117397
1982 0.00016836011980367143
1983 0.00012834559512117397
1984 0.00016836011980367143
1985 0.00012834559512117397
1986 0.00016836011980367143
1987 0.00012834559512117397
1988 0.00016836011980367143
1989 0.00012834559512117397
1990 0.00016836011980367143
1991 0.00012834559512117397
1992 0.00016836011980367143
1993 0.00012834559512117397
1994 0.00016836011980367143
1995 0.00012834559512117397
1996 0.00016836011980367143
1997 0.00012834559512117397
1998 0.00016836011980367143
1999 0.00012834559512117397
2000 0.00016836011980367143
2001 0.00012834559512117397
2002 0.00016836011980367143
2003 0.00012834559512117397
2004 0.00016836011980367143
2005 0.00012834559512117397
2006 0.00016836011980367143
2007 0.00012834559512117397
2008 0.00016836011980367143
2009 0.00012834559512117397
2010 0.00016836011980367143
2011 0.00012834559512117397
2012 0.00016836011980367143
2013 0.00012834559512117397
2014 0.00016836011980367143
2015 0.00012834559512117397
2016 0.00016836011980367143
2017 0.00012834559512117397
2018 0.00016836011980367143
2019 0.00012834559512117397
2020 0.00016836011980367143
2021 0.00012834559512117397
2022 0.00016836011980367143
2023 0.00012834559512117397
2024 0.00016836011980367143
2025 0.00012834559512117397
2026 0.00016836011980367143
2027 0.00012834559512117397
2028 0.00016836011980367143
2029 0.00012834559512117397
2030 0.00016836011980367143
2031 0.00012834559512117397
2032 0.00016836011980367143
2033 0.00012834559512117397
2034 0.00016836011980367143
2035 0.00012834559512117397
2036 0.00016836011980367143
2037 0.00012834559512117397
2038 0.00016836011980367143
2039 0.00012834559512117397
2040 0.00016836011980367143
2041 0.00012834559512117397
2042 0.00016836011980367143
2043 0.00012834559512117397
2044 0.00016836011980367143
2045 0.00012834559512117397
2046 0.00016836011980367143
2047 0.00012834559512117397
2048 0.00016836011980367143
2049 0.00012834559512117397
2050 0.00016836011980367143
2051 0.00012834559512117397
2052 0.00016836011980367143
2053 0.00012834559512117397
2054 0.00016836011980367143
2055 0.00012834559512117397
2056 0.00016836011980367143
2057 0.00012834559512117397
2058 0.00016836011980367143
2059 0.00012834559512117397
2060 0.00016836011980367143
2061 0.00012834559512117397
2062 0.00016836011980367143
2063 0.00012834559512117397
2064 0.00016836011980367143
2065 0.00012834559512117397
2066 0.00016836011980367143
2067 0.00012834559512117397
2068 0.00016836011980367143
2069 0.00012834559512117397
2070 0.00016836011980367143
2071 0.00012834559512117397
2072 0.00016836011980367143
2073 0.00012834559512117397
2074 0.00016836011980367143
2075 0.00012834559512117397
2076 0.00016836011980367143
2077 0.00012834559512117397
2078 0.00016836011980367143
2079 0.00012834559512117397
2080 0.00016836011980367143
2081 0.00012834559512117397
2082 0.00016836011980367143
2083 0.00012834559512117397
2084 0.00016836011980367143
2085 0.00012834559512117397
2086 0.00016836011980367143
2087 0.00012834559512117397
2088 0.00016836011980367143
2089 0.00012834559512117397
2090 0.00016836011980367143
2091 0.00012834559512117397
2092 0.00016836011980367143
2093 0.00012834559512117397
2094 0.00016836011980367143
2095 0.00012834559512117397
2096 0.00016836011980367143
2097 0.00012834559512117397
2098 0.00016836011980367143
2099 0.00012834559512117397
2100 0.00016836011980367143
2101 0.00012834559512117397
2102 0.00016836011980367143
2103 0.00012834559512117397
2104 0.00016836011980367143
2105 0.00012834559512117397
2106 0.00016836011980367143
2107 0.00012834559512117397
2108 0.00016836011980367143
2109 0.00012834559512117397
2110 0.00016836011980367143
2111 0.00012834559512117397
2112 0.00016836011980367143
2113 0.00012834559512117397
2114 0.00016836011980367143
2115 0.00012834559512117397
2116 0.00016836011980367143
2117 0.00012834559512117397
2118 0.00016836011980367143
2119 0.00012834559512117397
2120 0.00016836011980367143
2121 0.00012834559512117397
2122 0.00016836011980367143
2123 0.00012834559512117397
2124 0.00016836011980367143
2125 0.00012834559512117397
2126 0.00016836011980367143
2127 0.00012834559512117397
2128 0.00016836011980367143
2129 0.00012834559512117397
2130 0.00016836011980367143
2131 0.00012834559512117397
2132 0.00016836011980367143
2133 0.00012834559512117397
2134 0.00016836011980367143
2135 0.00012834559512117397
2136 0.00016836011980367143
2137 0.00012834559512117397
2138 0.00016836011980367143
2139 0.00012834559512117397
2140 0.00016836011980367143
2141 0.00012834559512117397
2142 0.00016836011980367143
2143 0.00012834559512117397
2144 0.00016836011980367143
2145 0.00012834559512117397
2146 0.00016836011980367143
2147 0.00012834559512117397
2148 0.00016836011980367143
2149 0.00012834559512117397
2150 0.00016836011980367143
2151 0.00012834559512117397
2152 0.00016836011980367143
2153 0.00012834559512117397
2154 0.00016836011980367143
2155 0.00012834559512117397
2156 0.00016836011980367143
2157 0.00012834559512117397
2158 0.00016836011980367143
2159 0.00012834559512117397
2160 0.00016836011980367143
2161 0.00012834559512117397
2162 0.00016836011980367143
2163 0.00012834559512117397
2164 0.00016836011980367143
2165 0.00012834559512117397
2166 0.00016836011980367143
2167 0.00012834559512117397
2168 0.00016836011980367143
2169 0.00012834559512117397
2170 0.00016836011980367143
2171 0.00012834559512117397
2172 0.00016836011980367143
2173 0.00012834559512117397
2174 0.00016836011980367143
2175 0.00012834559512117397
2176 0.00016836011980367143
2177 0.00012834559512117397
2178 0.00016836011980367143
2179 0.00012834559512117397
2180 0.00016836011980367143
2181 0.00012834559512117397
2182 0.00016836011980367143
2183 0.00012834559512117397
2184 0.00016836011980367143
2185 0.00012834559512117397
2186 0.00016836011980367143
2187 0.00012834559512117397
2188 0.00016836011980367143
2189 0.00012834559512117397
2190 0.00016836011980367143
2191 0.00012834559512117397
2192 0.00016836011980367143
2193 0.00012834559512117397
2194 0.00016836011980367143
2195 0.00012834559512117397
2196 0.00016836011980367143
2197 0.00012834559512117397
2198 0.00016836011980367143
2199 0.00012834559512117397
2200 0.00016836011980367143
2201 0.00012834559512117397
2202 0.00016836011980367143
2203 0.00012834559512117397
2204 0.00016836011980367143
2205 0.00012834559512117397
2206 0.00016836011980367143
2207 0.00012834559512117397
2208 0.00016836011980367143
2209 0.00012834559512117397
2210 0.00016836011980367143
2211 0.00012834559512117397
2212 0.00016836011980367143
2213 0.00012834559512117397
2214 0.00016836011980367143
2215 0.00012834559512117397
2216 0.00016836011980367143
2217 0.00012834559512117397
2218 0.00016836011980367143
2219 0.00016836011980367143
2220 0.00031247790836282926
2221 0.00031247790836282926
2222 0.00012834559512117397
2223 0.00016836011980367143
2224 0.00016836011980367143
2225 0.00031247790836282926
2226 0.00031247790836282926
2227 0.00012834559512117397
2228 0.00016836011980367143
2229 0.00016836011980367143
2230 0.00031247790836282926
2231 0.00031247790836282926
2232 0.00012834559512117397
2233 0.00016836011980367143
2234 0.00016836011980367143
2235 0.00031247790836282926
2236 0.00031247790836282926
2237 0.00012834559512117397
2238 0.00016836011980367143
2239 0.00016836011980367143
2240 0.00031247790836282926
2241 0.00031247790836282926
2242 0.00012834559512117397
2243 0.00016836011980367143
2244 0.00016836011980367143
2245 0.00015395668953075635
2246 0.00015395668953075635
2247 0.00012834559512117397
2248 0.00016836011980367143
2249 0.00016836011980367143
2250 0.00015395668953075635
2251 0.00015395668953075635
2252 0.00012834559512117397
2253 0.00016836011980367143
2254 0.00016836011980367143
2255 0.00015395668953075635
2256 0.00015395668953075635
2257 0.00012834559512117397
2258 0.00016836011980367143
2259 0.00016836011980367143
2260 0.00015395668953075635
2261 0.00015395668953075635
2262 0.00012834559512117397
2263 0.00016836011980367143
2264 0.00016836011980367143
2265 0.00015395668953075635
2266 0.00015395668953075635
2267 0.00012834559512117397
2268 0.00016836011980367143
2269 0.00016836011980367143
2270 0.00015395668953075635
2271 0.00015395668953075635
2272 0.00012834559512117397
2273 0.00016836011980367143
2274 0.00016836011980367143
2275 0.00015395668953075635
2276 0.00015395668953075635
2277 0.00012834559512117397
2278 0.00016836011980367143
2279 0.00016836011980367143
2280 0.00015395668953075635
2281 0.00015395668953075635
2282 0.00012834559512117397
2283 0.00016836011980367143
2284 0.00016836011980367143
2285 0.00015395668953075635
2286 0.00015395668953075635
2287 0.00012834559512117397
2288 0.00016836011980367143
2289 0.00016836011980367143
2290 0.00015395668953075635
2291 0.00015395668953075635
2292 0.00012834559512117397
2293 0.00016836011980367143
2294 0.00016836011980367143
2295 0.00015395668953075635
2296 0.00015395668953075635
2297 0.00012834559512117397
2298 0.0007903482879247669
2299 0.0007903482879247669
2300 0.0007903482879247669
2301 0.0007903482879247669
2302 0.00031247790836282926
2303 0.00031247790836282926
2304 0.00016836011980367143
2305 0.00016836011980367143
2306 0.0007903482879247669
2307 0.0007903482879247669
2308 0.0007903482879247669
2309 0.0007903482879247669
2310 0.00031247790836282926
2311 0.00031247790836282926
2312 0.00016836011980367143
2313 0.00016836011980367143
2314 0.0007903482879247669
2315 0.0007903482879247669
2316 0.0007903482879247669
2317 0.0007903482879247669
2318 0.00031247790836282926
2319 0.00031247790836282926
2320 0.00016836011980367143
2321 0.00016836011980367143
2322 0.0007903482879247669
2323 0.0007903482879247669
2324 0.0007903482879247669
2325 0.0007903482879247669
2326 0.00031247790836282926
2327 0.00031247790836282926
2328 0.00016836011980367143
2329 0.00016836011980367143
2330 0.0007903482879247669
2331 0.0007903482879247669
2332 0.0007903482879247669
2333 0.0007903482879247669
2334 0.00031247790836282926
2335 0.00031247790836282926
2336 0.00016836011980367143
2337 0.00016836011980367143
2338 0.0007903482879247669
2339 0.0007903482879247669
2340 0.0007903482879247669
2341 0.0007903482879247669
2342 0.00016836011980367143
2343 0.00016836011980367143
2344 0.00016836011980367143
2345 0.00016836011980367143
2346 0.00031247790836282926
2347 0.00031247790836282926
2348 0.00031247790836282926
2349 0.00031247790836282926
2350 0.00016836011980367143
2351 0.00016836011980367143
2352 0.00016836011980367143
2353 0.00016836011980367143
2354 0.00031247790836282926
2355 0.00031247790836282926
2356 0.00031247790836282926
2357 0.00031247790836282926
2358 0.00016836011980367143
2359 0.00016836011980367143
2360 0.00016836011980367143
2361 0.00016836011980367143
2362 0.00031247790836282926
2363 0.00031247790836282926
2364 0.00031247790836282926
2365 0.00031247790836282926
2366 0.00016836011980367143
2367 0.00016836011980367143
2368 0.00016836011980367143
2369 0.00016836011980367143
2370 0.00031247790836282926
2371 0.00031247790836282926
2372 0.00031247790836282926
2373 0.00031247790836282926
2374 0.00016836011980367143
2375 0.00016836011980367143
2376 0.00016836011980367143
2377 0.00016836011980367143
2378 0.00031247790836282926
2379 0.00031247790836282926
2380 0.00031247790836282926
2381 0.00031247790836282926
2382 0.00016836011980367143
2383 0.00016836011980367143
2384 0.00016836011980367143
2385 0.00016836011980367143
2386 0.00015395668953075635
2387 0.00015395668953075635
2388 0.00015395668953075635
2389 0.00015395668953075635
2390 0.00016836011980367143
2391 0.00016836011980367143
2392 0.00016836011980367143
2393 0.00016836011980367143
2394 0.00015395668953075635
2395 0.00015395668953075635
2396 0.00015395668953075635
2397 0.00015395668953075635
2398 0.00016836011980367143
2399 0.00016836011980367143
2400 0.00016836011980367143
2401 0.00016836011980367143
2402 0.00015395668953075635
2403 0.00015395668953075635
2404 0.00015395668953075635
2405 0.00015395668953075635
2406 0.00016836011980367143
2407 0.00016836011980367143
2408 0.00016836011980367143
2409 0.00016836011980367143
2410 0.00015395668953075635
2411 0.00015395668953075635
2412 0.00015395668953075635
2413 0.00015395668953075635
2414 0.00016836011980367143
2415 0.00016836011980367143
2416 0.00016836011980367143
2417 0.00016836011980367143
2418 0.0007903482879247669
2419 0.0007903482879247669
2420 0.0007903482879247669
2421 0.0007903482879247669
2422 0.00214287745219334
2423 0.0009126152734679698
2424 0.0009126152734679698
2425 0.00016836011980367143
2426 0.00016836011980367143
2427 0.00031247790836282926
2428 0.00031247790836282926
2429 0.00012834559512117397
2430 0.00016836011980367143
2431 0.00016836011980367143
2432 0.00031247790836282926
2433 0.00031247790836282926
2434 0.00012834559512117397
2435 0.00016836011980367143
2436 0.00016836011980367143
2437 0.00031247790836282926
2438 0.00031247790836282926
2439 0.00012834559512117397
2440 0.00016836011980367143
2441 0.00016836011980367143
2442 0.00031247790836282926
2443 0.00031247790836282926
2444 0.00012834559512117397
2445 0.00016836011980367143
2446 0.00016836011980367143
2447 0.00031247790836282926
2448 0.00031247790836282926
2449 0.00012834559512117397
2450 0.00016836011980367143
2451 0.00016836011980367143
2452 0.00015395668953075635
2453 0.00015395668953075635
2454 0.00012834559512117397
2455 0.00016836011980367143
2456 0.00016836011980367143
2457 0.00015395668953075635
2458 0.00015395668953075635
2459 0.00012834559512117397
2460 0.00016836011980367143
2461 0.00016836011980367143
2462 0.00015395668953075635
2463 0.00015395668953075635
2464 0.00012834559512117397
2465 0.00016836011980367143
2466 0.00016836011980367143
2467 0.00015395668953075635
2468 0.00015395668953075635
2469 0.00012834559512117397
2470 0.00016836011980367143
2471 0.00016836011980367143
2472 0.00015395668953075635
2473 0.00015395668953075635
2474 0.00012834559512117397
2475 0.00016836011980367143
2476 0.00016836011980367143
2477 0.00015395668953075635
2478 0.00015395668953075635
2479 0.00012834559512117397
2480 0.00016836011980367143
2481 0.00016836011980367143
2482 0.00015395668953075635
2483 0.00015395668953075635
2484 0.00012834559512117397
2485 0.00016836011980367143
2486 0.00016836011980367143
2487 0.00015395668953075635
2488 0.00015395668953075635
2489 0.00012834559512117397
2490 0.00016836011980367143
2491 0.00016836011980367143
2492 0.00015395668953075635
2493 0.00015395668953075635
2494 0.00012834559512117397
2495 0.00016836011980367143
2496 0.00016836011980367143
2497 0.00015395668953075635
2498 0.00015395668953075635
2499 0.00012834559512117397
2500 0.00016836011980367143
2501 0.00016836011980367143
2502 0.00015395668953075635
2503 0.00015395668953075635
2504 0.00012834559512117397
2505 0.0007903482879247669
2506 0.0007903482879247669
2507 0.0007903482879247669
2508 0.0007903482879247669
2509 0.00031247790836282926
2510 0.00031247790836282926
2511 0.00016836011980367143
2512 0.00016836011980367143
2513 0.0007903482879247669
2514 0.0007903482879247669
2515 0.0007903482879247669
2516 0.0007903482879247669
2517 0.00031247790836282926
2518 0.00031247790836282926
2519 0.00016836011980367143
2520 0.00016836011980367143
2521 0.0007903482879247669
2522 0.0007903482879247669
2523 0.0007903482879247669
2524 0.0007903482879247669
2525 0.00031247790836282926
2526 0.00031247790836282926
2527 0.00016836011980367143
2528 0.00016836011980367143
2529 0.0007903482879247669
2530 0.0007903482879247669
2531 0.0007903482879247669
2532 0.0007903482879247669
2533 0.00031247790836282926
2534 0.00031247790836282926
2535 0.00016836011980367143
2536 0.00016836011980367143
2537 0.0007903482879247669
2538 0.0007903482879247669
2539 0.0007903482879247669
2540 0.0007903482879247669
2541 0.00031247790836282926
2542 0.00031247790836282926
2543 0.00016836011980367143
2544 0.00016836011980367143
2545 0.0007903482879247669
2546 0.0007903482879247669
2547 0.0007903482879247669
2548 0.0007903482879247669
2549 0.00016836011980367143
2550 0.00016836011980367143
2551 0.00016836011980367143
2552 0.00016836011980367143
2553 0.00031247790836282926
2554 0.00031247790836282926
2555 0.00031247790836282926
2556 0.00031247790836282926
2557 0.00016836011980367143
2558 0.00016836011980367143
2559 0.00016836011980367143
2560 0.00016836011980367143
2561 0.00031247790836282926
2562 0.00031247790836282926
2563 0.00031247790836282926
2564 0.00031247790836282926
2565 0.00016836011980367143
2566 0.00016836011980367143
2567 0.00016836011980367143
2568 0.00016836011980367143
2569 0.00031247790836282926
2570 0.00031247790836282926
2571 0.00031247790836282926
2572 0.00031247790836282926
2573 0.00016836011980367143
2574 0.00016836011980367143
2575 0.00016836011980367143
2576 0.00016836011980367143
2577 0.00031247790836282926
2578 0.00031247790836282926
2579 0.00031247790836282926
2580 0.00031247790836282926
2581 0.00016836011980367143
2582 0.00016836011980367143
2583 0.00016836011980367143
2584 0.00016836011980367143
2585 0.00031247790836282926
2586 0.00031247790836282926
2587 0.00031247790836282926
2588 0.00031247790836282926
2589 0.00016836011980367143
2590 0.00016836011980367143
2591 0.00016836011980367143
2592 0.00016836011980367143
2593 0.00015395668953075635
2594 0.00015395668953075635
2595 0.00015395668953075635
2596 0.00015395668953075635
2597 0.00016836011980367143
2598 0.00016836011980367143
2599 0.00016836011980367143
2600 0.00016836011980367143
2601 0.00015395668953075635
2602 0.00015395668953075635
2603 0.00015395668953075635
2604 0.00015395668953075635
2605 0.00016836011980367143
2606 0.00016836011980367143
2607 0.00016836011980367143
2608 0.00016836011980367143
2609 0.00015395668953075635
2610 0.00015395668953075635
2611 0.00015395668953075635
2612 0.00015395668953075635
2613 0.00016836011980367143
2614 0.00016836011980367143
2615 0.00016836011980367143
2616 0.00016836011980367143
2617 0.00015395668953075635
2618 0.00015395668953075635
2619 0.00015395668953075635
2620 0.00015395668953075635
2621 0.00016836011980367143
2622 0.00016836011980367143
2623 0.00016836011980367143
2624 0.00016836011980367143
2625 0.0007903482879247669
2626 0.0007903482879247669
2627 0.0007903482879247669
2628 0.0007903482879247669
2629 0.00214287745219334
2630 0.0009126152734679698
2631 0.0009126152734679698
2632 0.0007903482879247669
2633 0.0007903482879247669
2634 0.0007903482879247669
2635 0.0007903482879247669
2636 0.00016836011980367143
2637 0.00016836011980367143
2638 0.00015395668953075635
2639 0.00015395668953075635
2640 0.00012834559512117397
2641 0.00016836011980367143
2642 0.00016836011980367143
2643 0.00015395668953075635
2644 0.00015395668953075635
2645 0.00012834559512117397
2646 0.00016836011980367143
2647 0.00016836011980367143
2648 0.00015395668953075635
2649 0.00015395668953075635
2650 0.00012834559512117397
2651 0.00016836011980367143
2652 0.00016836011980367143
2653 0.00015395668953075635
2654 0.00015395668953075635
2655 0.00012834559512117397
2656 0.00016836011980367143
2657 0.00016836011980367143
2658 0.00015395668953075635
2659 0.00015395668953075635
2660 0.00012834559512117397
2661 0.00016836011980367143
2662 0.00016836011980367143
2663 0.00015395668953075635
2664 0.00015395668953075635
2665 0.00012834559512117397
2666 0.00016836011980367143
2667 0.00016836011980367143
2668 0.00015395668953075635
2669 0.00015395668953075635
2670 0.00012834559512117397
2671 0.00015395668953075635
2672 0.00015395668953075635
2673 0.00015395668953075635
2674 0.00015395668953075635
2675 0.00016836011980367143
2676 0.00016836011980367143
2677 0.00016836011980367143
2678 0.00016836011980367143
2679 0.00015395668953075635
2680 0.00015395668953075635
2681 0.00015395668953075635
2682 0.00015395668953075635
2683 0.00016836011980367143
2684 0.00016836011980367143
2685 0.00016836011980367143
2686 0.00016836011980367143
2687 0.00015395668953075635
2688 0.00015395668953075635
2689 0.00015395668953075635
2690 0.00015395668953075635
2691 0.00016836011980367143
2692 0.00016836011980367143
2693 0.00016836011980367143
2694 0.00016836011980367143
2695 0.00015395668953075635
2696 0.00015395668953075635
2697 0.00015395668953075635
2698 0.00015395668953075635
2699 0.00016836011980367143
2700 0.00016836011980367143
2701 0.00016836011980367143
2702 0.00016836011980367143
2703 0.00015395668953075635
2704 0.00015395668953075635
2705 0.00015395668953075635
2706 0.00015395668953075635
2707 0.00016836011980367143
2708 0.00016836011980367143
2709 0.00016836011980367143
2710 0.00016836011980367143
2711 0.00015395668953075635
2712 0.00015395668953075635
2713 0.00015395668953075635
2714 0.00015395668953075635
2715 0.00016836011980367143
2716 0.00016836011980367143
2717 0.00016836011980367143
2718 0.00016836011980367143
2719 0.0007903482879247669
2720 0.0007903482879247669
2721 0.0007903482879247669
2722 0.0007903482879247669
2723 0.00016836011980367143
2724 0.00016836011980367143
2725 0.00015395668953075635
2726 0.00015395668953075635
2727 0.00012834559512117397
2728 0.00016836011980367143
2729 0.00016836011980367143
2730 0.00015395668953075635
2731 0.00015395668953075635
2732 0.00012834559512117397
2733 0.00016836011980367143
2734 0.00016836011980367143
2735 0.00015395668953075635
2736 0.00015395668953075635
2737 0.00012834559512117397
2738 0.00016836011980367143
2739 0.00016836011980367143
2740 0.00015395668953075635
2741 0.00015395668953075635
2742 0.00012834559512117397
2743 0.00016836011980367143
2744 0.00016836011980367143
2745 0.00015395668953075635
2746 0.00015395668953075635
2747 0.00012834559512117397
2748 0.00016836011980367143
2749 0.00016836011980367143
2750 0.00015395668953075635
2751 0.00015395668953075635
2752 0.00012834559512117397
2753 0.00016836011980367143
2754 0.00016836011980367143
2755 0.00015395668953075635
2756 0.00015395668953075635
2757 0.00012834559512117397
2758 0.00015395668953075635
2759 0.00015395668953075635
2760 0.00015395668953075635
2761 0.00015395668953075635
2762 0.00016836011980367143
2763 0.00016836011980367143
2764 0.00016836011980367143
2765 0.00016836011980367143
2766 0.00015395668953075635
2767 0.00015395668953075635
2768 0.00015395668953075635
2769 0.00015395668953075635
2770 0.00016836011980367143
2771 0.00016836011980367143
2772 0.00016836011980367143
2773 0.00016836011980367143
2774 0.00015395668953075635
2775 0.00015395668953075635
2776 0.00015395668953075635
2777 0.00015395668953075635
2778 0.00016836011980367143
2779 0.00016836011980367143
2780 0.00016836011980367143
2781 0.00016836011980367143
2782 0.00015395668953075635
2783 0.00015395668953075635
2784 0.00015395668953075635
2785 0.00015395668953075635
2786 0.00016836011980367143
2787 0.00016836011980367143
2788 0.00016836011980367143
2789 0.00016836011980367143
2790 0.00015395668953075635
2791 0.00015395668953075635
2792 0.00015395668953075635
2793 0.00015395668953075635
2794 0.00016836011980367143
2795 0.00016836011980367143
2796 0.00016836011980367143
2797 0.00016836011980367143
2798 0.00015395668953075635
2799 0.00015395668953075635
2800 0.00015395668953075635
2801 0.00015395668953075635
2802 0.00016836011980367143
2803 0.00016836011980367143
2804 0.00016836011980367143
2805 0.00016836011980367143
2806 0.0007903482879247669
2807 0.0007903482879247669
2808 0.0007903482879247669
2809 0.0007903482879247669
2810 0.00016836011980367143
2811 0.00016836011980367143
2812 0.00015395668953075635
2813 0.00015395668953075635
2814 0.00012834559512117397
2815 0.00016836011980367143
2816 0.00016836011980367143
2817 0.00015395668953075635
2818 0.00015395668953075635
2819 0.00012834559512117397
2820 0.00016836011980367143
2821 0.00016836011980367143
2822 0.00015395668953075635
2823 0.00015395668953075635
2824 0.00012834559512117397
2825 0.00016836011980367143
2826 0.00016836011980367143
2827 0.00015395668953075635
2828 0.00015395668953075635
2829 0.00012834559512117397
2830 0.00016836011980367143
2831 0.00016836011980367143
2832 0.00015395668953075635
2833 0.00015395668953075635
2834 0.00012834559512117397
2835 0.00016836011980367143
2836 0.00016836011980367143
2837 0.00015395668953075635
2838 0.00015395668953075635
2839 0.00012834559512117397
2840 0.00016836011980367143
2841 0.00016836011980367143
2842 0.00015395668953075635
2843 0.00015395668953075635
2844 0.00012834559512117397
2845 0.00016836011980367143
2846 0.00016836011980367143
2847 0.00015395668953075635
2848 0.00015395668953075635
2849 0.00012834559512117397
2850 0.00015395668953075635
2851 0.00015395668953075635
2852 0.00015395668953075635
2853 0.00015395668953075635
2854 0.00016836011980367143
2855 0.00016836011980367143
2856 0.00016836011980367143
2857 0.00016836011980367143
2858 0.00015395668953075635
2859 0.00015395668953075635
2860 0.00015395668953075635
2861 0.00015395668953075635
2862 0.00016836011980367143
2863 0.00016836011980367143
2864 0.00016836011980367143
2865 0.00016836011980367143
2866 0.00015395668953075635
2867 0.00015395668953075635
2868 0.00015395668953075635
2869 0.00015395668953075635
2870 0.00016836011980367143
2871 0.00016836011980367143
2872 0.00016836011980367143
2873 0.00016836011980367143
2874 0.00015395668953075635
2875 0.00015395668953075635
2876 0.00015395668953075635
2877 0.00015395668953075635
2878 0.00016836011980367143
2879 0.00016836011980367143
2880 0.00016836011980367143
2881 0.00016836011980367143
2882 0.00015395668953075635
2883 0.00015395668953075635
2884 0.00015395668953075635
2885 0.00015395668953075635
2886 0.00016836011980367143
2887 0.00016836011980367143
2888 0.00016836011980367143
2889 0.00016836011980367143
2890 0.00015395668953075635
2891 0.00015395668953075635
2892 0.00015395668953075635
2893 0.00015395668953075635
2894 0.00016836011980367143
2895 0.00016836011980367143
2896 0.00016836011980367143
2897 0.00016836011980367143
2898 0.00015395668953075635
2899 0.00015395668953075635
2900 0.00015395668953075635
2901 0.00015395668953075635
2902 0.00016836011980367143
2903 0.00016836011980367143
2904 0.00016836011980367143
2905 0.00016836011980367143
2906 0.0007903482879247669
2907 0.0007903482879247669
2908 0.0007903482879247669
2909 0.0007903482879247669
2910 0.0009126152734679698
$EndElementData
$ElementData
1
"Attribute:TorsionConstant"
1
0
3
0
1
2910
1 4.387863098978217e-07
2 4.387863098978217e-07
3 4.387863098978217e-07
4 4.387863098978217e-07
5 4.387863098978217e-07
6 4.387863098978217e-07
7 4.387863098978217e-07
8 4.387863098978217e-07
9 4.387863098978217e-07
10 4.387863098978217e-07
11 4.387863098978217e-07
12 4.387863098978217e-07
13 4.387863098978217e-07
14 4.387863098978217e-07
15 4.387863098978217e-07
16 4.387863098978217e-07
17 4.387863098978217e-07
18 4.387863098978217e-07
19 4.387863098978217e-07
20 4.387863098978217e-07
21 2.0111989769075784e-06
22 4.387863098978217e-07
23 4.387863098978217e-07
24 4.387863098978217e-07
25 4.387863098978217e-07
26 4.387863098978217e-07
27 4.387863098978217e-07
28 4.387863098978217e-07
29 4.387863098978217e-07
30 4.387863098978217e-07
31 4.387863098978217e-07
32 4.387863098978217e-07
33 4.387863098978217e-07
34 4.387863098978217e-07
35 4.387863098978217e-07
36 4.387863098978217e-07
37 4.387863098978217e-07
38 4.387863098978217e-07
39 4.387863098978217e-07
40 4.387863098978217e-07
41 4.387863098978217e-07
42 2.0111989769075784e-06
43 4.387863098978217e-07
44 4.387863098978217e-07
45 4.387863098978217e-07
46 4.387863098978217e-07
47 4.387863098978217e-07
48 4.387863098978217e-07
49 4.387863098978217e-07
50 4.387863098978217e-07
51 4.387863098978217e-07
52 4.387863098978217e-07
53 4.387863098978217e-07
54 4.387863098978217e-07
55 4.387863098978217e-07
56 4.387863098978217e-07
57 4.387863098978217e-07
58 4.387863098978217e-07
59 4.387863098978217e-07
60 4.387863098978217e-07
61 4.387863098978217e-07
62 4.387863098978217e-07
63 2.0111989769075784e-06
64 4.387863098978217e-07
65 4.387863098978217e-07
66 4.387863098978217e-07
67 4.387863098978217e-07
68 4.387863098978217e-07
69 4.387863098978217e-07
70 4.387863098978217e-07
71 4.387863098978217e-07
72 4.387863098978217e-07
73 4.387863098978217e-07
74 4.387863098978217e-07
75 4.387863098978217e-07
76 4.387863098978217e-07
77 4.387863098978217e-07
78 4.387863098978217e-07
79 4.387863098978217e-07
80 4.387863098978217e-07
81 4.387863098978217e-07
82 4.387863098978217e-07
83 4.387863098978217e-07
84 2.0111989769075784e-06
85 4.387863098978217e-07
86 4.387863098978217e-07
87 4.387863098978217e-07
88 4.387863098978217e-07
89 4.387863098978217e-07
90 4.387863098978217e-07
91 4.387863098978217e-07
92 4.387863098978217e-07
93 4.387863098978217e-07
94 4.387863098978217e-07
95 4.387863098978217e-07
96 4.387863098978217e-07
97 4.387863098978217e-07
98 4.387863098978217e-07
99 4.387863098978217e-07
100 4.387863098978217e-07
101 4.387863098978217e-07
102 4.387863098978217e-07
103 4.387863098978217e-07
104 4.387863098978217e-07
105 2.0111989769075784e-06
106 4.387863098978217e-07
107 4.387863098978217e-07
108 4.387863098978217e-07
109 4.387863098978217e-07
110 4.387863098978217e-07
111 4.387863098978217e-07
112 4.387863098978217e-07
113 4.387863098978217e-07
114 4.387863098978217e-07
115 4.387863098978217e-07
116 4.387863098978217e-07
117 4.387863098978217e-07
118 4.387863098978217e-07
119 4.387863098978217e-07
120 4.387863098978217e-07
121 4.387863098978217e-07
122 4.387863098978217e-07
123 4.387863098978217e-07
124 4.387863098978217e-07
125 4.387863098978217e-07
126 2.0111989769075784e-06
127 4.387863098978217e-07
128 4.387863098978217e-07
129 4.387863098978217e-07
130 4.387863098978217e-07
131 4.387863098978217e-07
132 4.387863098978217e-07
133 4.387863098978217e-07
134 4.387863098978217e-07
135 4.387863098978217e-07
136 4.387863098978217e-07
137 4.387863098978217e-07
138 4.387863098978217e-07
139 4.387863098978217e-07
140 4.387863098978217e-07
141 4.387863098978217e-07
142 4.387863098978217e-07
143 4.387863098978217e-07
144 4.387863098978217e-07
145 4.387863098978217e-07
146 4.387863098978217e-07
147 2.0111989769075784e-06
148 4.387863098978217e-07
149 4.387863098978217e-07
150 4.387863098978217e-07
151 4.387863098978217e-07
152 4.387863098978217e-07
153 4.387863098978217e-07
154 4.387863098978217e-07
155 4.387863098978217e-07
156 4.387863098978217e-07
157 4.387863098978217e-07
158 4.387863098978217e-07
159 4.387863098978217e-07
160 4.387863098978217e-07
161 4.387863098978217e-07
162 4.387863098978217e-07
163 4.387863098978217e-07
164 4.387863098978217e-07
165 4.387863098978217e-07
166 4.387863098978217e-07
167 4.387863098978217e-07
168 2.0111989769075784e-06
169 4.387863098978217e-07
170 4.387863098978217e-07
171 4.387863098978217e-07
172 4.387863098978217e-07
173 4.387863098978217e-07
174 4.387863098978217e-07
175 4.387863098978217e-07
176 4.387863098978217e-07
177 4.387863098978217e-07
178 4.387863098978217e-07
179 4.387863098978217e-07
180 4.387863098978217e-07
181 4.387863098978217e-07
182 4.387863098978217e-07
183 4.387863098978217e-07
184 4.387863098978217e-07
185 4.387863098978217e-07
186 4.387863098978217e-07
187 4.387863098978217e-07
188 4.387863098978217e-07
189 2.0111989769075784e-06
190 4.387863098978217e-07
191 4.387863098978217e-07
192 4.387863098978217e-07
193 4.387863098978217e-07
194 4.387863098978217e-07
195 4.387863098978217e-07
196 4.387863098978217e-07
197 4.387863098978217e-07
198 4.387863098978217e-07
199 4.387863098978217e-07
200 4.387863098978217e-07
201 4.387863098978217e-07
202 4.387863098978217e-07
203 4.387863098978217e-07
204 4.387863098978217e-07
205 4.387863098978217e-07
206 4.387863098978217e-07
207 4.387863098978217e-07
208 4.387863098978217e-07
209 4.387863098978217e-07
210 2.0111989769075784e-06
211 4.387863098978217e-07
212 4.387863098978217e-07
213 4.387863098978217e-07
214 4.387863098978217e-07
215 4.387863098978217e-07
216 4.387863098978217e-07
217 4.387863098978217e-07
218 4.387863098978217e-07
219 4.387863098978217e-07
220 4.387863098978217e-07
221 4.387863098978217e-07
222 4.387863098978217e-07
223 4.387863098978217e-07
224 4.387863098978217e-07
225 4.387863098978217e-07
226 4.387863098978217e-07
227 4.387863098978217e-07
228 4.387863098978217e-07
229 4.387863098978217e-07
230 4.387863098978217e-07
231 2.0111989769075784e-06
232 4.387863098978217e-07
233 4.387863098978217e-07
234 4.387863098978217e-07
235 4.387863098978217e-07
236 4.387863098978217e-07
237 4.387863098978217e-07
238 4.387863098978217e-07
239 4.387863098978217e-07
240 4.387863098978217e-07
241 4.387863098978217e-07
242 4.387863098978217e-07
243 4.387863098978217e-07
244 4.387863098978217e-07
245 4.387863098978217e-07
246 4.387863098978217e-07
247 4.387863098978217e-07
248 4.387863098978217e-07
249 4.387863098978217e-07
250 4.387863098978217e-07
251 4.387863098978217e-07
252 2.0111989769075784e-06
253 4.387863098978217e-07
254 4.387863098978217e-07
255 4.387863098978217e-07
256 4.387863098978217e-07
257 4.387863098978217e-07
258 4.387863098978217e-07
259 4.387863098978217e-07
260 4.387863098978217e-07
261 4.387863098978217e-07
262 4.387863098978217e-07
263 4.387863098978217e-07
264 4.387863098978217e-07
265 4.387863098978217e-07
266 4.387863098978217e-07
267 4.387863098978217e-07
268 4.387863098978217e-07
269 4.387863098978217e-07
270 4.387863098978217e-07
271 4.387863098978217e-07
272 4.387863098978217e-07
273 2.0111989769075784e-06
274 4.387863098978217e-07
275 4.387863098978217e-07
276 4.387863098978217e-07
277 4.387863098978217e-07
278 4.387863098978217e-07
279 4.387863098978217e-07
280 4.387863098978217e-07
281 4.387863098978217e-07
282 4.387863098978217e-07
283 4.387863098978217e-07
284 4.387863098978217e-07
285 4.387863098978217e-07
286 4.387863098978217e-07
287 4.387863098978217e-07
288 4.387863098978217e-07
289 4.387863098978217e-07
290 4.387863098978217e-07
291 4.387863098978217e-07
292 4.387863098978217e-07
293 4.387863098978217e-07
294 2.0111989769075784e-06
295 1.4170255375859663e-05
296 1.4170255375859663e-05
297 1.4170255375859663e-05
298 1.4170255375859663e-05
299 1.4170255375859663e-05
300 1.4170255375859663e-05
301 1.4170255375859663e-05
302 1.4170255375859663e-05
303 1.4170255375859663e-05
304 1.4170255375859663e-05
305 1.4170255375859663e-05
306 1.4170255375859663e-05
307 1.4170255375859663e-05
308 1.4170255375859663e-05
309 1.4170255375859663e-05
310 1.4170255375859663e-05
311 1.4170255375859663e-05
312 1.4170255375859663e-05
313 1.4170255375859663e-05
314 1.4170255375859663e-05
315 2.0111989769075784e-06
316 4.387863098978217e-07
317 4.387863098978217e-07
318 4.387863098978217e-07
319 4.387863098978217e-07
320 4.387863098978217e-07
321 4.387863098978217e-07
322 4.387863098978217e-07
323 4.387863098978217e-07
324 4.387863098978217e-07
325 4.387863098978217e-07
326 4.387863098978217e-07
327 4.387863098978217e-07
328 4.387863098978217e-07
329 4.387863098978217e-07
330 4.387863098978217e-07
331 4.387863098978217e-07
332 4.387863098978217e-07
333 4.387863098978217e-07
334 4.387863098978217e-07
335 4.387863098978217e-07
336 2.0111989769075784e-06
337 1.4170255375859663e-05
338 1.4170255375859663e-05
339 1.4170255375859663e-05
340 1.4170255375859663e-05
341 1.4170255375859663e-05
342 1.4170255375859663e-05
343 1.4170255375859663e-05
344 1.4170255375859663e-05
345 1.4170255375859663e-05
346 1.4170255375859663e-05
347 1.4170255375859663e-05
348 1.4170255375859663e-05
349 1.4170255375859663e-05
350 1.4170255375859663e-05
351 1.4170255375859663e-05
352 1.4170255375859663e-05
353 1.4170255375859663e-05
354 1.4170255375859663e-05
355 1.4170255375859663e-05
356 1.4170255375859663e-05
357 2.0111989769075784e-06
358 4.387863098978217e-07
359 4.387863098978217e-07
360 4.387863098978217e-07
361 4.387863098978217e-07
362 4.387863098978217e-07
363 4.387863098978217e-07
364 4.387863098978217e-07
365 4.387863098978217e-07
366 4.387863098978217e-07
367 4.387863098978217e-07
368 4.387863098978217e-07
369 4.387863098978217e-07
370 4.387863098978217e-07
371 4.387863098978217e-07
372 4.387863098978217e-07
373 4.387863098978217e-07
374 4.387863098978217e-07
375 4.387863098978217e-07
376 4.387863098978217e-07
377 4.387863098978217e-07
378 2.0111989769075784e-06
379 4.387863098978217e-07
380 4.387863098978217e-07
381 4.387863098978217e-07
382 4.387863098978217e-07
383 4.387863098978217e-07
384 4.387863098978217e-07
385 4.387863098978217e-07
386 4.387863098978217e-07
387 4.387863098978217e-07
388 4.387863098978217e-07
389 4.387863098978217e-07
390 4.387863098978217e-07
391 4.387863098978217e-07
392 4.387863098978217e-07
393 4.387863098978217e-07
394 4.387863098978217e-07
395 4.387863098978217e-07
396 4.387863098978217e-07
397 4.387863098978217e-07
398 4.387863098978217e-07
399 2.0111989769075784e-06
400 4.387863098978217e-07
401 4.387863098978217e-07
402 4.387863098978217e-07
403 4.387863098978217e-07
404 4.387863098978217e-07
405 4.387863098978217e-07
406 4.387863098978217e-07
407 4.387863098978217e-07
408 4.387863098978217e-07
409 4.387863098978217e-07
410 4.387863098978217e-07
411 4.387863098978217e-07
412 4.387863098978217e-07
413 4.387863098978217e-07
414 4.387863098978217e-07
415 4.387863098978217e-07
416 4.387863098978217e-07
417 4.387863098978217e-07
418 4.387863098978217e-07
419 4.387863098978217e-07
420 2.0111989769075784e-06
421 4.387863098978217e-07
422 4.387863098978217e-07
423 4.387863098978217e-07
424 4.387863098978217e-07
425 4.387863098978217e-07
426 4.387863098978217e-07
427 4.387863098978217e-07
428 4.387863098978217e-07
429 4.387863098978217e-07
430 4.387863098978217e-07
431 4.387863098978217e-07
432 4.387863098978217e-07
433 4.387863098978217e-07
434 4.387863098978217e-07
435 4.387863098978217e-07
436 4.387863098978217e-07
437 4.387863098978217e-07
438 4.387863098978217e-07
439 4.387863098978217e-07
440 4.387863098978217e-07
441 2.0111989769075784e-06
442 4.387863098978217e-07
443 4.387863098978217e-07
444 4.387863098978217e-07
445 4.387863098978217e-07
446 4.387863098978217e-07
447 4.387863098978217e-07
448 4.387863098978217e-07
449 4.387863098978217e-07
450 4.387863098978217e-07
451 4.387863098978217e-07
452 4.387863098978217e-07
453 4.387863098978217e-07
454 4.387863098978217e-07
455 4.387863098978217e-07
456 4.387863098978217e-07
457 4.387863098978217e-07
458 4.387863098978217e-07
459 4.387863098978217e-07
460 4.387863098978217e-07
461 4.387863098978217e-07
462 2.0111989769075784e-06
463 4.387863098978217e-07
464 4.387863098978217e-07
465 4.387863098978217e-07
466 4.387863098978217e-07
467 4.387863098978217e-07
468 4.387863098978217e-07
469 4.387863098978217e-07
470 4.387863098978217e-07
471 4.387863098978217e-07
472 4.387863098978217e-07
473 4.387863098978217e-07
474 4.387863098978217e-07
475 4.387863098978217e-07
476 4.387863098978217e-07
477 4.387863098978217e-07
478 4.387863098978217e-07
479 4.387863098978217e-07
480 4.387863098978217e-07
481 4.387863098978217e-07
482 4.387863098978217e-07
483 2.0111989769075784e-06
484 4.387863098978217e-07
485 4.387863098978217e-07
486 4.387863098978217e-07
487 4.387863098978217e-07
488 4.387863098978217e-07
489 4.387863098978217e-07
490 4.387863098978217e-07
491 4.387863098978217e-07
492 4.387863098978217e-07
493 4.387863098978217e-07
494 4.387863098978217e-07
495 4.387863098978217e-07
496 4.387863098978217e-07
497 4.387863098978217e-07
498 4.387863098978217e-07
499 4.387863098978217e-07
500 4.387863098978217e-07
501 4.387863098978217e-07
502 4.387863098978217e-07
503 4.387863098978217e-07
504 2.0111989769075784e-06
505 4.387863098978217e-07
506 4.387863098978217e-07
507 4.387863098978217e-07
508 4.387863098978217e-07
509 4.387863098978217e-07
510 4.387863098978217e-07
511 4.387863098978217e-07
512 4.387863098978217e-07
513 4.387863098978217e-07
514 4.387863098978217e-07
515 4.387863098978217e-07
516 4.387863098978217e-07
517 4.387863098978217e-07
518 4.387863098978217e-07
519 4.387863098978217e-07
520 4.387863098978217e-07
521 4.387863098978217e-07
522 4.387863098978217e-07
523 4.387863098978217e-07
524 4.387863098978217e-07
525 2.0111989769075784e-06
526 4.387863098978217e-07
527 4.387863098978217e-07
528 4.387863098978217e-07
529 4.387863098978217e-07
530 4.387863098978217e-07
531 4.387863098978217e-07
532 4.387863098978217e-07
533 4.387863098978217e-07
534 4.387863098978217e-07
535 4.387863098978217e-07
536 4.387863098978217e-07
537 4.387863098978217e-07
538 4.387863098978217e-07
539 4.387863098978217e-07
540 4.387863098978217e-07
541 4.387863098978217e-07
542 4.387863098978217e-07
543 4.387863098978217e-07
544 4.387863098978217e-07
545 4.387863098978217e-07
546 2.0111989769075784e-06
547 4.387863098978217e-07
548 4.387863098978217e-07
549 4.387863098978217e-07
550 4.387863098978217e-07
551 4.387863098978217e-07
552 4.387863098978217e-07
553 4.387863098978217e-07
554 4.387863098978217e-07
555 4.387863098978217e-07
556 4.387863098978217e-07
557 4.387863098978217e-07
558 4.387863098978217e-07
559 4.387863098978217e-07
560 4.387863098978217e-07
561 4.387863098978217e-07
562 4.387863098978217e-07
563 4.387863098978217e-07
564 4.387863098978217e-07
565 4.387863098978217e-07
566 4.387863098978217e-07
567 2.0111989769075784e-06
568 4.387863098978217e-07
569 4.387863098978217e-07
570 4.387863098978217e-07
571 4.387863098978217e-07
572 4.387863098978217e-07
573 4.387863098978217e-07
574 4.387863098978217e-07
575 4.387863098978217e-07
576 4.387863098978217e-07
577 4.387863098978217e-07
578 4.387863098978217e-07
579 4.387863098978217e-07
580 4.387863098978217e-07
581 4.387863098978217e-07
582 4.387863098978217e-07
583 4.387863098978217e-07
584 4.387863098978217e-07
585 4.387863098978217e-07
586 4.387863098978217e-07
587 4.387863098978217e-07
588 2.0111989769075784e-06
589 4.387863098978217e-07
590 4.387863098978217e-07
591 4.387863098978217e-07
592 4.387863098978217e-07
593 4.387863098978217e-07
594 4.387863098978217e-07
595 4.387863098978217e-07
596 4.387863098978217e-07
597 4.387863098978217e-07
598 4.387863098978217e-07
599 4.387863098978217e-07
600 4.387863098978217e-07
601 4.387863098978217e-07
602 4.387863098978217e-07
603 4.387863098978217e-07
604 4.387863098978217e-07
605 4.387863098978217e-07
606 4.387863098978217e-07
607 4.387863098978217e-07
608 4.387863098978217e-07
609 2.0111989769075784e-06
610 4.387863098978217e-07
611 4.387863098978217e-07
612 4.387863098978217e-07
613 4.387863098978217e-07
614 4.387863098978217e-07
615 4.387863098978217e-07
616 4.387863098978217e-07
617 4.387863098978217e-07
618 4.387863098978217e-07
619 4.387863098978217e-07
620 4.387863098978217e-07
621 4.387863098978217e-07
622 4.387863098978217e-07
623 4.387863098978217e-07
624 4.387863098978217e-07
625 4.387863098978217e-07
626 4.387863098978217e-07
627 4.387863098978217e-07
628 4.387863098978217e-07
629 4.387863098978217e-07
630 2.0111989769075784e-06
631 4.387863098978217e-07
632 4.387863098978217e-07
633 4.387863098978217e-07
634 4.387863098978217e-07
635 4.387863098978217e-07
636 4.387863098978217e-07
637 4.387863098978217e-07
638 4.387863098978217e-07
639 4.387863098978217e-07
640 4.387863098978217e-07
641 4.387863098978217e-07
642 4.387863098978217e-07
643 4.387863098978217e-07
644 4.387863098978217e-07
645 4.387863098978217e-07
646 4.387863098978217e-07
647 4.387863098978217e-07
648 4.387863098978217e-07
649 4.387863098978217e-07
650 4.387863098978217e-07
651 2.0111989769075784e-06
652 4.387863098978217e-07
653 4.387863098978217e-07
654 4.387863098978217e-07
655 4.387863098978217e-07
656 4.387863098978217e-07
657 4.387863098978217e-07
658 4.387863098978217e-07
659 4.387863098978217e-07
660 4.387863098978217e-07
661 4.387863098978217e-07
662 4.387863098978217e-07
663 4.387863098978217e-07
664 4.387863098978217e-07
665 4.387863098978217e-07
666 4.387863098978217e-07
667 4.387863098978217e-07
668 4.387863098978217e-07
669 4.387863098978217e-07
670 4.387863098978217e-07
671 4.387863098978217e-07
672 2.0111989769075784e-06
673 4.387863098978217e-07
674 4.387863098978217e-07
675 4.387863098978217e-07
676 4.387863098978217e-07
677 4.387863098978217e-07
678 4.387863098978217e-07
679 4.387863098978217e-07
680 4.387863098978217e-07
681 4.387863098978217e-07
682 4.387863098978217e-07
683 4.387863098978217e-07
684 4.387863098978217e-07
685 4.387863098978217e-07
686 4.387863098978217e-07
687 4.387863098978217e-07
688 4.387863098978217e-07
689 4.387863098978217e-07
690 4.387863098978217e-07
691 4.387863098978217e-07
692 4.387863098978217e-07
693 2.0111989769075784e-06
694 4.387863098978217e-07
695 4.387863098978217e-07
696 4.387863098978217e-07
697 4.387863098978217e-07
698 4.387863098978217e-07
699 4.387863098978217e-07
700 4.387863098978217e-07
701 4.387863098978217e-07
702 4.387863098978217e-07
703 4.387863098978217e-07
704 4.387863098978217e-07
705 4.387863098978217e-07
706 4.387863098978217e-07
707 4.387863098978217e-07
708 4.387863098978217e-07
709 4.387863098978217e-07
710 4.387863098978217e-07
711 4.387863098978217e-07
712 4.387863098978217e-07
713 4.387863098978217e-07
714 2.0111989769075784e-06
715 4.387863098978217e-07
716 4.387863098978217e-07
717 4.387863098978217e-07
718 4.387863098978217e-07
719 4.387863098978217e-07
720 4.387863098978217e-07
721 4.387863098978217e-07
722 4.387863098978217e-07
723 4.387863098978217e-07
724 4.387863098978217e-07
725 4.387863098978217e-07
726 4.387863098978217e-07
727 4.387863098978217e-07
728 4.387863098978217e-07
729 4.387863098978217e-07
730 4.387863098978217e-07
731 4.387863098978217e-07
732 4.387863098978217e-07
733 4.387863098978217e-07
734 4.387863098978217e-07
735 2.0111989769075784e-06
736 4.387863098978217e-07
737 4.387863098978217e-07
738 4.387863098978217e-07
739 4.387863098978217e-07
740 4.387863098978217e-07
741 4.387863098978217e-07
742 4.387863098978217e-07
743 4.387863098978217e-07
744 4.387863098978217e-07
745 4.387863098978217e-07
746 4.387863098978217e-07
747 4.387863098978217e-07
748 4.387863098978217e-07
749 4.387863098978217e-07
750 4.387863098978217e-07
751 4.387863098978217e-07
752 4.387863098978217e-07
753 4.387863098978217e-07
754 4.387863098978217e-07
755 4.387863098978217e-07
756 2.0111989769075784e-06
757 4.387863098978217e-07
758 4.387863098978217e-07
759 4.387863098978217e-07
760 4.387863098978217e-07
761 4.387863098978217e-07
762 4.387863098978217e-07
763 4.387863098978217e-07
764 4.387863098978217e-07
765 4.387863098978217e-07
766 4.387863098978217e-07
767 4.387863098978217e-07
768 4.387863098978217e-07
769 4.387863098978217e-07
770 4.387863098978217e-07
771 4.387863098978217e-07
772 4.387863098978217e-07
773 4.387863098978217e-07
774 4.387863098978217e-07
775 4.387863098978217e-07
776 4.387863098978217e-07
777 2.0111989769075784e-06
778 2.928361519369186e-07
779 1.1277240646474328e-07
780 2.928361519369186e-07
781 1.1277240646474328e-07
782 2.928361519369186e-07
783 1.1277240646474328e-07
784 2.928361519369186e-07
785 1.1277240646474328e-07
786 2.928361519369186e-07
787 1.1277240646474328e-07
788 2.928361519369186e-07
789 1.1277240646474328e-07
790 2.928361519369186e-07
791 1.1277240646474328e-07
792 2.928361519369186e-07
793 1.1277240646474328e-07
794 2.928361519369186e-07
795 1.1277240646474328e-07
796 2.928361519369186e-07
797 1.1277240646474328e-07
798 2.928361519369186e-07
799 1.1277240646474328e-07
800 2.928361519369186e-07
801 1.1277240646474328e-07
802 2.928361519369186e-07
803 1.1277240646474328e-07
804 2.928361519369186e-07
805 1.1277240646474328e-07
806 2.928361519369186e-07
807 1.1277240646474328e-07
808 2.928361519369186e-07
809 1.1277240646474328e-07
810 2.928361519369186e-07
811 1.1277240646474328e-07
812 2.928361519369186e-07
813 1.1277240646474328e-07
814 2.928361519369186e-07
815 1.1277240646474328e-07
816 2.928361519369186e-07
817 1.1277240646474328e-07
818 2.928361519369186e-07
819 1.1277240646474328e-07
820 2.928361519369186e-07
821 1.1277240646474328e-07
822 2.928361519369186e-07
823 1.1277240646474328e-07
824 2.928361519369186e-07
825 1.1277240646474328e-07
826 2.928361519369186e-07
827 1.1277240646474328e-07
828 2.928361519369186e-07
829 1.1277240646474328e-07
830 2.928361519369186e-07
831 1.1277240646474328e-07
832 2.928361519369186e-07
833 1.1277240646474328e-07
834 2.928361519369186e-07
835 1.1277240646474328e-07
836 2.928361519369186e-07
837 1.1277240646474328e-07
838 2.928361519369186e-07
839 1.1277240646474328e-07
840 2.928361519369186e-07
841 1.1277240646474328e-07
842 2.928361519369186e-07
843 1.1277240646474328e-07
844 2.928361519369186e-07
845 1.1277240646474328e-07
846 2.928361519369186e-07
847 1.1277240646474328e-07
848 2.928361519369186e-07
849 1.1277240646474328e-07
850 2.928361519369186e-07
851 1.1277240646474328e-07
852 2.928361519369186e-07
853 1.1277240646474328e-07
854 2.928361519369186e-07
855 1.1277240646474328e-07
856 2.928361519369186e-07
857 1.1277240646474328e-07
858 2.928361519369186e-07
859 1.1277240646474328e-07
860 2.928361519369186e-07
861 1.1277240646474328e-07
862 2.928361519369186e-07
863 1.1277240646474328e-07
864 2.928361519369186e-07
865 1.1277240646474328e-07
866 2.928361519369186e-07
867 1.1277240646474328e-07
868 2.928361519369186e-07
869 1.1277240646474328e-07
870 2.928361519369186e-07
871 1.1277240646474328e-07
872 2.928361519369186e-07
873 1.1277240646474328e-07
874 2.928361519369186e-07
875 1.1277240646474328e-07
876 2.928361519369186e-07
877 1.1277240646474328e-07
878 2.928361519369186e-07
879 1.1277240646474328e-07
880 2.928361519369186e-07
881 1.1277240646474328e-07
882 2.928361519369186e-07
883 1.1277240646474328e-07
884 2.928361519369186e-07
885 1.1277240646474328e-07
886 2.928361519369186e-07
887 1.1277240646474328e-07
888 2.928361519369186e-07
889 1.1277240646474328e-07
890 2.928361519369186e-07
891 1.1277240646474328e-07
892 2.928361519369186e-07
893 1.1277240646474328e-07
894 2.928361519369186e-07
895 1.1277240646474328e-07
896 2.928361519369186e-07
897 1.1277240646474328e-07
898 2.928361519369186e-07
899 1.1277240646474328e-07
900 2.928361519369186e-07
901 1.1277240646474328e-07
902 2.928361519369186e-07
903 1.1277240646474328e-07
904 2.928361519369186e-07
905 1.1277240646474328e-07
906 2.928361519369186e-07
907 1.1277240646474328e-07
908 2.928361519369186e-07
909 1.1277240646474328e-07
910 2.928361519369186e-07
911 1.1277240646474328e-07
912 2.928361519369186e-07
913 1.1277240646474328e-07
914 2.928361519369186e-07
915 1.1277240646474328e-07
916 2.928361519369186e-07
917 1.1277240646474328e-07
918 2.928361519369186e-07
919 1.1277240646474328e-07
920 2.928361519369186e-07
921 1.1277240646474328e-07
922 2.928361519369186e-07
923 1.1277240646474328e-07
924 2.928361519369186e-07
925 1.1277240646474328e-07
926 2.928361519369186e-07
927 1.1277240646474328e-07
928 2.928361519369186e-07
929 1.1277240646474328e-07
930 2.928361519369186e-07
931 1.1277240646474328e-07
932 2.928361519369186e-07
933 1.1277240646474328e-07
934 2.928361519369186e-07
935 1.1277240646474328e-07
936 2.928361519369186e-07
937 1.1277240646474328e-07
938 2.928361519369186e-07
939 1.1277240646474328e-07
940 2.928361519369186e-07
941 1.1277240646474328e-07
942 2.928361519369186e-07
943 1.1277240646474328e-07
944 2.928361519369186e-07
945 1.1277240646474328e-07
946 2.928361519369186e-07
947 1.1277240646474328e-07
948 2.928361519369186e-07
949 1.1277240646474328e-07
950 2.928361519369186e-07
951 1.1277240646474328e-07
952 2.928361519369186e-07
953 1.1277240646474328e-07
954 2.928361519369186e-07
955 1.1277240646474328e-07
956 2.928361519369186e-07
957 1.1277240646474328e-07
958 2.928361519369186e-07
959 1.1277240646474328e-07
960 2.928361519369186e-07
961 1.1277240646474328e-07
962 2.928361519369186e-07
963 1.1277240646474328e-07
964 2.928361519369186e-07
965 1.1277240646474328e-07
966 2.928361519369186e-07
967 1.1277240646474328e-07
968 2.928361519369186e-07
969 1.1277240646474328e-07
970 2.928361519369186e-07
971 1.1277240646474328e-07
972 2.928361519369186e-07
973 1.1277240646474328e-07
974 2.928361519369186e-07
975 1.1277240646474328e-07
976 2.928361519369186e-07
977 1.1277240646474328e-07
978 2.928361519369186e-07
979 1.1277240646474328e-07
980 2.928361519369186e-07
981 1.1277240646474328e-07
982 2.928361519369186e-07
983 1.1277240646474328e-07
984 2.928361519369186e-07
985 1.1277240646474328e-07
986 2.928361519369186e-07
987 1.1277240646474328e-07
988 2.928361519369186e-07
989 1.1277240646474328e-07
990 2.928361519369186e-07
991 1.1277240646474328e-07
992 2.928361519369186e-07
993 1.1277240646474328e-07
994 2.928361519369186e-07
995 1.1277240646474328e-07
996 2.928361519369186e-07
997 1.1277240646474328e-07
998 2.928361519369186e-07
999 1.1277240646474328e-07
1000 2.928361519369186e-07
1001 1.1277240646474328e-07
1002 2.928361519369186e-07
1003 1.1277240646474328e-07
1004 2.928361519369186e-07
1005 1.1277240646474328e-07
1006 2.928361519369186e-07
1007 1.1277240646474328e-07
1008 2.928361519369186e-07
1009 1.1277240646474328e-07
1010 2.928361519369186e-07
1011 1.1277240646474328e-07
1012 2.928361519369186e-07
1013 1.1277240646474328e-07
1014 2.928361519369186e-07
1015 1.1277240646474328e-07
1016 2.928361519369186e-07
1017 1.1277240646474328e-07
1018 2.928361519369186e-07
1019 1.1277240646474328e-07
1020 2.928361519369186e-07
1021 1.1277240646474328e-07
1022 2.928361519369186e-07
1023 1.1277240646474328e-07
1024 2.928361519369186e-07
1025 1.1277240646474328e-07
1026 2.928361519369186e-07
1027 1.1277240646474328e-07
1028 2.928361519369186e-07
1029 1.1277240646474328e-07
1030 2.928361519369186e-07
1031 1.1277240646474328e-07
1032 2.928361519369186e-07
1033 1.1277240646474328e-07
1034 2.928361519369186e-07
1035 1.1277240646474328e-07
1036 2.928361519369186e-07
1037 1.1277240646474328e-07
1038 2.928361519369186e-07
1039 1.1277240646474328e-07
1040 2.928361519369186e-07
1041 1.1277240646474328e-07
1042 2.928361519369186e-07
1043 1.1277240646474328e-07
1044 2.928361519369186e-07
1045 1.1277240646474328e-07
1046 2.928361519369186e-07
1047 1.1277240646474328e-07
1048 2.928361519369186e-07
1049 1.1277240646474328e-07
1050 2.928361519369186e-07
1051 1.1277240646474328e-07
1052 2.928361519369186e-07
1053 1.1277240646474328e-07
1054 2.928361519369186e-07
1055 1.1277240646474328e-07
1056 2.928361519369186e-07
1057 1.1277240646474328e-07
1058 2.928361519369186e-07
1059 1.1277240646474328e-07
1060 2.928361519369186e-07
1061 1.1277240646474328e-07
1062 2.928361519369186e-07
1063 1.1277240646474328e-07
1064 2.928361519369186e-07
1065 1.1277240646474328e-07
1066 2.928361519369186e-07
1067 1.1277240646474328e-07
1068 2.928361519369186e-07
1069 1.1277240646474328e-07
1070 2.928361519369186e-07
1071 1.1277240646474328e-07
1072 2.928361519369186e-07
1073 1.1277240646474328e-07
1074 2.928361519369186e-07
1075 1.1277240646474328e-07
1076 2.928361519369186e-07
1077 1.1277240646474328e-07
1078 2.928361519369186e-07
1079 1.1277240646474328e-07
1080 2.928361519369186e-07
1081 1.1277240646474328e-07
1082 2.928361519369186e-07
1083 1.1277240646474328e-07
1084 2.928361519369186e-07
1085 1.1277240646474328e-07
1086 2.928361519369186e-07
1087 1.1277240646474328e-07
1088 2.928361519369186e-07
1089 1.1277240646474328e-07
1090 2.928361519369186e-07
1091 1.1277240646474328e-07
1092 2.928361519369186e-07
1093 1.1277240646474328e-07
1094 2.928361519369186e-07
1095 1.1277240646474328e-07
1096 2.928361519369186e-07
1097 1.1277240646474328e-07
1098 2.928361519369186e-07
1099 1.1277240646474328e-07
1100 2.928361519369186e-07
1101 1.1277240646474328e-07
1102 2.928361519369186e-07
1103 1.1277240646474328e-07
1104 2.928361519369186e-07
1105 1.1277240646474328e-07
1106 2.928361519369186e-07
1107 1.1277240646474328e-07
1108 2.928361519369186e-07
1109 1.1277240646474328e-07
1110 2.928361519369186e-07
1111 1.1277240646474328e-07
1112 2.928361519369186e-07
1113 1.1277240646474328e-07
1114 2.928361519369186e-07
1115 1.1277240646474328e-07
1116 2.928361519369186e-07
1117 1.1277240646474328e-07
1118 2.928361519369186e-07
1119 1.1277240646474328e-07
1120 2.928361519369186e-07
1121 1.1277240646474328e-07
1122 2.928361519369186e-07
1123 1.1277240646474328e-07
1124 2.928361519369186e-07
1125 1.1277240646474328e-07
1126 2.928361519369186e-07
1127 1.1277240646474328e-07
1128 2.928361519369186e-07
1129 1.1277240646474328e-07
1130 2.928361519369186e-07
1131 1.1277240646474328e-07
1132 2.928361519369186e-07
1133 1.1277240646474328e-07
1134 2.928361519369186e-07
1135 1.1277240646474328e-07
1136 2.928361519369186e-07
1137 1.1277240646474328e-07
1138 2.928361519369186e-07
1139 1.1277240646474328e-07
1140 2.928361519369186e-07
1141 1.1277240646474328e-07
1142 2.928361519369186e-07
1143 1.1277240646474328e-07
1144 2.928361519369186e-07
1145 1.1277240646474328e-07
1146 2.928361519369186e-07
1147 1.1277240646474328e-07
1148 2.928361519369186e-07
1149 1.1277240646474328e-07
1150 2.928361519369186e-07
1151 1.1277240646474328e-07
1152 2.928361519369186e-07
1153 1.1277240646474328e-07
1154 2.928361519369186e-07
1155 1.1277240646474328e-07
1156 2.928361519369186e-07
1157 1.1277240646474328e-07
1158 2.928361519369186e-07
1159 1.1277240646474328e-07
1160 2.928361519369186e-07
1161 1.1277240646474328e-07
1162 2.928361519369186e-07
1163 1.1277240646474328e-07
1164 2.928361519369186e-07
1165 1.1277240646474328e-07
1166 2.928361519369186e-07
1167 1.1277240646474328e-07
1168 2.928361519369186e-07
1169 1.1277240646474328e-07
1170 2.928361519369186e-07
1171 1.1277240646474328e-07
1172 2.928361519369186e-07
1173 1.1277240646474328e-07
1174 2.928361519369186e-07
1175 1.1277240646474328e-07
1176 2.928361519369186e-07
1177 1.1277240646474328e-07
1178 2.928361519369186e-07
1179 1.1277240646474328e-07
1180 2.928361519369186e-07
1181 1.1277240646474328e-07
1182 2.928361519369186e-07
1183 1.1277240646474328e-07
1184 2.928361519369186e-07
1185 1.1277240646474328e-07
1186 2.928361519369186e-07
1187 1.1277240646474328e-07
1188 2.928361519369186e-07
1189 1.1277240646474328e-07
1190 2.928361519369186e-07
1191 1.1277240646474328e-07
1192 2.928361519369186e-07
1193 1.1277240646474328e-07
1194 2.928361519369186e-07
1195 1.1277240646474328e-07
1196 2.928361519369186e-07
1197 1.1277240646474328e-07
1198 2.928361519369186e-07
1199 1.1277240646474328e-07
1200 2.928361519369186e-07
1201 1.1277240646474328e-07
1202 2.928361519369186e-07
1203 1.1277240646474328e-07
1204 2.928361519369186e-07
1205 1.1277240646474328e-07
1206 2.928361519369186e-07
1207 1.1277240646474328e-07
1208 2.928361519369186e-07
1209 1.1277240646474328e-07
1210 2.928361519369186e-07
1211 1.1277240646474328e-07
1212 2.928361519369186e-07
1213 1.1277240646474328e-07
1214 2.928361519369186e-07
1215 1.1277240646474328e-07
1216 2.928361519369186e-07
1217 1.1277240646474328e-07
1218 2.928361519369186e-07
1219 1.1277240646474328e-07
1220 2.928361519369186e-07
1221 1.1277240646474328e-07
1222 2.928361519369186e-07
1223 1.1277240646474328e-07
1224 2.928361519369186e-07
1225 1.1277240646474328e-07
1226 2.928361519369186e-07
1227 1.1277240646474328e-07
1228 2.928361519369186e-07
1229 1.1277240646474328e-07
1230 2.928361519369186e-07
1231 1.1277240646474328e-07
1232 2.928361519369186e-07
1233 1.1277240646474328e-07
1234 2.928361519369186e-07
1235 1.1277240646474328e-07
1236 2.928361519369186e-07
1237 1.1277240646474328e-07
1238 2.928361519369186e-07
1239 1.1277240646474328e-07
1240 2.928361519369186e-07
1241 1.1277240646474328e-07
1242 2.928361519369186e-07
1243 1.1277240646474328e-07
1244 2.928361519369186e-07
1245 1.1277240646474328e-07
1246 2.928361519369186e-07
1247 1.1277240646474328e-07
1248 2.928361519369186e-07
1249 1.1277240646474328e-07
1250 2.928361519369186e-07
1251 1.1277240646474328e-07
1252 2.928361519369186e-07
1253 1.1277240646474328e-07
1254 2.928361519369186e-07
1255 1.1277240646474328e-07
1256 2.928361519369186e-07
1257 1.1277240646474328e-07
1258 2.928361519369186e-07
1259 1.1277240646474328e-07
1260 2.928361519369186e-07
1261 1.1277240646474328e-07
1262 2.928361519369186e-07
1263 1.1277240646474328e-07
1264 2.928361519369186e-07
1265 1.1277240646474328e-07
1266 2.928361519369186e-07
1267 1.1277240646474328e-07
1268 2.928361519369186e-07
1269 1.1277240646474328e-07
1270 2.928361519369186e-07
1271 1.1277240646474328e-07
1272 2.928361519369186e-07
1273 1.1277240646474328e-07
1274 2.928361519369186e-07
1275 1.1277240646474328e-07
1276 2.928361519369186e-07
1277 1.1277240646474328e-07
1278 2.928361519369186e-07
1279 1.1277240646474328e-07
1280 2.928361519369186e-07
1281 1.1277240646474328e-07
1282 2.928361519369186e-07
1283 1.1277240646474328e-07
1284 2.928361519369186e-07
1285 1.1277240646474328e-07
1286 2.928361519369186e-07
1287 1.1277240646474328e-07
1288 2.928361519369186e-07
1289 1.1277240646474328e-07
1290 2.928361519369186e-07
1291 1.1277240646474328e-07
1292 2.928361519369186e-07
1293 1.1277240646474328e-07
1294 2.928361519369186e-07
1295 1.1277240646474328e-07
1296 2.928361519369186e-07
1297 1.1277240646474328e-07
1298 2.928361519369186e-07
1299 1.1277240646474328e-07
1300 2.928361519369186e-07
1301 1.1277240646474328e-07
1302 2.928361519369186e-07
1303 1.1277240646474328e-07
1304 2.928361519369186e-07
1305 1.1277240646474328e-07
1306 2.928361519369186e-07
1307 1.1277240646474328e-07
1308 2.928361519369186e-07
1309 1.1277240646474328e-07
1310 2.928361519369186e-07
1311 1.1277240646474328e-07
1312 2.928361519369186e-07
1313 1.1277240646474328e-07
1314 2.928361519369186e-07
1315 1.1277240646474328e-07
1316 2.928361519369186e-07
1317 1.1277240646474328e-07
1318 2.928361519369186e-07
1319 1.1277240646474328e-07
1320 2.928361519369186e-07
1321 1.1277240646474328e-07
1322 2.928361519369186e-07
1323 1.1277240646474328e-07
1324 2.928361519369186e-07
1325 1.1277240646474328e-07
1326 2.928361519369186e-07
1327 1.1277240646474328e-07
1328 2.928361519369186e-07
1329 1.1277240646474328e-07
1330 2.928361519369186e-07
1331 1.1277240646474328e-07
1332 2.928361519369186e-07
1333 1.1277240646474328e-07
1334 2.928361519369186e-07
1335 1.1277240646474328e-07
1336 2.928361519369186e-07
1337 1.1277240646474328e-07
1338 2.928361519369186e-07
1339 1.1277240646474328e-07
1340 2.928361519369186e-07
1341 1.1277240646474328e-07
1342 2.928361519369186e-07
1343 1.1277240646474328e-07
1344 2.928361519369186e-07
1345 1.1277240646474328e-07
1346 2.928361519369186e-07
1347 1.1277240646474328e-07
1348 2.928361519369186e-07
1349 1.1277240646474328e-07
1350 2.928361519369186e-07
1351 1.1277240646474328e-07
1352 2.928361519369186e-07
1353 1.1277240646474328e-07
1354 2.928361519369186e-07
1355 1.1277240646474328e-07
1356 2.928361519369186e-07
1357 1.1277240646474328e-07
1358 2.928361519369186e-07
1359 1.1277240646474328e-07
1360 2.928361519369186e-07
1361 1.1277240646474328e-07
1362 2.928361519369186e-07
1363 1.1277240646474328e-07
1364 2.928361519369186e-07
1365 1.1277240646474328e-07
1366 2.928361519369186e-07
1367 1.1277240646474328e-07
1368 2.928361519369186e-07
1369 1.1277240646474328e-07
1370 2.928361519369186e-07
1371 1.1277240646474328e-07
1372 2.928361519369186e-07
1373 1.1277240646474328e-07
1374 2.928361519369186e-07
1375 1.1277240646474328e-07
1376 2.928361519369186e-07
1377 1.1277240646474328e-07
1378 2.928361519369186e-07
1379 1.1277240646474328e-07
1380 2.928361519369186e-07
1381 1.1277240646474328e-07
1382 2.928361519369186e-07
1383 1.1277240646474328e-07
1384 2.928361519369186e-07
1385 1.1277240646474328e-07
1386 2.928361519369186e-07
1387 1.1277240646474328e-07
1388 2.928361519369186e-07
1389 1.1277240646474328e-07
1390 2.928361519369186e-07
1391 1.1277240646474328e-07
1392 2.928361519369186e-07
1393 1.1277240646474328e-07
1394 2.928361519369186e-07
1395 1.1277240646474328e-07
1396 2.928361519369186e-07
1397 1.1277240646474328e-07
1398 2.928361519369186e-07
1399 1.1277240646474328e-07
1400 2.928361519369186e-07
1401 1.1277240646474328e-07
1402 2.928361519369186e-07
1403 1.1277240646474328e-07
1404 2.928361519369186e-07
1405 1.1277240646474328e-07
1406 2.928361519369186e-07
1407 1.1277240646474328e-07
1408 2.928361519369186e-07
1409 1.1277240646474328e-07
1410 2.928361519369186e-07
1411 1.1277240646474328e-07
1412 2.928361519369186e-07
1413 1.1277240646474328e-07
1414 2.928361519369186e-07
1415 1.1277240646474328e-07
1416 2.928361519369186e-07
1417 1.1277240646474328e-07
1418 2.928361519369186e-07
1419 1.1277240646474328e-07
1420 2.928361519369186e-07
1421 1.1277240646474328e-07
1422 2.928361519369186e-07
1423 1.1277240646474328e-07
1424 2.928361519369186e-07
1425 1.1277240646474328e-07
1426 2.928361519369186e-07
1427 1.1277240646474328e-07
1428 2.928361519369186e-07
1429 1.1277240646474328e-07
1430 2.928361519369186e-07
1431 1.1277240646474328e-07
1432 2.928361519369186e-07
1433 1.1277240646474328e-07
1434 2.928361519369186e-07
1435 1.1277240646474328e-07
1436 2.928361519369186e-07
1437 1.1277240646474328e-07
1438 2.928361519369186e-07
1439 1.1277240646474328e-07
1440 2.928361519369186e-07
1441 1.1277240646474328e-07
1442 2.928361519369186e-07
1443 1.1277240646474328e-07
1444 2.928361519369186e-07
1445 1.1277240646474328e-07
1446 2.928361519369186e-07
1447 1.1277240646474328e-07
1448 2.928361519369186e-07
1449 1.1277240646474328e-07
1450 2.928361519369186e-07
1451 1.1277240646474328e-07
1452 2.928361519369186e-07
1453 1.1277240646474328e-07
1454 2.928361519369186e-07
1455 1.1277240646474328e-07
1456 2.928361519369186e-07
1457 1.1277240646474328e-07
1458 2.928361519369186e-07
1459 1.1277240646474328e-07
1460 2.928361519369186e-07
1461 1.1277240646474328e-07
1462 2.928361519369186e-07
1463 1.1277240646474328e-07
1464 2.928361519369186e-07
1465 1.1277240646474328e-07
1466 2.928361519369186e-07
1467 1.1277240646474328e-07
1468 2.928361519369186e-07
1469 1.1277240646474328e-07
1470 2.928361519369186e-07
1471 1.1277240646474328e-07
1472 2.928361519369186e-07
1473 1.1277240646474328e-07
1474 2.928361519369186e-07
1475 1.1277240646474328e-07
1476 2.928361519369186e-07
1477 1.1277240646474328e-07
1478 2.928361519369186e-07
1479 1.1277240646474328e-07
1480 2.928361519369186e-07
1481 1.1277240646474328e-07
1482 2.928361519369186e-07
1483 1.1277240646474328e-07
1484 2.928361519369186e-07
1485 1.1277240646474328e-07
1486 2.928361519369186e-07
1487 1.1277240646474328e-07
1488 2.928361519369186e-07
1489 1.1277240646474328e-07
1490 2.928361519369186e-07
1491 1.1277240646474328e-07
1492 2.928361519369186e-07
1493 1.1277240646474328e-07
1494 2.928361519369186e-07
1495 1.1277240646474328e-07
1496 2.928361519369186e-07
1497 1.1277240646474328e-07
1498 2.928361519369186e-07
1499 1.1277240646474328e-07
1500 2.928361519369186e-07
1501 1.1277240646474328e-07
1502 2.928361519369186e-07
1503 1.1277240646474328e-07
1504 2.928361519369186e-07
1505 1.1277240646474328e-07
1506 2.928361519369186e-07
1507 1.1277240646474328e-07
1508 2.928361519369186e-07
1509 1.1277240646474328e-07
1510 2.928361519369186e-07
1511 1.1277240646474328e-07
1512 2.928361519369186e-07
1513 1.1277240646474328e-07
1514 2.928361519369186e-07
1515 1.1277240646474328e-07
1516 2.928361519369186e-07
1517 1.1277240646474328e-07
1518 2.928361519369186e-07
1519 1.1277240646474328e-07
1520 2.928361519369186e-07
1521 1.1277240646474328e-07
1522 2.928361519369186e-07
1523 1.1277240646474328e-07
1524 2.928361519369186e-07
1525 1.1277240646474328e-07
1526 2.928361519369186e-07
1527 1.1277240646474328e-07
1528 2.928361519369186e-07
1529 1.1277240646474328e-07
1530 2.928361519369186e-07
1531 1.1277240646474328e-07
1532 2.928361519369186e-07
1533 1.1277240646474328e-07
1534 2.928361519369186e-07
1535 1.1277240646474328e-07
1536 2.928361519369186e-07
1537 1.1277240646474328e-07
1538 2.928361519369186e-07
1539 1.1277240646474328e-07
1540 2.928361519369186e-07
1541 1.1277240646474328e-07
1542 2.928361519369186e-07
1543 1.1277240646474328e-07
1544 2.928361519369186e-07
1545 1.1277240646474328e-07
1546 2.928361519369186e-07
1547 1.1277240646474328e-07
1548 2.928361519369186e-07
1549 1.1277240646474328e-07
1550 2.928361519369186e-07
1551 1.1277240646474328e-07
1552 2.928361519369186e-07
1553 1.1277240646474328e-07
1554 2.928361519369186e-07
1555 1.1277240646474328e-07
1556 2.928361519369186e-07
1557 1.1277240646474328e-07
1558 2.928361519369186e-07
1559 1.1277240646474328e-07
1560 2.928361519369186e-07
1561 1.1277240646474328e-07
1562 2.928361519369186e-07
1563 1.1277240646474328e-07
1564 2.928361519369186e-07
1565 1.1277240646474328e-07
1566 2.928361519369186e-07
1567 1.1277240646474328e-07
1568 2.928361519369186e-07
1569 1.1277240646474328e-07
1570 2.928361519369186e-07
1571 1.1277240646474328e-07
1572 2.928361519369186e-07
1573 1.1277240646474328e-07
1574 2.928361519369186e-07
1575 1.1277240646474328e-07
1576 2.928361519369186e-07
1577 1.1277240646474328e-07
1578 2.928361519369186e-07
1579 1.1277240646474328e-07
1580 2.928361519369186e-07
1581 1.1277240646474328e-07
1582 2.928361519369186e-07
1583 1.1277240646474328e-07
1584 2.928361519369186e-07
1585 1.1277240646474328e-07
1586 2.928361519369186e-07
1587 1.1277240646474328e-07
1588 2.928361519369186e-07
1589 1.1277240646474328e-07
1590 2.928361519369186e-07
1591 1.1277240646474328e-07
1592 2.928361519369186e-07
1593 1.1277240646474328e-07
1594 2.928361519369186e-07
1595 1.1277240646474328e-07
1596 2.928361519369186e-07
1597 1.1277240646474328e-07
1598 2.928361519369186e-07
1599 1.1277240646474328e-07
1600 2.928361519369186e-07
1601 1.1277240646474328e-07
1602 2.928361519369186e-07
1603 1.1277240646474328e-07
1604 2.928361519369186e-07
1605 1.1277240646474328e-07
1606 2.928361519369186e-07
1607 1.1277240646474328e-07
1608 2.928361519369186e-07
1609 1.1277240646474328e-07
1610 2.928361519369186e-07
1611 1.1277240646474328e-07
1612 2.928361519369186e-07
1613 1.1277240646474328e-07
1614 2.928361519369186e-07
1615 1.1277240646474328e-07
1616 2.928361519369186e-07
1617 1.1277240646474328e-07
1618 2.928361519369186e-07
1619 1.1277240646474328e-07
1620 2.928361519369186e-07
1621 1.1277240646474328e-07
1622 2.928361519369186e-07
1623 1.1277240646474328e-07
1624 2.928361519369186e-07
1625 1.1277240646474328e-07
1626 2.928361519369186e-07
1627 1.1277240646474328e-07
1628 2.928361519369186e-07
1629 1.1277240646474328e-07
1630 2.928361519369186e-07
1631 1.1277240646474328e-07
1632 2.928361519369186e-07
1633 1.1277240646474328e-07
1634 2.928361519369186e-07
1635 1.1277240646474328e-07
1636 2.928361519369186e-07
1637 1.1277240646474328e-07
1638 2.928361519369186e-07
1639 1.1277240646474328e-07
1640 2.928361519369186e-07
1641 1.1277240646474328e-07
1642 2.928361519369186e-07
1643 1.1277240646474328e-07
1644 2.928361519369186e-07
1645 1.1277240646474328e-07
1646 2.928361519369186e-07
1647 1.1277240646474328e-07
1648 2.928361519369186e-07
1649 1.1277240646474328e-07
1650 2.928361519369186e-07
1651 1.1277240646474328e-07
1652 2.928361519369186e-07
1653 1.1277240646474328e-07
1654 2.928361519369186e-07
1655 1.1277240646474328e-07
1656 2.928361519369186e-07
1657 1.1277240646474328e-07
1658 2.928361519369186e-07
1659 1.1277240646474328e-07
1660 2.928361519369186e-07
1661 1.1277240646474328e-07
1662 2.928361519369186e-07
1663 1.1277240646474328e-07
1664 2.928361519369186e-07
1665 1.1277240646474328e-07
1666 2.928361519369186e-07
1667 1.1277240646474328e-07
1668 2.928361519369186e-07
1669 1.1277240646474328e-07
1670 2.928361519369186e-07
1671 1.1277240646474328e-07
1672 2.928361519369186e-07
1673 1.1277240646474328e-07
1674 2.928361519369186e-07
1675 1.1277240646474328e-07
1676 2.928361519369186e-07
1677 1.1277240646474328e-07
1678 2.928361519369186e-07
1679 1.1277240646474328e-07
1680 2.928361519369186e-07
1681 1.1277240646474328e-07
1682 2.928361519369186e-07
1683 1.1277240646474328e-07
1684 2.928361519369186e-07
1685 1.1277240646474328e-07
1686 2.928361519369186e-07
1687 1.1277240646474328e-07
1688 2.928361519369186e-07
1689 1.1277240646474328e-07
1690 2.928361519369186e-07
1691 1.1277240646474328e-07
1692 2.928361519369186e-07
1693 1.1277240646474328e-07
1694 2.928361519369186e-07
1695 1.1277240646474328e-07
1696 2.928361519369186e-07
1697 1.1277240646474328e-07
1698 2.928361519369186e-07
1699 1.1277240646474328e-07
1700 2.928361519369186e-07
1701 1.1277240646474328e-07
1702 2.928361519369186e-07
1703 1.1277240646474328e-07
1704 2.928361519369186e-07
1705 1.1277240646474328e-07
1706 2.928361519369186e-07
1707 1.1277240646474328e-07
1708 2.928361519369186e-07
1709 1.1277240646474328e-07
1710 2.928361519369186e-07
1711 1.1277240646474328e-07
1712 2.928361519369186e-07
1713 1.1277240646474328e-07
1714 2.928361519369186e-07
1715 1.1277240646474328e-07
1716 2.928361519369186e-07
1717 1.1277240646474328e-07
1718 2.928361519369186e-07
1719 1.1277240646474328e-07
1720 2.928361519369186e-07
1721 1.1277240646474328e-07
1722 2.928361519369186e-07
1723 1.1277240646474328e-07
1724 2.928361519369186e-07
1725 1.1277240646474328e-07
1726 2.928361519369186e-07
1727 1.1277240646474328e-07
1728 2.928361519369186e-07
1729 1.1277240646474328e-07
1730 2.928361519369186e-07
1731 1.1277240646474328e-07
1732 2.928361519369186e-07
1733 1.1277240646474328e-07
1734 2.928361519369186e-07
1735 1.1277240646474328e-07
1736 2.928361519369186e-07
1737 1.1277240646474328e-07
1738 2.928361519369186e-07
1739 1.1277240646474328e-07
1740 2.928361519369186e-07
1741 1.1277240646474328e-07
1742 2.928361519369186e-07
1743 1.1277240646474328e-07
1744 2.928361519369186e-07
1745 1.1277240646474328e-07
1746 2.928361519369186e-07
1747 1.1277240646474328e-07
1748 2.928361519369186e-07
1749 1.1277240646474328e-07
1750 2.928361519369186e-07
1751 1.1277240646474328e-07
1752 2.928361519369186e-07
1753 1.1277240646474328e-07
1754 2.928361519369186e-07
1755 1.1277240646474328e-07
1756 2.928361519369186e-07
1757 1.1277240646474328e-07
1758 2.928361519369186e-07
1759 1.1277240646474328e-07
1760 2.928361519369186e-07
1761 1.1277240646474328e-07
1762 2.928361519369186e-07
1763 1.1277240646474328e-07
1764 2.928361519369186e-07
1765 1.1277240646474328e-07
1766 2.928361519369186e-07
1767 1.1277240646474328e-07
1768 2.928361519369186e-07
1769 1.1277240646474328e-07
1770 2.928361519369186e-07
1771 1.1277240646474328e-07
1772 2.928361519369186e-07
1773 1.1277240646474328e-07
1774 2.928361519369186e-07
1775 1.1277240646474328e-07
1776 2.928361519369186e-07
1777 1.1277240646474328e-07
1778 2.928361519369186e-07
1779 1.1277240646474328e-07
1780 2.928361519369186e-07
1781 1.1277240646474328e-07
1782 2.928361519369186e-07
1783 1.1277240646474328e-07
1784 2.928361519369186e-07
1785 1.1277240646474328e-07
1786 2.928361519369186e-07
1787 1.1277240646474328e-07
1788 2.928361519369186e-07
1789 1.1277240646474328e-07
1790 2.928361519369186e-07
1791 1.1277240646474328e-07
1792 2.928361519369186e-07
1793 1.1277240646474328e-07
1794 2.928361519369186e-07
1795 1.1277240646474328e-07
1796 2.928361519369186e-07
1797 1.1277240646474328e-07
1798 2.928361519369186e-07
1799 1.1277240646474328e-07
1800 2.928361519369186e-07
1801 1.1277240646474328e-07
1802 2.928361519369186e-07
1803 1.1277240646474328e-07
1804 2.928361519369186e-07
1805 1.1277240646474328e-07
1806 2.928361519369186e-07
1807 1.1277240646474328e-07
1808 2.928361519369186e-07
1809 1.1277240646474328e-07
1810 2.928361519369186e-07
1811 1.1277240646474328e-07
1812 2.928361519369186e-07
1813 1.1277240646474328e-07
1814 2.928361519369186e-07
1815 1.1277240646474328e-07
1816 2.928361519369186e-07
1817 1.1277240646474328e-07
1818 2.928361519369186e-07
1819 1.1277240646474328e-07
1820 2.928361519369186e-07
1821 1.1277240646474328e-07
1822 2.928361519369186e-07
1823 1.1277240646474328e-07
1824 2.928361519369186e-07
1825 1.1277240646474328e-07
1826 2.928361519369186e-07
1827 1.1277240646474328e-07
1828 2.928361519369186e-07
1829 1.1277240646474328e-07
1830 2.928361519369186e-07
1831 1.1277240646474328e-07
1832 2.928361519369186e-07
1833 1.1277240646474328e-07
1834 2.928361519369186e-07
1835 1.1277240646474328e-07
1836 2.928361519369186e-07
1837 1.1277240646474328e-07
1838 2.928361519369186e-07
1839 1.1277240646474328e-07
1840 2.928361519369186e-07
1841 1.1277240646474328e-07
1842 2.928361519369186e-07
1843 1.1277240646474328e-07
1844 2.928361519369186e-07
1845 1.1277240646474328e-07
1846 2.928361519369186e-07
1847 1.1277240646474328e-07
1848 2.928361519369186e-07
1849 1.1277240646474328e-07
1850 2.928361519369186e-07
1851 1.1277240646474328e-07
1852 2.928361519369186e-07
1853 1.1277240646474328e-07
1854 2.928361519369186e-07
1855 1.1277240646474328e-07
1856 2.928361519369186e-07
1857 1.1277240646474328e-07
1858 2.928361519369186e-07
1859 1.1277240646474328e-07
1860 2.928361519369186e-07
1861 1.1277240646474328e-07
1862 2.928361519369186e-07
1863 1.1277240646474328e-07
1864 2.928361519369186e-07
1865 1.1277240646474328e-07
1866 2.928361519369186e-07
1867 1.1277240646474328e-07
1868 2.928361519369186e-07
1869 1.1277240646474328e-07
1870 2.928361519369186e-07
1871 1.1277240646474328e-07
1872 2.928361519369186e-07
1873 1.1277240646474328e-07
1874 2.928361519369186e-07
1875 1.1277240646474328e-07
1876 2.928361519369186e-07
1877 1.1277240646474328e-07
1878 2.928361519369186e-07
1879 1.1277240646474328e-07
1880 2.928361519369186e-07
1881 1.1277240646474328e-07
1882 2.928361519369186e-07
1883 1.1277240646474328e-07
1884 2.928361519369186e-07
1885 1.1277240646474328e-07
1886 2.928361519369186e-07
1887 1.1277240646474328e-07
1888 2.928361519369186e-07
1889 1.1277240646474328e-07
1890 2.928361519369186e-07
1891 1.1277240646474328e-07
1892 2.928361519369186e-07
1893 1.1277240646474328e-07
1894 2.928361519369186e-07
1895 1.1277240646474328e-07
1896 2.928361519369186e-07
1897 1.1277240646474328e-07
1898 2.928361519369186e-07
1899 1.1277240646474328e-07
1900 2.928361519369186e-07
1901 1.1277240646474328e-07
1902 2.928361519369186e-07
1903 1.1277240646474328e-07
1904 2.928361519369186e-07
1905 1.1277240646474328e-07
1906 2.928361519369186e-07
1907 1.1277240646474328e-07
1908 2.928361519369186e-07
1909 1.1277240646474328e-07
1910 2.928361519369186e-07
1911 1.1277240646474328e-07
1912 2.928361519369186e-07
1913 1.1277240646474328e-07
1914 2.928361519369186e-07
1915 1.1277240646474328e-07
1916 2.928361519369186e-07
1917 1.1277240646474328e-07
1918 2.928361519369186e-07
1919 1.1277240646474328e-07
1920 2.928361519369186e-07
1921 1.1277240646474328e-07
1922 2.928361519369186e-07
1923 1.1277240646474328e-07
1924 2.928361519369186e-07
1925 1.1277240646474328e-07
1926 2.928361519369186e-07
1927 1.1277240646474328e-07
1928 2.928361519369186e-07
1929 1.1277240646474328e-07
1930 2.928361519369186e-07
1931 1.1277240646474328e-07
1932 2.928361519369186e-07
1933 1.1277240646474328e-07
1934 2.928361519369186e-07
1935 1.1277240646474328e-07
1936 2.928361519369186e-07
1937 1.1277240646474328e-07
1938 2.928361519369186e-07
1939 1.1277240646474328e-07
1940 2.928361519369186e-07
1941 1.1277240646474328e-07
1942 2.928361519369186e-07
1943 1.1277240646474328e-07
1944 2.928361519369186e-07
1945 1.1277240646474328e-07
1946 2.928361519369186e-07
1947 1.1277240646474328e-07
1948 2.928361519369186e-07
1949 1.1277240646474328e-07
1950 2.928361519369186e-07
1951 1.1277240646474328e-07
1952 2.928361519369186e-07
1953 1.1277240646474328e-07
1954 2.928361519369186e-07
1955 1.1277240646474328e-07
1956 2.928361519369186e-07
1957 1.1277240646474328e-07
1958 2.928361519369186e-07
1959 1.1277240646474328e-07
1960 2.928361519369186e-07
1961 1.1277240646474328e-07
1962 2.928361519369186e-07
1963 1.1277240646474328e-07
1964 2.928361519369186e-07
1965 1.1277240646474328e-07
1966 2.928361519369186e-07
1967 1.1277240646474328e-07
1968 2.928361519369186e-07
1969 1.1277240646474328e-07
1970 2.928361519369186e-07
1971 1.1277240646474328e-07
1972 2.928361519369186e-07
1973 1.1277240646474328e-07
1974 2.928361519369186e-07
1975 1.1277240646474328e-07
1976 2.928361519369186e-07
1977 1.1277240646474328e-07
1978 2.928361519369186e-07
1979 1.1277240646474328e-07
1980 2.928361519369186e-07
1981 1.1277240646474328e-07
1982 2.928361519369186e-07
1983 1.1277240646474328e-07
1984 2.928361519369186e-07
1985 1.1277240646474328e-07
1986 2.928361519369186e-07
1987 1.1277240646474328e-07
1988 2.928361519369186e-07
1989 1.1277240646474328e-07
1990 2.928361519369186e-07
1991 1.1277240646474328e-07
1992 2.928361519369186e-07
1993 1.1277240646474328e-07
1994 2.928361519369186e-07
1995 1.1277240646474328e-07
1996 2.928361519369186e-07
1997 1.1277240646474328e-07
1998 2.928361519369186e-07
1999 1.1277240646474328e-07
2000 2.928361519369186e-07
2001 1.1277240646474328e-07
2002 2.928361519369186e-07
2003 1.1277240646474328e-07
2004 2.928361519369186e-07
2005 1.1277240646474328e-07
2006 2.928361519369186e-07
2007 1.1277240646474328e-07
2008 2.928361519369186e-07
2009 1.1277240646474328e-07
2010 2.928361519369186e-07
2011 1.1277240646474328e-07
2012 2.928361519369186e-07
2013 1.1277240646474328e-07
2014 2.928361519369186e-07
2015 1.1277240646474328e-07
2016 2.928361519369186e-07
2017 1.1277240646474328e-07
2018 2.928361519369186e-07
2019 1.1277240646474328e-07
2020 2.928361519369186e-07
2021 1.1277240646474328e-07
2022 2.928361519369186e-07
2023 1.1277240646474328e-07
2024 2.928361519369186e-07
2025 1.1277240646474328e-07
2026 2.928361519369186e-07
2027 1.1277240646474328e-07
2028 2.928361519369186e-07
2029 1.1277240646474328e-07
2030 2.928361519369186e-07
2031 1.1277240646474328e-07
2032 2.928361519369186e-07
2033 1.1277240646474328e-07
2034 2.928361519369186e-07
2035 1.1277240646474328e-07
2036 2.928361519369186e-07
2037 1.1277240646474328e-07
2038 2.928361519369186e-07
2039 1.1277240646474328e-07
2040 2.928361519369186e-07
2041 1.1277240646474328e-07
2042 2.928361519369186e-07
2043 1.1277240646474328e-07
2044 2.928361519369186e-07
2045 1.1277240646474328e-07
2046 2.928361519369186e-07
2047 1.1277240646474328e-07
2048 2.928361519369186e-07
2049 1.1277240646474328e-07
2050 2.928361519369186e-07
2051 1.1277240646474328e-07
2052 2.928361519369186e-07
2053 1.1277240646474328e-07
2054 2.928361519369186e-07
2055 1.1277240646474328e-07
2056 2.928361519369186e-07
2057 1.1277240646474328e-07
2058 2.928361519369186e-07
2059 1.1277240646474328e-07
2060 2.928361519369186e-07
2061 1.1277240646474328e-07
2062 2.928361519369186e-07
2063 1.1277240646474328e-07
2064 2.928361519369186e-07
2065 1.1277240646474328e-07
2066 2.928361519369186e-07
2067 1.1277240646474328e-07
2068 2.928361519369186e-07
2069 1.1277240646474328e-07
2070 2.928361519369186e-07
2071 1.1277240646474328e-07
2072 2.928361519369186e-07
2073 1.1277240646474328e-07
2074 2.928361519369186e-07
2075 1.1277240646474328e-07
2076 2.928361519369186e-07
2077 1.1277240646474328e-07
2078 2.928361519369186e-07
2079 1.1277240646474328e-07
2080 2.928361519369186e-07
2081 1.1277240646474328e-07
2082 2.928361519369186e-07
2083 1.1277240646474328e-07
2084 2.928361519369186e-07
2085 1.1277240646474328e-07
2086 2.928361519369186e-07
2087 1.1277240646474328e-07
2088 2.928361519369186e-07
2089 1.1277240646474328e-07
2090 2.928361519369186e-07
2091 1.1277240646474328e-07
2092 2.928361519369186e-07
2093 1.1277240646474328e-07
2094 2.928361519369186e-07
2095 1.1277240646474328e-07
2096 2.928361519369186e-07
2097 1.1277240646474328e-07
2098 2.928361519369186e-07
2099 1.1277240646474328e-07
2100 2.928361519369186e-07
2101 1.1277240646474328e-07
2102 2.928361519369186e-07
2103 1.1277240646474328e-07
2104 2.928361519369186e-07
2105 1.1277240646474328e-07
2106 2.928361519369186e-07
2107 1.1277240646474328e-07
2108 2.928361519369186e-07
2109 1.1277240646474328e-07
2110 2.928361519369186e-07
2111 1.1277240646474328e-07
2112 2.928361519369186e-07
2113 1.1277240646474328e-07
2114 2.928361519369186e-07
2115 1.1277240646474328e-07
2116 2.928361519369186e-07
2117 1.1277240646474328e-07
2118 2.928361519369186e-07
2119 1.1277240646474328e-07
2120 2.928361519369186e-07
2121 1.1277240646474328e-07
2122 2.928361519369186e-07
2123 1.1277240646474328e-07
2124 2.928361519369186e-07
2125 1.1277240646474328e-07
2126 2.928361519369186e-07
2127 1.1277240646474328e-07
2128 2.928361519369186e-07
2129 1.1277240646474328e-07
2130 2.928361519369186e-07
2131 1.1277240646474328e-07
2132 2.928361519369186e-07
2133 1.1277240646474328e-07
2134 2.928361519369186e-07
2135 1.1277240646474328e-07
2136 2.928361519369186e-07
2137 1.1277240646474328e-07
2138 2.928361519369186e-07
2139 1.1277240646474328e-07
2140 2.928361519369186e-07
2141 1.1277240646474328e-07
2142 2.928361519369186e-07
2143 1.1277240646474328e-07
2144 2.928361519369186e-07
2145 1.1277240646474328e-07
2146 2.928361519369186e-07
2147 1.1277240646474328e-07
2148 2.928361519369186e-07
2149 1.1277240646474328e-07
2150 2.928361519369186e-07
2151 1.1277240646474328e-07
2152 2.928361519369186e-07
2153 1.1277240646474328e-07
2154 2.928361519369186e-07
2155 1.1277240646474328e-07
2156 2.928361519369186e-07
2157 1.1277240646474328e-07
2158 2.928361519369186e-07
2159 1.1277240646474328e-07
2160 2.928361519369186e-07
2161 1.1277240646474328e-07
2162 2.928361519369186e-07
2163 1.1277240646474328e-07
2164 2.928361519369186e-07
2165 1.1277240646474328e-07
2166 2.928361519369186e-07
2167 1.1277240646474328e-07
2168 2.928361519369186e-07
2169 1.1277240646474328e-07
2170 2.928361519369186e-07
2171 1.1277240646474328e-07
2172 2.928361519369186e-07
2173 1.1277240646474328e-07
2174 2.928361519369186e-07
2175 1.1277240646474328e-07
2176 2.928361519369186e-07
2177 1.1277240646474328e-07
2178 2.928361519369186e-07
2179 1.1277240646474328e-07
2180 2.928361519369186e-07
2181 1.1277240646474328e-07
2182 2.928361519369186e-07
2183 1.1277240646474328e-07
2184 2.928361519369186e-07
2185 1.1277240646474328e-07
2186 2.928361519369186e-07
2187 1.1277240646474328e-07
2188 2.928361519369186e-07
2189 1.1277240646474328e-07
2190 2.928361519369186e-07
2191 1.1277240646474328e-07
2192 2.928361519369186e-07
2193 1.1277240646474328e-07
2194 2.928361519369186e-07
2195 1.1277240646474328e-07
2196 2.928361519369186e-07
2197 1.1277240646474328e-07
2198 2.928361519369186e-07
2199 1.1277240646474328e-07
2200 2.928361519369186e-07
2201 1.1277240646474328e-07
2202 2.928361519369186e-07
2203 1.1277240646474328e-07
2204 2.928361519369186e-07
2205 1.1277240646474328e-07
2206 2.928361519369186e-07
2207 1.1277240646474328e-07
2208 2.928361519369186e-07
2209 1.1277240646474328e-07
2210 2.928361519369186e-07
2211 1.1277240646474328e-07
2212 2.928361519369186e-07
2213 1.1277240646474328e-07
2214 2.928361519369186e-07
2215 1.1277240646474328e-07
2216 2.928361519369186e-07
2217 1.1277240646474328e-07
2218 2.928361519369186e-07
2219 2.928361519369186e-07
2220 2.0111989769075784e-06
2221 2.0111989769075784e-06
2222 1.1277240646474328e-07
2223 2.928361519369186e-07
2224 2.928361519369186e-07
2225 2.0111989769075784e-06
2226 2.0111989769075784e-06
2227 1.1277240646474328e-07
2228 2.928361519369186e-07
2229 2.928361519369186e-07
2230 2.0111989769075784e-06
2231 2.0111989769075784e-06
2232 1.1277240646474328e-07
2233 2.928361519369186e-07
2234 2.928361519369186e-07
2235 2.0111989769075784e-06
2236 2.0111989769075784e-06
2237 1.1277240646474328e-07
2238 2.928361519369186e-07
2239 2.928361519369186e-07
2240 2.0111989769075784e-06
2241 2.0111989769075784e-06
2242 1.1277240646474328e-07
2243 2.928361519369186e-07
2244 2.928361519369186e-07
2245 4.387863098978217e-07
2246 4.387863098978217e-07
2247 1.1277240646474328e-07
2248 2.928361519369186e-07
2249 2.928361519369186e-07
2250 4.387863098978217e-07
2251 4.387863098978217e-07
2252 1.1277240646474328e-07
2253 2.928361519369186e-07
2254 2.928361519369186e-07
2255 4.387863098978217e-07
2256 4.387863098978217e-07
2257 1.1277240646474328e-07
2258 2.928361519369186e-07
2259 2.928361519369186e-07
2260 4.387863098978217e-07
2261 4.387863098978217e-07
2262 1.1277240646474328e-07
2263 2.928361519369186e-07
2264 2.928361519369186e-07
2265 4.387863098978217e-07
2266 4.387863098978217e-07
2267 1.1277240646474328e-07
2268 2.928361519369186e-07
2269 2.928361519369186e-07
2270 4.387863098978217e-07
2271 4.387863098978217e-07
2272 1.1277240646474328e-07
2273 2.928361519369186e-07
2274 2.928361519369186e-07
2275 4.387863098978217e-07
2276 4.387863098978217e-07
2277 1.1277240646474328e-07
2278 2.928361519369186e-07
2279 2.928361519369186e-07
2280 4.387863098978217e-07
2281 4.387863098978217e-07
2282 1.1277240646474328e-07
2283 2.928361519369186e-07
2284 2.928361519369186e-07
2285 4.387863098978217e-07
2286 4.387863098978217e-07
2287 1.1277240646474328e-07
2288 2.928361519369186e-07
2289 2.928361519369186e-07
2290 4.387863098978217e-07
2291 4.387863098978217e-07
2292 1.1277240646474328e-07
2293 2.928361519369186e-07
2294 2.928361519369186e-07
2295 4.387863098978217e-07
2296 4.387863098978217e-07
2297 1.1277240646474328e-07
2298 1.4170255375859663e-05
2299 1.4170255375859663e-05
2300 1.4170255375859663e-05
2301 1.4170255375859663e-05
2302 2.0111989769075784e-06
2303 2.0111989769075784e-06
2304 2.928361519369186e-07
2305 2.928361519369186e-07
2306 1.4170255375859663e-05
2307 1.4170255375859663e-05
2308 1.4170255375859663e-05
2309 1.4170255375859663e-05
2310 2.0111989769075784e-06
2311 2.0111989769075784e-06
2312 2.928361519369186e-07
2313 2.928361519369186e-07
2314 1.4170255375859663e-05
2315 1.4170255375859663e-05
2316 1.4170255375859663e-05
2317 1.4170255375859663e-05
2318 2.0111989769075784e-06
2319 2.0111989769075784e-06
2320 2.928361519369186e-07
2321 2.928361519369186e-07
2322 1.4170255375859663e-05
2323 1.4170255375859663e-05
2324 1.4170255375859663e-05
2325 1.4170255375859663e-05
2326 2.0111989769075784e-06
2327 2.0111989769075784e-06
2328 2.928361519369186e-07
2329 2.928361519369186e-07
2330 1.4170255375859663e-05
2331 1.4170255375859663e-05
2332 1.4170255375859663e-05
2333 1.4170255375859663e-05
2334 2.0111989769075784e-06
2335 2.0111989769075784e-06
2336 2.928361519369186e-07
2337 2.928361519369186e-07
2338 1.4170255375859663e-05
2339 1.4170255375859663e-05
2340 1.4170255375859663e-05
2341 1.4170255375859663e-05
2342 2.928361519369186e-07
2343 2.928361519369186e-07
2344 2.928361519369186e-07
2345 2.928361519369186e-07
2346 2.0111989769075784e-06
2347 2.0111989769075784e-06
2348 2.0111989769075784e-06
2349 2.0111989769075784e-06
2350 2.928361519369186e-07
2351 2.928361519369186e-07
2352 2.928361519369186e-07
2353 2.928361519369186e-07
2354 2.0111989769075784e-06
2355 2.0111989769075784e-06
2356 2.0111989769075784e-06
2357 2.0111989769075784e-06
2358 2.928361519369186e-07
2359 2.928361519369186e-07
2360 2.928361519369186e-07
2361 2.928361519369186e-07
2362 2.0111989769075784e-06
2363 2.0111989769075784e-06
2364 2.0111989769075784e-06
2365 2.0111989769075784e-06
2366 2.928361519369186e-07
2367 2.928361519369186e-07
2368 2.928361519369186e-07
2369 2.928361519369186e-07
2370 2.0111989769075784e-06
2371 2.0111989769075784e-06
2372 2.0111989769075784e-06
2373 2.0111989769075784e-06
2374 2.928361519369186e-07
2375 2.928361519369186e-07
2376 2.928361519369186e-07
2377 2.928361519369186e-07
2378 2.0111989769075784e-06
2379 2.0111989769075784e-06
2380 2.0111989769075784e-06
2381 2.0111989769075784e-06
2382 2.928361519369186e-07
2383 2.928361519369186e-07
2384 2.928361519369186e-07
2385 2.928361519369186e-07
2386 4.387863098978217e-07
2387 4.387863098978217e-07
2388 4.387863098978217e-07
2389 4.387863098978217e-07
2390 2.928361519369186e-07
2391 2.928361519369186e-07
2392 2.928361519369186e-07
2393 2.928361519369186e-07
2394 4.387863098978217e-07
2395 4.387863098978217e-07
2396 4.387863098978217e-07
2397 4.387863098978217e-07
2398 2.928361519369186e-07
2399 2.928361519369186e-07
2400 2.928361519369186e-07
2401 2.928361519369186e-07
2402 4.387863098978217e-07
2403 4.387863098978217e-07
2404 4.387863098978217e-07
2405 4.387863098978217e-07
2406 2.928361519369186e-07
2407 2.928361519369186e-07
2408 2.928361519369186e-07
2409 2.928361519369186e-07
2410 4.387863098978217e-07
2411 4.387863098978217e-07
2412 4.387863098978217e-07
2413 4.387863098978217e-07
2414 2.928361519369186e-07
2415 2.928361519369186e-07
2416 2.928361519369186e-07
2417 2.928361519369186e-07
2418 1.4170255375859663e-05
2419 1.4170255375859663e-05
2420 1.4170255375859663e-05
2421 1.4170255375859663e-05
2422 2.59454236656397e-05
2423 5.138404090615046e-06
2424 5.138404090615046e-06
2425 2.928361519369186e-07
2426 2.928361519369186e-07
2427 2.0111989769075784e-06
2428 2.0111989769075784e-06
2429 1.1277240646474328e-07
2430 2.928361519369186e-07
2431 2.928361519369186e-07
2432 2.0111989769075784e-06
2433 2.0111989769075784e-06
2434 1.1277240646474328e-07
2435 2.928361519369186e-07
2436 2.928361519369186e-07
2437 2.0111989769075784e-06
2438 2.0111989769075784e-06
2439 1.1277240646474328e-07
2440 2.928361519369186e-07
2441 2.928361519369186e-07
2442 2.0111989769075784e-06
2443 2.0111989769075784e-06
2444 1.1277240646474328e-07
2445 2.928361519369186e-07
2446 2.928361519369186e-07
2447 2.0111989769075784e-06
2448 2.0111989769075784e-06
2449 1.1277240646474328e-07
2450 2.928361519369186e-07
2451 2.928361519369186e-07
2452 4.387863098978217e-07
2453 4.387863098978217e-07
2454 1.1277240646474328e-07
2455 2.928361519369186e-07
2456 2.928361519369186e-07
2457 4.387863098978217e-07
2458 4.387863098978217e-07
2459 1.1277240646474328e-07
2460 2.928361519369186e-07
2461 2.928361519369186e-07
2462 4.387863098978217e-07
2463 4.387863098978217e-07
2464 1.1277240646474328e-07
2465 2.928361519369186e-07
2466 2.928361519369186e-07
2467 4.387863098978217e-07
2468 4.387863098978217e-07
2469 1.1277240646474328e-07
2470 2.928361519369186e-07
2471 2.928361519369186e-07
2472 4.387863098978217e-07
2473 4.387863098978217e-07
2474 1.1277240646474328e-07
2475 2.928361519369186e-07
2476 2.928361519369186e-07
2477 4.387863098978217e-07
2478 4.387863098978217e-07
2479 1.1277240646474328e-07
2480 2.928361519369186e-07
2481 2.928361519369186e-07
2482 4.387863098978217e-07
2483 4.387863098978217e-07
2484 1.1277240646474328e-07
2485 2.928361519369186e-07
2486 2.928361519369186e-07
2487 4.387863098978217e-07
2488 4.387863098978217e-07
2489 1.1277240646474328e-07
2490 2.928361519369186e-07
2491 2.928361519369186e-07
2492 4.387863098978217e-07
2493 4.387863098978217e-07
2494 1.1277240646474328e-07
2495 2.928361519369186e-07
2496 2.928361519369186e-07
2497 4.387863098978217e-07
2498 4.387863098978217e-07
2499 1.1277240646474328e-07
2500 2.928361519369186e-07
2501 2.928361519369186e-07
2502 4.387863098978217e-07
2503 4.387863098978217e-07
2504 1.1277240646474328e-07
2505 1.4170255375859663e-05
2506 1.4170255375859663e-05
2507 1.4170255375859663e-05
2508 1.4170255375859663e-05
2509 2.0111989769075784e-06
2510 2.0111989769075784e-06
2511 2.928361519369186e-07
2512 2.928361519369186e-07
2513 1.4170255375859663e-05
2514 1.4170255375859663e-05
2515 1.4170255375859663e-05
2516 1.4170255375859663e-05
2517 2.0111989769075784e-06
2518 2.0111989769075784e-06
2519 2.928361519369186e-07
2520 2.928361519369186e-07
2521 1.4170255375859663e-05
2522 1.4170255375859663e-05
2523 1.4170255375859663e-05
2524 1.4170255375859663e-05
2525 2.0111989769075784e-06
2526 2.0111989769075784e-06
2527 2.928361519369186e-07
2528 2.928361519369186e-07
2529 1.4170255375859663e-05
2530 1.4170255375859663e-05
2531 1.4170255375859663e-05
2532 1.4170255375859663e-05
2533 2.0111989769075784e-06
2534 2.0111989769075784e-06
2535 2.928361519369186e-07
2536 2.928361519369186e-07
2537 1.4170255375859663e-05
2538 1.4170255375859663e-05
2539 1.4170255375859663e-05
2540 1.4170255375859663e-05
2541 2.0111989769075784e-06
2542 2.0111989769075784e-06
2543 2.928361519369186e-07
2544 2.928361519369186e-07
2545 1.4170255375859663e-05
2546 1.4170255375859663e-05
2547 1.4170255375859663e-05
2548 1.4170255375859663e-05
2549 2.928361519369186e-07
2550 2.928361519369186e-07
2551 2.928361519369186e-07
2552 2.928361519369186e-07
2553 2.0111989769075784e-06
2554 2.0111989769075784e-06
2555 2.0111989769075784e-06
2556 2.0111989769075784e-06
2557 2.928361519369186e-07
2558 2.928361519369186e-07
2559 2.928361519369186e-07
2560 2.928361519369186e-07
2561 2.0111989769075784e-06
2562 2.0111989769075784e-06
2563 2.0111989769075784e-06
2564 2.0111989769075784e-06
2565 2.928361519369186e-07
2566 2.928361519369186e-07
2567 2.928361519369186e-07
2568 2.928361519369186e-07
2569 2.0111989769075784e-06
2570 2.0111989769075784e-06
2571 2.0111989769075784e-06
2572 2.0111989769075784e-06
2573 2.928361519369186e-07
2574 2.928361519369186e-07
2575 2.928361519369186e-07
2576 2.928361519369186e-07
2577 2.0111989769075784e-06
2578 2.0111989769075784e-06
2579 2.0111989769075784e-06
2580 2.0111989769075784e-06
2581 2.928361519369186e-07
2582 2.928361519369186e-07
2583 2.928361519369186e-07
2584 2.928361519369186e-07
2585 2.0111989769075784e-06
2586 2.0111989769075784e-06
2587 2.0111989769075784e-06
2588 2.0111989769075784e-06
2589 2.928361519369186e-07
2590 2.928361519369186e-07
2591 2.928361519369186e-07
2592 2.928361519369186e-07
2593 4.387863098978217e-07
2594 4.387863098978217e-07
2595 4.387863098978217e-07
2596 4.387863098978217e-07
2597 2.928361519369186e-07
2598 2.928361519369186e-07
2599 2.928361519369186e-07
2600 2.928361519369186e-07
2601 4.387863098978217e-07
2602 4.387863098978217e-07
2603 4.387863098978217e-07
2604 4.387863098978217e-07
2605 2.928361519369186e-07
2606 2.928361519369186e-07
2607 2.928361519369186e-07
2608 2.928361519369186e-07
2609 4.387863098978217e-07
2610 4.387863098978217e-07
2611 4.387863098978217e-07
2612 4.387863098978217e-07
2613 2.928361519369186e-07
2614 2.928361519369186e-07
2615 2.928361519369186e-07
2616 2.928361519369186e-07
2617 4.387863098978217e-07
2618 4.387863098978217e-07
2619 4.387863098978217e-07
2620 4.387863098978217e-07
2621 2.928361519369186e-07
2622 2.928361519369186e-07
2623 2.928361519369186e-07
2624 2.928361519369186e-07
2625 1.4170255375859663e-05
2626 1.4170255375859663e-05
2627 1.4170255375859663e-05
2628 1.4170255375859663e-05
2629 2.59454236656397e-05
2630 5.138404090615046e-06
2631 5.138404090615046e-06
2632 1.4170255375859663e-05
2633 1.4170255375859663e-05
2634 1.4170255375859663e-05
2635 1.4170255375859663e-05
2636 2.928361519369186e-07
2637 2.928361519369186e-07
2638 4.387863098978217e-07
2639 4.387863098978217e-07
2640 1.1277240646474328e-07
2641 2.928361519369186e-07
2642 2.928361519369186e-07
2643 4.387863098978217e-07
2644 4.387863098978217e-07
2645 1.1277240646474328e-07
2646 2.928361519369186e-07
2647 2.928361519369186e-07
2648 4.387863098978217e-07
2649 4.387863098978217e-07
2650 1.1277240646474328e-07
2651 2.928361519369186e-07
2652 2.928361519369186e-07
2653 4.387863098978217e-07
2654 4.387863098978217e-07
2655 1.1277240646474328e-07
2656 2.928361519369186e-07
2657 2.928361519369186e-07
2658 4.387863098978217e-07
2659 4.387863098978217e-07
2660 1.1277240646474328e-07
2661 2.928361519369186e-07
2662 2.928361519369186e-07
2663 4.387863098978217e-07
2664 4.387863098978217e-07
2665 1.1277240646474328e-07
2666 2.928361519369186e-07
2667 2.928361519369186e-07
2668 4.387863098978217e-07
2669 4.387863098978217e-07
2670 1.1277240646474328e-07
2671 4.387863098978217e-07
2672 4.387863098978217e-07
2673 4.387863098978217e-07
2674 4.387863098978217e-07
2675 2.928361519369186e-07
2676 2.928361519369186e-07
2677 2.928361519369186e-07
2678 2.928361519369186e-07
2679 4.387863098978217e-07
2680 4.387863098978217e-07
2681 4.387863098978217e-07
2682 4.387863098978217e-07
2683 2.928361519369186e-07
2684 2.928361519369186e-07
2685 2.928361519369186e-07
2686 2.928361519369186e-07
2687 4.387863098978217e-07
2688 4.387863098978217e-07
2689 4.387863098978217e-07
2690 4.387863098978217e-07
2691 2.928361519369186e-07
2692 2.928361519369186e-07
2693 2.928361519369186e-07
2694 2.928361519369186e-07
2695 4.387863098978217e-07
2696 4.387863098978217e-07
2697 4.387863098978217e-07
2698 4.387863098978217e-07
2699 2.928361519369186e-07
2700 2.928361519369186e-07
2701 2.928361519369186e-07
2702 2.928361519369186e-07
2703 4.387863098978217e-07
2704 4.387863098978217e-07
2705 4.387863098978217e-07
2706 4.387863098978217e-07
2707 2.928361519369186e-07
2708 2.928361519369186e-07
2709 2.928361519369186e-07
2710 2.928361519369186e-07
2711 4.387863098978217e-07
2712 4.387863098978217e-07
2713 4.387863098978217e-07
2714 4.387863098978217e-07
2715 2.928361519369186e-07
2716 2.928361519369186e-07
2717 2.928361519369186e-07
2718 2.928361519369186e-07
2719 1.4170255375859663e-05
2720 1.4170255375859663e-05
2721 1.4170255375859663e-05
2722 1.4170255375859663e-05
2723 2.928361519369186e-07
2724 2.928361519369186e-07
2725 4.387863098978217e-07
2726 4.387863098978217e-07
2727 1.1277240646474328e-07
2728 2.928361519369186e-07
2729 2.928361519369186e-07
2730 4.387863098978217e-07
2731 4.387863098978217e-07
2732 1.1277240646474328e-07
2733 2.928361519369186e-07
2734 2.928361519369186e-07
2735 4.387863098978217e-07
2736 4.387863098978217e-07
2737 1.1277240646474328e-07
2738 2.928361519369186e-07
2739 2.928361519369186e-07
2740 4.387863098978217e-07
2741 4.387863098978217e-07
2742 1.1277240646474328e-07
2743 2.928361519369186e-07
2744 2.928361519369186e-07
2745 4.387863098978217e-07
2746 4.387863098978217e-07
2747 1.1277240646474328e-07
2748 2.928361519369186e-07
2749 2.928361519369186e-07
2750 4.387863098978217e-07
2751 4.387863098978217e-07
2752 1.1277240646474328e-07
2753 2.928361519369186e-07
2754 2.928361519369186e-07
2755 4.387863098978217e-07
2756 4.387863098978217e-07
2757 1.1277240646474328e-07
2758 4.387863098978217e-07
2759 4.387863098978217e-07
2760 4.387863098978217e-07
2761 4.387863098978217e-07
2762 2.928361519369186e-07
2763 2.928361519369186e-07
2764 2.928361519369186e-07
2765 2.928361519369186e-07
2766 4.387863098978217e-07
2767 4.387863098978217e-07
2768 4.387863098978217e-07
2769 4.387863098978217e-07
2770 2.928361519369186e-07
2771 2.928361519369186e-07
2772 2.928361519369186e-07
2773 2.928361519369186e-07
2774 4.387863098978217e-07
2775 4.387863098978217e-07
2776 4.387863098978217e-07
2777 4.387863098978217e-07
2778 2.928361519369186e-07
2779 2.928361519369186e-07
2780 2.928361519369186e-07
2781 2.928361519369186e-07
2782 4.387863098978217e-07
2783 4.387863098978217e-07
2784 4.387863098978217e-07
2785 4.387863098978217e-07
2786 2.928361519369186e-07
2787 2.928361519369186e-07
2788 2.928361519369186e-07
2789 2.928361519369186e-07
2790 4.387863098978217e-07
2791 4.387863098978217e-07
2792 4.387863098978217e-07
2793 4.387863098978217e-07
2794 2.928361519369186e-07
2795 2.928361519369186e-07
2796 2.928361519369186e-07
2797 2.928361519369186e-07
2798 4.387863098978217e-07
2799 4.387863098978217e-07
2800 4.387863098978217e-07
2801 4.387863098978217e-07
2802 2.928361519369186e-07
2803 2.928361519369186e-07
2804 2.928361519369186e-07
2805 2.928361519369186e-07
2806 1.4170255375859663e-05
2807 1.4170255375859663e-05
2808 1.4170255375859663e-05
2809 1.4170255375859663e-05
2810 2.928361519369186e-07
2811 2.928361519369186e-07
2812 4.387863098978217e-07
2813 4.387863098978217e-07
2814 1.1277240646474328e-07
2815 2.928361519369186e-07
2816 2.928361519369186e-07
2817 4.387863098978217e-07
2818 4.387863098978217e-07
2819 1.1277240646474328e-07
2820 2.928361519369186e-07
2821 2.928361519369186e-07
2822 4.387863098978217e-07
2823 4.387863098978217e-07
2824 1.1277240646474328e-07
2825 2.928361519369186e-07
2826 2.928361519369186e-07
2827 4.387863098978217e-07
2828 4.387863098978217e-07
2829 1.1277240646474328e-07
2830 2.928361519369186e-07
2831 2.928361519369186e-07
2832 4.387863098978217e-07
2833 4.387863098978217e-07
2834 1.1277240646474328e-07
2835 2.928361519369186e-07
2836 2.928361519369186e-07
2837 4.387863098978217e-07
2838 4.387863098978217e-07
2839 1.1277240646474328e-07
2840 2.928361519369186e-07
2841 2.928361519369186e-07
2842 4.387863098978217e-07
2843 4.387863098978217e-07
2844 1.1277240646474328e-07
2845 2.928361519369186e-07
2846 2.928361519369186e-07
2847 4.387863098978217e-07
2848 4.387863098978217e-07
2849 1.1277240646474328e-07
2850 4.387863098978217e-07
2851 4.387863098978217e-07
2852 4.387863098978217e-07
2853 4.387863098978217e-07
2854 2.928361519369186e-07
2855 2.928361519369186e-07
2856 2.928361519369186e-07
2857 2.928361519369186e-07
2858 4.387863098978217e-07
2859 4.387863098978217e-07
2860 4.387863098978217e-07
2861 4.387863098978217e-07
2862 2.928361519369186e-07
2863 2.928361519369186e-07
2864 2.928361519369186e-07
2865 2.928361519369186e-07
2866 4.387863098978217e-07
2867 4.387863098978217e-07
2868 4.387863098978217e-07
2869 4.387863098978217e-07
2870 2.928361519369186e-07
2871 2.928361519369186e-07
2872 2.928361519369186e-07
2873 2.928361519369186e-07
2874 4.387863098978217e-07
2875 4.387863098978217e-07
2876 4.387863098978217e-07
2877 4.387863098978217e-07
2878 2.928361519369186e-07
2879 2.928361519369186e-07
2880 2.928361519369186e-07
2881 2.928361519369186e-07
2882 4.387863098978217e-07
2883 4.387863098978217e-07
2884 4.387863098978217e-07
2885 4.387863098978217e-07
2886 2.928361519369186e-07
2887 2.928361519369186e-07
2888 2.928361519369186e-07
2889 2.928361519369186e-07
2890 4.387863098978217e-07
2891 4.387863098978217e-07
2892 4.387863098978217e-07
2893 4.387863098978217e-07
2894 2.928361519369186e-07
2895 2.928361519369186e-07
2896 2.928361519369186e-07
2897 2.928361519369186e-07
2898 4.387863098978217e-07
2899 4.387863098978217e-07
2900 4.387863098978217e-07
2901 4.387863098978217e-07
2902 2.928361519369186e-07
2903 2.928361519369186e-07
2904 2.928361519369186e-07
2905 2.928361519369186e-07
2906 1.4170255375859663e-05
2907 1.4170255375859663e-05
2908 1.4170255375859663e-05
2909 1.4170255375859663e-05
2910 5.138404090615046e-06
$EndElementData
$ElementData
1
"Attribute:UniformLoadGlobalX"
1
0
3
0
1
2910
1 0
2 0
3 0
4 0
5 0
6 0
7 0
8 0
9 0
10 0
11 0
12 0
13 0
14 0
15 0
16 0
17 0
18 0
19 0
20 0
21 0
22 0
23 0
24 0
25 0
26 0
27 0
28 0
29 0
30 0
31 0
32 0
33 0
34 0
35 0
36 0
37 0
38 0
39 0
40 0
41 0
42 0
43 0
44 0
45 0
46 0
47 0
48 0
49 0
50 0
51 0
52 0
53 0
54 0
55 0
56 0
57 0
58 0
59 0
60 0
61 0
62 0
63 0
64 0
65 0
66 0
67 0
68 0
69 0
70 0
71 0
72 0
73 0
74 0
75 0
76 0
77 0
78 0
79 0
80 0
81 0
82 0
83 0
84 0
85 0
86 0
87 0
88 0
89 0
90 0
91 0
92 0
93 0
94 0
95 0
96 0
97 0
98 0
99 0
100 0
101 0
102 0
103 0
104 0
105 0
106 0
107 0
108 0
109 0
110 0
111 0
112 0
113 0
114 0
115 0
116 0
117 0
118 0
119 0
120 0
121 0
122 0
123 0
124 0
125 0
126 0
127 0
128 0
129 0
130 0
131 0
132 0
133 0
134 0
135 0
136 0
137 0
138 0
139 0
140 0
141 0
142 0
143 0
144 0
145 0
146 0
147 0
148 0
149 0
150 0
151 0
152 0
153 0
154 0
155 0
156 0
157 0
158 0
159 0
160 0
161 0
162 0
163 0
164 0
165 0
166 0
167 0
168 0
169 0
170 0
171 0
172 0
173 0
174 0
175 0
176 0
177 0
178 0
179 0
180 0
181 0
182 0
183 0
184 0
185 0
186 0
187 0
188 0
189 0
190 0
191 0
192 0
193 0
194 0
195 0
196 0
197 0
198 0
199 0
200 0
201 0
202 0
203 0
204 0
205 0
206 0
207 0
208 0
209 0
210 0
211 0
212 0
213 0
214 0
215 0
216 0
217 0
218 0
219 0
220 0
221 0
222 0
223 0
224 0
225 0
226 0
227 0
228 0
229 0
230 0
231 0
232 0
233 0
234 0
235 0
236 0
237 0
238 0
239 0
240 0
241 0
242 0
243 0
244 0
245 0
246 0
247 0
248 0
249 0
250 0
251 0
252 0
253 0
254 0
255 0
256 0
257 0
258 0
259 0
260 0
261 0
262 0
263 0
264 0
265 0
266 0
267 0
268 0
269 0
270 0
271 0
272 0
273 0
274 0
275 0
276 0
277 0
278 0
279 0
280 0
281 0
282 0
283 0
284 0
285 0
286 0
287 0
288 0
289 0
290 0
291 0
292 0
293 0
294 0
295 0
296 0
297 0
298 0
299 0
300 0
301 0
302 0
303 0
304 0
305 0
306 0
307 0
308 0
309 0
310 0
311 0
312 0
313 0
314 0
315 0
316 0
317 0
318 0
319 0
320 0
321 0
322 0
323 0
324 0
325 0
326 0
327 0
328 0
329 0
330 0
331 0
332 0
333 0
334 0
335 0
336 0
337 0
338 0
339 0
340 0
341 0
342 0
343 0
344 0
345 0
346 0
347 0
348 0
349 0
350 0
351 0
352 0
353 0
354 0
355 0
356 0
357 0
358 0
359 0
360 0
361 0
362 0
363 0
364 0
365 0
366 0
367 0
368 0
369 0
370 0
371 0
372 0
373 0
374 0
375 0
376 0
377 0
378 0
379 0
380 0
381 0
382 0
383 0
384 0
385 0
386 0
387 0
388 0
389 0
390 0
391 0
392 0
393 0
394 0
395 0
396 0
397 0
398 0
399 0
400 0
401 0
402 0
403 0
404 0
405 0
406 0
407 0
408 0
409 0
410 0
411 0
412 0
413 0
414 0
415 0
416 0
417 0
418 0
419 0
420 0
421 0
422 0
423 0
424 0
425 0
426 0
427 0
428 0
429 0
430 0
431 0
432 0
433 0
434 0
435 0
436 0
437 0
438 0
439 0
440 0
441 0
442 0
443 0
444 0
445 0
446 0
447 0
448 0
449 0
450 0
451 0
452 0
453 0
454 0
455 0
456 0
457 0
458 0
459 0
460 0
461 0
462 0
463 0
464 0
465 0
466 0
467 0
468 0
469 0
470 0
471 0
472 0
473 0
474 0
475 0
476 0
477 0
478 0
479 0
480 0
481 0
482 0
483 0
484 0
485 0
486 0
487 0
488 0
489 0
490 0
491 0
492 0
493 0
494 0
495 0
496 0
497 0
498 0
499 0
500 0
501 0
502 0
503 0
504 0
505 0
506 0
507 0
508 0
509 0
510 0
511 0
512 0
513 0
514 0
515 0
516 0
517 0
518 0
519 0
520 0
521 0
522 0
523 0
524 0
525 0
526 0
527 0
528 0
529 0
530 0
531 0
532 0
533 0
534 0
535 0
536 0
537 0
538 0
539 0
540 0
541 0
542 0
543 0
544 0
545 0
546 0
547 0
548 0
549 0
550 0
551 0
552 0
553 0
554 0
555 0
556 0
557 0
558 0
559 0
560 0
561 0
562 0
563 0
564 0
565 0
566 0
567 0
568 0
569 0
570 0
571 0
572 0
573 0
574 0
575 0
576 0
577 0
578 0
579 0
580 0
581 0
582 0
583 0
584 0
585 0
586 0
587 0
588 0
589 0
590 0
591 0
592 0
593 0
594 0
595 0
596 0
597 0
598 0
599 0
600 0
601 0
602 0
603 0
604 0
605 0
606 0
607 0
608 0
609 0
610 0
611 0
612 0
613 0
614 0
615 0
616 0
617 0
618 0
619 0
620 0
621 0
622 0
623 0
624 0
625 0
626 0
627 0
628 0
629 0
630 0
631 0
632 0
633 0
634 0
635 0
636 0
637 0
638 0
639 0
640 0
641 0
642 0
643 0
644 0
645 0
646 0
647 0
648 0
649 0
650 0
651 0
652 0
653 0
654 0
655 0
656 0
657 0
658 0
659 0
660 0
661 0
662 0
663 0
664 0
665 0
666 0
667 0
668 0
669 0
670 0
671 0
672 0
673 0
674 0
675 0
676 0
677 0
678 0
679 0
680 0
681 0
682 0
683 0
684 0
685 0
686 0
687 0
688 0
689 0
690 0
691 0
692 0
693 0
694 0
695 0
696 0
697 0
698 0
699 0
700 0
701 0
702 0
703 0
704 0
705 0
706 0
707 0
708 0
709 0
710 0
711 0
712 0
713 0
714 0
715 0
716 0
717 0
718 0
719 0
720 0
721 0
722 0
723 0
724 0
725 0
726 0
727 0
728 0
729 0
730 0
731 0
732 0
733 0
734 0
735 0
736 0
737 0
738 0
739 0
740 0
741 0
742 0
743 0
744 0
745 0
746 0
747 0
748 0
749 0
750 0
751 0
752 0
753 0
754 0
755 0
756 0
757 0
758 0
759 0
760 0
761 0
762 0
763 0
764 0
765 0
766 0
767 0
768 0
769 0
770 0
771 0
772 0
773 0
774 0
775 0
776 0
777 0
778 0
779 0
780 0
781 0
782 0
783 0
784 0
785 0
786 0
787 0
788 0
789 0
790 0
791 0
792 0
793 0
794 0
795 0
796 0
797 0
798 0
799 0
800 0
801 0
802 0
803 0
804 0
805 0
806 0
807 0
808 0
809 0
810 0
811 0
812 0
813 0
814 0
815 0
816 0
817 0
818 0
819 0
820 0
821 0
822 0
823 0
824 0
825 0
826 0
827 0
828 0
829 0
830 0
831 0
832 0
833 0
834 0
835 0
836 0
837 0
838 0
839 0
840 0
841 0
842 0
843 0
844 0
845 0
846 0
847 0
848 0
849 0
850 0
851 0
852 0
853 0
854 0
855 0
856 0
857 0
858 0
859 0
860 0
861 0
862 0
863 0
864 0
865 0
866 0
867 0
868 0
869 0
870 0
871 0
872 0
873 0
874 0
875 0
876 0
877 0
878 0
879 0
880 0
881 0
882 0
883 0
884 0
885 0
886 0
887 0
888 0
889 0
890 0
891 0
892 0
893 0
894 0
895 0
896 0
897 0
898 0
899 0
900 0
901 0
902 0
903 0
904 0
905 0
906 0
907 0
908 0
909 0
910 0
911 0
912 0
913 0
914 0
915 0
916 0
917 0
918 0
919 0
920 0
921 0
922 0
923 0
924 0
925 0
926 0
927 0
928 0
929 0
930 0
931 0
932 0
933 0
934 0
935 0
936 0
937 0
938 0
939 0
940 0
941 0
942 0
943 0
944 0
945 0
946 0
947 0
948 0
949 0
950 0
951 0
952 0
953 0
954 0
955 0
956 0
957 0
958 0
959 0
960 0
961 0
962 0
963 0
964 0
965 0
966 0
967 0
968 0
969 0
970 0
971 0
972 0
973 0
974 0
975 0
976 0
977 0
978 0
979 0
980 0
981 0
982 0
983 0
984 0
985 0
986 0
987 0
988 0
989 0
990 0
991 0
992 0
993 0
994 0
995 0
996 0
997 0
998 0
999 0
1000 0
1001 0
1002 0
1003 0
1004 0
1005 0
1006 0
1007 0
1008 0
1009 0
1010 0
1011 0
1012 0
1013 0
1014 0
1015 0
1016 0
1017 0
1018 0
1019 0
1020 0
1021 0
1022 0
1023 0
1024 0
1025 0
1026 0
1027 0
1028 0
1029 0
1030 0
1031 0
1032 0
1033 0
1034 0
1035 0
1036 0
1037 0
1038 0
1039 0
1040 0
1041 0
1042 0
1043 0
1044 0
1045 0
1046 0
1047 0
1048 0
1049 0
1050 0
1051 0
1052 0
1053 0
1054 0
1055 0
1056 0
1057 0
1058 0
1059 0
1060 0
1061 0
1062 0
1063 0
1064 0
1065 0
1066 0
1067 0
1068 0
1069 0
1070 0
1071 0
1072 0
1073 0
1074 0
1075 0
1076 0
1077 0
1078 0
1079 0
1080 0
1081 0
1082 0
1083 0
1084 0
1085 0
1086 0
1087 0
1088 0
1089 0
1090 0
1091 0
1092 0
1093 0
1094 0
1095 0
1096 0
1097 0
1098 0
1099 0
1100 0
1101 0
1102 0
1103 0
1104 0
1105 0
1106 0
1107 0
1108 0
1109 0
1110 0
1111 0
1112 0
1113 0
1114 0
1115 0
1116 0
1117 0
1118 0
1119 0
1120 0
1121 0
1122 0
1123 0
1124 0
1125 0
1126 0
1127 0
1128 0
1129 0
1130 0
1131 0
1132 0
1133 0
1134 0
1135 0
1136 0
1137 0
1138 0
1139 0
1140 0
1141 0
1142 0
1143 0
1144 0
1145 0
1146 0
1147 0
1148 0
1149 0
1150 0
1151 0
1152 0
1153 0
1154 0
1155 0
1156 0
1157 0
1158 0
1159 0
1160 0
1161 0
1162 0
1163 0
1164 0
1165 0
1166 0
1167 0
1168 0
1169 0
1170 0
1171 0
1172 0
1173 0
1174 0
1175 0
1176 0
1177 0
1178 0
1179 0
1180 0
1181 0
1182 0
1183 0
1184 0
1185 0
1186 0
1187 0
1188 0
1189 0
1190 0
1191 0
1192 0
1193 0
1194 0
1195 0
1196 0
1197 0
1198 0
1199 0
1200 0
1201 0
1202 0
1203 0
1204 0
1205 0
1206 0
1207 0
1208 0
1209 0
1210 0
1211 0
1212 0
1213 0
1214 0
1215 0
1216 0
1217 0
1218 0
1219 0
1220 0
1221 0
1222 0
1223 0
1224 0
1225 0
1226 0
1227 0
1228 0
1229 0
1230 0
1231 0
1232 0
1233 0
1234 0
1235 0
1236 0
1237 0
1238 0
1239 0
1240 0
1241 0
1242 0
1243 0
1244 0
1245 0
1246 0
1247 0
1248 0
1249 0
1250 0
1251 0
1252 0
1253 0
1254 0
1255 0
1256 0
1257 0
1258 0
1259 0
1260 0
1261 0
1262 0
1263 0
1264 0
1265 0
1266 0
1267 0
1268 0
1269 0
1270 0
1271 0
1272 0
1273 0
1274 0
1275 0
1276 0
1277 0
1278 0
1279 0
1280 0
1281 0
1282 0
1283 0
1284 0
1285 0
1286 0
1287 0
1288 0
1289 0
1290 0
1291 0
1292 0
1293 0
1294 0
1295 0
1296 0
1297 0
1298 0
1299 0
1300 0
1301 0
1302 0
1303 0
1304 0
1305 0
1306 0
1307 0
1308 0
1309 0
1310 0
1311 0
1312 0
1313 0
1314 0
1315 0
1316 0
1317 0
1318 0
1319 0
1320 0
1321 0
1322 0
1323 0
1324 0
1325 0
1326 0
1327 0
1328 0
1329 0
1330 0
1331 0
1332 0
1333 0
1334 0
1335 0
1336 0
1337 0
1338 0
1339 0
1340 0
1341 0
1342 0
1343 0
1344 0
1345 0
1346 0
1347 0
1348 0
1349 0
1350 0
1351 0
1352 0
1353 0
1354 0
1355 0
1356 0
1357 0
1358 0
1359 0
1360 0
1361 0
1362 0
1363 0
1364 0
1365 0
1366 0
1367 0
1368 0
1369 0
1370 0
1371 0
1372 0
1373 0
1374 0
1375 0
1376 0
1377 0
1378 0
1379 0
1380 0
1381 0
1382 0
1383 0
1384 0
1385 0
1386 0
1387 0
1388 0
1389 0
1390 0
1391 0
1392 0
1393 0
1394 0
1395 0
1396 0
1397 0
1398 0
1399 0
1400 0
1401 0
1402 0
1403 0
1404 0
1405 0
1406 0
1407 0
1408 0
1409 0
1410 0
1411 0
1412 0
1413 0
1414 0
1415 0
1416 0
1417 0
1418 0
1419 0
1420 0
1421 0
1422 0
1423 0
1424 0
1425 0
1426 0
1427 0
1428 0
1429 0
1430 0
1431 0
1432 0
1433 0
1434 0
1435 0
1436 0
1437 0
1438 0
1439 0
1440 0
1441 0
1442 0
1443 0
1444 0
1445 0
1446 0
1447 0
1448 0
1449 0
1450 0
1451 0
1452 0
1453 0
1454 0
1455 0
1456 0
1457 0
1458 0
1459 0
1460 0
1461 0
1462 0
1463 0
1464 0
1465 0
1466 0
1467 0
1468 0
1469 0
1470 0
1471 0
1472 0
1473 0
1474 0
1475 0
1476 0
1477 0
1478 0
1479 0
1480 0
1481 0
1482 0
1483 0
1484 0
1485 0
1486 0
1487 0
1488 0
1489 0
1490 0
1491 0
1492 0
1493 0
1494 0
1495 0
1496 0
1497 0
1498 0
1499 0
1500 0
1501 0
1502 0
1503 0
1504 0
1505 0
1506 0
1507 0
1508 0
1509 0
1510 0
1511 0
1512 0
1513 0
1514 0
1515 0
1516 0
1517 0
1518 0
1519 0
1520 0
1521 0
1522 0
1523 0
1524 0
1525 0
1526 0
1527 0
1528 0
1529 0
1530 0
1531 0
1532 0
1533 0
1534 0
1535 0
1536 0
1537 0
1538 0
1539 0
1540 0
1541 0
1542 0
1543 0
1544 0
1545 0
1546 0
1547 0
1548 0
1549 0
1550 0
1551 0
1552 0
1553 0
1554 0
1555 0
1556 0
1557 0
1558 0
1559 0
1560 0
1561 0
1562 0
1563 0
1564 0
1565 0
1566 0
1567 0
1568 0
1569 0
1570 0
1571 0
1572 0
1573 0
1574 0
1575 0
1576 0
1577 0
1578 0
1579 0
1580 0
1581 0
1582 0
1583 0
1584 0
1585 0
1586 0
1587 0
1588 0
1589 0
1590 0
1591 0
1592 0
1593 0
1594 0
1595 0
1596 0
1597 0
1598 0
1599 0
1600 0
1601 0
1602 0
1603 0
1604 0
1605 0
1606 0
1607 0
1608 0
1609 0
1610 0
1611 0
1612 0
1613 0
1614 0
1615 0
1616 0
1617 0
1618 0
1619 0
1620 0
1621 0
1622 0
1623 0
1624 0
1625 0
1626 0
1627 0
1628 0
1629 0
1630 0
1631 0
1632 0
1633 0
1634 0
1635 0
1636 0
1637 0
1638 0
1639 0
1640 0
1641 0
1642 0
1643 0
1644 0
1645 0
1646 0
1647 0
1648 0
1649 0
1650 0
1651 0
1652 0
1653 0
1654 0
1655 0
1656 0
1657 0
1658 0
1659 0
1660 0
1661 0
1662 0
1663 0
1664 0
1665 0
1666 0
1667 0
1668 0
1669 0
1670 0
1671 0
1672 0
1673 0
1674 0
1675 0
1676 0
1677 0
1678 0
1679 0
1680 0
1681 0
1682 0
1683 0
1684 0
1685 0
1686 0
1687 0
1688 0
1689 0
1690 0
1691 0
1692 0
1693 0
1694 0
1695 0
1696 0
1697 0
1698 0
1699 0
1700 0
1701 0
1702 0
1703 0
1704 0
1705 0
1706 0
1707 0
1708 0
1709 0
1710 0
1711 0
1712 0
1713 0
1714 0
1715 0
1716 0
1717 0
1718 0
1719 0
1720 0
1721 0
1722 0
1723 0
1724 0
1725 0
1726 0
1727 0
1728 0
1729 0
1730 0
1731 0
1732 0
1733 0
1734 0
1735 0
1736 0
1737 0
1738 0
1739 0
1740 0
1741 0
1742 0
1743 0
1744 0
1745 0
1746 0
1747 0
1748 0
1749 0
1750 0
1751 0
1752 0
1753 0
1754 0
1755 0
1756 0
1757 0
1758 0
1759 0
1760 0
1761 0
1762 0
1763 0
1764 0
1765 0
1766 0
1767 0
1768 0
1769 0
1770 0
1771 0
1772 0
1773 0
1774 0
1775 0
1776 0
1777 0
1778 0
1779 0
1780 0
1781 0
1782 0
1783 0
1784 0
1785 0
1786 0
1787 0
1788 0
1789 0
1790 0
1791 0
1792 0
1793 0
1794 0
1795 0
1796 0
1797 0
1798 0
1799 0
1800 0
1801 0
1802 0
1803 0
1804 0
1805 0
1806 0
1807 0
1808 0
1809 0
1810 0
1811 0
1812 0
1813 0
1814 0
1815 0
1816 0
1817 0
1818 0
1819 0
1820 0
1821 0
1822 0
1823 0
1824 0
1825 0
1826 0
1827 0
1828 0
1829 0
1830 0
1831 0
1832 0
1833 0
1834 0
1835 0
1836 0
1837 0
1838 0
1839 0
1840 0
1841 0
1842 0
1843 0
1844 0
1845 0
1846 0
1847 0
1848 0
1849 0
1850 0
1851 0
1852 0
1853 0
1854 0
1855 0
1856 0
1857 0
1858 0
1859 0
1860 0
1861 0
1862 0
1863 0
1864 0
1865 0
1866 0
1867 0
1868 0
1869 0
1870 0
1871 0
1872 0
1873 0
1874 0
1875 0
1876 0
1877 0
1878 0
1879 0
1880 0
1881 0
1882 0
1883 0
1884 0
1885 0
1886 0
1887 0
1888 0
1889 0
1890 0
1891 0
1892 0
1893 0
1894 0
1895 0
1896 0
1897 0
1898 0
1899 0
1900 0
1901 0
1902 0
1903 0
1904 0
1905 0
1906 0
1907 0
1908 0
1909 0
1910 0
1911 0
1912 0
1913 0
1914 0
1915 0
1916 0
1917 0
1918 0
1919 0
1920 0
1921 0
1922 0
1923 0
1924 0
1925 0
1926 0
1927 0
1928 0
1929 0
1930 0
1931 0
1932 0
1933 0
1934 0
1935 0
1936 0
1937 0
1938 0
1939 0
1940 0
1941 0
1942 0
1943 0
1944 0
1945 0
1946 0
1947 0
1948 0
1949 0
1950 0
1951 0
1952 0
1953 0
1954 0
1955 0
1956 0
1957 0
1958 0
1959 0
1960 0
1961 0
1962 0
1963 0
1964 0
1965 0
1966 0
1967 0
1968 0
1969 0
1970 0
1971 0
1972 0
1973 0
1974 0
1975 0
1976 0
1977 0
1978 0
1979 0
1980 0
1981 0
1982 0
1983 0
1984 0
1985 0
1986 0
1987 0
1988 0
1989 0
1990 0
1991 0
1992 0
1993 0
1994 0
1995 0
1996 0
1997 0
1998 0
1999 0
2000 0
2001 0
2002 0
2003 0
2004 0
2005 0
2006 0
2007 0
2008 0
2009 0
2010 0
2011 0
2012 0
2013 0
2014 0
2015 0
2016 0
2017 0
2018 0
2019 0
2020 0
2021 0
2022 0
2023 0
2024 0
2025 0
2026 0
2027 0
2028 0
2029 0
2030 0
2031 0
2032 0
2033 0
2034 0
2035 0
2036 0
2037 0
2038 0
2039 0
2040 0
2041 0
2042 0
2043 0
2044 0
2045 0
2046 0
2047 0
2048 0
2049 0
2050 0
2051 0
2052 0
2053 0
2054 0
2055 0
2056 0
2057 0
2058 0
2059 0
2060 0
2061 0
2062 0
2063 0
2064 0
2065 0
2066 0
2067 0
2068 0
2069 0
2070 0
2071 0
2072 0
2073 0
2074 0
2075 0
2076 0
2077 0
2078 0
2079 0
2080 0
2081 0
2082 0
2083 0
2084 0
2085 0
2086 0
2087 0
2088 0
2089 0
2090 0
2091 0
2092 0
2093 0
2094 0
2095 0
2096 0
2097 0
2098 0
2099 0
2100 0
2101 0
2102 0
2103 0
2104 0
2105 0
2106 0
2107 0
2108 0
2109 0
2110 0
2111 0
2112 0
2113 0
2114 0
2115 0
2116 0
2117 0
2118 0
2119 0
2120 0
2121 0
2122 0
2123 0
2124 0
2125 0
2126 0
2127 0
2128 0
2129 0
2130 0
2131 0
2132 0
2133 0
2134 0
2135 0
2136 0
2137 0
2138 0
2139 0
2140 0
2141 0
2142 0
2143 0
2144 0
2145 0
2146 0
2147 0
2148 0
2149 0
2150 0
2151 0
2152 0
2153 0
2154 0
2155 0
2156 0
2157 0
2158 0
2159 0
2160 0
2161 0
2162 0
2163 0
2164 0
2165 0
2166 0
2167 0
2168 0
2169 0
2170 0
2171 0
2172 0
2173 0
2174 0
2175 0
2176 0
2177 0
2178 0
2179 0
2180 0
2181 0
2182 0
2183 0
2184 0
2185 0
2186 0
2187 0
2188 0
2189 0
2190 0
2191 0
2192 0
2193 0
2194 0
2195 0
2196 0
2197 0
2198 0
2199 0
2200 0
2201 0
2202 0
2203 0
2204 0
2205 0
2206 0
2207 0
2208 0
2209 0
2210 0
2211 0
2212 0
2213 0
2214 0
2215 0
2216 0
2217 0
2218 0
2219 0
2220 0
2221 0
2222 0
2223 0
2224 0
2225 0
2226 0
2227 0
2228 0
2229 0
2230 0
2231 0
2232 0
2233 0
2234 0
2235 0
2236 0
2237 0
2238 0
2239 0
2240 0
2241 0
2242 0
2243 0
2244 0
2245 0
2246 0
2247 0
2248 0
2249 0
2250 0
2251 0
2252 0
2253 0
2254 0
2255 0
2256 0
2257 0
2258 0
2259 0
2260 0
2261 0
2262 0
2263 0
2264 0
2265 0
2266 0
2267 0
2268 0
2269 0
2270 0
2271 0
2272 0
2273 0
2274 0
2275 0
2276 0
2277 0
2278 0
2279 0
2280 0
2281 0
2282 0
2283 0
2284 0
2285 0
2286 0
2287 0
2288 0
2289 0
2290 0
2291 0
2292 0
2293 0
2294 0
2295 0
2296 0
2297 0
2298 0
2299 0
2300 0
2301 0
2302 0
2303 0
2304 0
2305 0
2306 0
2307 0
2308 0
2309 0
2310 0
2311 0
2312 0
2313 0
2314 0
2315 0
2316 0
2317 0
2318 0
2319 0
2320 0
2321 0
2322 0
2323 0
2324 0
2325 0
2326 0
2327 0
2328 0
2329 0
2330 0
2331 0
2332 0
2333 0
2334 0
2335 0
2336 0
2337 0
2338 0
2339 0
2340 0
2341 0
2342 0
2343 0
2344 0
2345 0
2346 0
2347 0
2348 0
2349 0
2350 0
2351 0
2352 0
2353 0
2354 0
2355 0
2356 0
2357 0
2358 0
2359 0
2360 0
2361 0
2362 0
2363 0
2364 0
2365 0
2366 0
2367 0
2368 0
2369 0
2370 0
2371 0
2372 0
2373 0
2374 0
2375 0
2376 0
2377 0
2378 0
2379 0
2380 0
2381 0
2382 0
2383 0
2384 0
2385 0
2386 0
2387 0
2388 0
2389 0
2390 0
2391 0
2392 0
2393 0
2394 0
2395 0
2396 0
2397 0
2398 0
2399 0
2400 0
2401 0
2402 0
2403 0
2404 0
2405 0
2406 0
2407 0
2408 0
2409 0
2410 0
2411 0
2412 0
2413 0
2414 0
2415 0
2416 0
2417 0
2418 0
2419 0
2420 0
2421 0
2422 0
2423 0
2424 0
2425 0
2426 0
2427 0
2428 0
2429 0
2430 0
2431 0
2432 0
2433 0
2434 0
2435 0
2436 0
2437 0
2438 0
2439 0
2440 0
2441 0
2442 0
2443 0
2444 0
2445 0
2446 0
2447 0
2448 0
2449 0
2450 0
2451 0
2452 0
2453 0
2454 0
2455 0
2456 0
2457 0
2458 0
2459 0
2460 0
2461 0
2462 0
2463 0
2464 0
2465 0
2466 0
2467 0
2468 0
2469 0
2470 0
2471 0
2472 0
2473 0
2474 0
2475 0
2476 0
2477 0
2478 0
2479 0
2480 0
2481 0
2482 0
2483 0
2484 0
2485 0
2486 0
2487 0
2488 0
2489 0
2490 0
2491 0
2492 0
2493 0
2494 0
2495 0
2496 0
2497 0
2498 0
2499 0
2500 0
2501 0
2502 0
2503 0
2504 0
2505 0
2506 0
2507 0
2508 0
2509 0
2510 0
2511 0
2512 0
2513 0
2514 0
2515 0
2516 0
2517 0
2518 0
2519 0
2520 0
2521 0
2522 0
2523 0
2524 0
2525 0
2526 0
2527 0
2528 0
2529 0
2530 0
2531 0
2532 0
2533 0
2534 0
2535 0
2536 0
2537 0
2538 0
2539 0
2540 0
2541 0
2542 0
2543 0
2544 0
2545 0
2546 0
2547 0
2548 0
2549 0
2550 0
2551 0
2552 0
2553 0
2554 0
2555 0
2556 0
2557 0
2558 0
2559 0
2560 0
2561 0
2562 0
2563 0
2564 0
2565 0
2566 0
2567 0
2568 0
2569 0
2570 0
2571 0
2572 0
2573 0
2574 0
2575 0
2576 0
2577 0
2578 0
2579 0
2580 0
2581 0
2582 0
2583 0
2584 0
2585 0
2586 0
2587 0
2588 0
2589 0
2590 0
2591 0
2592 0
2593 0
2594 0
2595 0
2596 0
2597 0
2598 0
2599 0
2600 0
2601 0
2602 0
2603 0
2604 0
2605 0
2606 0
2607 0
2608 0
2609 0
2610 0
2611 0
2612 0
2613 0
2614 0
2615 0
2616 0
2617 0
2618 0
2619 0
2620 0
2621 0
2622 0
2623 0
2624 0
2625 0
2626 0
2627 0
2628 0
2629 0
2630 0
2631 0
2632 0
2633 0
2634 0
2635 0
2636 0
2637 0
2638 0
2639 0
2640 0
2641 0
2642 0
2643 0
2644 0
2645 0
2646 0
2647 0
2648 0
2649 0
2650 0
2651 0
2652 0
2653 0
2654 0
2655 0
2656 0
2657 0
2658 0
2659 0
2660 0
2661 0
2662 0
2663 0
2664 0
2665 0
2666 0
2667 0
2668 0
2669 0
2670 0
2671 0
2672 0
2673 0
2674 0
2675 0
2676 0
2677 0
2678 0
2679 0
2680 0
2681 0
2682 0
2683 0
2684 0
2685 0
2686 0
2687 0
2688 0
2689 0
2690 0
2691 0
2692 0
2693 0
2694 0
2695 0
2696 0
2697 0
2698 0
2699 0
2700 0
2701 0
2702 0
2703 0
2704 0
2705 0
2706 0
2707 0
2708 0
2709 0
2710 0
2711 0
2712 0
2713 0
2714 0
2715 0
2716 0
2717 0
2718 0
2719 0
2720 0
2721 0
2722 0
2723 0
2724 0
2725 0
2726 0
2727 0
2728 0
2729 0
2730 0
2731 0
2732 0
2733 0
2734 0
2735 0
2736 0
2737 0
2738 0
2739 0
2740 0
2741 0
2742 0
2743 0
2744 0
2745 0
2746 0
2747 0
2748 0
2749 0
2750 0
2751 0
2752 0
2753 0
2754 0
2755 0
2756 0
2757 0
2758 0
2759 0
2760 0
2761 0
2762 0
2763 0
2764 0
2765 0
2766 0
2767 0
2768 0
2769 0
2770 0
2771 0
2772 0
2773 0
2774 0
2775 0
2776 0
2777 0
2778 0
2779 0
2780 0
2781 0
2782 0
2783 0
2784 0
2785 0
2786 0
2787 0
2788 0
2789 0
2790 0
2791 0
2792 0
2793 0
2794 0
2795 0
2796 0
2797 0
2798 0
2799 0
2800 0
2801 0
2802 0
2803 0
2804 0
2805 0
2806 0
2807 0
2808 0
2809 0
2810 0
2811 0
2812 0
2813 0
2814 0
2815 0
2816 0
2817 0
2818 0
2819 0
2820 0
2821 0
2822 0
2823 0
2824 0
2825 0
2826 0
2827 0
2828 0
2829 0
2830 0
2831 0
2832 0
2833 0
2834 0
2835 0
2836 0
2837 0
2838 0
2839 0
2840 0
2841 0
2842 0
2843 0
2844 0
2845 0
2846 0
2847 0
2848 0
2849 0
2850 0
2851 0
2852 0
2853 0
2854 0
2855 0
2856 0
2857 0
2858 0
2859 0
2860 0
2861 0
2862 0
2863 0
2864 0
2865 0
2866 0
2867 0
2868 0
2869 0
2870 0
2871 0
2872 0
2873 0
2874 0
2875 0
2876 0
2877 0
2878 0
2879 0
2880 0
2881 0
2882 0
2883 0
2884 0
2885 0
2886 0
2887 0
2888 0
2889 0
2890 0
2891 0
2892 0
2893 0
2894 0
2895 0
2896 0
2897 0
2898 0
2899 0
2900 0
2901 0
2902 0
2903 0
2904 0
2905 0
2906 0
2907 0
2908 0
2909 0
2910 0
$EndElementData
$ElementData
1
"Attribute:UniformLoadGlobalY"
1
0
3
0
1
2910
1 0
2 0
3 0
4 0
5 0
6 0
7 0
8 0
9 0
10 0
11 0
12 0
13 0
14 0
15 0
16 0
17 0
18 0
19 0
20 0
21 0
22 0
23 0
24 0
25 0
26 0
27 0
28 0
29 0
30 0
31 0
32 0
33 0
34 0
35 0
36 0
37 0
38 0
39 0
40 0
41 0
42 0
43 0
44 0
45 0
46 0
47 0
48 0
49 0
50 0
51 0
52 0
53 0
54 0
55 0
56 0
57 0
58 0
59 0
60 0
61 0
62 0
63 0
64 0
65 0
66 0
67 0
68 0
69 0
70 0
71 0
72 0
73 0
74 0
75 0
76 0
77 0
78 0
79 0
80 0
81 0
82 0
83 0
84 0
85 0
86 0
87 0
88 0
89 0
90 0
91 0
92 0
93 0
94 0
95 0
96 0
97 0
98 0
99 0
100 0
101 0
102 0
103 0
104 0
105 0
106 0
107 0
108 0
109 0
110 0
111 0
112 0
113 0
114 0
115 0
116 0
117 0
118 0
119 0
120 0
121 0
122 0
123 0
124 0
125 0
126 -1600
127 0
128 0
129 0
130 0
131 0
132 0
133 0
134 0
135 0
136 0
137 0
138 0
139 0
140 0
141 0
142 0
143 0
144 0
145 0
146 0
147 -1600
148 0
149 0
150 0
151 0
152 0
153 0
154 0
155 0
156 0
157 0
158 0
159 0
160 0
161 0
162 0
163 0
164 0
165 0
166 0
167 0
168 -1600
169 0
170 0
171 0
172 0
173 0
174 0
175 0
176 0
177 0
178 0
179 0
180 0
181 0
182 0
183 0
184 0
185 0
186 0
187 0
188 0
189 -1600
190 0
191 0
192 0
193 0
194 0
195 0
196 0
197 0
198 0
199 0
200 0
201 0
202 0
203 0
204 0
205 0
206 0
207 0
208 0
209 0
210 -1600
211 0
212 0
213 0
214 0
215 0
216 0
217 0
218 0
219 0
220 0
221 0
222 0
223 0
224 0
225 0
226 0
227 0
228 0
229 0
230 0
231 -1600
232 0
233 0
234 0
235 0
236 0
237 0
238 0
239 0
240 0
241 0
242 0
243 0
244 0
245 0
246 0
247 0
248 0
249 0
250 0
251 0
252 -1600
253 0
254 0
255 0
256 0
257 0
258 0
259 0
260 0
261 0
262 0
263 0
264 0
265 0
266 0
267 0
268 0
269 0
270 0
271 0
272 0
273 -1600
274 0
275 0
276 0
277 0
278 0
279 0
280 0
281 0
282 0
283 0
284 0
285 0
286 0
287 0
288 0
289 0
290 0
291 0
292 0
293 0
294 -1600
295 0
296 0
297 0
298 0
299 0
300 0
301 0
302 0
303 0
304 0
305 0
306 0
307 0
308 0
309 0
310 0
311 0
312 0
313 0
314 0
315 -1600
316 0
317 0
318 0
319 0
320 0
321 0
322 0
323 0
324 0
325 0
326 0
327 0
328 0
329 0
330 0
331 0
332 0
333 0
334 0
335 0
336 -1600
337 0
338 0
339 0
340 0
341 0
342 0
343 0
344 0
345 0
346 0
347 0
348 0
349 0
350 0
351 0
352 0
353 0
354 0
355 0
356 0
357 -1600
358 0
359 0
360 0
361 0
362 0
363 0
364 0
365 0
366 0
367 0
368 0
369 0
370 0
371 0
372 0
373 0
374 0
375 0
376 0
377 0
378 -1600
379 0
380 0
381 0
382 0
383 0
384 0
385 0
386 0
387 0
388 0
389 0
390 0
391 0
392 0
393 0
394 0
395 0
396 0
397 0
398 0
399 -1600
400 0
401 0
402 0
403 0
404 0
405 0
406 0
407 0
408 0
409 0
410 0
411 0
412 0
413 0
414 0
415 0
416 0
417 0
418 0
419 0
420 -1600
421 0
422 0
423 0
424 0
425 0
426 0
427 0
428 0
429 0
430 0
431 0
432 0
433 0
434 0
435 0
436 0
437 0
438 0
439 0
440 0
441 -1600
442 0
443 0
444 0
445 0
446 0
447 0
448 0
449 0
450 0
451 0
452 0
453 0
454 0
455 0
456 0
457 0
458 0
459 0
460 0
461 0
462 -1600
463 0
464 0
465 0
466 0
467 0
468 0
469 0
470 0
471 0
472 0
473 0
474 0
475 0
476 0
477 0
478 0
479 0
480 0
481 0
482 0
483 -1600
484 0
485 0
486 0
487 0
488 0
489 0
490 0
491 0
492 0
493 0
494 0
495 0
496 0
497 0
498 0
499 0
500 0
501 0
502 0
503 0
504 -1600
505 0
506 0
507 0
508 0
509 0
510 0
511 0
512 0
513 0
514 0
515 0
516 0
517 0
518 0
519 0
520 0
521 0
522 0
523 0
524 0
525 -1600
526 0
527 0
528 0
529 0
530 0
531 0
532 0
533 0
534 0
535 0
536 0
537 0
538 0
539 0
540 0
541 0
542 0
543 0
544 0
545 0
546 -1600
547 0
548 0
549 0
550 0
551 0
552 0
553 0
554 0
555 0
556 0
557 0
558 0
559 0
560 0
561 0
562 0
563 0
564 0
565 0
566 0
567 -1600
568 0
569 0
570 0
571 0
572 0
573 0
574 0
575 0
576 0
577 0
578 0
579 0
580 0
581 0
582 0
583 0
584 0
585 0
586 0
587 0
588 -1600
589 0
590 0
591 0
592 0
593 0
594 0
595 0
596 0
597 0
598 0
599 0
600 0
601 0
602 0
603 0
604 0
605 0
606 0
607 0
608 0
609 -1600
610 0
611 0
612 0
613 0
614 0
615 0
616 0
617 0
618 0
619 0
620 0
621 0
622 0
623 0
624 0
625 0
626 0
627 0
628 0
629 0
630 -1600
631 0
632 0
633 0
634 0
635 0
636 0
637 0
638 0
639 0
640 0
641 0
642 0
643 0
644 0
645 0
646 0
647 0
648 0
649 0
650 0
651 0
652 0
653 0
654 0
655 0
656 0
657 0
658 0
659 0
660 0
661 0
662 0
663 0
664 0
665 0
666 0
667 0
668 0
669 0
670 0
671 0
672 0
673 0
674 0
675 0
676 0
677 0
678 0
679 0
680 0
681 0
682 0
683 0
684 0
685 0
686 0
687 0
688 0
689 0
690 0
691 0
692 0
693 0
694 0
695 0
696 0
697 0
698 0
699 0
700 0
701 0
702 0
703 0
704 0
705 0
706 0
707 0
708 0
709 0
710 0
711 0
712 0
713 0
714 0
715 0
716 0
717 0
718 0
719 0
720 0
721 0
722 0
723 0
724 0
725 0
726 0
727 0
728 0
729 0
730 0
731 0
732 0
733 0
734 0
735 0
736 0
737 0
738 0
739 0
740 0
741 0
742 0
743 0
744 0
745 0
746 0
747 0
748 0
749 0
750 0
751 0
752 0
753 0
754 0
755 0
756 0
757 0
758 0
759 0
760 0
761 0
762 0
763 0
764 0
765 0
766 0
767 0
768 0
769 0
770 0
771 0
772 0
773 0
774 0
775 0
776 0
777 0
778 0
779 0
780 0
781 0
782 0
783 0
784 0
785 0
786 0
787 0
788 0
789 0
790 0
791 0
792 0
793 0
794 0
795 0
796 0
797 0
798 0
799 0
800 0
801 0
802 0
803 0
804 0
805 0
806 0
807 0
808 0
809 0
810 0
811 0
812 0
813 0
814 0
815 0
816 0
817 0
818 0
819 0
820 0
821 0
822 0
823 0
824 0
825 0
826 0
827 0
828 0
829 0
830 0
831 0
832 0
833 0
834 0
835 0
836 0
837 0
838 0
839 0
840 0
841 0
842 0
843 0
844 0
845 0
846 0
847 0
848 0
849 0
850 0
851 0
852 0
853 0
854 0
855 0
856 0
857 0
858 0
859 0
860 0
861 0
862 0
863 0
864 0
865 0
866 0
867 0
868 0
869 0
870 0
871 0
872 0
873 0
874 0
875 0
876 0
877 0
878 0
879 0
880 0
881 0
882 0
883 0
884 0
885 0
886 0
887 0
888 0
889 0
890 0
891 0
892 0
893 0
894 0
895 0
896 0
897 0
898 0
899 0
900 0
901 0
902 0
903 0
904 0
905 0
906 0
907 0
908 0
909 0
910 0
911 0
912 0
913 0
914 0
915 0
916 0
917 0
918 0
919 0
920 0
921 0
922 0
923 0
924 0
925 0
926 0
927 0
928 0
929 0
930 0
931 0
932 0
933 0
934 0
935 0
936 0
937 0
938 0
939 0
940 0
941 0
942 0
943 0
944 0
945 0
946 0
947 0
948 0
949 0
950 0
951 0
952 0
953 0
954 0
955 0
956 0
957 0
958 0
959 0
960 0
961 0
962 0
963 0
964 0
965 0
966 0
967 0
968 0
969 0
970 0
971 0
972 0
973 0
974 0
975 0
976 0
977 0
978 0
979 0
980 0
981 0
982 0
983 0
984 0
985 0
986 0
987 0
988 0
989 0
990 0
991 0
992 0
993 0
994 0
995 0
996 0
997 0
998 0
999 0
1000 0
1001 0
1002 0
1003 0
1004 0
1005 0
1006 0
1007 0
1008 0
1009 0
1010 0
1011 0
1012 0
1013 0
1014 0
1015 0
1016 0
1017 0
1018 0
1019 0
1020 0
1021 0
1022 0
1023 0
1024 0
1025 0
1026 0
1027 0
1028 0
1029 0
1030 0
1031 0
1032 0
1033 0
1034 0
1035 0
1036 0
1037 0
1038 0
1039 0
1040 0
1041 0
1042 0
1043 0
1044 0
1045 0
1046 0
1047 0
1048 0
1049 0
1050 0
1051 0
1052 0
1053 0
1054 0
1055 0
1056 0
1057 0
1058 0
1059 0
1060 0
1061 0
1062 0
1063 0
1064 0
1065 0
1066 0
1067 0
1068 0
1069 0
1070 0
1071 0
1072 0
1073 0
1074 0
1075 0
1076 0
1077 0
1078 0
1079 0
1080 0
1081 0
1082 0
1083 0
1084 0
1085 0
1086 0
1087 0
1088 0
1089 0
1090 0
1091 0
1092 0
1093 0
1094 0
1095 0
1096 0
1097 0
1098 0
1099 0
1100 0
1101 0
1102 0
1103 0
1104 0
1105 0
1106 0
1107 0
1108 0
1109 0
1110 0
1111 0
1112 0
1113 0
1114 0
1115 0
1116 0
1117 0
1118 0
1119 0
1120 0
1121 0
1122 0
1123 0
1124 0
1125 0
1126 0
1127 0
1128 0
1129 0
1130 0
1131 0
1132 0
1133 0
1134 0
1135 0
1136 0
1137 0
1138 0
1139 0
1140 0
1141 0
1142 0
1143 0
1144 0
1145 0
1146 0
1147 0
1148 0
1149 0
1150 0
1151 0
1152 0
1153 0
1154 0
1155 0
1156 0
1157 0
1158 0
1159 0
1160 0
1161 0
1162 0
1163 0
1164 0
1165 0
1166 0
1167 0
1168 0
1169 0
1170 0
1171 0
1172 0
1173 0
1174 0
1175 0
1176 0
1177 0
1178 0
1179 0
1180 0
1181 0
1182 0
1183 0
1184 0
1185 0
1186 0
1187 0
1188 0
1189 0
1190 0
1191 0
1192 0
1193 0
1194 0
1195 0
1196 0
1197 0
1198 0
1199 0
1200 0
1201 0
1202 0
1203 0
1204 0
1205 0
1206 0
1207 0
1208 0
1209 0
1210 0
1211 0
1212 0
1213 0
1214 0
1215 0
1216 0
1217 0
1218 0
1219 0
1220 0
1221 0
1222 0
1223 0
1224 0
1225 0
1226 0
1227 0
1228 0
1229 0
1230 0
1231 0
1232 0
1233 0
1234 0
1235 0
1236 0
1237 0
1238 0
1239 0
1240 0
1241 0
1242 0
1243 0
1244 0
1245 0
1246 0
1247 0
1248 0
1249 0
1250 0
1251 0
1252 0
1253 0
1254 0
1255 0
1256 0
1257 0
1258 0
1259 0
1260 0
1261 0
1262 0
1263 0
1264 0
1265 0
1266 0
1267 0
1268 0
1269 0
1270 0
1271 0
1272 0
1273 0
1274 0
1275 0
1276 0
1277 0
1278 0
1279 0
1280 0
1281 0
1282 0
1283 0
1284 0
1285 0
1286 0
1287 0
1288 0
1289 0
1290 0
1291 0
1292 0
1293 0
1294 0
1295 0
1296 0
1297 0
1298 0
1299 0
1300 0
1301 0
1302 0
1303 0
1304 0
1305 0
1306 0
1307 0
1308 0
1309 0
1310 0
1311 0
1312 0
1313 0
1314 0
1315 0
1316 0
1317 0
1318 0
1319 0
1320 0
1321 0
1322 0
1323 0
1324 0
1325 0
1326 0
1327 0
1328 0
1329 0
1330 0
1331 0
1332 0
1333 0
1334 0
1335 0
1336 0
1337 0
1338 0
1339 0
1340 0
1341 0
1342 0
1343 0
1344 0
1345 0
1346 0
1347 0
1348 0
1349 0
1350 0
1351 0
1352 0
1353 0
1354 0
1355 0
1356 0
1357 0
1358 0
1359 0
1360 0
1361 0
1362 0
1363 0
1364 0
1365 0
1366 0
1367 0
1368 0
1369 0
1370 0
1371 0
1372 0
1373 0
1374 0
1375 0
1376 0
1377 0
1378 0
1379 0
1380 0
1381 0
1382 0
1383 0
1384 0
1385 0
1386 0
1387 0
1388 0
1389 0
1390 0
1391 0
1392 0
1393 0
1394 0
1395 0
1396 0
1397 0
1398 0
1399 0
1400 0
1401 0
1402 0
1403 0
1404 0
1405 0
1406 0
1407 0
1408 0
1409 0
1410 0
1411 0
1412 0
1413 0
1414 0
1415 0
1416 0
1417 0
1418 0
1419 0
1420 0
1421 0
1422 0
1423 0
1424 0
1425 0
1426 0
1427 0
1428 0
1429 0
1430 0
1431 0
1432 0
1433 0
1434 0
1435 0
1436 0
1437 0
1438 0
1439 0
1440 0
1441 0
1442 0
1443 0
1444 0
1445 0
1446 0
1447 0
1448 0
1449 0
1450 0
1451 0
1452 0
1453 0
1454 0
1455 0
1456 0
1457 0
1458 0
1459 0
1460 0
1461 0
1462 0
1463 0
1464 0
1465 0
1466 0
1467 0
1468 0
1469 0
1470 0
1471 0
1472 0
1473 0
1474 0
1475 0
1476 0
1477 0
1478 0
1479 0
1480 0
1481 0
1482 0
1483 0
1484 0
1485 0
1486 0
1487 0
1488 0
1489 0
1490 0
1491 0
1492 0
1493 0
1494 0
1495 0
1496 0
1497 0
1498 0
1499 0
1500 0
1501 0
1502 0
1503 0
1504 0
1505 0
1506 0
1507 0
1508 0
1509 0
1510 0
1511 0
1512 0
1513 0
1514 0
1515 0
1516 0
1517 0
1518 0
1519 0
1520 0
1521 0
1522 0
1523 0
1524 0
1525 0
1526 0
1527 0
1528 0
1529 0
1530 0
1531 0
1532 0
1533 0
1534 0
1535 0
1536 0
1537 0
1538 0
1539 0
1540 0
1541 0
1542 0
1543 0
1544 0
1545 0
1546 0
1547 0
1548 0
1549 0
1550 0
1551 0
1552 0
1553 0
1554 0
1555 0
1556 0
1557 0
1558 0
1559 0
1560 0
1561 0
1562 0
1563 0
1564 0
1565 0
1566 0
1567 0
1568 0
1569 0
1570 0
1571 0
1572 0
1573 0
1574 0
1575 0
1576 0
1577 0
1578 0
1579 0
1580 0
1581 0
1582 0
1583 0
1584 0
1585 0
1586 0
1587 0
1588 0
1589 0
1590 0
1591 0
1592 0
1593 0
1594 0
1595 0
1596 0
1597 0
1598 0
1599 0
1600 0
1601 0
1602 0
1603 0
1604 0
1605 0
1606 0
1607 0
1608 0
1609 0
1610 0
1611 0
1612 0
1613 0
1614 0
1615 0
1616 0
1617 0
1618 0
1619 0
1620 0
1621 0
1622 0
1623 0
1624 0
1625 0
1626 0
1627 0
1628 0
1629 0
1630 0
1631 0
1632 0
1633 0
1634 0
1635 0
1636 0
1637 0
1638 0
1639 0
1640 0
1641 0
1642 0
1643 0
1644 0
1645 0
1646 0
1647 0
1648 0
1649 0
1650 0
1651 0
1652 0
1653 0
1654 0
1655 0
1656 0
1657 0
1658 0
1659 0
1660 0
1661 0
1662 0
1663 0
1664 0
1665 0
1666 0
1667 0
1668 0
1669 0
1670 0
1671 0
1672 0
1673 0
1674 0
1675 0
1676 0
1677 0
1678 0
1679 0
1680 0
1681 0
1682 0
1683 0
1684 0
1685 0
1686 0
1687 0
1688 0
1689 0
1690 0
1691 0
1692 0
1693 0
1694 0
1695 0
1696 0
1697 0
1698 0
1699 0
1700 0
1701 0
1702 0
1703 0
1704 0
1705 0
1706 0
1707 0
1708 0
1709 0
1710 0
1711 0
1712 0
1713 0
1714 0
1715 0
1716 0
1717 0
1718 0
1719 0
1720 0
1721 0
1722 0
1723 0
1724 0
1725 0
1726 0
1727 0
1728 0
1729 0
1730 0
1731 0
1732 0
1733 0
1734 0
1735 0
1736 0
1737 0
1738 0
1739 0
1740 0
1741 0
1742 0
1743 0
1744 0
1745 0
1746 0
1747 0
1748 0
1749 0
1750 0
1751 0
1752 0
1753 0
1754 0
1755 0
1756 0
1757 0
1758 0
1759 0
1760 0
1761 0
1762 0
1763 0
1764 0
1765 0
1766 0
1767 0
1768 0
1769 0
1770 0
1771 0
1772 0
1773 0
1774 0
1775 0
1776 0
1777 0
1778 0
1779 0
1780 0
1781 0
1782 0
1783 0
1784 0
1785 0
1786 0
1787 0
1788 0
1789 0
1790 0
1791 0
1792 0
1793 0
1794 0
1795 0
1796 0
1797 0
1798 0
1799 0
1800 0
1801 0
1802 0
1803 0
1804 0
1805 0
1806 0
1807 0
1808 0
1809 0
1810 0
1811 0
1812 0
1813 0
1814 0
1815 0
1816 0
1817 0
1818 0
1819 0
1820 0
1821 0
1822 0
1823 0
1824 0
1825 0
1826 0
1827 0
1828 0
1829 0
1830 0
1831 0
1832 0
1833 0
1834 0
1835 0
1836 0
1837 0
1838 0
1839 0
1840 0
1841 0
1842 0
1843 0
1844 0
1845 0
1846 0
1847 0
1848 0
1849 0
1850 0
1851 0
1852 0
1853 0
1854 0
1855 0
1856 0
1857 0
1858 0
1859 0
1860 0
1861 0
1862 0
1863 0
1864 0
1865 0
1866 0
1867 0
1868 0
1869 0
1870 0
1871 0
1872 0
1873 0
1874 0
1875 0
1876 0
1877 0
1878 0
1879 0
1880 0
1881 0
1882 0
1883 0
1884 0
1885 0
1886 0
1887 0
1888 0
1889 0
1890 0
1891 0
1892 0
1893 0
1894 0
1895 0
1896 0
1897 0
1898 0
1899 0
1900 0
1901 0
1902 0
1903 0
1904 0
1905 0
1906 0
1907 0
1908 0
1909 0
1910 0
1911 0
1912 0
1913 0
1914 0
1915 0
1916 0
1917 0
1918 0
1919 0
1920 0
1921 0
1922 0
1923 0
1924 0
1925 0
1926 0
1927 0
1928 0
1929 0
1930 0
1931 0
1932 0
1933 0
1934 0
1935 0
1936 0
1937 0
1938 0
1939 0
1940 0
1941 0
1942 0
1943 0
1944 0
1945 0
1946 0
1947 0
1948 0
1949 0
1950 0
1951 0
1952 0
1953 0
1954 0
1955 0
1956 0
1957 0
1958 0
1959 0
1960 0
1961 0
1962 0
1963 0
1964 0
1965 0
1966 0
1967 0
1968 0
1969 0
1970 0
1971 0
1972 0
1973 0
1974 0
1975 0
1976 0
1977 0
1978 0
1979 0
1980 0
1981 0
1982 0
1983 0
1984 0
1985 0
1986 0
1987 0
1988 0
1989 0
1990 0
1991 0
1992 0
1993 0
1994 0
1995 0
1996 0
1997 0
1998 0
1999 0
2000 0
2001 0
2002 0
2003 0
2004 0
2005 0
2006 0
2007 0
2008 0
2009 0
2010 0
2011 0
2012 0
2013 0
2014 0
2015 0
2016 0
2017 0
2018 0
2019 0
2020 0
2021 0
2022 0
2023 0
2024 0
2025 0
2026 0
2027 0
2028 0
2029 0
2030 0
2031 0
2032 0
2033 0
2034 0
2035 0
2036 0
2037 0
2038 0
2039 0
2040 0
2041 0
2042 0
2043 0
2044 0
2045 0
2046 0
2047 0
2048 0
2049 0
2050 0
2051 0
2052 0
2053 0
2054 0
2055 0
2056 0
2057 0
2058 0
2059 0
2060 0
2061 0
2062 0
2063 0
2064 0
2065 0
2066 0
2067 0
2068 0
2069 0
2070 0
2071 0
2072 0
2073 0
2074 0
2075 0
2076 0
2077 0
2078 0
2079 0
2080 0
2081 0
2082 0
2083 0
2084 0
2085 0
2086 0
2087 0
2088 0
2089 0
2090 0
2091 0
2092 0
2093 0
2094 0
2095 0
2096 0
2097 0
2098 0
2099 0
2100 0
2101 0
2102 0
2103 0
2104 0
2105 0
2106 0
2107 0
2108 0
2109 0
2110 0
2111 0
2112 0
2113 0
2114 0
2115 0
2116 0
2117 0
2118 0
2119 0
2120 0
2121 0
2122 0
2123 0
2124 0
2125 0
2126 0
2127 0
2128 0
2129 0
2130 0
2131 0
2132 0
2133 0
2134 0
2135 0
2136 0
2137 0
2138 0
2139 0
2140 0
2141 0
2142 0
2143 0
2144 0
2145 0
2146 0
2147 0
2148 0
2149 0
2150 0
2151 0
2152 0
2153 0
2154 0
2155 0
2156 0
2157 0
2158 0
2159 0
2160 0
2161 0
2162 0
2163 0
2164 0
2165 0
2166 0
2167 0
2168 0
2169 0
2170 0
2171 0
2172 0
2173 0
2174 0
2175 0
2176 0
2177 0
2178 0
2179 0
2180 0
2181 0
2182 0
2183 0
2184 0
2185 0
2186 0
2187 0
2188 0
2189 0
2190 0
2191 0
2192 0
2193 0
2194 0
2195 0
2196 0
2197 0
2198 0
2199 0
2200 0
2201 0
2202 0
2203 0
2204 0
2205 0
2206 0
2207 0
2208 0
2209 0
2210 0
2211 0
2212 0
2213 0
2214 0
2215 0
2216 0
2217 0
2218 0
2219 0
2220 0
2221 0
2222 0
2223 0
2224 0
2225 0
2226 0
2227 0
2228 0
2229 0
2230 0
2231 0
2232 0
2233 0
2234 0
2235 0
2236 0
2237 0
2238 0
2239 0
2240 0
2241 0
2242 0
2243 0
2244 0
2245 0
2246 0
2247 0
2248 0
2249 0
2250 0
2251 0
2252 0
2253 0
2254 0
2255 0
2256 0
2257 0
2258 0
2259 0
2260 0
2261 0
2262 0
2263 0
2264 0
2265 0
2266 0
2267 0
2268 0
2269 0
2270 0
2271 0
2272 0
2273 0
2274 0
2275 0
2276 0
2277 0
2278 0
2279 0
2280 0
2281 0
2282 0
2283 0
2284 0
2285 0
2286 0
2287 0
2288 0
2289 0
2290 0
2291 0
2292 0
2293 0
2294 0
2295 0
2296 0
2297 0
2298 0
2299 0
2300 0
2301 0
2302 0
2303 0
2304 0
2305 0
2306 0
2307 0
2308 0
2309 0
2310 0
2311 0
2312 0
2313 0
2314 0
2315 0
2316 0
2317 0
2318 0
2319 0
2320 0
2321 0
2322 0
2323 0
2324 0
2325 0
2326 0
2327 0
2328 0
2329 0
2330 0
2331 0
2332 0
2333 0
2334 0
2335 0
2336 0
2337 0
2338 0
2339 0
2340 0
2341 0
2342 0
2343 0
2344 0
2345 0
2346 0
2347 0
2348 0
2349 0
2350 0
2351 0
2352 0
2353 0
2354 0
2355 0
2356 0
2357 0
2358 0
2359 0
2360 0
2361 0
2362 0
2363 0
2364 0
2365 0
2366 0
2367 0
2368 0
2369 0
2370 0
2371 0
2372 0
2373 0
2374 0
2375 0
2376 0
2377 0
2378 0
2379 0
2380 0
2381 0
2382 0
2383 0
2384 0
2385 0
2386 0
2387 0
2388 0
2389 0
2390 0
2391 0
2392 0
2393 0
2394 0
2395 0
2396 0
2397 0
2398 0
2399 0
2400 0
2401 0
2402 0
2403 0
2404 0
2405 0
2406 0
2407 0
2408 0
2409 0
2410 0
2411 0
2412 0
2413 0
2414 0
2415 0
2416 0
2417 0
2418 0
2419 0
2420 0
2421 0
2422 0
2423 0
2424 0
2425 0
2426 0
2427 0
2428 0
2429 0
2430 0
2431 0
2432 0
2433 0
2434 0
2435 0
2436 0
2437 0
2438 0
2439 0
2440 0
2441 0
2442 0
2443 0
2444 0
2445 0
2446 0
2447 0
2448 0
2449 0
2450 0
2451 0
2452 0
2453 0
2454 0
2455 0
2456 0
2457 0
2458 0
2459 0
2460 0
2461 0
2462 0
2463 0
2464 0
2465 0
2466 0
2467 0
2468 0
2469 0
2470 0
2471 0
2472 0
2473 0
2474 0
2475 0
2476 0
2477 0
2478 0
2479 0
2480 0
2481 0
2482 0
2483 0
2484 0
2485 0
2486 0
2487 0
2488 0
2489 0
2490 0
2491 0
2492 0
2493 0
2494 0
2495 0
2496 0
2497 0
2498 0
2499 0
2500 0
2501 0
2502 0
2503 0
2504 0
2505 0
2506 0
2507 0
2508 0
2509 0
2510 0
2511 0
2512 0
2513 0
2514 0
2515 0
2516 0
2517 0
2518 0
2519 0
2520 0
2521 0
2522 0
2523 0
2524 0
2525 0
2526 0
2527 0
2528 0
2529 0
2530 0
2531 0
2532 0
2533 0
2534 0
2535 0
2536 0
2537 0
2538 0
2539 0
2540 0
2541 0
2542 0
2543 0
2544 0
2545 0
2546 0
2547 0
2548 0
2549 0
2550 0
2551 0
2552 0
2553 0
2554 0
2555 0
2556 0
2557 0
2558 0
2559 0
2560 0
2561 0
2562 0
2563 0
2564 0
2565 0
2566 0
2567 0
2568 0
2569 0
2570 0
2571 0
2572 0
2573 0
2574 0
2575 0
2576 0
2577 0
2578 0
2579 0
2580 0
2581 0
2582 0
2583 0
2584 0
2585 0
2586 0
2587 0
2588 0
2589 0
2590 0
2591 0
2592 0
2593 0
2594 0
2595 0
2596 0
2597 0
2598 0
2599 0
2600 0
2601 0
2602 0
2603 0
2604 0
2605 0
2606 0
2607 0
2608 0
2609 0
2610 0
2611 0
2612 0
2613 0
2614 0
2615 0
2616 0
2617 0
2618 0
2619 0
2620 0
2621 0
2622 0
2623 0
2624 0
2625 0
2626 0
2627 0
2628 0
2629 0
2630 0
2631 0
2632 0
2633 0
2634 0
2635 0
2636 0
2637 0
2638 0
2639 0
2640 0
2641 0
2642 0
2643 0
2644 0
2645 0
2646 0
2647 0
2648 0
2649 0
2650 0
2651 0
2652 0
2653 0
2654 0
2655 0
2656 0
2657 0
2658 0
2659 0
2660 0
2661 0
2662 0
2663 0
2664 0
2665 0
2666 0
2667 0
2668 0
2669 0
2670 0
2671 0
2672 0
2673 0
2674 0
2675 0
2676 0
2677 0
2678 0
2679 0
2680 0
2681 0
2682 0
2683 0
2684 0
2685 0
2686 0
2687 0
2688 0
2689 0
2690 0
2691 0
2692 0
2693 0
2694 0
2695 0
2696 0
2697 0
2698 0
2699 0
2700 0
2701 0
2702 0
2703 0
2704 0
2705 0
2706 0
2707 0
2708 0
2709 0
2710 0
2711 0
2712 0
2713 0
2714 0
2715 0
2716 0
2717 0
2718 0
2719 0
2720 0
2721 0
2722 0
2723 0
2724 0
2725 0
2726 0
2727 0
2728 0
2729 0
2730 0
2731 0
2732 0
2733 0
2734 0
2735 0
2736 0
2737 0
2738 0
2739 0
2740 0
2741 0
2742 0
2743 0
2744 0
2745 0
2746 0
2747 0
2748 0
2749 0
2750 0
2751 0
2752 0
2753 0
2754 0
2755 0
2756 0
2757 0
2758 0
2759 0
2760 0
2761 0
2762 0
2763 0
2764 0
2765 0
2766 0
2767 0
2768 0
2769 0
2770 0
2771 0
2772 0
2773 0
2774 0
2775 0
2776 0
2777 0
2778 0
2779 0
2780 0
2781 0
2782 0
2783 0
2784 0
2785 0
2786 0
2787 0
2788 0
2789 0
2790 0
2791 0
2792 0
2793 0
2794 0
2795 0
2796 0
2797 0
2798 0
2799 0
2800 0
2801 0
2802 0
2803 0
2804 0
2805 0
2806 0
2807 0
2808 0
2809 0
2810 0
2811 0
2812 0
2813 0
2814 0
2815 0
2816 0
2817 0
2818 0
2819 0
2820 0
2821 0
2822 0
2823 0
2824 0
2825 0
2826 0
2827 0
2828 0
2829 0
2830 0
2831 0
2832 0
2833 0
2834 0
2835 0
2836 0
2837 0
2838 0
2839 0
2840 0
2841 0
2842 0
2843 0
2844 0
2845 0
2846 0
2847 0
2848 0
2849 0
2850 0
2851 0
2852 0
2853 0
2854 0
2855 0
2856 0
2857 0
2858 0
2859 0
2860 0
2861 0
2862 0
2863 0
2864 0
2865 0
2866 0
2867 0
2868 0
2869 0
2870 0
2871 0
2872 0
2873 0
2874 0
2875 0
2876 0
2877 0
2878 0
2879 0
2880 0
2881 0
2882 0
2883 0
2884 0
2885 0
2886 0
2887 0
2888 0
2889 0
2890 0
2891 0
2892 0
2893 0
2894 0
2895 0
2896 0
2897 0
2898 0
2899 0
2900 0
2901 0
2902 0
2903 0
2904 0
2905 0
2906 0
2907 0
2908 0
2909 0
2910 0
$EndElementData
$ElementData
1
"Attribute:UniformLoadGlobalZ"
1
0
3
0
1
2910
1 0
2 0
3 0
4 0
5 0
6 0
7 0
8 0
9 0
10 0
11 0
12 0
13 0
14 0
15 0
16 0
17 0
18 0
19 0
20 0
21 0
22 0
23 0
24 0
25 0
26 0
27 0
28 0
29 0
30 0
31 0
32 0
33 0
34 0
35 0
36 0
37 0
38 0
39 0
40 0
41 0
42 0
43 0
44 0
45 0
46 0
47 0
48 0
49 0
50 0
51 0
52 0
53 0
54 0
55 0
56 0
57 0
58 0
59 0
60 0
61 0
62 0
63 0
64 0
65 0
66 0
67 0
68 0
69 0
70 0
71 0
72 0
73 0
74 0
75 0
76 0
77 0
78 0
79 0
80 0
81 0
82 0
83 0
84 0
85 0
86 0
87 0
88 0
89 0
90 0
91 0
92 0
93 0
94 0
95 0
96 0
97 0
98 0
99 0
100 0
101 0
102 0
103 0
104 0
105 0
106 0
107 0
108 0
109 0
110 0
111 0
112 0
113 0
114 0
115 0
116 0
117 0
118 0
119 0
120 0
121 0
122 0
123 0
124 0
125 0
126 0
127 0
128 0
129 0
130 0
131 0
132 0
133 0
134 0
135 0
136 0
137 0
138 0
139 0
140 0
141 0
142 0
143 0
144 0
145 0
146 0
147 0
148 0
149 0
150 0
151 0
152 0
153 0
154 0
155 0
156 0
157 0
158 0
159 0
160 0
161 0
162 0
163 0
164 0
165 0
166 0
167 0
168 0
169 0
170 0
171 0
172 0
173 0
174 0
175 0
176 0
177 0
178 0
179 0
180 0
181 0
182 0
183 0
184 0
185 0
186 0
187 0
188 0
189 0
190 0
191 0
192 0
193 0
194 0
195 0
196 0
197 0
198 0
199 0
200 0
201 0
202 0
203 0
204 0
205 0
206 0
207 0
208 0
209 0
210 0
211 0
212 0
213 0
214 0
215 0
216 0
217 0
218 0
219 0
220 0
221 0
222 0
223 0
224 0
225 0
226 0
227 0
228 0
229 0
230 0
231 0
232 0
233 0
234 0
235 0
236 0
237 0
238 0
239 0
240 0
241 0
242 0
243 0
244 0
245 0
246 0
247 0
248 0
249 0
250 0
251 0
252 0
253 0
254 0
255 0
256 0
257 0
258 0
259 0
260 0
261 0
262 0
263 0
264 0
265 0
266 0
267 0
268 0
269 0
270 0
271 0
272 0
273 0
274 0
275 0
276 0
277 0
278 0
279 0
280 0
281 0
282 0
283 0
284 0
285 0
286 0
287 0
288 0
289 0
290 0
291 0
292 0
293 0
294 0
295 0
296 0
297 0
298 0
299 0
300 0
301 0
302 0
303 0
304 0
305 0
306 0
307 0
308 0
309 0
310 0
311 0
312 0
313 0
314 0
315 0
316 0
317 0
318 0
319 0
320 0
321 0
322 0
323 0
324 0
325 0
326 0
327 0
328 0
329 0
330 0
331 0
332 0
333 0
334 0
335 0
336 0
337 0
338 0
339 0
340 0
341 0
342 0
343 0
344 0
345 0
346 0
347 0
348 0
349 0
350 0
351 0
352 0
353 0
354 0
355 0
356 0
357 0
358 0
359 0
360 0
361 0
362 0
363 0
364 0
365 0
366 0
367 0
368 0
369 0
370 0
371 0
372 0
373 0
374 0
375 0
376 0
377 0
378 0
379 0
380 0
381 0
382 0
383 0
384 0
385 0
386 0
387 0
388 0
389 0
390 0
391 0
392 0
393 0
394 0
395 0
396 0
397 0
398 0
399 0
400 0
401 0
402 0
403 0
404 0
405 0
406 0
407 0
408 0
409 0
410 0
411 0
412 0
413 0
414 0
415 0
416 0
417 0
418 0
419 0
420 0
421 0
422 0
423 0
424 0
425 0
426 0
427 0
428 0
429 0
430 0
431 0
432 0
433 0
434 0
435 0
436 0
437 0
438 0
439 0
440 0
441 0
442 0
443 0
444 0
445 0
446 0
447 0
448 0
449 0
450 0
451 0
452 0
453 0
454 0
455 0
456 0
457 0
458 0
459 0
460 0
461 0
462 0
463 0
464 0
465 0
466 0
467 0
468 0
469 0
470 0
471 0
472 0
473 0
474 0
475 0
476 0
477 0
478 0
479 0
480 0
481 0
482 0
483 0
484 0
485 0
486 0
487 0
488 0
489 0
490 0
491 0
492 0
493 0
494 0
495 0
496 0
497 0
498 0
499 0
500 0
501 0
502 0
503 0
504 0
505 0
506 0
507 0
508 0
509 0
510 0
511 0
512 0
513 0
514 0
515 0
516 0
517 0
518 0
519 0
520 0
521 0
522 0
523 0
524 0
525 0
526 0
527 0
528 0
529 0
530 0
531 0
532 0
533 0
534 0
535 0
536 0
537 0
538 0
539 0
540 0
541 0
542 0
543 0
544 0
545 0
546 0
547 0
548 0
549 0
550 0
551 0
552 0
553 0
554 0
555 0
556 0
557 0
558 0
559 0
560 0
561 0
562 0
563 0
564 0
565 0
566 0
567 0
568 0
569 0
570 0
571 0
572 0
573 0
574 0
575 0
576 0
577 0
578 0
579 0
580 0
581 0
582 0
583 0
584 0
585 0
586 0
587 0
588 0
589 0
590 0
591 0
592 0
593 0
594 0
595 0
596 0
597 0
598 0
599 0
600 0
601 0
602 0
603 0
604 0
605 0
606 0
607 0
608 0
609 0
610 0
611 0
612 0
613 0
614 0
615 0
616 0
617 0
618 0
619 0
620 0
621 0
622 0
623 0
624 0
625 0
626 0
627 0
628 0
629 0
630 0
631 0
632 0
633 0
634 0
635 0
636 0
637 0
638 0
639 0
640 0
641 0
642 0
643 0
644 0
645 0
646 0
647 0
648 0
649 0
650 0
651 0
652 0
653 0
654 0
655 0
656 0
657 0
658 0
659 0
660 0
661 0
662 0
663 0
664 0
665 0
666 0
667 0
668 0
669 0
670 0
671 0
672 0
673 0
674 0
675 0
676 0
677 0
678 0
679 0
680 0
681 0
682 0
683 0
684 0
685 0
686 0
687 0
688 0
689 0
690 0
691 0
692 0
693 0
694 0
695 0
696 0
697 0
698 0
699 0
700 0
701 0
702 0
703 0
704 0
705 0
706 0
707 0
708 0
709 0
710 0
711 0
712 0
713 0
714 0
715 0
716 0
717 0
718 0
719 0
720 0
721 0
722 0
723 0
724 0
725 0
726 0
727 0
728 0
729 0
730 0
731 0
732 0
733 0
734 0
735 0
736 0
737 0
738 0
739 0
740 0
741 0
742 0
743 0
744 0
745 0
746 0
747 0
748 0
749 0
750 0
751 0
752 0
753 0
754 0
755 0
756 0
757 0
758 0
759 0
760 0
761 0
762 0
763 0
764 0
765 0
766 0
767 0
768 0
769 0
770 0
771 0
772 0
773 0
774 0
775 0
776 0
777 0
778 0
779 0
780 0
781 0
782 0
783 0
784 0
785 0
786 0
787 0
788 0
789 0
790 0
791 0
792 0
793 0
794 0
795 0
796 0
797 0
798 0
799 0
800 0
801 0
802 0
803 0
804 0
805 0
806 0
807 0
808 0
809 0
810 0
811 0
812 0
813 0
814 0
815 0
816 0
817 0
818 0
819 0
820 0
821 0
822 0
823 0
824 0
825 0
826 0
827 0
828 0
829 0
830 0
831 0
832 0
833 0
834 0
835 0
836 0
837 0
838 0
839 0
840 0
841 0
842 0
843 0
844 0
845 0
846 0
847 0
848 0
849 0
850 0
851 0
852 0
853 0
854 0
855 0
856 0
857 0
858 0
859 0
860 0
861 0
862 0
863 0
864 0
865 0
866 0
867 0
868 0
869 0
870 0
871 0
872 0
873 0
874 0
875 0
876 0
877 0
878 0
879 0
880 0
881 0
882 0
883 0
884 0
885 0
886 0
887 0
888 0
889 0
890 0
891 0
892 0
893 0
894 0
895 0
896 0
897 0
898 0
899 0
900 0
901 0
902 0
903 0
904 0
905 0
906 0
907 0
908 0
909 0
910 0
911 0
912 0
913 0
914 0
915 0
916 0
917 0
918 0
919 0
920 0
921 0
922 0
923 0
924 0
925 0
926 0
927 0
928 0
929 0
930 0
931 0
932 0
933 0
934 0
935 0
936 0
937 0
938 0
939 0
940 0
941 0
942 0
943 0
944 0
945 0
946 0
947 0
948 0
949 0
950 0
951 0
952 0
953 0
954 0
955 0
956 0
957 0
958 0
959 0
960 0
961 0
962 0
963 0
964 0
965 0
966 0
967 0
968 0
969 0
970 0
971 0
972 0
973 0
974 0
975 0
976 0
977 0
978 0
979 0
980 0
981 0
982 0
983 0
984 0
985 0
986 0
987 0
988 0
989 0
990 0
991 0
992 0
993 0
994 0
995 0
996 0
997 0
998 0
999 0
1000 0
1001 0
1002 0
1003 0
1004 0
1005 0
1006 0
1007 0
1008 0
1009 0
1010 0
1011 0
1012 0
1013 0
1014 0
1015 0
1016 0
1017 0
1018 0
1019 0
1020 0
1021 0
1022 0
1023 0
1024 0
1025 0
1026 0
1027 0
1028 0
1029 0
1030 0
1031 0
1032 0
1033 0
1034 0
1035 0
1036 0
1037 0
1038 0
1039 0
1040 0
1041 0
1042 0
1043 0
1044 0
1045 0
1046 0
1047 0
1048 0
1049 0
1050 0
1051 0
1052 0
1053 0
1054 0
1055 0
1056 0
1057 0
1058 0
1059 0
1060 0
1061 0
1062 0
1063 0
1064 0
1065 0
1066 0
1067 0
1068 0
1069 0
1070 0
1071 0
1072 0
1073 0
1074 0
1075 0
1076 0
1077 0
1078 0
1079 0
1080 0
1081 0
1082 0
1083 0
1084 0
1085 0
1086 0
1087 0
1088 0
1089 0
1090 0
1091 0
1092 0
1093 0
1094 0
1095 0
1096 0
1097 0
1098 0
1099 0
1100 0
1101 0
1102 0
1103 0
1104 0
1105 0
1106 0
1107 0
1108 0
1109 0
1110 0
1111 0
1112 0
1113 0
1114 0
1115 0
1116 0
1117 0
1118 0
1119 0
1120 0
1121 0
1122 0
1123 0
1124 0
1125 0
1126 0
1127 0
1128 0
1129 0
1130 0
1131 0
1132 0
1133 0
1134 0
1135 0
1136 0
1137 0
1138 0
1139 0
1140 0
1141 0
1142 0
1143 0
1144 0
1145 0
1146 0
1147 0
1148 0
1149 0
1150 0
1151 0
1152 0
1153 0
1154 0
1155 0
1156 0
1157 0
1158 0
1159 0
1160 0
1161 0
1162 0
1163 0
1164 0
1165 0
1166 0
1167 0
1168 0
1169 0
1170 0
1171 0
1172 0
1173 0
1174 0
1175 0
1176 0
1177 0
1178 0
1179 0
1180 0
1181 0
1182 0
1183 0
1184 0
1185 0
1186 0
1187 0
1188 0
1189 0
1190 0
1191 0
1192 0
1193 0
1194 0
1195 0
1196 0
1197 0
1198 0
1199 0
1200 0
1201 0
1202 0
1203 0
1204 0
1205 0
1206 0
1207 0
1208 0
1209 0
1210 0
1211 0
1212 0
1213 0
1214 0
1215 0
1216 0
1217 0
1218 0
1219 0
1220 0
1221 0
1222 0
1223 0
1224 0
1225 0
1226 0
1227 0
1228 0
1229 0
1230 0
1231 0
1232 0
1233 0
1234 0
1235 0
1236 0
1237 0
1238 0
1239 0
1240 0
1241 0
1242 0
1243 0
1244 0
1245 0
1246 0
1247 0
1248 0
1249 0
1250 0
1251 0
1252 0
1253 0
1254 0
1255 0
1256 0
1257 0
1258 0
1259 0
1260 0
1261 0
1262 0
1263 0
1264 0
1265 0
1266 0
1267 0
1268 0
1269 0
1270 0
1271 0
1272 0
1273 0
1274 0
1275 0
1276 0
1277 0
1278 0
1279 0
1280 0
1281 0
1282 0
1283 0
1284 0
1285 0
1286 0
1287 0
1288 0
1289 0
1290 0
1291 0
1292 0
1293 0
1294 0
1295 0
1296 0
1297 0
1298 0
1299 0
1300 0
1301 0
1302 0
1303 0
1304 0
1305 0
1306 0
1307 0
1308 0
1309 0
1310 0
1311 0
1312 0
1313 0
1314 0
1315 0
1316 0
1317 0
1318 0
1319 0
1320 0
1321 0
1322 0
1323 0
1324 0
1325 0
1326 0
1327 0
1328 0
1329 0
1330 0
1331 0
1332 0
1333 0
1334 0
1335 0
1336 0
1337 0
1338 0
1339 0
1340 0
1341 0
1342 0
1343 0
1344 0
1345 0
1346 0
1347 0
1348 0
1349 0
1350 0
1351 0
1352 0
1353 0
1354 0
1355 0
1356 0
1357 0
1358 0
1359 0
1360 0
1361 0
1362 0
1363 0
1364 0
1365 0
1366 0
1367 0
1368 0
1369 0
1370 0
1371 0
1372 0
1373 0
1374 0
1375 0
1376 0
1377 0
1378 0
1379 0
1380 0
1381 0
1382 0
1383 0
1384 0
1385 0
1386 0
1387 0
1388 0
1389 0
1390 0
1391 0
1392 0
1393 0
1394 0
1395 0
1396 0
1397 0
1398 0
1399 0
1400 0
1401 0
1402 0
1403 0
1404 0
1405 0
1406 0
1407 0
1408 0
1409 0
1410 0
1411 0
1412 0
1413 0
1414 0
1415 0
1416 0
1417 0
1418 0
1419 0
1420 0
1421 0
1422 0
1423 0
1424 0
1425 0
1426 0
1427 0
1428 0
1429 0
1430 0
1431 0
1432 0
1433 0
1434 0
1435 0
1436 0
1437 0
1438 0
1439 0
1440 0
1441 0
1442 0
1443 0
1444 0
1445 0
1446 0
1447 0
1448 0
1449 0
1450 0
1451 0
1452 0
1453 0
1454 0
1455 0
1456 0
1457 0
1458 0
1459 0
1460 0
1461 0
1462 0
1463 0
1464 0
1465 0
1466 0
1467 0
1468 0
1469 0
1470 0
1471 0
1472 0
1473 0
1474 0
1475 0
1476 0
1477 0
1478 0
1479 0
1480 0
1481 0
1482 0
1483 0
1484 0
1485 0
1486 0
1487 0
1488 0
1489 0
1490 0
1491 0
1492 0
1493 0
1494 0
1495 0
1496 0
1497 0
1498 0
1499 0
1500 0
1501 0
1502 0
1503 0
1504 0
1505 0
1506 0
1507 0
1508 0
1509 0
1510 0
1511 0
1512 0
1513 0
1514 0
1515 0
1516 0
1517 0
1518 0
1519 0
1520 0
1521 0
1522 0
1523 0
1524 0
1525 0
1526 0
1527 0
1528 0
1529 0
1530 0
1531 0
1532 0
1533 0
1534 0
1535 0
1536 0
1537 0
1538 0
1539 0
1540 0
1541 0
1542 0
1543 0
1544 0
1545 0
1546 0
1547 0
1548 0
1549 0
1550 0
1551 0
1552 0
1553 0
1554 0
1555 0
1556 0
1557 0
1558 0
1559 0
1560 0
1561 0
1562 0
1563 0
1564 0
1565 0
1566 0
1567 0
1568 0
1569 0
1570 0
1571 0
1572 0
1573 0
1574 0
1575 0
1576 0
1577 0
1578 0
1579 0
1580 0
1581 0
1582 0
1583 0
1584 0
1585 0
1586 0
1587 0
1588 0
1589 0
1590 0
1591 0
1592 0
1593 0
1594 0
1595 0
1596 0
1597 0
1598 0
1599 0
1600 0
1601 0
1602 0
1603 0
1604 0
1605 0
1606 0
1607 0
1608 0
1609 0
1610 0
1611 0
1612 0
1613 0
1614 0
1615 0
1616 0
1617 0
1618 0
1619 0
1620 0
1621 0
1622 0
1623 0
1624 0
1625 0
1626 0
1627 0
1628 0
1629 0
1630 0
1631 0
1632 0
1633 0
1634 0
1635 0
1636 0
1637 0
1638 0
1639 0
1640 0
1641 0
1642 0
1643 0
1644 0
1645 0
1646 0
1647 0
1648 0
1649 0
1650 0
1651 0
1652 0
1653 0
1654 0
1655 0
1656 0
1657 0
1658 0
1659 0
1660 0
1661 0
1662 0
1663 0
1664 0
1665 0
1666 0
1667 0
1668 0
1669 0
1670 0
1671 0
1672 0
1673 0
1674 0
1675 0
1676 0
1677 0
1678 0
1679 0
1680 0
1681 0
1682 0
1683 0
1684 0
1685 0
1686 0
1687 0
1688 0
1689 0
1690 0
1691 0
1692 0
1693 0
1694 0
1695 0
1696 0
1697 0
1698 0
1699 0
1700 0
1701 0
1702 0
1703 0
1704 0
1705 0
1706 0
1707 0
1708 0
1709 0
1710 0
1711 0
1712 0
1713 0
1714 0
1715 0
1716 0
1717 0
1718 0
1719 0
1720 0
1721 0
1722 0
1723 0
1724 0
1725 0
1726 0
1727 0
1728 0
1729 0
1730 0
1731 0
1732 0
1733 0
1734 0
1735 0
1736 0
1737 0
1738 0
1739 0
1740 0
1741 0
1742 0
1743 0
1744 0
1745 0
1746 0
1747 0
1748 0
1749 0
1750 0
1751 0
1752 0
1753 0
1754 0
1755 0
1756 0
1757 0
1758 0
1759 0
1760 0
1761 0
1762 0
1763 0
1764 0
1765 0
1766 0
1767 0
1768 0
1769 0
1770 0
1771 0
1772 0
1773 0
1774 0
1775 0
1776 0
1777 0
1778 0
1779 0
1780 0
1781 0
1782 0
1783 0
1784 0
1785 0
1786 0
1787 0
1788 0
1789 0
1790 0
1791 0
1792 0
1793 0
1794 0
1795 0
1796 0
1797 0
1798 0
1799 0
1800 0
1801 0
1802 0
1803 0
1804 0
1805 0
1806 0
1807 0
1808 0
1809 0
1810 0
1811 0
1812 0
1813 0
1814 0
1815 0
1816 0
1817 0
1818 0
1819 0
1820 0
1821 0
1822 0
1823 0
1824 0
1825 0
1826 0
1827 0
1828 0
1829 0
1830 0
1831 0
1832 0
1833 0
1834 0
1835 0
1836 0
1837 0
1838 0
1839 0
1840 0
1841 0
1842 0
1843 0
1844 0
1845 0
1846 0
1847 0
1848 0
1849 0
1850 0
1851 0
1852 0
1853 0
1854 0
1855 0
1856 0
1857 0
1858 0
1859 0
1860 0
1861 0
1862 0
1863 0
1864 0
1865 0
1866 0
1867 0
1868 0
1869 0
1870 0
1871 0
1872 0
1873 0
1874 0
1875 0
1876 0
1877 0
1878 0
1879 0
1880 0
1881 0
1882 0
1883 0
1884 0
1885 0
1886 0
1887 0
1888 0
1889 0
1890 0
1891 0
1892 0
1893 0
1894 0
1895 0
1896 0
1897 0
1898 0
1899 0
1900 0
1901 0
1902 0
1903 0
1904 0
1905 0
1906 0
1907 0
1908 0
1909 0
1910 0
1911 0
1912 0
1913 0
1914 0
1915 0
1916 0
1917 0
1918 0
1919 0
1920 0
1921 0
1922 0
1923 0
1924 0
1925 0
1926 0
1927 0
1928 0
1929 0
1930 0
1931 0
1932 0
1933 0
1934 0
1935 0
1936 0
1937 0
1938 0
1939 0
1940 0
1941 0
1942 0
1943 0
1944 0
1945 0
1946 0
1947 0
1948 0
1949 0
1950 0
1951 0
1952 0
1953 0
1954 0
1955 0
1956 0
1957 0
1958 0
1959 0
1960 0
1961 0
1962 0
1963 0
1964 0
1965 0
1966 0
1967 0
1968 0
1969 0
1970 0
1971 0
1972 0
1973 0
1974 0
1975 0
1976 0
1977 0
1978 0
1979 0
1980 0
1981 0
1982 0
1983 0
1984 0
1985 0
1986 0
1987 0
1988 0
1989 0
1990 0
1991 0
1992 0
1993 0
1994 0
1995 0
1996 0
1997 0
1998 0
1999 0
2000 0
2001 0
2002 0
2003 0
2004 0
2005 0
2006 0
2007 0
2008 0
2009 0
2010 0
2011 0
2012 0
2013 0
2014 0
2015 0
2016 0
2017 0
2018 0
2019 0
2020 0
2021 0
2022 0
2023 0
2024 0
2025 0
2026 0
2027 0
2028 0
2029 0
2030 0
2031 0
2032 0
2033 0
2034 0
2035 0
2036 0
2037 0
2038 0
2039 0
2040 0
2041 0
2042 0
2043 0
2044 0
2045 0
2046 0
2047 0
2048 0
2049 0
2050 0
2051 0
2052 0
2053 0
2054 0
2055 0
2056 0
2057 0
2058 0
2059 0
2060 0
2061 0
2062 0
2063 0
2064 0
2065 0
2066 0
2067 0
2068 0
2069 0
2070 0
2071 0
2072 0
2073 0
2074 0
2075 0
2076 0
2077 0
2078 0
2079 0
2080 0
2081 0
2082 0
2083 0
2084 0
2085 0
2086 0
2087 0
2088 0
2089 0
2090 0
2091 0
2092 0
2093 0
2094 0
2095 0
2096 0
2097 0
2098 0
2099 0
2100 0
2101 0
2102 0
2103 0
2104 0
2105 0
2106 0
2107 0
2108 0
2109 0
2110 0
2111 0
2112 0
2113 0
2114 0
2115 0
2116 0
2117 0
2118 0
2119 0
2120 0
2121 0
2122 0
2123 0
2124 0
2125 0
2126 0
2127 0
2128 0
2129 0
2130 0
2131 0
2132 0
2133 0
2134 0
2135 0
2136 0
2137 0
2138 0
2139 0
2140 0
2141 0
2142 0
2143 0
2144 0
2145 0
2146 0
2147 0
2148 0
2149 0
2150 0
2151 0
2152 0
2153 0
2154 0
2155 0
2156 0
2157 0
2158 0
2159 0
2160 0
2161 0
2162 0
2163 0
2164 0
2165 0
2166 0
2167 0
2168 0
2169 0
2170 0
2171 0
2172 0
2173 0
2174 0
2175 0
2176 0
2177 0
2178 0
2179 0
2180 0
2181 0
2182 0
2183 0
2184 0
2185 0
2186 0
2187 0
2188 0
2189 0
2190 0
2191 0
2192 0
2193 0
2194 0
2195 0
2196 0
2197 0
2198 0
2199 0
2200 0
2201 0
2202 0
2203 0
2204 0
2205 0
2206 0
2207 0
2208 0
2209 0
2210 0
2211 0
2212 0
2213 0
2214 0
2215 0
2216 0
2217 0
2218 0
2219 0
2220 0
2221 0
2222 0
2223 0
2224 0
2225 0
2226 0
2227 0
2228 0
2229 0
2230 0
2231 0
2232 0
2233 0
2234 0
2235 0
2236 0
2237 0
2238 0
2239 0
2240 0
2241 0
2242 0
2243 0
2244 0
2245 0
2246 0
2247 0
2248 0
2249 0
2250 0
2251 0
2252 0
2253 0
2254 0
2255 0
2256 0
2257 0
2258 0
2259 0
2260 0
2261 0
2262 0
2263 0
2264 0
2265 0
2266 0
2267 0
2268 0
2269 0
2270 0
2271 0
2272 0
2273 0
2274 0
2275 0
2276 0
2277 0
2278 0
2279 0
2280 0
2281 0
2282 0
2283 0
2284 0
2285 0
2286 0
2287 0
2288 0
2289 0
2290 0
2291 0
2292 0
2293 0
2294 0
2295 0
2296 0
2297 0
2298 0
2299 0
2300 0
2301 0
2302 0
2303 0
2304 0
2305 0
2306 0
2307 0
2308 0
2309 0
2310 0
2311 0
2312 0
2313 0
2314 0
2315 0
2316 0
2317 0
2318 0
2319 0
2320 0
2321 0
2322 0
2323 0
2324 0
2325 0
2326 0
2327 0
2328 0
2329 0
2330 0
2331 0
2332 0
2333 0
2334 0
2335 0
2336 0
2337 0
2338 0
2339 0
2340 0
2341 0
2342 0
2343 0
2344 0
2345 0
2346 0
2347 0
2348 0
2349 0
2350 0
2351 0
2352 0
2353 0
2354 0
2355 0
2356 0
2357 0
2358 0
2359 0
2360 0
2361 0
2362 0
2363 0
2364 0
2365 0
2366 0
2367 0
2368 0
2369 0
2370 0
2371 0
2372 0
2373 0
2374 0
2375 0
2376 0
2377 0
2378 0
2379 0
2380 0
2381 0
2382 0
2383 0
2384 0
2385 0
2386 0
2387 0
2388 0
2389 0
2390 0
2391 0
2392 0
2393 0
2394 0
2395 0
2396 0
2397 0
2398 0
2399 0
2400 0
2401 0
2402 0
2403 0
2404 0
2405 0
2406 0
2407 0
2408 0
2409 0
2410 0
2411 0
2412 0
2413 0
2414 0
2415 0
2416 0
2417 0
2418 0
2419 0
2420 0
2421 0
2422 0
2423 0
2424 0
2425 0
2426 0
2427 0
2428 0
2429 0
2430 0
2431 0
2432 0
2433 0
2434 0
2435 0
2436 0
2437 0
2438 0
2439 0
2440 0
2441 0
2442 0
2443 0
2444 0
2445 0
2446 0
2447 0
2448 0
2449 0
2450 0
2451 0
2452 0
2453 0
2454 0
2455 0
2456 0
2457 0
2458 0
2459 0
2460 0
2461 0
2462 0
2463 0
2464 0
2465 0
2466 0
2467 0
2468 0
2469 0
2470 0
2471 0
2472 0
2473 0
2474 0
2475 0
2476 0
2477 0
2478 0
2479 0
2480 0
2481 0
2482 0
2483 0
2484 0
2485 0
2486 0
2487 0
2488 0
2489 0
2490 0
2491 0
2492 0
2493 0
2494 0
2495 0
2496 0
2497 0
2498 0
2499 0
2500 0
2501 0
2502 0
2503 0
2504 0
2505 0
2506 0
2507 0
2508 0
2509 0
2510 0
2511 0
2512 0
2513 0
2514 0
2515 0
2516 0
2517 0
2518 0
2519 0
2520 0
2521 0
2522 0
2523 0
2524 0
2525 0
2526 0
2527 0
2528 0
2529 0
2530 0
2531 0
2532 0
2533 0
2534 0
2535 0
2536 0
2537 0
2538 0
2539 0
2540 0
2541 0
2542 0
2543 0
2544 0
2545 0
2546 0
2547 0
2548 0
2549 0
2550 0
2551 0
2552 0
2553 0
2554 0
2555 0
2556 0
2557 0
2558 0
2559 0
2560 0
2561 0
2562 0
2563 0
2564 0
2565 0
2566 0
2567 0
2568 0
2569 0
2570 0
2571 0
2572 0
2573 0
2574 0
2575 0
2576 0
2577 0
2578 0
2579 0
2580 0
2581 0
2582 0
2583 0
2584 0
2585 0
2586 0
2587 0
2588 0
2589 0
2590 0
2591 0
2592 0
2593 0
2594 0
2595 0
2596 0
2597 0
2598 0
2599 0
2600 0
2601 0
2602 0
2603 0
2604 0
2605 0
2606 0
2607 0
2608 0
2609 0
2610 0
2611 0
2612 0
2613 0
2614 0
2615 0
2616 0
2617 0
2618 0
2619 0
2620 0
2621 0
2622 0
2623 0
2624 0
2625 0
2626 0
2627 0
2628 0
2629 0
2630 0
2631 0
2632 0
2633 0
2634 0
2635 0
2636 0
2637 0
2638 0
2639 0
2640 0
2641 0
2642 0
2643 0
2644 0
2645 0
2646 0
2647 0
2648 0
2649 0
2650 0
2651 0
2652 0
2653 0
2654 0
2655 0
2656 0
2657 0
2658 0
2659 0
2660 0
2661 0
2662 0
2663 0
2664 0
2665 0
2666 0
2667 0
2668 0
2669 0
2670 0
2671 0
2672 0
2673 0
2674 0
2675 0
2676 0
2677 0
2678 0
2679 0
2680 0
2681 0
2682 0
2683 0
2684 0
2685 0
2686 0
2687 0
2688 0
2689 0
2690 0
2691 0
2692 0
2693 0
2694 0
2695 0
2696 0
2697 0
2698 0
2699 0
2700 0
2701 0
2702 0
2703 0
2704 0
2705 0
2706 0
2707 0
2708 0
2709 0
2710 0
2711 0
2712 0
2713 0
2714 0
2715 0
2716 0
2717 0
2718 0
2719 0
2720 0
2721 0
2722 0
2723 0
2724 0
2725 0
2726 0
2727 0
2728 0
2729 0
2730 0
2731 0
2732 0
2733 0
2734 0
2735 0
2736 0
2737 0
2738 0
2739 0
2740 0
2741 0
2742 0
2743 0
2744 0
2745 0
2746 0
2747 0
2748 0
2749 0
2750 0
2751 0
2752 0
2753 0
2754 0
2755 0
2756 0
2757 0
2758 0
2759 0
2760 0
2761 0
2762 0
2763 0
2764 0
2765 0
2766 0
2767 0
2768 0
2769 0
2770 0
2771 0
2772 0
2773 0
2774 0
2775 0
2776 0
2777 0
2778 0
2779 0
2780 0
2781 0
2782 0
2783 0
2784 0
2785 0
2786 0
2787 0
2788 0
2789 0
2790 0
2791 0
2792 0
2793 0
2794 0
2795 0
2796 0
2797 0
2798 0
2799 0
2800 0
2801 0
2802 0
2803 0
2804 0
2805 0
2806 0
2807 0
2808 0
2809 0
2810 0
2811 0
2812 0
2813 0
2814 0
2815 0
2816 0
2817 0
2818 0
2819 0
2820 0
2821 0
2822 0
2823 0
2824 0
2825 0
2826 0
2827 0
2828 0
2829 0
2830 0
2831 0
2832 0
2833 0
2834 0
2835 0
2836 0
2837 0
2838 0
2839 0
2840 0
2841 0
2842 0
2843 0
2844 0
2845 0
2846 0
2847 0
2848 0
2849 0
2850 0
2851 0
2852 0
2853 0
2854 0
2855 0
2856 0
2857 0
2858 0
2859 0
2860 0
2861 0
2862 0
2863 0
2864 0
2865 0
2866 0
2867 0
2868 0
2869 0
2870 0
2871 0
2872 0
2873 0
2874 0
2875 0
2876 0
2877 0
2878 0
2879 0
2880 0
2881 0
2882 0
2883 0
2884 0
2885 0
2886 0
2887 0
2888 0
2889 0
2890 0
2891 0
2892 0
2893 0
2894 0
2895 0
2896 0
2897 0
2898 0
2899 0
2900 0
2901 0
2902 0
2903 0
2904 0
2905 0
2906 0
2907 0
2908 0
2909 0
2910 0
$EndElementData
$ElementData
1
"Attribute:UniformLoadLocalX"
1
0
3
0
1
2910
1 0
2 0
3 0
4 0
5 0
6 0
7 0
8 0
9 0
10 0
11 0
12 0
13 0
14 0
15 0
16 0
17 0
18 0
19 0
20 0
21 0
22 0
23 0
24 0
25 0
26 0
27 0
28 0
29 0
30 0
31 0
32 0
33 0
34 0
35 0
36 0
37 0
38 0
39 0
40 0
41 0
42 0
43 0
44 0
45 0
46 0
47 0
48 0
49 0
50 0
51 0
52 0
53 0
54 0
55 0
56 0
57 0
58 0
59 0
60 0
61 0
62 0
63 0
64 0
65 0
66 0
67 0
68 0
69 0
70 0
71 0
72 0
73 0
74 0
75 0
76 0
77 0
78 0
79 0
80 0
81 0
82 0
83 0
84 0
85 0
86 0
87 0
88 0
89 0
90 0
91 0
92 0
93 0
94 0
95 0
96 0
97 0
98 0
99 0
100 0
101 0
102 0
103 0
104 0
105 0
106 0
107 0
108 0
109 0
110 0
111 0
112 0
113 0
114 0
115 0
116 0
117 0
118 0
119 0
120 0
121 0
122 0
123 0
124 0
125 0
126 0
127 0
128 0
129 0
130 0
131 0
132 0
133 0
134 0
135 0
136 0
137 0
138 0
139 0
140 0
141 0
142 0
143 0
144 0
145 0
146 0
147 0
148 0
149 0
150 0
151 0
152 0
153 0
154 0
155 0
156 0
157 0
158 0
159 0
160 0
161 0
162 0
163 0
164 0
165 0
166 0
167 0
168 0
169 0
170 0
171 0
172 0
173 0
174 0
175 0
176 0
177 0
178 0
179 0
180 0
181 0
182 0
183 0
184 0
185 0
186 0
187 0
188 0
189 0
190 0
191 0
192 0
193 0
194 0
195 0
196 0
197 0
198 0
199 0
200 0
201 0
202 0
203 0
204 0
205 0
206 0
207 0
208 0
209 0
210 0
211 0
212 0
213 0
214 0
215 0
216 0
217 0
218 0
219 0
220 0
221 0
222 0
223 0
224 0
225 0
226 0
227 0
228 0
229 0
230 0
231 0
232 0
233 0
234 0
235 0
236 0
237 0
238 0
239 0
240 0
241 0
242 0
243 0
244 0
245 0
246 0
247 0
248 0
249 0
250 0
251 0
252 0
253 0
254 0
255 0
256 0
257 0
258 0
259 0
260 0
261 0
262 0
263 0
264 0
265 0
266 0
267 0
268 0
269 0
270 0
271 0
272 0
273 0
274 0
275 0
276 0
277 0
278 0
279 0
280 0
281 0
282 0
283 0
284 0
285 0
286 0
287 0
288 0
289 0
290 0
291 0
292 0
293 0
294 0
295 0
296 0
297 0
298 0
299 0
300 0
301 0
302 0
303 0
304 0
305 0
306 0
307 0
308 0
309 0
310 0
311 0
312 0
313 0
314 0
315 0
316 0
317 0
318 0
319 0
320 0
321 0
322 0
323 0
324 0
325 0
326 0
327 0
328 0
329 0
330 0
331 0
332 0
333 0
334 0
335 0
336 0
337 0
338 0
339 0
340 0
341 0
342 0
343 0
344 0
345 0
346 0
347 0
348 0
349 0
350 0
351 0
352 0
353 0
354 0
355 0
356 0
357 0
358 0
359 0
360 0
361 0
362 0
363 0
364 0
365 0
366 0
367 0
368 0
369 0
370 0
371 0
372 0
373 0
374 0
375 0
376 0
377 0
378 0
379 0
380 0
381 0
382 0
383 0
384 0
385 0
386 0
387 0
388 0
389 0
390 0
391 0
392 0
393 0
394 0
395 0
396 0
397 0
398 0
399 0
400 0
401 0
402 0
403 0
404 0
405 0
406 0
407 0
408 0
409 0
410 0
411 0
412 0
413 0
414 0
415 0
416 0
417 0
418 0
419 0
420 0
421 0
422 0
423 0
424 0
425 0
426 0
427 0
428 0
429 0
430 0
431 0
432 0
433 0
434 0
435 0
436 0
437 0
438 0
439 0
440 0
441 0
442 0
443 0
444 0
445 0
446 0
447 0
448 0
449 0
450 0
451 0
452 0
453 0
454 0
455 0
456 0
457 0
458 0
459 0
460 0
461 0
462 0
463 0
464 0
465 0
466 0
467 0
468 0
469 0
470 0
471 0
472 0
473 0
474 0
475 0
476 0
477 0
478 0
479 0
480 0
481 0
482 0
483 0
484 0
485 0
486 0
487 0
488 0
489 0
490 0
491 0
492 0
493 0
494 0
495 0
496 0
497 0
498 0
499 0
500 0
501 0
502 0
503 0
504 0
505 0
506 0
507 0
508 0
509 0
510 0
511 0
512 0
513 0
514 0
515 0
516 0
517 0
518 0
519 0
520 0
521 0
522 0
523 0
524 0
525 0
526 0
527 0
528 0
529 0
530 0
531 0
532 0
533 0
534 0
535 0
536 0
537 0
538 0
539 0
540 0
541 0
542 0
543 0
544 0
545 0
546 0
547 0
548 0
549 0
550 0
551 0
552 0
553 0
554 0
555 0
556 0
557 0
558 0
559 0
560 0
561 0
562 0
563 0
564 0
565 0
566 0
567 0
568 0
569 0
570 0
571 0
572 0
573 0
574 0
575 0
576 0
577 0
578 0
579 0
580 0
581 0
582 0
583 0
584 0
585 0
586 0
587 0
588 0
589 0
590 0
591 0
592 0
593 0
594 0
595 0
596 0
597 0
598 0
599 0
600 0
601 0
602 0
603 0
604 0
605 0
606 0
607 0
608 0
609 0
610 0
611 0
612 0
613 0
614 0
615 0
616 0
617 0
618 0
619 0
620 0
621 0
622 0
623 0
624 0
625 0
626 0
627 0
628 0
629 0
630 0
631 0
632 0
633 0
634 0
635 0
636 0
637 0
638 0
639 0
640 0
641 0
642 0
643 0
644 0
645 0
646 0
647 0
648 0
649 0
650 0
651 0
652 0
653 0
654 0
655 0
656 0
657 0
658 0
659 0
660 0
661 0
662 0
663 0
664 0
665 0
666 0
667 0
668 0
669 0
670 0
671 0
672 0
673 0
674 0
675 0
676 0
677 0
678 0
679 0
680 0
681 0
682 0
683 0
684 0
685 0
686 0
687 0
688 0
689 0
690 0
691 0
692 0
693 0
694 0
695 0
696 0
697 0
698 0
699 0
700 0
701 0
702 0
703 0
704 0
705 0
706 0
707 0
708 0
709 0
710 0
711 0
712 0
713 0
714 0
715 0
716 0
717 0
718 0
719 0
720 0
721 0
722 0
723 0
724 0
725 0
726 0
727 0
728 0
729 0
730 0
731 0
732 0
733 0
734 0
735 0
736 0
737 0
738 0
739 0
740 0
741 0
742 0
743 0
744 0
745 0
746 0
747 0
748 0
749 0
750 0
751 0
752 0
753 0
754 0
755 0
756 0
757 0
758 0
759 0
760 0
761 0
762 0
763 0
764 0
765 0
766 0
767 0
768 0
769 0
770 0
771 0
772 0
773 0
774 0
775 0
776 0
777 0
778 0
779 0
780 0
781 0
782 0
783 0
784 0
785 0
786 0
787 0
788 0
789 0
790 0
791 0
792 0
793 0
794 0
795 0
796 0
797 0
798 0
799 0
800 0
801 0
802 0
803 0
804 0
805 0
806 0
807 0
808 0
809 0
810 0
811 0
812 0
813 0
814 0
815 0
816 0
817 0
818 0
819 0
820 0
821 0
822 0
823 0
824 0
825 0
826 0
827 0
828 0
829 0
830 0
831 0
832 0
833 0
834 0
835 0
836 0
837 0
838 0
839 0
840 0
841 0
842 0
843 0
844 0
845 0
846 0
847 0
848 0
849 0
850 0
851 0
852 0
853 0
854 0
855 0
856 0
857 0
858 0
859 0
860 0
861 0
862 0
863 0
864 0
865 0
866 0
867 0
868 0
869 0
870 0
871 0
872 0
873 0
874 0
875 0
876 0
877 0
878 0
879 0
880 0
881 0
882 0
883 0
884 0
885 0
886 0
887 0
888 0
889 0
890 0
891 0
892 0
893 0
894 0
895 0
896 0
897 0
898 0
899 0
900 0
901 0
902 0
903 0
904 0
905 0
906 0
907 0
908 0
909 0
910 0
911 0
912 0
913 0
914 0
915 0
916 0
917 0
918 0
919 0
920 0
921 0
922 0
923 0
924 0
925 0
926 0
927 0
928 0
929 0
930 0
931 0
932 0
933 0
934 0
935 0
936 0
937 0
938 0
939 0
940 0
941 0
942 0
943 0
944 0
945 0
946 0
947 0
948 0
949 0
950 0
951 0
952 0
953 0
954 0
955 0
956 0
957 0
958 0
959 0
960 0
961 0
962 0
963 0
964 0
965 0
966 0
967 0
968 0
969 0
970 0
971 0
972 0
973 0
974 0
975 0
976 0
977 0
978 0
979 0
980 0
981 0
982 0
983 0
984 0
985 0
986 0
987 0
988 0
989 0
990 0
991 0
992 0
993 0
994 0
995 0
996 0
997 0
998 0
999 0
1000 0
1001 0
1002 0
1003 0
1004 0
1005 0
1006 0
1007 0
1008 0
1009 0
1010 0
1011 0
1012 0
1013 0
1014 0
1015 0
1016 0
1017 0
1018 0
1019 0
1020 0
1021 0
1022 0
1023 0
1024 0
1025 0
1026 0
1027 0
1028 0
1029 0
1030 0
1031 0
1032 0
1033 0
1034 0
1035 0
1036 0
1037 0
1038 0
1039 0
1040 0
1041 0
1042 0
1043 0
1044 0
1045 0
1046 0
1047 0
1048 0
1049 0
1050 0
1051 0
1052 0
1053 0
1054 0
1055 0
1056 0
1057 0
1058 0
1059 0
1060 0
1061 0
1062 0
1063 0
1064 0
1065 0
1066 0
1067 0
1068 0
1069 0
1070 0
1071 0
1072 0
1073 0
1074 0
1075 0
1076 0
1077 0
1078 0
1079 0
1080 0
1081 0
1082 0
1083 0
1084 0
1085 0
1086 0
1087 0
1088 0
1089 0
1090 0
1091 0
1092 0
1093 0
1094 0
1095 0
1096 0
1097 0
1098 0
1099 0
1100 0
1101 0
1102 0
1103 0
1104 0
1105 0
1106 0
1107 0
1108 0
1109 0
1110 0
1111 0
1112 0
1113 0
1114 0
1115 0
1116 0
1117 0
1118 0
1119 0
1120 0
1121 0
1122 0
1123 0
1124 0
1125 0
1126 0
1127 0
1128 0
1129 0
1130 0
1131 0
1132 0
1133 0
1134 0
1135 0
1136 0
1137 0
1138 0
1139 0
1140 0
1141 0
1142 0
1143 0
1144 0
1145 0
1146 0
1147 0
1148 0
1149 0
1150 0
1151 0
1152 0
1153 0
1154 0
1155 0
1156 0
1157 0
1158 0
1159 0
1160 0
1161 0
1162 0
1163 0
1164 0
1165 0
1166 0
1167 0
1168 0
1169 0
1170 0
1171 0
1172 0
1173 0
1174 0
1175 0
1176 0
1177 0
1178 0
1179 0
1180 0
1181 0
1182 0
1183 0
1184 0
1185 0
1186 0
1187 0
1188 0
1189 0
1190 0
1191 0
1192 0
1193 0
1194 0
1195 0
1196 0
1197 0
1198 0
1199 0
1200 0
1201 0
1202 0
1203 0
1204 0
1205 0
1206 0
1207 0
1208 0
1209 0
1210 0
1211 0
1212 0
1213 0
1214 0
1215 0
1216 0
1217 0
1218 0
1219 0
1220 0
1221 0
1222 0
1223 0
1224 0
1225 0
1226 0
1227 0
1228 0
1229 0
1230 0
1231 0
1232 0
1233 0
1234 0
1235 0
1236 0
1237 0
1238 0
1239 0
1240 0
1241 0
1242 0
1243 0
1244 0
1245 0
1246 0
1247 0
1248 0
1249 0
1250 0
1251 0
1252 0
1253 0
1254 0
1255 0
1256 0
1257 0
1258 0
1259 0
1260 0
1261 0
1262 0
1263 0
1264 0
1265 0
1266 0
1267 0
1268 0
1269 0
1270 0
1271 0
1272 0
1273 0
1274 0
1275 0
1276 0
1277 0
1278 0
1279 0
1280 0
1281 0
1282 0
1283 0
1284 0
1285 0
1286 0
1287 0
1288 0
1289 0
1290 0
1291 0
1292 0
1293 0
1294 0
1295 0
1296 0
1297 0
1298 0
1299 0
1300 0
1301 0
1302 0
1303 0
1304 0
1305 0
1306 0
1307 0
1308 0
1309 0
1310 0
1311 0
1312 0
1313 0
1314 0
1315 0
1316 0
1317 0
1318 0
1319 0
1320 0
1321 0
1322 0
1323 0
1324 0
1325 0
1326 0
1327 0
1328 0
1329 0
1330 0
1331 0
1332 0
1333 0
1334 0
1335 0
1336 0
1337 0
1338 0
1339 0
1340 0
1341 0
1342 0
1343 0
1344 0
1345 0
1346 0
1347 0
1348 0
1349 0
1350 0
1351 0
1352 0
1353 0
1354 0
1355 0
1356 0
1357 0
1358 0
1359 0
1360 0
1361 0
1362 0
1363 0
1364 0
1365 0
1366 0
1367 0
1368 0
1369 0
1370 0
1371 0
1372 0
1373 0
1374 0
1375 0
1376 0
1377 0
1378 0
1379 0
1380 0
1381 0
1382 0
1383 0
1384 0
1385 0
1386 0
1387 0
1388 0
1389 0
1390 0
1391 0
1392 0
1393 0
1394 0
1395 0
1396 0
1397 0
1398 0
1399 0
1400 0
1401 0
1402 0
1403 0
1404 0
1405 0
1406 0
1407 0
1408 0
1409 0
1410 0
1411 0
1412 0
1413 0
1414 0
1415 0
1416 0
1417 0
1418 0
1419 0
1420 0
1421 0
1422 0
1423 0
1424 0
1425 0
1426 0
1427 0
1428 0
1429 0
1430 0
1431 0
1432 0
1433 0
1434 0
1435 0
1436 0
1437 0
1438 0
1439 0
1440 0
1441 0
1442 0
1443 0
1444 0
1445 0
1446 0
1447 0
1448 0
1449 0
1450 0
1451 0
1452 0
1453 0
1454 0
1455 0
1456 0
1457 0
1458 0
1459 0
1460 0
1461 0
1462 0
1463 0
1464 0
1465 0
1466 0
1467 0
1468 0
1469 0
1470 0
1471 0
1472 0
1473 0
1474 0
1475 0
1476 0
1477 0
1478 0
1479 0
1480 0
1481 0
1482 0
1483 0
1484 0
1485 0
1486 0
1487 0
1488 0
1489 0
1490 0
1491 0
1492 0
1493 0
1494 0
1495 0
1496 0
1497 0
1498 0
1499 0
1500 0
1501 0
1502 0
1503 0
1504 0
1505 0
1506 0
1507 0
1508 0
1509 0
1510 0
1511 0
1512 0
1513 0
1514 0
1515 0
1516 0
1517 0
1518 0
1519 0
1520 0
1521 0
1522 0
1523 0
1524 0
1525 0
1526 0
1527 0
1528 0
1529 0
1530 0
1531 0
1532 0
1533 0
1534 0
1535 0
1536 0
1537 0
1538 0
1539 0
1540 0
1541 0
1542 0
1543 0
1544 0
1545 0
1546 0
1547 0
1548 0
1549 0
1550 0
1551 0
1552 0
1553 0
1554 0
1555 0
1556 0
1557 0
1558 0
1559 0
1560 0
1561 0
1562 0
1563 0
1564 0
1565 0
1566 0
1567 0
1568 0
1569 0
1570 0
1571 0
1572 0
1573 0
1574 0
1575 0
1576 0
1577 0
1578 0
1579 0
1580 0
1581 0
1582 0
1583 0
1584 0
1585 0
1586 0
1587 0
1588 0
1589 0
1590 0
1591 0
1592 0
1593 0
1594 0
1595 0
1596 0
1597 0
1598 0
1599 0
1600 0
1601 0
1602 0
1603 0
1604 0
1605 0
1606 0
1607 0
1608 0
1609 0
1610 0
1611 0
1612 0
1613 0
1614 0
1615 0
1616 0
1617 0
1618 0
1619 0
1620 0
1621 0
1622 0
1623 0
1624 0
1625 0
1626 0
1627 0
1628 0
1629 0
1630 0
1631 0
1632 0
1633 0
1634 0
1635 0
1636 0
1637 0
1638 0
1639 0
1640 0
1641 0
1642 0
1643 0
1644 0
1645 0
1646 0
1647 0
1648 0
1649 0
1650 0
1651 0
1652 0
1653 0
1654 0
1655 0
1656 0
1657 0
1658 0
1659 0
1660 0
1661 0
1662 0
1663 0
1664 0
1665 0
1666 0
1667 0
1668 0
1669 0
1670 0
1671 0
1672 0
1673 0
1674 0
1675 0
1676 0
1677 0
1678 0
1679 0
1680 0
1681 0
1682 0
1683 0
1684 0
1685 0
1686 0
1687 0
1688 0
1689 0
1690 0
1691 0
1692 0
1693 0
1694 0
1695 0
1696 0
1697 0
1698 0
1699 0
1700 0
1701 0
1702 0
1703 0
1704 0
1705 0
1706 0
1707 0
1708 0
1709 0
1710 0
1711 0
1712 0
1713 0
1714 0
1715 0
1716 0
1717 0
1718 0
1719 0
1720 0
1721 0
1722 0
1723 0
1724 0
1725 0
1726 0
1727 0
1728 0
1729 0
1730 0
1731 0
1732 0
1733 0
1734 0
1735 0
1736 0
1737 0
1738 0
1739 0
1740 0
1741 0
1742 0
1743 0
1744 0
1745 0
1746 0
1747 0
1748 0
1749 0
1750 0
1751 0
1752 0
1753 0
1754 0
1755 0
1756 0
1757 0
1758 0
1759 0
1760 0
1761 0
1762 0
1763 0
1764 0
1765 0
1766 0
1767 0
1768 0
1769 0
1770 0
1771 0
1772 0
1773 0
1774 0
1775 0
1776 0
1777 0
1778 0
1779 0
1780 0
1781 0
1782 0
1783 0
1784 0
1785 0
1786 0
1787 0
1788 0
1789 0
1790 0
1791 0
1792 0
1793 0
1794 0
1795 0
1796 0
1797 0
1798 0
1799 0
1800 0
1801 0
1802 0
1803 0
1804 0
1805 0
1806 0
1807 0
1808 0
1809 0
1810 0
1811 0
1812 0
1813 0
1814 0
1815 0
1816 0
1817 0
1818 0
1819 0
1820 0
1821 0
1822 0
1823 0
1824 0
1825 0
1826 0
1827 0
1828 0
1829 0
1830 0
1831 0
1832 0
1833 0
1834 0
1835 0
1836 0
1837 0
1838 0
1839 0
1840 0
1841 0
1842 0
1843 0
1844 0
1845 0
1846 0
1847 0
1848 0
1849 0
1850 0
1851 0
1852 0
1853 0
1854 0
1855 0
1856 0
1857 0
1858 0
1859 0
1860 0
1861 0
1862 0
1863 0
1864 0
1865 0
1866 0
1867 0
1868 0
1869 0
1870 0
1871 0
1872 0
1873 0
1874 0
1875 0
1876 0
1877 0
1878 0
1879 0
1880 0
1881 0
1882 0
1883 0
1884 0
1885 0
1886 0
1887 0
1888 0
1889 0
1890 0
1891 0
1892 0
1893 0
1894 0
1895 0
1896 0
1897 0
1898 0
1899 0
1900 0
1901 0
1902 0
1903 0
1904 0
1905 0
1906 0
1907 0
1908 0
1909 0
1910 0
1911 0
1912 0
1913 0
1914 0
1915 0
1916 0
1917 0
1918 0
1919 0
1920 0
1921 0
1922 0
1923 0
1924 0
1925 0
1926 0
1927 0
1928 0
1929 0
1930 0
1931 0
1932 0
1933 0
1934 0
1935 0
1936 0
1937 0
1938 0
1939 0
1940 0
1941 0
1942 0
1943 0
1944 0
1945 0
1946 0
1947 0
1948 0
1949 0
1950 0
1951 0
1952 0
1953 0
1954 0
1955 0
1956 0
1957 0
1958 0
1959 0
1960 0
1961 0
1962 0
1963 0
1964 0
1965 0
1966 0
1967 0
1968 0
1969 0
1970 0
1971 0
1972 0
1973 0
1974 0
1975 0
1976 0
1977 0
1978 0
1979 0
1980 0
1981 0
1982 0
1983 0
1984 0
1985 0
1986 0
1987 0
1988 0
1989 0
1990 0
1991 0
1992 0
1993 0
1994 0
1995 0
1996 0
1997 0
1998 0
1999 0
2000 0
2001 0
2002 0
2003 0
2004 0
2005 0
2006 0
2007 0
2008 0
2009 0
2010 0
2011 0
2012 0
2013 0
2014 0
2015 0
2016 0
2017 0
2018 0
2019 0
2020 0
2021 0
2022 0
2023 0
2024 0
2025 0
2026 0
2027 0
2028 0
2029 0
2030 0
2031 0
2032 0
2033 0
2034 0
2035 0
2036 0
2037 0
2038 0
2039 0
2040 0
2041 0
2042 0
2043 0
2044 0
2045 0
2046 0
2047 0
2048 0
2049 0
2050 0
2051 0
2052 0
2053 0
2054 0
2055 0
2056 0
2057 0
2058 0
2059 0
2060 0
2061 0
2062 0
2063 0
2064 0
2065 0
2066 0
2067 0
2068 0
2069 0
2070 0
2071 0
2072 0
2073 0
2074 0
2075 0
2076 0
2077 0
2078 0
2079 0
2080 0
2081 0
2082 0
2083 0
2084 0
2085 0
2086 0
2087 0
2088 0
2089 0
2090 0
2091 0
2092 0
2093 0
2094 0
2095 0
2096 0
2097 0
2098 0
2099 0
2100 0
2101 0
2102 0
2103 0
2104 0
2105 0
2106 0
2107 0
2108 0
2109 0
2110 0
2111 0
2112 0
2113 0
2114 0
2115 0
2116 0
2117 0
2118 0
2119 0
2120 0
2121 0
2122 0
2123 0
2124 0
2125 0
2126 0
2127 0
2128 0
2129 0
2130 0
2131 0
2132 0
2133 0
2134 0
2135 0
2136 0
2137 0
2138 0
2139 0
2140 0
2141 0
2142 0
2143 0
2144 0
2145 0
2146 0
2147 0
2148 0
2149 0
2150 0
2151 0
2152 0
2153 0
2154 0
2155 0
2156 0
2157 0
2158 0
2159 0
2160 0
2161 0
2162 0
2163 0
2164 0
2165 0
2166 0
2167 0
2168 0
2169 0
2170 0
2171 0
2172 0
2173 0
2174 0
2175 0
2176 0
2177 0
2178 0
2179 0
2180 0
2181 0
2182 0
2183 0
2184 0
2185 0
2186 0
2187 0
2188 0
2189 0
2190 0
2191 0
2192 0
2193 0
2194 0
2195 0
2196 0
2197 0
2198 0
2199 0
2200 0
2201 0
2202 0
2203 0
2204 0
2205 0
2206 0
2207 0
2208 0
2209 0
2210 0
2211 0
2212 0
2213 0
2214 0
2215 0
2216 0
2217 0
2218 0
2219 0
2220 0
2221 0
2222 0
2223 0
2224 0
2225 0
2226 0
2227 0
2228 0
2229 0
2230 0
2231 0
2232 0
2233 0
2234 0
2235 0
2236 0
2237 0
2238 0
2239 0
2240 0
2241 0
2242 0
2243 0
2244 0
2245 0
2246 0
2247 0
2248 0
2249 0
2250 0
2251 0
2252 0
2253 0
2254 0
2255 0
2256 0
2257 0
2258 0
2259 0
2260 0
2261 0
2262 0
2263 0
2264 0
2265 0
2266 0
2267 0
2268 0
2269 0
2270 0
2271 0
2272 0
2273 0
2274 0
2275 0
2276 0
2277 0
2278 0
2279 0
2280 0
2281 0
2282 0
2283 0
2284 0
2285 0
2286 0
2287 0
2288 0
2289 0
2290 0
2291 0
2292 0
2293 0
2294 0
2295 0
2296 0
2297 0
2298 0
2299 0
2300 0
2301 0
2302 0
2303 0
2304 0
2305 0
2306 0
2307 0
2308 0
2309 0
2310 0
2311 0
2312 0
2313 0
2314 0
2315 0
2316 0
2317 0
2318 0
2319 0
2320 0
2321 0
2322 0
2323 0
2324 0
2325 0
2326 0
2327 0
2328 0
2329 0
2330 0
2331 0
2332 0
2333 0
2334 0
2335 0
2336 0
2337 0
2338 0
2339 0
2340 0
2341 0
2342 0
2343 0
2344 0
2345 0
2346 0
2347 0
2348 0
2349 0
2350 0
2351 0
2352 0
2353 0
2354 0
2355 0
2356 0
2357 0
2358 0
2359 0
2360 0
2361 0
2362 0
2363 0
2364 0
2365 0
2366 0
2367 0
2368 0
2369 0
2370 0
2371 0
2372 0
2373 0
2374 0
2375 0
2376 0
2377 0
2378 0
2379 0
2380 0
2381 0
2382 0
2383 0
2384 0
2385 0
2386 0
2387 0
2388 0
2389 0
2390 0
2391 0
2392 0
2393 0
2394 0
2395 0
2396 0
2397 0
2398 0
2399 0
2400 0
2401 0
2402 0
2403 0
2404 0
2405 0
2406 0
2407 0
2408 0
2409 0
2410 0
2411 0
2412 0
2413 0
2414 0
2415 0
2416 0
2417 0
2418 0
2419 0
2420 0
2421 0
2422 0
2423 0
2424 0
2425 0
2426 0
2427 0
2428 0
2429 0
2430 0
2431 0
2432 0
2433 0
2434 0
2435 0
2436 0
2437 0
2438 0
2439 0
2440 0
2441 0
2442 0
2443 0
2444 0
2445 0
2446 0
2447 0
2448 0
2449 0
2450 0
2451 0
2452 0
2453 0
2454 0
2455 0
2456 0
2457 0
2458 0
2459 0
2460 0
2461 0
2462 0
2463 0
2464 0
2465 0
2466 0
2467 0
2468 0
2469 0
2470 0
2471 0
2472 0
2473 0
2474 0
2475 0
2476 0
2477 0
2478 0
2479 0
2480 0
2481 0
2482 0
2483 0
2484 0
2485 0
2486 0
2487 0
2488 0
2489 0
2490 0
2491 0
2492 0
2493 0
2494 0
2495 0
2496 0
2497 0
2498 0
2499 0
2500 0
2501 0
2502 0
2503 0
2504 0
2505 0
2506 0
2507 0
2508 0
2509 0
2510 0
2511 0
2512 0
2513 0
2514 0
2515 0
2516 0
2517 0
2518 0
2519 0
2520 0
2521 0
2522 0
2523 0
2524 0
2525 0
2526 0
2527 0
2528 0
2529 0
2530 0
2531 0
2532 0
2533 0
2534 0
2535 0
2536 0
2537 0
2538 0
2539 0
2540 0
2541 0
2542 0
2543 0
2544 0
2545 0
2546 0
2547 0
2548 0
2549 0
2550 0
2551 0
2552 0
2553 0
2554 0
2555 0
2556 0
2557 0
2558 0
2559 0
2560 0
2561 0
2562 0
2563 0
2564 0
2565 0
2566 0
2567 0
2568 0
2569 0
2570 0
2571 0
2572 0
2573 0
2574 0
2575 0
2576 0
2577 0
2578 0
2579 0
2580 0
2581 0
2582 0
2583 0
2584 0
2585 0
2586 0
2587 0
2588 0
2589 0
2590 0
2591 0
2592 0
2593 0
2594 0
2595 0
2596 0
2597 0
2598 0
2599 0
2600 0
2601 0
2602 0
2603 0
2604 0
2605 0
2606 0
2607 0
2608 0
2609 0
2610 0
2611 0
2612 0
2613 0
2614 0
2615 0
2616 0
2617 0
2618 0
2619 0
2620 0
2621 0
2622 0
2623 0
2624 0
2625 0
2626 0
2627 0
2628 0
2629 0
2630 0
2631 0
2632 0
2633 0
2634 0
2635 0
2636 0
2637 0
2638 0
2639 0
2640 0
2641 0
2642 0
2643 0
2644 0
2645 0
2646 0
2647 0
2648 0
2649 0
2650 0
2651 0
2652 0
2653 0
2654 0
2655 0
2656 0
2657 0
2658 0
2659 0
2660 0
2661 0
2662 0
2663 0
2664 0
2665 0
2666 0
2667 0
2668 0
2669 0
2670 0
2671 0
2672 0
2673 0
2674 0
2675 0
2676 0
2677 0
2678 0
2679 0
2680 0
2681 0
2682 0
2683 0
2684 0
2685 0
2686 0
2687 0
2688 0
2689 0
2690 0
2691 0
2692 0
2693 0
2694 0
2695 0
2696 0
2697 0
2698 0
2699 0
2700 0
2701 0
2702 0
2703 0
2704 0
2705 0
2706 0
2707 0
2708 0
2709 0
2710 0
2711 0
2712 0
2713 0
2714 0
2715 0
2716 0
2717 0
2718 0
2719 0
2720 0
2721 0
2722 0
2723 0
2724 0
2725 0
2726 0
2727 0
2728 0
2729 0
2730 0
2731 0
2732 0
2733 0
2734 0
2735 0
2736 0
2737 0
2738 0
2739 0
2740 0
2741 0
2742 0
2743 0
2744 0
2745 0
2746 0
2747 0
2748 0
2749 0
2750 0
2751 0
2752 0
2753 0
2754 0
2755 0
2756 0
2757 0
2758 0
2759 0
2760 0
2761 0
2762 0
2763 0
2764 0
2765 0
2766 0
2767 0
2768 0
2769 0
2770 0
2771 0
2772 0
2773 0
2774 0
2775 0
2776 0
2777 0
2778 0
2779 0
2780 0
2781 0
2782 0
2783 0
2784 0
2785 0
2786 0
2787 0
2788 0
2789 0
2790 0
2791 0
2792 0
2793 0
2794 0
2795 0
2796 0
2797 0
2798 0
2799 0
2800 0
2801 0
2802 0
2803 0
2804 0
2805 0
2806 0
2807 0
2808 0
2809 0
2810 0
2811 0
2812 0
2813 0
2814 0
2815 0
2816 0
2817 0
2818 0
2819 0
2820 0
2821 0
2822 0
2823 0
2824 0
2825 0
2826 0
2827 0
2828 0
2829 0
2830 0
2831 0
2832 0
2833 0
2834 0
2835 0
2836 0
2837 0
2838 0
2839 0
2840 0
2841 0
2842 0
2843 0
2844 0
2845 0
2846 0
2847 0
2848 0
2849 0
2850 0
2851 0
2852 0
2853 0
2854 0
2855 0
2856 0
2857 0
2858 0
2859 0
2860 0
2861 0
2862 0
2863 0
2864 0
2865 0
2866 0
2867 0
2868 0
2869 0
2870 0
2871 0
2872 0
2873 0
2874 0
2875 0
2876 0
2877 0
2878 0
2879 0
2880 0
2881 0
2882 0
2883 0
2884 0
2885 0
2886 0
2887 0
2888 0
2889 0
2890 0
2891 0
2892 0
2893 0
2894 0
2895 0
2896 0
2897 0
2898 0
2899 0
2900 0
2901 0
2902 0
2903 0
2904 0
2905 0
2906 0
2907 0
2908 0
2909 0
2910 0
$EndElementData
$ElementData
1
"Attribute:UniformLoadLocalY"
1
0
3
0
1
2910
1 0
2 0
3 0
4 0
5 0
6 0
7 0
8 0
9 0
10 0
11 0
12 0
13 0
14 0
15 0
16 0
17 0
18 0
19 0
20 0
21 0
22 0
23 0
24 0
25 0
26 0
27 0
28 0
29 0
30 0
31 0
32 0
33 0
34 0
35 0
36 0
37 0
38 0
39 0
40 0
41 0
42 0
43 0
44 0
45 0
46 0
47 0
48 0
49 0
50 0
51 0
52 0
53 0
54 0
55 0
56 0
57 0
58 0
59 0
60 0
61 0
62 0
63 0
64 0
65 0
66 0
67 0
68 0
69 0
70 0
71 0
72 0
73 0
74 0
75 0
76 0
77 0
78 0
79 0
80 0
81 0
82 0
83 0
84 0
85 0
86 0
87 0
88 0
89 0
90 0
91 0
92 0
93 0
94 0
95 0
96 0
97 0
98 0
99 0
100 0
101 0
102 0
103 0
104 0
105 0
106 0
107 0
108 0
109 0
110 0
111 0
112 0
113 0
114 0
115 0
116 0
117 0
118 0
119 0
120 0
121 0
122 0
123 0
124 0
125 0
126 0
127 0
128 0
129 0
130 0
131 0
132 0
133 0
134 0
135 0
136 0
137 0
138 0
139 0
140 0
141 0
142 0
143 0
144 0
145 0
146 0
147 0
148 0
149 0
150 0
151 0
152 0
153 0
154 0
155 0
156 0
157 0
158 0
159 0
160 0
161 0
162 0
163 0
164 0
165 0
166 0
167 0
168 0
169 0
170 0
171 0
172 0
173 0
174 0
175 0
176 0
177 0
178 0
179 0
180 0
181 0
182 0
183 0
184 0
185 0
186 0
187 0
188 0
189 0
190 0
191 0
192 0
193 0
194 0
195 0
196 0
197 0
198 0
199 0
200 0
201 0
202 0
203 0
204 0
205 0
206 0
207 0
208 0
209 0
210 0
211 0
212 0
213 0
214 0
215 0
216 0
217 0
218 0
219 0
220 0
221 0
222 0
223 0
224 0
225 0
226 0
227 0
228 0
229 0
230 0
231 0
232 0
233 0
234 0
235 0
236 0
237 0
238 0
239 0
240 0
241 0
242 0
243 0
244 0
245 0
246 0
247 0
248 0
249 0
250 0
251 0
252 0
253 0
254 0
255 0
256 0
257 0
258 0
259 0
260 0
261 0
262 0
263 0
264 0
265 0
266 0
267 0
268 0
269 0
270 0
271 0
272 0
273 0
274 0
275 0
276 0
277 0
278 0
279 0
280 0
281 0
282 0
283 0
284 0
285 0
286 0
287 0
288 0
289 0
290 0
291 0
292 0
293 0
294 0
295 0
296 0
297 0
298 0
299 0
300 0
301 0
302 0
303 0
304 0
305 0
306 0
307 0
308 0
309 0
310 0
311 0
312 0
313 0
314 0
315 0
316 0
317 0
318 0
319 0
320 0
321 0
322 0
323 0
324 0
325 0
326 0
327 0
328 0
329 0
330 0
331 0
332 0
333 0
334 0
335 0
336 0
337 0
338 0
339 0
340 0
341 0
342 0
343 0
344 0
345 0
346 0
347 0
348 0
349 0
350 0
351 0
352 0
353 0
354 0
355 0
356 0
357 0
358 0
359 0
360 0
361 0
362 0
363 0
364 0
365 0
366 0
367 0
368 0
369 0
370 0
371 0
372 0
373 0
374 0
375 0
376 0
377 0
378 0
379 0
380 0
381 0
382 0
383 0
384 0
385 0
386 0
387 0
388 0
389 0
390 0
391 0
392 0
393 0
394 0
395 0
396 0
397 0
398 0
399 0
400 0
401 0
402 0
403 0
404 0
405 0
406 0
407 0
408 0
409 0
410 0
411 0
412 0
413 0
414 0
415 0
416 0
417 0
418 0
419 0
420 0
421 0
422 0
423 0
424 0
425 0
426 0
427 0
428 0
429 0
430 0
431 0
432 0
433 0
434 0
435 0
436 0
437 0
438 0
439 0
440 0
441 0
442 0
443 0
444 0
445 0
446 0
447 0
448 0
449 0
450 0
451 0
452 0
453 0
454 0
455 0
456 0
457 0
458 0
459 0
460 0
461 0
462 0
463 0
464 0
465 0
466 0
467 0
468 0
469 0
470 0
471 0
472 0
473 0
474 0
475 0
476 0
477 0
478 0
479 0
480 0
481 0
482 0
483 0
484 0
485 0
486 0
487 0
488 0
489 0
490 0
491 0
492 0
493 0
494 0
495 0
496 0
497 0
498 0
499 0
500 0
501 0
502 0
503 0
504 0
505 0
506 0
507 0
508 0
509 0
510 0
511 0
512 0
513 0
514 0
515 0
516 0
517 0
518 0
519 0
520 0
521 0
522 0
523 0
524 0
525 0
526 0
527 0
528 0
529 0
530 0
531 0
532 0
533 0
534 0
535 0
536 0
537 0
538 0
539 0
540 0
541 0
542 0
543 0
544 0
545 0
546 0
547 0
548 0
549 0
550 0
551 0
552 0
553 0
554 0
555 0
556 0
557 0
558 0
559 0
560 0
561 0
562 0
563 0
564 0
565 0
566 0
567 0
568 0
569 0
570 0
571 0
572 0
573 0
574 0
575 0
576 0
577 0
578 0
579 0
580 0
581 0
582 0
583 0
584 0
585 0
586 0
587 0
588 0
589 0
590 0
591 0
592 0
593 0
594 0
595 0
596 0
597 0
598 0
599 0
600 0
601 0
602 0
603 0
604 0
605 0
606 0
607 0
608 0
609 0
610 0
611 0
612 0
613 0
614 0
615 0
616 0
617 0
618 0
619 0
620 0
621 0
622 0
623 0
624 0
625 0
626 0
627 0
628 0
629 0
630 0
631 0
632 0
633 0
634 0
635 0
636 0
637 0
638 0
639 0
640 0
641 0
642 0
643 0
644 0
645 0
646 0
647 0
648 0
649 0
650 0
651 0
652 0
653 0
654 0
655 0
656 0
657 0
658 0
659 0
660 0
661 0
662 0
663 0
664 0
665 0
666 0
667 0
668 0
669 0
670 0
671 0
672 0
673 0
674 0
675 0
676 0
677 0
678 0
679 0
680 0
681 0
682 0
683 0
684 0
685 0
686 0
687 0
688 0
689 0
690 0
691 0
692 0
693 0
694 0
695 0
696 0
697 0
698 0
699 0
700 0
701 0
702 0
703 0
704 0
705 0
706 0
707 0
708 0
709 0
710 0
711 0
712 0
713 0
714 0
715 0
716 0
717 0
718 0
719 0
720 0
721 0
722 0
723 0
724 0
725 0
726 0
727 0
728 0
729 0
730 0
731 0
732 0
733 0
734 0
735 0
736 0
737 0
738 0
739 0
740 0
741 0
742 0
743 0
744 0
745 0
746 0
747 0
748 0
749 0
750 0
751 0
752 0
753 0
754 0
755 0
756 0
757 0
758 0
759 0
760 0
761 0
762 0
763 0
764 0
765 0
766 0
767 0
768 0
769 0
770 0
771 0
772 0
773 0
774 0
775 0
776 0
777 0
778 0
779 0
780 0
781 0
782 0
783 0
784 0
785 0
786 0
787 0
788 0
789 0
790 0
791 0
792 0
793 0
794 0
795 0
796 0
797 0
798 0
799 0
800 0
801 0
802 0
803 0
804 0
805 0
806 0
807 0
808 0
809 0
810 0
811 0
812 0
813 0
814 0
815 0
816 0
817 0
818 0
819 0
820 0
821 0
822 0
823 0
824 0
825 0
826 0
827 0
828 0
829 0
830 0
831 0
832 0
833 0
834 0
835 0
836 0
837 0
838 0
839 0
840 0
841 0
842 0
843 0
844 0
845 0
846 0
847 0
848 0
849 0
850 0
851 0
852 0
853 0
854 0
855 0
856 0
857 0
858 0
859 0
860 0
861 0
862 0
863 0
864 0
865 0
866 0
867 0
868 0
869 0
870 0
871 0
872 0
873 0
874 0
875 0
876 0
877 0
878 0
879 0
880 0
881 0
882 0
883 0
884 0
885 0
886 0
887 0
888 0
889 0
890 0
891 0
892 0
893 0
894 0
895 0
896 0
897 0
898 0
899 0
900 0
901 0
902 0
903 0
904 0
905 0
906 0
907 0
908 0
909 0
910 0
911 0
912 0
913 0
914 0
915 0
916 0
917 0
918 0
919 0
920 0
921 0
922 0
923 0
924 0
925 0
926 0
927 0
928 0
929 0
930 0
931 0
932 0
933 0
934 0
935 0
936 0
937 0
938 0
939 0
940 0
941 0
942 0
943 0
944 0
945 0
946 0
947 0
948 0
949 0
950 0
951 0
952 0
953 0
954 0
955 0
956 0
957 0
958 0
959 0
960 0
961 0
962 0
963 0
964 0
965 0
966 0
967 0
968 0
969 0
970 0
971 0
972 0
973 0
974 0
975 0
976 0
977 0
978 0
979 0
980 0
981 0
982 0
983 0
984 0
985 0
986 0
987 0
988 0
989 0
990 0
991 0
992 0
993 0
994 0
995 0
996 0
997 0
998 0
999 0
1000 0
1001 0
1002 0
1003 0
1004 0
1005 0
1006 0
1007 0
1008 0
1009 0
1010 0
1011 0
1012 0
1013 0
1014 0
1015 0
1016 0
1017 0
1018 0
1019 0
1020 0
1021 0
1022 0
1023 0
1024 0
1025 0
1026 0
1027 0
1028 0
1029 0
1030 0
1031 0
1032 0
1033 0
1034 0
1035 0
1036 0
1037 0
1038 0
1039 0
1040 0
1041 0
1042 0
1043 0
1044 0
1045 0
1046 0
1047 0
1048 0
1049 0
1050 0
1051 0
1052 0
1053 0
1054 0
1055 0
1056 0
1057 0
1058 0
1059 0
1060 0
1061 0
1062 0
1063 0
1064 0
1065 0
1066 0
1067 0
1068 0
1069 0
1070 0
1071 0
1072 0
1073 0
1074 0
1075 0
1076 0
1077 0
1078 0
1079 0
1080 0
1081 0
1082 0
1083 0
1084 0
1085 0
1086 0
1087 0
1088 0
1089 0
1090 0
1091 0
1092 0
1093 0
1094 0
1095 0
1096 0
1097 0
1098 0
1099 0
1100 0
1101 0
1102 0
1103 0
1104 0
1105 0
1106 0
1107 0
1108 0
1109 0
1110 0
1111 0
1112 0
1113 0
1114 0
1115 0
1116 0
1117 0
1118 0
1119 0
1120 0
1121 0
1122 0
1123 0
1124 0
1125 0
1126 0
1127 0
1128 0
1129 0
1130 0
1131 0
1132 0
1133 0
1134 0
1135 0
1136 0
1137 0
1138 0
1139 0
1140 0
1141 0
1142 0
1143 0
1144 0
1145 0
1146 0
1147 0
1148 0
1149 0
1150 0
1151 0
1152 0
1153 0
1154 0
1155 0
1156 0
1157 0
1158 0
1159 0
1160 0
1161 0
1162 0
1163 0
1164 0
1165 0
1166 0
1167 0
1168 0
1169 0
1170 0
1171 0
1172 0
1173 0
1174 0
1175 0
1176 0
1177 0
1178 0
1179 0
1180 0
1181 0
1182 0
1183 0
1184 0
1185 0
1186 0
1187 0
1188 0
1189 0
1190 0
1191 0
1192 0
1193 0
1194 0
1195 0
1196 0
1197 0
1198 0
1199 0
1200 0
1201 0
1202 0
1203 0
1204 0
1205 0
1206 0
1207 0
1208 0
1209 0
1210 0
1211 0
1212 0
1213 0
1214 0
1215 0
1216 0
1217 0
1218 0
1219 0
1220 0
1221 0
1222 0
1223 0
1224 0
1225 0
1226 0
1227 0
1228 0
1229 0
1230 0
1231 0
1232 0
1233 0
1234 0
1235 0
1236 0
1237 0
1238 0
1239 0
1240 0
1241 0
1242 0
1243 0
1244 0
1245 0
1246 0
1247 0
1248 0
1249 0
1250 0
1251 0
1252 0
1253 0
1254 0
1255 0
1256 0
1257 0
1258 0
1259 0
1260 0
1261 0
1262 0
1263 0
1264 0
1265 0
1266 0
1267 0
1268 0
1269 0
1270 0
1271 0
1272 0
1273 0
1274 0
1275 0
1276 0
1277 0
1278 0
1279 0
1280 0
1281 0
1282 0
1283 0
1284 0
1285 0
1286 0
1287 0
1288 0
1289 0
1290 0
1291 0
1292 0
1293 0
1294 0
1295 0
1296 0
1297 0
1298 0
1299 0
1300 0
1301 0
1302 0
1303 0
1304 0
1305 0
1306 0
1307 0
1308 0
1309 0
1310 0
1311 0
1312 0
1313 0
1314 0
1315 0
1316 0
1317 0
1318 0
1319 0
1320 0
1321 0
1322 0
1323 0
1324 0
1325 0
1326 0
1327 0
1328 0
1329 0
1330 0
1331 0
1332 0
1333 0
1334 0
1335 0
1336 0
1337 0
1338 0
1339 0
1340 0
1341 0
1342 0
1343 0
1344 0
1345 0
1346 0
1347 0
1348 0
1349 0
1350 0
1351 0
1352 0
1353 0
1354 0
1355 0
1356 0
1357 0
1358 0
1359 0
1360 0
1361 0
1362 0
1363 0
1364 0
1365 0
1366 0
1367 0
1368 0
1369 0
1370 0
1371 0
1372 0
1373 0
1374 0
1375 0
1376 0
1377 0
1378 0
1379 0
1380 0
1381 0
1382 0
1383 0
1384 0
1385 0
1386 0
1387 0
1388 0
1389 0
1390 0
1391 0
1392 0
1393 0
1394 0
1395 0
1396 0
1397 0
1398 0
1399 0
1400 0
1401 0
1402 0
1403 0
1404 0
1405 0
1406 0
1407 0
1408 0
1409 0
1410 0
1411 0
1412 0
1413 0
1414 0
1415 0
1416 0
1417 0
1418 0
1419 0
1420 0
1421 0
1422 0
1423 0
1424 0
1425 0
1426 0
1427 0
1428 0
1429 0
1430 0
1431 0
1432 0
1433 0
1434 0
1435 0
1436 0
1437 0
1438 0
1439 0
1440 0
1441 0
1442 0
1443 0
1444 0
1445 0
1446 0
1447 0
1448 0
1449 0
1450 0
1451 0
1452 0
1453 0
1454 0
1455 0
1456 0
1457 0
1458 0
1459 0
1460 0
1461 0
1462 0
1463 0
1464 0
1465 0
1466 0
1467 0
1468 0
1469 0
1470 0
1471 0
1472 0
1473 0
1474 0
1475 0
1476 0
1477 0
1478 0
1479 0
1480 0
1481 0
1482 0
1483 0
1484 0
1485 0
1486 0
1487 0
1488 0
1489 0
1490 0
1491 0
1492 0
1493 0
1494 0
1495 0
1496 0
1497 0
1498 0
1499 0
1500 0
1501 0
1502 0
1503 0
1504 0
1505 0
1506 0
1507 0
1508 0
1509 0
1510 0
1511 0
1512 0
1513 0
1514 0
1515 0
1516 0
1517 0
1518 0
1519 0
1520 0
1521 0
1522 0
1523 0
1524 0
1525 0
1526 0
1527 0
1528 0
1529 0
1530 0
1531 0
1532 0
1533 0
1534 0
1535 0
1536 0
1537 0
1538 0
1539 0
1540 0
1541 0
1542 0
1543 0
1544 0
1545 0
1546 0
1547 0
1548 0
1549 0
1550 0
1551 0
1552 0
1553 0
1554 0
1555 0
1556 0
1557 0
1558 0
1559 0
1560 0
1561 0
1562 0
1563 0
1564 0
1565 0
1566 0
1567 0
1568 0
1569 0
1570 0
1571 0
1572 0
1573 0
1574 0
1575 0
1576 0
1577 0
1578 0
1579 0
1580 0
1581 0
1582 0
1583 0
1584 0
1585 0
1586 0
1587 0
1588 0
1589 0
1590 0
1591 0
1592 0
1593 0
1594 0
1595 0
1596 0
1597 0
1598 0
1599 0
1600 0
1601 0
1602 0
1603 0
1604 0
1605 0
1606 0
1607 0
1608 0
1609 0
1610 0
1611 0
1612 0
1613 0
1614 0
1615 0
1616 0
1617 0
1618 0
1619 0
1620 0
1621 0
1622 0
1623 0
1624 0
1625 0
1626 0
1627 0
1628 0
1629 0
1630 0
1631 0
1632 0
1633 0
1634 0
1635 0
1636 0
1637 0
1638 0
1639 0
1640 0
1641 0
1642 0
1643 0
1644 0
1645 0
1646 0
1647 0
1648 0
1649 0
1650 0
1651 0
1652 0
1653 0
1654 0
1655 0
1656 0
1657 0
1658 0
1659 0
1660 0
1661 0
1662 0
1663 0
1664 0
1665 0
1666 0
1667 0
1668 0
1669 0
1670 0
1671 0
1672 0
1673 0
1674 0
1675 0
1676 0
1677 0
1678 0
1679 0
1680 0
1681 0
1682 0
1683 0
1684 0
1685 0
1686 0
1687 0
1688 0
1689 0
1690 0
1691 0
1692 0
1693 0
1694 0
1695 0
1696 0
1697 0
1698 0
1699 0
1700 0
1701 0
1702 0
1703 0
1704 0
1705 0
1706 0
1707 0
1708 0
1709 0
1710 0
1711 0
1712 0
1713 0
1714 0
1715 0
1716 0
1717 0
1718 0
1719 0
1720 0
1721 0
1722 0
1723 0
1724 0
1725 0
1726 0
1727 0
1728 0
1729 0
1730 0
1731 0
1732 0
1733 0
1734 0
1735 0
1736 0
1737 0
1738 0
1739 0
1740 0
1741 0
1742 0
1743 0
1744 0
1745 0
1746 0
1747 0
1748 0
1749 0
1750 0
1751 0
1752 0
1753 0
1754 0
1755 0
1756 0
1757 0
1758 0
1759 0
1760 0
1761 0
1762 0
1763 0
1764 0
1765 0
1766 0
1767 0
1768 0
1769 0
1770 0
1771 0
1772 0
1773 0
1774 0
1775 0
1776 0
1777 0
1778 0
1779 0
1780 0
1781 0
1782 0
1783 0
1784 0
1785 0
1786 0
1787 0
1788 0
1789 0
1790 0
1791 0
1792 0
1793 0
1794 0
1795 0
1796 0
1797 0
1798 0
1799 0
1800 0
1801 0
1802 0
1803 0
1804 0
1805 0
1806 0
1807 0
1808 0
1809 0
1810 0
1811 0
1812 0
1813 0
1814 0
1815 0
1816 0
1817 0
1818 0
1819 0
1820 0
1821 0
1822 0
1823 0
1824 0
1825 0
1826 0
1827 0
1828 0
1829 0
1830 0
1831 0
1832 0
1833 0
1834 0
1835 0
1836 0
1837 0
1838 0
1839 0
1840 0
1841 0
1842 0
1843 0
1844 0
1845 0
1846 0
1847 0
1848 0
1849 0
1850 0
1851 0
1852 0
1853 0
1854 0
1855 0
1856 0
1857 0
1858 0
1859 0
1860 0
1861 0
1862 0
1863 0
1864 0
1865 0
1866 0
1867 0
1868 0
1869 0
1870 0
1871 0
1872 0
1873 0
1874 0
1875 0
1876 0
1877 0
1878 0
1879 0
1880 0
1881 0
1882 0
1883 0
1884 0
1885 0
1886 0
1887 0
1888 0
1889 0
1890 0
1891 0
1892 0
1893 0
1894 0
1895 0
1896 0
1897 0
1898 0
1899 0
1900 0
1901 0
1902 0
1903 0
1904 0
1905 0
1906 0
1907 0
1908 0
1909 0
1910 0
1911 0
1912 0
1913 0
1914 0
1915 0
1916 0
1917 0
1918 0
1919 0
1920 0
1921 0
1922 0
1923 0
1924 0
1925 0
1926 0
1927 0
1928 0
1929 0
1930 0
1931 0
1932 0
1933 0
1934 0
1935 0
1936 0
1937 0
1938 0
1939 0
1940 0
1941 0
1942 0
1943 0
1944 0
1945 0
1946 0
1947 0
1948 0
1949 0
1950 0
1951 0
1952 0
1953 0
1954 0
1955 0
1956 0
1957 0
1958 0
1959 0
1960 0
1961 0
1962 0
1963 0
1964 0
1965 0
1966 0
1967 0
1968 0
1969 0
1970 0
1971 0
1972 0
1973 0
1974 0
1975 0
1976 0
1977 0
1978 0
1979 0
1980 0
1981 0
1982 0
1983 0
1984 0
1985 0
1986 0
1987 0
1988 0
1989 0
1990 0
1991 0
1992 0
1993 0
1994 0
1995 0
1996 0
1997 0
1998 0
1999 0
2000 0
2001 0
2002 0
2003 0
2004 0
2005 0
2006 0
2007 0
2008 0
2009 0
2010 0
2011 0
2012 0
2013 0
2014 0
2015 0
2016 0
2017 0
2018 0
2019 0
2020 0
2021 0
2022 0
2023 0
2024 0
2025 0
2026 0
2027 0
2028 0
2029 0
2030 0
2031 0
2032 0
2033 0
2034 0
2035 0
2036 0
2037 0
2038 0
2039 0
2040 0
2041 0
2042 0
2043 0
2044 0
2045 0
2046 0
2047 0
2048 0
2049 0
2050 0
2051 0
2052 0
2053 0
2054 0
2055 0
2056 0
2057 0
2058 0
2059 0
2060 0
2061 0
2062 0
2063 0
2064 0
2065 0
2066 0
2067 0
2068 0
2069 0
2070 0
2071 0
2072 0
2073 0
2074 0
2075 0
2076 0
2077 0
2078 0
2079 0
2080 0
2081 0
2082 0
2083 0
2084 0
2085 0
2086 0
2087 0
2088 0
2089 0
2090 0
2091 0
2092 0
2093 0
2094 0
2095 0
2096 0
2097 0
2098 0
2099 0
2100 0
2101 0
2102 0
2103 0
2104 0
2105 0
2106 0
2107 0
2108 0
2109 0
2110 0
2111 0
2112 0
2113 0
2114 0
2115 0
2116 0
2117 0
2118 0
2119 0
2120 0
2121 0
2122 0
2123 0
2124 0
2125 0
2126 0
2127 0
2128 0
2129 0
2130 0
2131 0
2132 0
2133 0
2134 0
2135 0
2136 0
2137 0
2138 0
2139 0
2140 0
2141 0
2142 0
2143 0
2144 0
2145 0
2146 0
2147 0
2148 0
2149 0
2150 0
2151 0
2152 0
2153 0
2154 0
2155 0
2156 0
2157 0
2158 0
2159 0
2160 0
2161 0
2162 0
2163 0
2164 0
2165 0
2166 0
2167 0
2168 0
2169 0
2170 0
2171 0
2172 0
2173 0
2174 0
2175 0
2176 0
2177 0
2178 0
2179 0
2180 0
2181 0
2182 0
2183 0
2184 0
2185 0
2186 0
2187 0
2188 0
2189 0
2190 0
2191 0
2192 0
2193 0
2194 0
2195 0
2196 0
2197 0
2198 0
2199 0
2200 0
2201 0
2202 0
2203 0
2204 0
2205 0
2206 0
2207 0
2208 0
2209 0
2210 0
2211 0
2212 0
2213 0
2214 0
2215 0
2216 0
2217 0
2218 0
2219 0
2220 0
2221 0
2222 0
2223 0
2224 0
2225 0
2226 0
2227 0
2228 0
2229 0
2230 0
2231 0
2232 0
2233 0
2234 0
2235 0
2236 0
2237 0
2238 0
2239 0
2240 0
2241 0
2242 0
2243 0
2244 0
2245 0
2246 0
2247 0
2248 0
2249 0
2250 0
2251 0
2252 0
2253 0
2254 0
2255 0
2256 0
2257 0
2258 0
2259 0
2260 0
2261 0
2262 0
2263 0
2264 0
2265 0
2266 0
2267 0
2268 0
2269 0
2270 0
2271 0
2272 0
2273 0
2274 0
2275 0
2276 0
2277 0
2278 0
2279 0
2280 0
2281 0
2282 0
2283 0
2284 0
2285 0
2286 0
2287 0
2288 0
2289 0
2290 0
2291 0
2292 0
2293 0
2294 0
2295 0
2296 0
2297 0
2298 0
2299 0
2300 0
2301 0
2302 0
2303 0
2304 0
2305 0
2306 0
2307 0
2308 0
2309 0
2310 0
2311 0
2312 0
2313 0
2314 0
2315 0
2316 0
2317 0
2318 0
2319 0
2320 0
2321 0
2322 0
2323 0
2324 0
2325 0
2326 0
2327 0
2328 0
2329 0
2330 0
2331 0
2332 0
2333 0
2334 0
2335 0
2336 0
2337 0
2338 0
2339 0
2340 0
2341 0
2342 0
2343 0
2344 0
2345 0
2346 0
2347 0
2348 0
2349 0
2350 0
2351 0
2352 0
2353 0
2354 0
2355 0
2356 0
2357 0
2358 0
2359 0
2360 0
2361 0
2362 0
2363 0
2364 0
2365 0
2366 0
2367 0
2368 0
2369 0
2370 0
2371 0
2372 0
2373 0
2374 0
2375 0
2376 0
2377 0
2378 0
2379 0
2380 0
2381 0
2382 0
2383 0
2384 0
2385 0
2386 0
2387 0
2388 0
2389 0
2390 0
2391 0
2392 0
2393 0
2394 0
2395 0
2396 0
2397 0
2398 0
2399 0
2400 0
2401 0
2402 0
2403 0
2404 0
2405 0
2406 0
2407 0
2408 0
2409 0
2410 0
2411 0
2412 0
2413 0
2414 0
2415 0
2416 0
2417 0
2418 0
2419 0
2420 0
2421 0
2422 0
2423 0
2424 0
2425 0
2426 0
2427 0
2428 0
2429 0
2430 0
2431 0
2432 0
2433 0
2434 0
2435 0
2436 0
2437 0
2438 0
2439 0
2440 0
2441 0
2442 0
2443 0
2444 0
2445 0
2446 0
2447 0
2448 0
2449 0
2450 0
2451 0
2452 0
2453 0
2454 0
2455 0
2456 0
2457 0
2458 0
2459 0
2460 0
2461 0
2462 0
2463 0
2464 0
2465 0
2466 0
2467 0
2468 0
2469 0
2470 0
2471 0
2472 0
2473 0
2474 0
2475 0
2476 0
2477 0
2478 0
2479 0
2480 0
2481 0
2482 0
2483 0
2484 0
2485 0
2486 0
2487 0
2488 0
2489 0
2490 0
2491 0
2492 0
2493 0
2494 0
2495 0
2496 0
2497 0
2498 0
2499 0
2500 0
2501 0
2502 0
2503 0
2504 0
2505 0
2506 0
2507 0
2508 0
2509 0
2510 0
2511 0
2512 0
2513 0
2514 0
2515 0
2516 0
2517 0
2518 0
2519 0
2520 0
2521 0
2522 0
2523 0
2524 0
2525 0
2526 0
2527 0
2528 0
2529 0
2530 0
2531 0
2532 0
2533 0
2534 0
2535 0
2536 0
2537 0
2538 0
2539 0
2540 0
2541 0
2542 0
2543 0
2544 0
2545 0
2546 0
2547 0
2548 0
2549 0
2550 0
2551 0
2552 0
2553 0
2554 0
2555 0
2556 0
2557 0
2558 0
2559 0
2560 0
2561 0
2562 0
2563 0
2564 0
2565 0
2566 0
2567 0
2568 0
2569 0
2570 0
2571 0
2572 0
2573 0
2574 0
2575 0
2576 0
2577 0
2578 0
2579 0
2580 0
2581 0
2582 0
2583 0
2584 0
2585 0
2586 0
2587 0
2588 0
2589 0
2590 0
2591 0
2592 0
2593 0
2594 0
2595 0
2596 0
2597 0
2598 0
2599 0
2600 0
2601 0
2602 0
2603 0
2604 0
2605 0
2606 0
2607 0
2608 0
2609 0
2610 0
2611 0
2612 0
2613 0
2614 0
2615 0
2616 0
2617 0
2618 0
2619 0
2620 0
2621 0
2622 0
2623 0
2624 0
2625 0
2626 0
2627 0
2628 0
2629 0
2630 0
2631 0
2632 0
2633 0
2634 0
2635 0
2636 0
2637 0
2638 0
2639 0
2640 0
2641 0
2642 0
2643 0
2644 0
2645 0
2646 0
2647 0
2648 0
2649 0
2650 0
2651 0
2652 0
2653 0
2654 0
2655 0
2656 0
2657 0
2658 0
2659 0
2660 0
2661 0
2662 0
2663 0
2664 0
2665 0
2666 0
2667 0
2668 0
2669 0
2670 0
2671 0
2672 0
2673 0
2674 0
2675 0
2676 0
2677 0
2678 0
2679 0
2680 0
2681 0
2682 0
2683 0
2684 0
2685 0
2686 0
2687 0
2688 0
2689 0
2690 0
2691 0
2692 0
2693 0
2694 0
2695 0
2696 0
2697 0
2698 0
2699 0
2700 0
2701 0
2702 0
2703 0
2704 0
2705 0
2706 0
2707 0
2708 0
2709 0
2710 0
2711 0
2712 0
2713 0
2714 0
2715 0
2716 0
2717 0
2718 0
2719 0
2720 0
2721 0
2722 0
2723 0
2724 0
2725 0
2726 0
2727 0
2728 0
2729 0
2730 0
2731 0
2732 0
2733 0
2734 0
2735 0
2736 0
2737 0
2738 0
2739 0
2740 0
2741 0
2742 0
2743 0
2744 0
2745 0
2746 0
2747 0
2748 0
2749 0
2750 0
2751 0
2752 0
2753 0
2754 0
2755 0
2756 0
2757 0
2758 0
2759 0
2760 0
2761 0
2762 0
2763 0
2764 0
2765 0
2766 0
2767 0
2768 0
2769 0
2770 0
2771 0
2772 0
2773 0
2774 0
2775 0
2776 0
2777 0
2778 0
2779 0
2780 0
2781 0
2782 0
2783 0
2784 0
2785 0
2786 0
2787 0
2788 0
2789 0
2790 0
2791 0
2792 0
2793 0
2794 0
2795 0
2796 0
2797 0
2798 0
2799 0
2800 0
2801 0
2802 0
2803 0
2804 0
2805 0
2806 0
2807 0
2808 0
2809 0
2810 0
2811 0
2812 0
2813 0
2814 0
2815 0
2816 0
2817 0
2818 0
2819 0
2820 0
2821 0
2822 0
2823 0
2824 0
2825 0
2826 0
2827 0
2828 0
2829 0
2830 0
2831 0
2832 0
2833 0
2834 0
2835 0
2836 0
2837 0
2838 0
2839 0
2840 0
2841 0
2842 0
2843 0
2844 0
2845 0
2846 0
2847 0
2848 0
2849 0
2850 0
2851 0
2852 0
2853 0
2854 0
2855 0
2856 0
2857 0
2858 0
2859 0
2860 0
2861 0
2862 0
2863 0
2864 0
2865 0
2866 0
2867 0
2868 0
2869 0
2870 0
2871 0
2872 0
2873 0
2874 0
2875 0
2876 0
2877 0
2878 0
2879 0
2880 0
2881 0
2882 0
2883 0
2884 0
2885 0
2886 0
2887 0
2888 0
2889 0
2890 0
2891 0
2892 0
2893 0
2894 0
2895 0
2896 0
2897 0
2898 0
2899 0
2900 0
2901 0
2902 0
2903 0
2904 0
2905 0
2906 0
2907 0
2908 0
2909 0
2910 0
$EndElementData
$ElementData
1
"Attribute:UniformLoadLocalZ"
1
0
3
0
1
2910
1 0
2 0
3 0
4 0
5 0
6 0
7 0
8 0
9 0
10 0
11 0
12 0
13 0
14 0
15 0
16 0
17 0
18 0
19 0
20 0
21 0
22 0
23 0
24 0
25 0
26 0
27 0
28 0
29 0
30 0
31 0
32 0
33 0
34 0
35 0
36 0
37 0
38 0
39 0
40 0
41 0
42 0
43 0
44 0
45 0
46 0
47 0
48 0
49 0
50 0
51 0
52 0
53 0
54 0
55 0
56 0
57 0
58 0
59 0
60 0
61 0
62 0
63 0
64 0
65 0
66 0
67 0
68 0
69 0
70 0
71 0
72 0
73 0
74 0
75 0
76 0
77 0
78 0
79 0
80 0
81 0
82 0
83 0
84 0
85 0
86 0
87 0
88 0
89 0
90 0
91 0
92 0
93 0
94 0
95 0
96 0
97 0
98 0
99 0
100 0
101 0
102 0
103 0
104 0
105 0
106 0
107 0
108 0
109 0
110 0
111 0
112 0
113 0
114 0
115 0
116 0
117 0
118 0
119 0
120 0
121 0
122 0
123 0
124 0
125 0
126 0
127 0
128 0
129 0
130 0
131 0
132 0
133 0
134 0
135 0
136 0
137 0
138 0
139 0
140 0
141 0
142 0
143 0
144 0
145 0
146 0
147 0
148 0
149 0
150 0
151 0
152 0
153 0
154 0
155 0
156 0
157 0
158 0
159 0
160 0
161 0
162 0
163 0
164 0
165 0
166 0
167 0
168 0
169 0
170 0
171 0
172 0
173 0
174 0
175 0
176 0
177 0
178 0
179 0
180 0
181 0
182 0
183 0
184 0
185 0
186 0
187 0
188 0
189 0
190 0
191 0
192 0
193 0
194 0
195 0
196 0
197 0
198 0
199 0
200 0
201 0
202 0
203 0
204 0
205 0
206 0
207 0
208 0
209 0
210 0
211 0
212 0
213 0
214 0
215 0
216 0
217 0
218 0
219 0
220 0
221 0
222 0
223 0
224 0
225 0
226 0
227 0
228 0
229 0
230 0
231 0
232 0
233 0
234 0
235 0
236 0
237 0
238 0
239 0
240 0
241 0
242 0
243 0
244 0
245 0
246 0
247 0
248 0
249 0
250 0
251 0
252 0
253 0
254 0
255 0
256 0
257 0
258 0
259 0
260 0
261 0
262 0
263 0
264 0
265 0
266 0
267 0
268 0
269 0
270 0
271 0
272 0
273 0
274 0
275 0
276 0
277 0
278 0
279 0
280 0
281 0
282 0
283 0
284 0
285 0
286 0
287 0
288 0
289 0
290 0
291 0
292 0
293 0
294 0
295 0
296 0
297 0
298 0
299 0
300 0
301 0
302 0
303 0
304 0
305 0
306 0
307 0
308 0
309 0
310 0
311 0
312 0
313 0
314 0
315 0
316 0
317 0
318 0
319 0
320 0
321 0
322 0
323 0
324 0
325 0
326 0
327 0
328 0
329 0
330 0
331 0
332 0
333 0
334 0
335 0
336 0
337 0
338 0
339 0
340 0
341 0
342 0
343 0
344 0
345 0
346 0
347 0
348 0
349 0
350 0
351 0
352 0
353 0
354 0
355 0
356 0
357 0
358 0
359 0
360 0
361 0
362 0
363 0
364 0
365 0
366 0
367 0
368 0
369 0
370 0
371 0
372 0
373 0
374 0
375 0
376 0
377 0
378 0
379 0
380 0
381 0
382 0
383 0
384 0
385 0
386 0
387 0
388 0
389 0
390 0
391 0
392 0
393 0
394 0
395 0
396 0
397 0
398 0
399 0
400 0
401 0
402 0
403 0
404 0
405 0
406 0
407 0
408 0
409 0
410 0
411 0
412 0
413 0
414 0
415 0
416 0
417 0
418 0
419 0
420 0
421 0
422 0
423 0
424 0
425 0
426 0
427 0
428 0
429 0
430 0
431 0
432 0
433 0
434 0
435 0
436 0
437 0
438 0
439 0
440 0
441 0
442 0
443 0
444 0
445 0
446 0
447 0
448 0
449 0
450 0
451 0
452 0
453 0
454 0
455 0
456 0
457 0
458 0
459 0
460 0
461 0
462 0
463 0
464 0
465 0
466 0
467 0
468 0
469 0
470 0
471 0
472 0
473 0
474 0
475 0
476 0
477 0
478 0
479 0
480 0
481 0
482 0
483 0
484 0
485 0
486 0
487 0
488 0
489 0
490 0
491 0
492 0
493 0
494 0
495 0
496 0
497 0
498 0
499 0
500 0
501 0
502 0
503 0
504 0
505 0
506 0
507 0
508 0
509 0
510 0
511 0
512 0
513 0
514 0
515 0
516 0
517 0
518 0
519 0
520 0
521 0
522 0
523 0
524 0
525 0
526 0
527 0
528 0
529 0
530 0
531 0
532 0
533 0
534 0
535 0
536 0
537 0
538 0
539 0
540 0
541 0
542 0
543 0
544 0
545 0
546 0
547 0
548 0
549 0
550 0
551 0
552 0
553 0
554 0
555 0
556 0
557 0
558 0
559 0
560 0
561 0
562 0
563 0
564 0
565 0
566 0
567 0
568 0
569 0
570 0
571 0
572 0
573 0
574 0
575 0
576 0
577 0
578 0
579 0
580 0
581 0
582 0
583 0
584 0
585 0
586 0
587 0
588 0
589 0
590 0
591 0
592 0
593 0
594 0
595 0
596 0
597 0
598 0
599 0
600 0
601 0
602 0
603 0
604 0
605 0
606 0
607 0
608 0
609 0
610 0
611 0
612 0
613 0
614 0
615 0
616 0
617 0
618 0
619 0
620 0
621 0
622 0
623 0
624 0
625 0
626 0
627 0
628 0
629 0
630 0
631 0
632 0
633 0
634 0
635 0
636 0
637 0
638 0
639 0
640 0
641 0
642 0
643 0
644 0
645 0
646 0
647 0
648 0
649 0
650 0
651 0
652 0
653 0
654 0
655 0
656 0
657 0
658 0
659 0
660 0
661 0
662 0
663 0
664 0
665 0
666 0
667 0
668 0
669 0
670 0
671 0
672 0
673 0
674 0
675 0
676 0
677 0
678 0
679 0
680 0
681 0
682 0
683 0
684 0
685 0
686 0
687 0
688 0
689 0
690 0
691 0
692 0
693 0
694 0
695 0
696 0
697 0
698 0
699 0
700 0
701 0
702 0
703 0
704 0
705 0
706 0
707 0
708 0
709 0
710 0
711 0
712 0
713 0
714 0
715 0
716 0
717 0
718 0
719 0
720 0
721 0
722 0
723 0
724 0
725 0
726 0
727 0
728 0
729 0
730 0
731 0
732 0
733 0
734 0
735 0
736 0
737 0
738 0
739 0
740 0
741 0
742 0
743 0
744 0
745 0
746 0
747 0
748 0
749 0
750 0
751 0
752 0
753 0
754 0
755 0
756 0
757 0
758 0
759 0
760 0
761 0
762 0
763 0
764 0
765 0
766 0
767 0
768 0
769 0
770 0
771 0
772 0
773 0
774 0
775 0
776 0
777 0
778 0
779 0
780 0
781 0
782 0
783 0
784 0
785 0
786 0
787 0
788 0
789 0
790 0
791 0
792 0
793 0
794 0
795 0
796 0
797 0
798 0
799 0
800 0
801 0
802 0
803 0
804 0
805 0
806 0
807 0
808 0
809 0
810 0
811 0
812 0
813 0
814 0
815 0
816 0
817 0
818 0
819 0
820 0
821 0
822 0
823 0
824 0
825 0
826 0
827 0
828 0
829 0
830 0
831 0
832 0
833 0
834 0
835 0
836 0
837 0
838 0
839 0
840 0
841 0
842 0
843 0
844 0
845 0
846 0
847 0
848 0
849 0
850 0
851 0
852 0
853 0
854 0
855 0
856 0
857 0
858 0
859 0
860 0
861 0
862 0
863 0
864 0
865 0
866 0
867 0
868 0
869 0
870 0
871 0
872 0
873 0
874 0
875 0
876 0
877 0
878 0
879 0
880 0
881 0
882 0
883 0
884 0
885 0
886 0
887 0
888 0
889 0
890 0
891 0
892 0
893 0
894 0
895 0
896 0
897 0
898 0
899 0
900 0
901 0
902 0
903 0
904 0
905 0
906 0
907 0
908 0
909 0
910 0
911 0
912 0
913 0
914 0
915 0
916 0
917 0
918 0
919 0
920 0
921 0
922 0
923 0
924 0
925 0
926 0
927 0
928 0
929 0
930 0
931 0
932 0
933 0
934 0
935 0
936 0
937 0
938 0
939 0
940 0
941 0
942 0
943 0
944 0
945 0
946 0
947 0
948 0
949 0
950 0
951 0
952 0
953 0
954 0
955 0
956 0
957 0
958 0
959 0
960 0
961 0
962 0
963 0
964 0
965 0
966 0
967 0
968 0
969 0
970 0
971 0
972 0
973 0
974 0
975 0
976 0
977 0
978 0
979 0
980 0
981 0
982 0
983 0
984 0
985 0
986 0
987 0
988 0
989 0
990 0
991 0
992 0
993 0
994 0
995 0
996 0
997 0
998 0
999 0
1000 0
1001 0
1002 0
1003 0
1004 0
1005 0
1006 0
1007 0
1008 0
1009 0
1010 0
1011 0
1012 0
1013 0
1014 0
1015 0
1016 0
1017 0
1018 0
1019 0
1020 0
1021 0
1022 0
1023 0
1024 0
1025 0
1026 0
1027 0
1028 0
1029 0
1030 0
1031 0
1032 0
1033 0
1034 0
1035 0
1036 0
1037 0
1038 0
1039 0
1040 0
1041 0
1042 0
1043 0
1044 0
1045 0
1046 0
1047 0
1048 0
1049 0
1050 0
1051 0
1052 0
1053 0
1054 0
1055 0
1056 0
1057 0
1058 0
1059 0
1060 0
1061 0
1062 0
1063 0
1064 0
1065 0
1066 0
1067 0
1068 0
1069 0
1070 0
1071 0
1072 0
1073 0
1074 0
1075 0
1076 0
1077 0
1078 0
1079 0
1080 0
1081 0
1082 0
1083 0
1084 0
1085 0
1086 0
1087 0
1088 0
1089 0
1090 0
1091 0
1092 0
1093 0
1094 0
1095 0
1096 0
1097 0
1098 0
1099 0
1100 0
1101 0
1102 0
1103 0
1104 0
1105 0
1106 0
1107 0
1108 0
1109 0
1110 0
1111 0
1112 0
1113 0
1114 0
1115 0
1116 0
1117 0
1118 0
1119 0
1120 0
1121 0
1122 0
1123 0
1124 0
1125 0
1126 0
1127 0
1128 0
1129 0
1130 0
1131 0
1132 0
1133 0
1134 0
1135 0
1136 0
1137 0
1138 0
1139 0
1140 0
1141 0
1142 0
1143 0
1144 0
1145 0
1146 0
1147 0
1148 0
1149 0
1150 0
1151 0
1152 0
1153 0
1154 0
1155 0
1156 0
1157 0
1158 0
1159 0
1160 0
1161 0
1162 0
1163 0
1164 0
1165 0
1166 0
1167 0
1168 0
1169 0
1170 0
1171 0
1172 0
1173 0
1174 0
1175 0
1176 0
1177 0
1178 0
1179 0
1180 0
1181 0
1182 0
1183 0
1184 0
1185 0
1186 0
1187 0
1188 0
1189 0
1190 0
1191 0
1192 0
1193 0
1194 0
1195 0
1196 0
1197 0
1198 0
1199 0
1200 0
1201 0
1202 0
1203 0
1204 0
1205 0
1206 0
1207 0
1208 0
1209 0
1210 0
1211 0
1212 0
1213 0
1214 0
1215 0
1216 0
1217 0
1218 0
1219 0
1220 0
1221 0
1222 0
1223 0
1224 0
1225 0
1226 0
1227 0
1228 0
1229 0
1230 0
1231 0
1232 0
1233 0
1234 0
1235 0
1236 0
1237 0
1238 0
1239 0
1240 0
1241 0
1242 0
1243 0
1244 0
1245 0
1246 0
1247 0
1248 0
1249 0
1250 0
1251 0
1252 0
1253 0
1254 0
1255 0
1256 0
1257 0
1258 0
1259 0
1260 0
1261 0
1262 0
1263 0
1264 0
1265 0
1266 0
1267 0
1268 0
1269 0
1270 0
1271 0
1272 0
1273 0
1274 0
1275 0
1276 0
1277 0
1278 0
1279 0
1280 0
1281 0
1282 0
1283 0
1284 0
1285 0
1286 0
1287 0
1288 0
1289 0
1290 0
1291 0
1292 0
1293 0
1294 0
1295 0
1296 0
1297 0
1298 0
1299 0
1300 0
1301 0
1302 0
1303 0
1304 0
1305 0
1306 0
1307 0
1308 0
1309 0
1310 0
1311 0
1312 0
1313 0
1314 0
1315 0
1316 0
1317 0
1318 0
1319 0
1320 0
1321 0
1322 0
1323 0
1324 0
1325 0
1326 0
1327 0
1328 0
1329 0
1330 0
1331 0
1332 0
1333 0
1334 0
1335 0
1336 0
1337 0
1338 0
1339 0
1340 0
1341 0
1342 0
1343 0
1344 0
1345 0
1346 0
1347 0
1348 0
1349 0
1350 0
1351 0
1352 0
1353 0
1354 0
1355 0
1356 0
1357 0
1358 0
1359 0
1360 0
1361 0
1362 0
1363 0
1364 0
1365 0
1366 0
1367 0
1368 0
1369 0
1370 0
1371 0
1372 0
1373 0
1374 0
1375 0
1376 0
1377 0
1378 0
1379 0
1380 0
1381 0
1382 0
1383 0
1384 0
1385 0
1386 0
1387 0
1388 0
1389 0
1390 0
1391 0
1392 0
1393 0
1394 0
1395 0
1396 0
1397 0
1398 0
1399 0
1400 0
1401 0
1402 0
1403 0
1404 0
1405 0
1406 0
1407 0
1408 0
1409 0
1410 0
1411 0
1412 0
1413 0
1414 0
1415 0
1416 0
1417 0
1418 0
1419 0
1420 0
1421 0
1422 0
1423 0
1424 0
1425 0
1426 0
1427 0
1428 0
1429 0
1430 0
1431 0
1432 0
1433 0
1434 0
1435 0
1436 0
1437 0
1438 0
1439 0
1440 0
1441 0
1442 0
1443 0
1444 0
1445 0
1446 0
1447 0
1448 0
1449 0
1450 0
1451 0
1452 0
1453 0
1454 0
1455 0
1456 0
1457 0
1458 0
1459 0
1460 0
1461 0
1462 0
1463 0
1464 0
1465 0
1466 0
1467 0
1468 0
1469 0
1470 0
1471 0
1472 0
1473 0
1474 0
1475 0
1476 0
1477 0
1478 0
1479 0
1480 0
1481 0
1482 0
1483 0
1484 0
1485 0
1486 0
1487 0
1488 0
1489 0
1490 0
1491 0
1492 0
1493 0
1494 0
1495 0
1496 0
1497 0
1498 0
1499 0
1500 0
1501 0
1502 0
1503 0
1504 0
1505 0
1506 0
1507 0
1508 0
1509 0
1510 0
1511 0
1512 0
1513 0
1514 0
1515 0
1516 0
1517 0
1518 0
1519 0
1520 0
1521 0
1522 0
1523 0
1524 0
1525 0
1526 0
1527 0
1528 0
1529 0
1530 0
1531 0
1532 0
1533 0
1534 0
1535 0
1536 0
1537 0
1538 0
1539 0
1540 0
1541 0
1542 0
1543 0
1544 0
1545 0
1546 0
1547 0
1548 0
1549 0
1550 0
1551 0
1552 0
1553 0
1554 0
1555 0
1556 0
1557 0
1558 0
1559 0
1560 0
1561 0
1562 0
1563 0
1564 0
1565 0
1566 0
1567 0
1568 0
1569 0
1570 0
1571 0
1572 0
1573 0
1574 0
1575 0
1576 0
1577 0
1578 0
1579 0
1580 0
1581 0
1582 0
1583 0
1584 0
1585 0
1586 0
1587 0
1588 0
1589 0
1590 0
1591 0
1592 0
1593 0
1594 0
1595 0
1596 0
1597 0
1598 0
1599 0
1600 0
1601 0
1602 0
1603 0
1604 0
1605 0
1606 0
1607 0
1608 0
1609 0
1610 0
1611 0
1612 0
1613 0
1614 0
1615 0
1616 0
1617 0
1618 0
1619 0
1620 0
1621 0
1622 0
1623 0
1624 0
1625 0
1626 0
1627 0
1628 0
1629 0
1630 0
1631 0
1632 0
1633 0
1634 0
1635 0
1636 0
1637 0
1638 0
1639 0
1640 0
1641 0
1642 0
1643 0
1644 0
1645 0
1646 0
1647 0
1648 0
1649 0
1650 0
1651 0
1652 0
1653 0
1654 0
1655 0
1656 0
1657 0
1658 0
1659 0
1660 0
1661 0
1662 0
1663 0
1664 0
1665 0
1666 0
1667 0
1668 0
1669 0
1670 0
1671 0
1672 0
1673 0
1674 0
1675 0
1676 0
1677 0
1678 0
1679 0
1680 0
1681 0
1682 0
1683 0
1684 0
1685 0
1686 0
1687 0
1688 0
1689 0
1690 0
1691 0
1692 0
1693 0
1694 0
1695 0
1696 0
1697 0
1698 0
1699 0
1700 0
1701 0
1702 0
1703 0
1704 0
1705 0
1706 0
1707 0
1708 0
1709 0
1710 0
1711 0
1712 0
1713 0
1714 0
1715 0
1716 0
1717 0
1718 0
1719 0
1720 0
1721 0
1722 0
1723 0
1724 0
1725 0
1726 0
1727 0
1728 0
1729 0
1730 0
1731 0
1732 0
1733 0
1734 0
1735 0
1736 0
1737 0
1738 0
1739 0
1740 0
1741 0
1742 0
1743 0
1744 0
1745 0
1746 0
1747 0
1748 0
1749 0
1750 0
1751 0
1752 0
1753 0
1754 0
1755 0
1756 0
1757 0
1758 0
1759 0
1760 0
1761 0
1762 0
1763 0
1764 0
1765 0
1766 0
1767 0
1768 0
1769 0
1770 0
1771 0
1772 0
1773 0
1774 0
1775 0
1776 0
1777 0
1778 0
1779 0
1780 0
1781 0
1782 0
1783 0
1784 0
1785 0
1786 0
1787 0
1788 0
1789 0
1790 0
1791 0
1792 0
1793 0
1794 0
1795 0
1796 0
1797 0
1798 0
1799 0
1800 0
1801 0
1802 0
1803 0
1804 0
1805 0
1806 0
1807 0
1808 0
1809 0
1810 0
1811 0
1812 0
1813 0
1814 0
1815 0
1816 0
1817 0
1818 0
1819 0
1820 0
1821 0
1822 0
1823 0
1824 0
1825 0
1826 0
1827 0
1828 0
1829 0
1830 0
1831 0
1832 0
1833 0
1834 0
1835 0
1836 0
1837 0
1838 0
1839 0
1840 0
1841 0
1842 0
1843 0
1844 0
1845 0
1846 0
1847 0
1848 0
1849 0
1850 0
1851 0
1852 0
1853 0
1854 0
1855 0
1856 0
1857 0
1858 0
1859 0
1860 0
1861 0
1862 0
1863 0
1864 0
1865 0
1866 0
1867 0
1868 0
1869 0
1870 0
1871 0
1872 0
1873 0
1874 0
1875 0
1876 0
1877 0
1878 0
1879 0
1880 0
1881 0
1882 0
1883 0
1884 0
1885 0
1886 0
1887 0
1888 0
1889 0
1890 0
1891 0
1892 0
1893 0
1894 0
1895 0
1896 0
1897 0
1898 0
1899 0
1900 0
1901 0
1902 0
1903 0
1904 0
1905 0
1906 0
1907 0
1908 0
1909 0
1910 0
1911 0
1912 0
1913 0
1914 0
1915 0
1916 0
1917 0
1918 0
1919 0
1920 0
1921 0
1922 0
1923 0
1924 0
1925 0
1926 0
1927 0
1928 0
1929 0
1930 0
1931 0
1932 0
1933 0
1934 0
1935 0
1936 0
1937 0
1938 0
1939 0
1940 0
1941 0
1942 0
1943 0
1944 0
1945 0
1946 0
1947 0
1948 0
1949 0
1950 0
1951 0
1952 0
1953 0
1954 0
1955 0
1956 0
1957 0
1958 0
1959 0
1960 0
1961 0
1962 0
1963 0
1964 0
1965 0
1966 0
1967 0
1968 0
1969 0
1970 0
1971 0
1972 0
1973 0
1974 0
1975 0
1976 0
1977 0
1978 0
1979 0
1980 0
1981 0
1982 0
1983 0
1984 0
1985 0
1986 0
1987 0
1988 0
1989 0
1990 0
1991 0
1992 0
1993 0
1994 0
1995 0
1996 0
1997 0
1998 0
1999 0
2000 0
2001 0
2002 0
2003 0
2004 0
2005 0
2006 0
2007 0
2008 0
2009 0
2010 0
2011 0
2012 0
2013 0
2014 0
2015 0
2016 0
2017 0
2018 0
2019 0
2020 0
2021 0
2022 0
2023 0
2024 0
2025 0
2026 0
2027 0
2028 0
2029 0
2030 0
2031 0
2032 0
2033 0
2034 0
2035 0
2036 0
2037 0
2038 0
2039 0
2040 0
2041 0
2042 0
2043 0
2044 0
2045 0
2046 0
2047 0
2048 0
2049 0
2050 0
2051 0
2052 0
2053 0
2054 0
2055 0
2056 0
2057 0
2058 0
2059 0
2060 0
2061 0
2062 0
2063 0
2064 0
2065 0
2066 0
2067 0
2068 0
2069 0
2070 0
2071 0
2072 0
2073 0
2074 0
2075 0
2076 0
2077 0
2078 0
2079 0
2080 0
2081 0
2082 0
2083 0
2084 0
2085 0
2086 0
2087 0
2088 0
2089 0
2090 0
2091 0
2092 0
2093 0
2094 0
2095 0
2096 0
2097 0
2098 0
2099 0
2100 0
2101 0
2102 0
2103 0
2104 0
2105 0
2106 0
2107 0
2108 0
2109 0
2110 0
2111 0
2112 0
2113 0
2114 0
2115 0
2116 0
2117 0
2118 0
2119 0
2120 0
2121 0
2122 0
2123 0
2124 0
2125 0
2126 0
2127 0
2128 0
2129 0
2130 0
2131 0
2132 0
2133 0
2134 0
2135 0
2136 0
2137 0
2138 0
2139 0
2140 0
2141 0
2142 0
2143 0
2144 0
2145 0
2146 0
2147 0
2148 0
2149 0
2150 0
2151 0
2152 0
2153 0
2154 0
2155 0
2156 0
2157 0
2158 0
2159 0
2160 0
2161 0
2162 0
2163 0
2164 0
2165 0
2166 0
2167 0
2168 0
2169 0
2170 0
2171 0
2172 0
2173 0
2174 0
2175 0
2176 0
2177 0
2178 0
2179 0
2180 0
2181 0
2182 0
2183 0
2184 0
2185 0
2186 0
2187 0
2188 0
2189 0
2190 0
2191 0
2192 0
2193 0
2194 0
2195 0
2196 0
2197 0
2198 0
2199 0
2200 0
2201 0
2202 0
2203 0
2204 0
2205 0
2206 0
2207 0
2208 0
2209 0
2210 0
2211 0
2212 0
2213 0
2214 0
2215 0
2216 0
2217 0
2218 0
2219 0
2220 0
2221 0
2222 0
2223 0
2224 0
2225 0
2226 0
2227 0
2228 0
2229 0
2230 0
2231 0
2232 0
2233 0
2234 0
2235 0
2236 0
2237 0
2238 0
2239 0
2240 0
2241 0
2242 0
2243 0
2244 0
2245 0
2246 0
2247 0
2248 0
2249 0
2250 0
2251 0
2252 0
2253 0
2254 0
2255 0
2256 0
2257 0
2258 0
2259 0
2260 0
2261 0
2262 0
2263 0
2264 0
2265 0
2266 0
2267 0
2268 0
2269 0
2270 0
2271 0
2272 0
2273 0
2274 0
2275 0
2276 0
2277 0
2278 0
2279 0
2280 0
2281 0
2282 0
2283 0
2284 0
2285 0
2286 0
2287 0
2288 0
2289 0
2290 0
2291 0
2292 0
2293 0
2294 0
2295 0
2296 0
2297 0
2298 0
2299 0
2300 0
2301 0
2302 0
2303 0
2304 0
2305 0
2306 0
2307 0
2308 0
2309 0
2310 0
2311 0
2312 0
2313 0
2314 0
2315 0
2316 0
2317 0
2318 0
2319 0
2320 0
2321 0
2322 0
2323 0
2324 0
2325 0
2326 0
2327 0
2328 0
2329 0
2330 0
2331 0
2332 0
2333 0
2334 0
2335 0
2336 0
2337 0
2338 0
2339 0
2340 0
2341 0
2342 0
2343 0
2344 0
2345 0
2346 0
2347 0
2348 0
2349 0
2350 0
2351 0
2352 0
2353 0
2354 0
2355 0
2356 0
2357 0
2358 0
2359 0
2360 0
2361 0
2362 0
2363 0
2364 0
2365 0
2366 0
2367 0
2368 0
2369 0
2370 0
2371 0
2372 0
2373 0
2374 0
2375 0
2376 0
2377 0
2378 0
2379 0
2380 0
2381 0
2382 0
2383 0
2384 0
2385 0
2386 0
2387 0
2388 0
2389 0
2390 0
2391 0
2392 0
2393 0
2394 0
2395 0
2396 0
2397 0
2398 0
2399 0
2400 0
2401 0
2402 0
2403 0
2404 0
2405 0
2406 0
2407 0
2408 0
2409 0
2410 0
2411 0
2412 0
2413 0
2414 0
2415 0
2416 0
2417 0
2418 0
2419 0
2420 0
2421 0
2422 0
2423 0
2424 0
2425 0
2426 0
2427 0
2428 0
2429 0
2430 0
2431 0
2432 0
2433 0
2434 0
2435 0
2436 0
2437 0
2438 0
2439 0
2440 0
2441 0
2442 0
2443 0
2444 0
2445 0
2446 0
2447 0
2448 0
2449 0
2450 0
2451 0
2452 0
2453 0
2454 0
2455 0
2456 0
2457 0
2458 0
2459 0
2460 0
2461 0
2462 0
2463 0
2464 0
2465 0
2466 0
2467 0
2468 0
2469 0
2470 0
2471 0
2472 0
2473 0
2474 0
2475 0
2476 0
2477 0
2478 0
2479 0
2480 0
2481 0
2482 0
2483 0
2484 0
2485 0
2486 0
2487 0
2488 0
2489 0
2490 0
2491 0
2492 0
2493 0
2494 0
2495 0
2496 0
2497 0
2498 0
2499 0
2500 0
2501 0
2502 0
2503 0
2504 0
2505 0
2506 0
2507 0
2508 0
2509 0
2510 0
2511 0
2512 0
2513 0
2514 0
2515 0
2516 0
2517 0
2518 0
2519 0
2520 0
2521 0
2522 0
2523 0
2524 0
2525 0
2526 0
2527 0
2528 0
2529 0
2530 0
2531 0
2532 0
2533 0
2534 0
2535 0
2536 0
2537 0
2538 0
2539 0
2540 0
2541 0
2542 0
2543 0
2544 0
2545 0
2546 0
2547 0
2548 0
2549 0
2550 0
2551 0
2552 0
2553 0
2554 0
2555 0
2556 0
2557 0
2558 0
2559 0
2560 0
2561 0
2562 0
2563 0
2564 0
2565 0
2566 0
2567 0
2568 0
2569 0
2570 0
2571 0
2572 0
2573 0
2574 0
2575 0
2576 0
2577 0
2578 0
2579 0
2580 0
2581 0
2582 0
2583 0
2584 0
2585 0
2586 0
2587 0
2588 0
2589 0
2590 0
2591 0
2592 0
2593 0
2594 0
2595 0
2596 0
2597 0
2598 0
2599 0
2600 0
2601 0
2602 0
2603 0
2604 0
2605 0
2606 0
2607 0
2608 0
2609 0
2610 0
2611 0
2612 0
2613 0
2614 0
2615 0
2616 0
2617 0
2618 0
2619 0
2620 0
2621 0
2622 0
2623 0
2624 0
2625 0
2626 0
2627 0
2628 0
2629 0
2630 0
2631 0
2632 0
2633 0
2634 0
2635 0
2636 0
2637 0
2638 0
2639 0
2640 0
2641 0
2642 0
2643 0
2644 0
2645 0
2646 0
2647 0
2648 0
2649 0
2650 0
2651 0
2652 0
2653 0
2654 0
2655 0
2656 0
2657 0
2658 0
2659 0
2660 0
2661 0
2662 0
2663 0
2664 0
2665 0
2666 0
2667 0
2668 0
2669 0
2670 0
2671 0
2672 0
2673 0
2674 0
2675 0
2676 0
2677 0
2678 0
2679 0
2680 0
2681 0
2682 0
2683 0
2684 0
2685 0
2686 0
2687 0
2688 0
2689 0
2690 0
2691 0
2692 0
2693 0
2694 0
2695 0
2696 0
2697 0
2698 0
2699 0
2700 0
2701 0
2702 0
2703 0
2704 0
2705 0
2706 0
2707 0
2708 0
2709 0
2710 0
2711 0
2712 0
2713 0
2714 0
2715 0
2716 0
2717 0
2718 0
2719 0
2720 0
2721 0
2722 0
2723 0
2724 0
2725 0
2726 0
2727 0
2728 0
2729 0
2730 0
2731 0
2732 0
2733 0
2734 0
2735 0
2736 0
2737 0
2738 0
2739 0
2740 0
2741 0
2742 0
2743 0
2744 0
2745 0
2746 0
2747 0
2748 0
2749 0
2750 0
2751 0
2752 0
2753 0
2754 0
2755 0
2756 0
2757 0
2758 0
2759 0
2760 0
2761 0
2762 0
2763 0
2764 0
2765 0
2766 0
2767 0
2768 0
2769 0
2770 0
2771 0
2772 0
2773 0
2774 0
2775 0
2776 0
2777 0
2778 0
2779 0
2780 0
2781 0
2782 0
2783 0
2784 0
2785 0
2786 0
2787 0
2788 0
2789 0
2790 0
2791 0
2792 0
2793 0
2794 0
2795 0
2796 0
2797 0
2798 0
2799 0
2800 0
2801 0
2802 0
2803 0
2804 0
2805 0
2806 0
2807 0
2808 0
2809 0
2810 0
2811 0
2812 0
2813 0
2814 0
2815 0
2816 0
2817 0
2818 0
2819 0
2820 0
2821 0
2822 0
2823 0
2824 0
2825 0
2826 0
2827 0
2828 0
2829 0
2830 0
2831 0
2832 0
2833 0
2834 0
2835 0
2836 0
2837 0
2838 0
2839 0
2840 0
2841 0
2842 0
2843 0
2844 0
2845 0
2846 0
2847 0
2848 0
2849 0
2850 0
2851 0
2852 0
2853 0
2854 0
2855 0
2856 0
2857 0
2858 0
2859 0
2860 0
2861 0
2862 0
2863 0
2864 0
2865 0
2866 0
2867 0
2868 0
2869 0
2870 0
2871 0
2872 0
2873 0
2874 0
2875 0
2876 0
2877 0
2878 0
2879 0
2880 0
2881 0
2882 0
2883 0
2884 0
2885 0
2886 0
2887 0
2888 0
2889 0
2890 0
2891 0
2892 0
2893 0
2894 0
2895 0
2896 0
2897 0
2898 0
2899 0
2900 0
2901 0
2902 0
2903 0
2904 0
2905 0
2906 0
2907 0
2908 0
2909 0
2910 0
$EndElementData
$ElementData
1
"BeamOrientation"
1
0
3
0
3
2910
1 0 0.15643446504023087 0.9876883405951378
2 0 0.45399049973954675 0.8910065241883679
3 0 0.7071067811865475 0.7071067811865476
4 0 0.8910065241883678 0.4539904997395468
5 0 0.9876883405951378 0.15643446504023092
6 0 0.9876883405951378 -0.1564344650402306
7 0 0.8910065241883679 -0.4539904997395467
8 0 0.7071067811865476 -0.7071067811865475
9 0 0.45399049973954686 -0.8910065241883678
10 0 0.15643446504023098 -0.9876883405951377
11 0 -0.15643446504023073 -0.9876883405951378
12 0 -0.4539904997395467 -0.8910065241883679
13 0 -0.7071067811865475 -0.7071067811865477
14 0 -0.8910065241883678 -0.4539904997395469
15 0 -0.9876883405951377 -0.15643446504023104
16 0 -0.9876883405951378 0.15643446504023067
17 0 -0.891006524188368 0.45399049973954664
18 0 -0.7071067811865477 0.7071067811865474
19 0 -0.45399049973954697 0.8910065241883678
20 0 -0.15643446504023112 0.9876883405951377
21 0 0 0
22 0 0.15643446504023087 0.9876883405951378
23 0 0.45399049973954675 0.8910065241883679
24 0 0.7071067811865475 0.7071067811865476
25 0 0.8910065241883678 0.4539904997395468
26 0 0.9876883405951378 0.15643446504023092
27 0 0.9876883405951378 -0.1564344650402306
28 0 0.8910065241883679 -0.4539904997395467
29 0 0.7071067811865476 -0.7071067811865475
30 0 0.45399049973954686 -0.8910065241883678
31 0 0.15643446504023098 -0.9876883405951377
32 0 -0.15643446504023073 -0.9876883405951378
33 0 -0.4539904997395467 -0.8910065241883679
34 0 -0.7071067811865475 -0.7071067811865477
35 0 -0.8910065241883678 -0.4539904997395469
36 0 -0.9876883405951377 -0.15643446504023104
37 0 -0.9876883405951378 0.15643446504023067
38 0 -0.891006524188368 0.45399049973954664
39 0 -0.7071067811865477 0.7071067811865474
40 0 -0.45399049973954697 0.8910065241883678
41 0 -0.15643446504023112 0.9876883405951377
42 0 0 0
43 0 0.15643446504023087 0.9876883405951378
44 0 0.45399049973954675 0.8910065241883679
45 0 0.7071067811865475 0.7071067811865476
46 0 0.8910065241883678 0.4539904997395468
47 0 0.9876883405951378 0.15643446504023092
48 0 0.9876883405951378 -0.1564344650402306
49 0 0.8910065241883679 -0.4539904997395467
50 0 0.7071067811865476 -0.7071067811865475
51 0 0.45399049973954686 -0.8910065241883678
52 0 0.15643446504023098 -0.9876883405951377
53 0 -0.15643446504023073 -0.9876883405951378
54 0 -0.4539904997395467 -0.8910065241883679
55 0 -0.7071067811865475 -0.7071067811865477
56 0 -0.8910065241883678 -0.4539904997395469
57 0 -0.9876883405951377 -0.15643446504023104
58 0 -0.9876883405951378 0.15643446504023067
59 0 -0.891006524188368 0.45399049973954664
60 0 -0.7071067811865477 0.7071067811865474
61 0 -0.45399049973954697 0.8910065241883678
62 0 -0.15643446504023112 0.9876883405951377
63 0 0 0
64 0 0.15643446504023087 0.9876883405951378
65 0 0.45399049973954675 0.8910065241883679
66 0 0.7071067811865475 0.7071067811865476
67 0 0.8910065241883678 0.4539904997395468
68 0 0.9876883405951378 0.15643446504023092
69 0 0.9876883405951378 -0.1564344650402306
70 0 0.8910065241883679 -0.4539904997395467
71 0 0.7071067811865476 -0.7071067811865475
72 0 0.45399049973954686 -0.8910065241883678
73 0 0.15643446504023098 -0.9876883405951377
74 0 -0.15643446504023073 -0.9876883405951378
75 0 -0.4539904997395467 -0.8910065241883679
76 0 -0.7071067811865475 -0.7071067811865477
77 0 -0.8910065241883678 -0.4539904997395469
78 0 -0.9876883405951377 -0.15643446504023104
79 0 -0.9876883405951378 0.15643446504023067
80 0 -0.891006524188368 0.45399049973954664
81 0 -0.7071067811865477 0.7071067811865474
82 0 -0.45399049973954697 0.8910065241883678
83 0 -0.15643446504023112 0.9876883405951377
84 0 0 0
85 0 0.15643446504023087 0.9876883405951378
86 0 0.45399049973954675 0.8910065241883679
87 0 0.7071067811865475 0.7071067811865476
88 0 0.8910065241883678 0.4539904997395468
89 0 0.9876883405951378 0.15643446504023092
90 0 0.9876883405951378 -0.1564344650402306
91 0 0.8910065241883679 -0.4539904997395467
92 0 0.7071067811865476 -0.7071067811865475
93 0 0.45399049973954686 -0.8910065241883678
94 0 0.15643446504023098 -0.9876883405951377
95 0 -0.15643446504023073 -0.9876883405951378
96 0 -0.4539904997395467 -0.8910065241883679
97 0 -0.7071067811865475 -0.7071067811865477
98 0 -0.8910065241883678 -0.4539904997395469
99 0 -0.9876883405951377 -0.15643446504023104
100 0 -0.9876883405951378 0.15643446504023067
101 0 -0.891006524188368 0.45399049973954664
102 0 -0.7071067811865477 0.7071067811865474
103 0 -0.45399049973954697 0.8910065241883678
104 0 -0.15643446504023112 0.9876883405951377
105 0 0 0
106 0 0.15643446504023087 0.9876883405951378
107 0 0.45399049973954675 0.8910065241883679
108 0 0.7071067811865475 0.7071067811865476
109 0 0.8910065241883678 0.4539904997395468
110 0 0.9876883405951378 0.15643446504023092
111 0 0.9876883405951378 -0.1564344650402306
112 0 0.8910065241883679 -0.4539904997395467
113 0 0.7071067811865476 -0.7071067811865475
114 0 0.45399049973954686 -0.8910065241883678
115 0 0.15643446504023098 -0.9876883405951377
116 0 -0.15643446504023073 -0.9876883405951378
117 0 -0.4539904997395467 -0.8910065241883679
118 0 -0.7071067811865475 -0.7071067811865477
119 0 -0.8910065241883678 -0.4539904997395469
120 0 -0.9876883405951377 -0.15643446504023104
121 0 -0.9876883405951378 0.15643446504023067
122 0 -0.891006524188368 0.45399049973954664
123 0 -0.7071067811865477 0.7071067811865474
124 0 -0.45399049973954697 0.8910065241883678
125 0 -0.15643446504023112 0.9876883405951377
126 0 0 0
127 0 0.15643446504023087 0.9876883405951378
128 0 0.45399049973954675 0.8910065241883679
129 0 0.7071067811865475 0.7071067811865476
130 0 0.8910065241883678 0.4539904997395468
131 0 0.9876883405951378 0.15643446504023092
132 0 0.9876883405951378 -0.1564344650402306
133 0 0.8910065241883679 -0.4539904997395467
134 0 0.7071067811865476 -0.7071067811865475
135 0 0.45399049973954686 -0.8910065241883678
136 0 0.15643446504023098 -0.9876883405951377
137 0 -0.15643446504023073 -0.9876883405951378
138 0 -0.4539904997395467 -0.8910065241883679
139 0 -0.7071067811865475 -0.7071067811865477
140 0 -0.8910065241883678 -0.4539904997395469
141 0 -0.9876883405951377 -0.15643446504023104
142 0 -0.9876883405951378 0.15643446504023067
143 0 -0.891006524188368 0.45399049973954664
144 0 -0.7071067811865477 0.7071067811865474
145 0 -0.45399049973954697 0.8910065241883678
146 0 -0.15643446504023112 0.9876883405951377
147 0 0 0
148 0 0.15643446504023087 0.9876883405951378
149 0 0.45399049973954675 0.8910065241883679
150 0 0.7071067811865475 0.7071067811865476
151 0 0.8910065241883678 0.4539904997395468
152 0 0.9876883405951378 0.15643446504023092
153 0 0.9876883405951378 -0.1564344650402306
154 0 0.8910065241883679 -0.4539904997395467
155 0 0.7071067811865476 -0.7071067811865475
156 0 0.45399049973954686 -0.8910065241883678
157 0 0.15643446504023098 -0.9876883405951377
158 0 -0.15643446504023073 -0.9876883405951378
159 0 -0.4539904997395467 -0.8910065241883679
160 0 -0.7071067811865475 -0.7071067811865477
161 0 -0.8910065241883678 -0.4539904997395469
162 0 -0.9876883405951377 -0.15643446504023104
163 0 -0.9876883405951378 0.15643446504023067
164 0 -0.891006524188368 0.45399049973954664
165 0 -0.7071067811865477 0.7071067811865474
166 0 -0.45399049973954697 0.8910065241883678
167 0 -0.15643446504023112 0.9876883405951377
168 0 0 0
169 0 0.15643446504023087 0.9876883405951378
170 0 0.45399049973954675 0.8910065241883679
171 0 0.7071067811865475 0.7071067811865476
172 0 0.8910065241883678 0.4539904997395468
173 0 0.9876883405951378 0.15643446504023092
174 0 0.9876883405951378 -0.1564344650402306
175 0 0.8910065241883679 -0.4539904997395467
176 0 0.7071067811865476 -0.7071067811865475
177 0 0.45399049973954686 -0.8910065241883678
178 0 0.15643446504023098 -0.9876883405951377
179 0 -0.15643446504023073 -0.9876883405951378
180 0 -0.4539904997395467 -0.8910065241883679
181 0 -0.7071067811865475 -0.7071067811865477
182 0 -0.8910065241883678 -0.4539904997395469
183 0 -0.9876883405951377 -0.15643446504023104
184 0 -0.9876883405951378 0.15643446504023067
185 0 -0.891006524188368 0.45399049973954664
186 0 -0.7071067811865477 0.7071067811865474
187 0 -0.45399049973954697 0.8910065241883678
188 0 -0.15643446504023112 0.9876883405951377
189 0 0 0
190 0 0.15643446504023087 0.9876883405951378
191 0 0.45399049973954675 0.8910065241883679
192 0 0.7071067811865475 0.7071067811865476
193 0 0.8910065241883678 0.4539904997395468
194 0 0.9876883405951378 0.15643446504023092
195 0 0.9876883405951378 -0.1564344650402306
196 0 0.8910065241883679 -0.4539904997395467
197 0 0.7071067811865476 -0.7071067811865475
198 0 0.45399049973954686 -0.8910065241883678
199 0 0.15643446504023098 -0.9876883405951377
200 0 -0.15643446504023073 -0.9876883405951378
201 0 -0.4539904997395467 -0.8910065241883679
202 0 -0.7071067811865475 -0.7071067811865477
203 0 -0.8910065241883678 -0.4539904997395469
204 0 -0.9876883405951377 -0.15643446504023104
205 0 -0.9876883405951378 0.15643446504023067
206 0 -0.891006524188368 0.45399049973954664
207 0 -0.7071067811865477 0.7071067811865474
208 0 -0.45399049973954697 0.8910065241883678
209 0 -0.15643446504023112 0.9876883405951377
210 0 0 0
211 0 0.15643446504023087 0.9876883405951378
212 0 0.45399049973954675 0.8910065241883679
213 0 0.7071067811865475 0.7071067811865476
214 0 0.8910065241883678 0.4539904997395468
215 0 0.9876883405951378 0.15643446504023092
216 0 0.9876883405951378 -0.1564344650402306
217 0 0.8910065241883679 -0.4539904997395467
218 0 0.7071067811865476 -0.7071067811865475
219 0 0.45399049973954686 -0.8910065241883678
220 0 0.15643446504023098 -0.9876883405951377
221 0 -0.15643446504023073 -0.9876883405951378
222 0 -0.4539904997395467 -0.8910065241883679
223 0 -0.7071067811865475 -0.7071067811865477
224 0 -0.8910065241883678 -0.4539904997395469
225 0 -0.9876883405951377 -0.15643446504023104
226 0 -0.9876883405951378 0.15643446504023067
227 0 -0.891006524188368 0.45399049973954664
228 0 -0.7071067811865477 0.7071067811865474
229 0 -0.45399049973954697 0.8910065241883678
230 0 -0.15643446504023112 0.9876883405951377
231 0 0 0
232 0 0.15643446504023087 0.9876883405951378
233 0 0.45399049973954675 0.8910065241883679
234 0 0.7071067811865475 0.7071067811865476
235 0 0.8910065241883678 0.4539904997395468
236 0 0.9876883405951378 0.15643446504023092
237 0 0.9876883405951378 -0.1564344650402306
238 0 0.8910065241883679 -0.4539904997395467
239 0 0.7071067811865476 -0.7071067811865475
240 0 0.45399049973954686 -0.8910065241883678
241 0 0.15643446504023098 -0.9876883405951377
242 0 -0.15643446504023073 -0.9876883405951378
243 0 -0.4539904997395467 -0.8910065241883679
244 0 -0.7071067811865475 -0.7071067811865477
245 0 -0.8910065241883678 -0.4539904997395469
246 0 -0.9876883405951377 -0.15643446504023104
247 0 -0.9876883405951378 0.15643446504023067
248 0 -0.891006524188368 0.45399049973954664
249 0 -0.7071067811865477 0.7071067811865474
250 0 -0.45399049973954697 0.8910065241883678
251 0 -0.15643446504023112 0.9876883405951377
252 0 0 0
253 0 0.15643446504023087 0.9876883405951378
254 0 0.45399049973954675 0.8910065241883679
255 0 0.7071067811865475 0.7071067811865476
256 0 0.8910065241883678 0.4539904997395468
257 0 0.9876883405951378 0.15643446504023092
258 0 0.9876883405951378 -0.1564344650402306
259 0 0.8910065241883679 -0.4539904997395467
260 0 0.7071067811865476 -0.7071067811865475
261 0 0.45399049973954686 -0.8910065241883678
262 0 0.15643446504023098 -0.9876883405951377
263 0 -0.15643446504023073 -0.9876883405951378
264 0 -0.4539904997395467 -0.8910065241883679
265 0 -0.7071067811865475 -0.7071067811865477
266 0 -0.8910065241883678 -0.4539904997395469
267 0 -0.9876883405951377 -0.15643446504023104
268 0 -0.9876883405951378 0.15643446504023067
269 0 -0.891006524188368 0.45399049973954664
270 0 -0.7071067811865477 0.7071067811865474
271 0 -0.45399049973954697 0.8910065241883678
272 0 -0.15643446504023112 0.9876883405951377
273 0 0 0
274 0 0.15643446504023087 0.9876883405951378
275 0 0.45399049973954675 0.8910065241883679
276 0 0.7071067811865475 0.7071067811865476
277 0 0.8910065241883678 0.4539904997395468
278 0 0.9876883405951378 0.15643446504023092
279 0 0.9876883405951378 -0.1564344650402306
280 0 0.8910065241883679 -0.4539904997395467
281 0 0.7071067811865476 -0.7071067811865475
282 0 0.45399049973954686 -0.8910065241883678
283 0 0.15643446504023098 -0.9876883405951377
284 0 -0.15643446504023073 -0.9876883405951378
285 0 -0.4539904997395467 -0.8910065241883679
286 0 -0.7071067811865475 -0.7071067811865477
287 0 -0.8910065241883678 -0.4539904997395469
288 0 -0.9876883405951377 -0.15643446504023104
289 0 -0.9876883405951378 0.15643446504023067
290 0 -0.891006524188368 0.45399049973954664
291 0 -0.7071067811865477 0.7071067811865474
292 0 -0.45399049973954697 0.8910065241883678
293 0 -0.15643446504023112 0.9876883405951377
294 0 0 0
295 0 0.15643446504023087 0.9876883405951378
296 0 0.45399049973954675 0.8910065241883679
297 0 0.7071067811865475 0.7071067811865476
298 0 0.8910065241883678 0.4539904997395468
299 0 0.9876883405951378 0.15643446504023092
300 0 0.9876883405951378 -0.1564344650402306
301 0 0.8910065241883679 -0.4539904997395467
302 0 0.7071067811865476 -0.7071067811865475
303 0 0.45399049973954686 -0.8910065241883678
304 0 0.15643446504023098 -0.9876883405951377
305 0 -0.15643446504023073 -0.9876883405951378
306 0 -0.4539904997395467 -0.8910065241883679
307 0 -0.7071067811865475 -0.7071067811865477
308 0 -0.8910065241883678 -0.4539904997395469
309 0 -0.9876883405951377 -0.15643446504023104
310 0 -0.9876883405951378 0.15643446504023067
311 0 -0.891006524188368 0.45399049973954664
312 0 -0.7071067811865477 0.7071067811865474
313 0 -0.45399049973954697 0.8910065241883678
314 0 -0.15643446504023112 0.9876883405951377
315 0 0 0
316 0 0.15643446504023087 0.9876883405951378
317 0 0.45399049973954675 0.8910065241883679
318 0 0.7071067811865475 0.7071067811865476
319 0 0.8910065241883678 0.4539904997395468
320 0 0.9876883405951378 0.15643446504023092
321 0 0.9876883405951378 -0.1564344650402306
322 0 0.8910065241883679 -0.4539904997395467
323 0 0.7071067811865476 -0.7071067811865475
324 0 0.45399049973954686 -0.8910065241883678
325 0 0.15643446504023098 -0.9876883405951377
326 0 -0.15643446504023073 -0.9876883405951378
327 0 -0.4539904997395467 -0.8910065241883679
328 0 -0.7071067811865475 -0.7071067811865477
329 0 -0.8910065241883678 -0.4539904997395469
330 0 -0.9876883405951377 -0.15643446504023104
331 0 -0.9876883405951378 0.15643446504023067
332 0 -0.891006524188368 0.45399049973954664
333 0 -0.7071067811865477 0.7071067811865474
334 0 -0.45399049973954697 0.8910065241883678
335 0 -0.15643446504023112 0.9876883405951377
336 0 0 0
337 0 0.15643446504023087 0.9876883405951378
338 0 0.45399049973954675 0.8910065241883679
339 0 0.7071067811865475 0.7071067811865476
340 0 0.8910065241883678 0.4539904997395468
341 0 0.9876883405951378 0.15643446504023092
342 0 0.9876883405951378 -0.1564344650402306
343 0 0.8910065241883679 -0.4539904997395467
344 0 0.7071067811865476 -0.7071067811865475
345 0 0.45399049973954686 -0.8910065241883678
346 0 0.15643446504023098 -0.9876883405951377
347 0 -0.15643446504023073 -0.9876883405951378
348 0 -0.4539904997395467 -0.8910065241883679
349 0 -0.7071067811865475 -0.7071067811865477
350 0 -0.8910065241883678 -0.4539904997395469
351 0 -0.9876883405951377 -0.15643446504023104
352 0 -0.9876883405951378 0.15643446504023067
353 0 -0.891006524188368 0.45399049973954664
354 0 -0.7071067811865477 0.7071067811865474
355 0 -0.45399049973954697 0.8910065241883678
356 0 -0.15643446504023112 0.9876883405951377
357 0 0 0
358 0 0.15643446504023087 0.9876883405951378
359 0 0.45399049973954675 0.8910065241883679
360 0 0.7071067811865475 0.7071067811865476
361 0 0.8910065241883678 0.4539904997395468
362 0 0.9876883405951378 0.15643446504023092
363 0 0.9876883405951378 -0.1564344650402306
364 0 0.8910065241883679 -0.4539904997395467
365 0 0.7071067811865476 -0.7071067811865475
366 0 0.45399049973954686 -0.8910065241883678
367 0 0.15643446504023098 -0.9876883405951377
368 0 -0.15643446504023073 -0.9876883405951378
369 0 -0.4539904997395467 -0.8910065241883679
370 0 -0.7071067811865475 -0.7071067811865477
371 0 -0.8910065241883678 -0.4539904997395469
372 0 -0.9876883405951377 -0.15643446504023104
373 0 -0.9876883405951378 0.15643446504023067
374 0 -0.891006524188368 0.45399049973954664
375 0 -0.7071067811865477 0.7071067811865474
376 0 -0.45399049973954697 0.8910065241883678
377 0 -0.15643446504023112 0.9876883405951377
378 0 0 0
379 0 0.15643446504023087 0.9876883405951378
380 0 0.45399049973954675 0.8910065241883679
381 0 0.7071067811865475 0.7071067811865476
382 0 0.8910065241883678 0.4539904997395468
383 0 0.9876883405951378 0.15643446504023092
384 0 0.9876883405951378 -0.1564344650402306
385 0 0.8910065241883679 -0.4539904997395467
386 0 0.7071067811865476 -0.7071067811865475
387 0 0.45399049973954686 -0.8910065241883678
388 0 0.15643446504023098 -0.9876883405951377
389 0 -0.15643446504023073 -0.9876883405951378
390 0 -0.4539904997395467 -0.8910065241883679
391 0 -0.7071067811865475 -0.7071067811865477
392 0 -0.8910065241883678 -0.4539904997395469
393 0 -0.9876883405951377 -0.15643446504023104
394 0 -0.9876883405951378 0.15643446504023067
395 0 -0.891006524188368 0.45399049973954664
396 0 -0.7071067811865477 0.7071067811865474
397 0 -0.45399049973954697 0.8910065241883678
398 0 -0.15643446504023112 0.9876883405951377
399 0 0 0
400 0 0.15643446504023087 0.9876883405951378
401 0 0.45399049973954675 0.8910065241883679
402 0 0.7071067811865475 0.7071067811865476
403 0 0.8910065241883678 0.4539904997395468
404 0 0.9876883405951378 0.15643446504023092
405 0 0.9876883405951378 -0.1564344650402306
406 0 0.8910065241883679 -0.4539904997395467
407 0 0.7071067811865476 -0.7071067811865475
408 0 0.45399049973954686 -0.8910065241883678
409 0 0.15643446504023098 -0.9876883405951377
410 0 -0.15643446504023073 -0.9876883405951378
411 0 -0.4539904997395467 -0.8910065241883679
412 0 -0.7071067811865475 -0.7071067811865477
413 0 -0.8910065241883678 -0.4539904997395469
414 0 -0.9876883405951377 -0.15643446504023104
415 0 -0.9876883405951378 0.15643446504023067
416 0 -0.891006524188368 0.45399049973954664
417 0 -0.7071067811865477 0.7071067811865474
418 0 -0.45399049973954697 0.8910065241883678
419 0 -0.15643446504023112 0.9876883405951377
420 0 0 0
421 0 0.15643446504023087 0.9876883405951378
422 0 0.45399049973954675 0.8910065241883679
423 0 0.7071067811865475 0.7071067811865476
424 0 0.8910065241883678 0.4539904997395468
425 0 0.9876883405951378 0.15643446504023092
426 0 0.9876883405951378 -0.1564344650402306
427 0 0.8910065241883679 -0.4539904997395467
428 0 0.7071067811865476 -0.7071067811865475
429 0 0.45399049973954686 -0.8910065241883678
430 0 0.15643446504023098 -0.9876883405951377
431 0 -0.15643446504023073 -0.9876883405951378
432 0 -0.4539904997395467 -0.8910065241883679
433 0 -0.7071067811865475 -0.7071067811865477
434 0 -0.8910065241883678 -0.4539904997395469
435 0 -0.9876883405951377 -0.15643446504023104
436 0 -0.9876883405951378 0.15643446504023067
437 0 -0.891006524188368 0.45399049973954664
438 0 -0.7071067811865477 0.7071067811865474
439 0 -0.45399049973954697 0.8910065241883678
440 0 -0.15643446504023112 0.9876883405951377
441 0 0 0
442 0 0.15643446504023087 0.9876883405951378
443 0 0.45399049973954675 0.8910065241883679
444 0 0.7071067811865475 0.7071067811865476
445 0 0.8910065241883678 0.4539904997395468
446 0 0.9876883405951378 0.15643446504023092
447 0 0.9876883405951378 -0.1564344650402306
448 0 0.8910065241883679 -0.4539904997395467
449 0 0.7071067811865476 -0.7071067811865475
450 0 0.45399049973954686 -0.8910065241883678
451 0 0.15643446504023098 -0.9876883405951377
452 0 -0.15643446504023073 -0.9876883405951378
453 0 -0.4539904997395467 -0.8910065241883679
454 0 -0.7071067811865475 -0.7071067811865477
455 0 -0.8910065241883678 -0.4539904997395469
456 0 -0.9876883405951377 -0.15643446504023104
457 0 -0.9876883405951378 0.15643446504023067
458 0 -0.891006524188368 0.45399049973954664
459 0 -0.7071067811865477 0.7071067811865474
460 0 -0.45399049973954697 0.8910065241883678
461 0 -0.15643446504023112 0.9876883405951377
462 0 0 0
463 0 0.15643446504023087 0.9876883405951378
464 0 0.45399049973954675 0.8910065241883679
465 0 0.7071067811865475 0.7071067811865476
466 0 0.8910065241883678 0.4539904997395468
467 0 0.9876883405951378 0.15643446504023092
468 0 0.9876883405951378 -0.1564344650402306
469 0 0.8910065241883679 -0.4539904997395467
470 0 0.7071067811865476 -0.7071067811865475
471 0 0.45399049973954686 -0.8910065241883678
472 0 0.15643446504023098 -0.9876883405951377
473 0 -0.15643446504023073 -0.9876883405951378
474 0 -0.4539904997395467 -0.8910065241883679
475 0 -0.7071067811865475 -0.7071067811865477
476 0 -0.8910065241883678 -0.4539904997395469
477 0 -0.9876883405951377 -0.15643446504023104
478 0 -0.9876883405951378 0.15643446504023067
479 0 -0.891006524188368 0.45399049973954664
480 0 -0.7071067811865477 0.7071067811865474
481 0 -0.45399049973954697 0.8910065241883678
482 0 -0.15643446504023112 0.9876883405951377
483 0 0 0
484 0 0.15643446504023087 0.9876883405951378
485 0 0.45399049973954675 0.8910065241883679
486 0 0.7071067811865475 0.7071067811865476
487 0 0.8910065241883678 0.4539904997395468
488 0 0.9876883405951378 0.15643446504023092
489 0 0.9876883405951378 -0.1564344650402306
490 0 0.8910065241883679 -0.4539904997395467
491 0 0.7071067811865476 -0.7071067811865475
492 0 0.45399049973954686 -0.8910065241883678
493 0 0.15643446504023098 -0.9876883405951377
494 0 -0.15643446504023073 -0.9876883405951378
495 0 -0.4539904997395467 -0.8910065241883679
496 0 -0.7071067811865475 -0.7071067811865477
497 0 -0.8910065241883678 -0.4539904997395469
498 0 -0.9876883405951377 -0.15643446504023104
499 0 -0.9876883405951378 0.15643446504023067
500 0 -0.891006524188368 0.45399049973954664
501 0 -0.7071067811865477 0.7071067811865474
502 0 -0.45399049973954697 0.8910065241883678
503 0 -0.15643446504023112 0.9876883405951377
504 0 0 0
505 0 0.15643446504023087 0.9876883405951378
506 0 0.45399049973954675 0.8910065241883679
507 0 0.7071067811865475 0.7071067811865476
508 0 0.8910065241883678 0.4539904997395468
509 0 0.9876883405951378 0.15643446504023092
510 0 0.9876883405951378 -0.1564344650402306
511 0 0.8910065241883679 -0.4539904997395467
512 0 0.7071067811865476 -0.7071067811865475
513 0 0.45399049973954686 -0.8910065241883678
514 0 0.15643446504023098 -0.9876883405951377
515 0 -0.15643446504023073 -0.9876883405951378
516 0 -0.4539904997395467 -0.8910065241883679
517 0 -0.7071067811865475 -0.7071067811865477
518 0 -0.8910065241883678 -0.4539904997395469
519 0 -0.9876883405951377 -0.15643446504023104
520 0 -0.9876883405951378 0.15643446504023067
521 0 -0.891006524188368 0.45399049973954664
522 0 -0.7071067811865477 0.7071067811865474
523 0 -0.45399049973954697 0.8910065241883678
524 0 -0.15643446504023112 0.9876883405951377
525 0 0 0
526 0 0.15643446504023087 0.9876883405951378
527 0 0.45399049973954675 0.8910065241883679
528 0 0.7071067811865475 0.7071067811865476
529 0 0.8910065241883678 0.4539904997395468
530 0 0.9876883405951378 0.15643446504023092
531 0 0.9876883405951378 -0.1564344650402306
532 0 0.8910065241883679 -0.4539904997395467
533 0 0.7071067811865476 -0.7071067811865475
534 0 0.45399049973954686 -0.8910065241883678
535 0 0.15643446504023098 -0.9876883405951377
536 0 -0.15643446504023073 -0.9876883405951378
537 0 -0.4539904997395467 -0.8910065241883679
538 0 -0.7071067811865475 -0.7071067811865477
539 0 -0.8910065241883678 -0.4539904997395469
540 0 -0.9876883405951377 -0.15643446504023104
541 0 -0.9876883405951378 0.15643446504023067
542 0 -0.891006524188368 0.45399049973954664
543 0 -0.7071067811865477 0.7071067811865474
544 0 -0.45399049973954697 0.8910065241883678
545 0 -0.15643446504023112 0.9876883405951377
546 0 0 0
547 0 0.15643446504023087 0.9876883405951378
548 0 0.45399049973954675 0.8910065241883679
549 0 0.7071067811865475 0.7071067811865476
550 0 0.8910065241883678 0.4539904997395468
551 0 0.9876883405951378 0.15643446504023092
552 0 0.9876883405951378 -0.1564344650402306
553 0 0.8910065241883679 -0.4539904997395467
554 0 0.7071067811865476 -0.7071067811865475
555 0 0.45399049973954686 -0.8910065241883678
556 0 0.15643446504023098 -0.9876883405951377
557 0 -0.15643446504023073 -0.9876883405951378
558 0 -0.4539904997395467 -0.8910065241883679
559 0 -0.7071067811865475 -0.7071067811865477
560 0 -0.8910065241883678 -0.4539904997395469
561 0 -0.9876883405951377 -0.15643446504023104
562 0 -0.9876883405951378 0.15643446504023067
563 0 -0.891006524188368 0.45399049973954664
564 0 -0.7071067811865477 0.7071067811865474
565 0 -0.45399049973954697 0.8910065241883678
566 0 -0.15643446504023112 0.9876883405951377
567 0 0 0
568 0 0.15643446504023087 0.9876883405951378
569 0 0.45399049973954675 0.8910065241883679
570 0 0.7071067811865475 0.7071067811865476
571 0 0.8910065241883678 0.4539904997395468
572 0 0.9876883405951378 0.15643446504023092
573 0 0.9876883405951378 -0.1564344650402306
574 0 0.8910065241883679 -0.4539904997395467
575 0 0.7071067811865476 -0.7071067811865475
576 0 0.45399049973954686 -0.8910065241883678
577 0 0.15643446504023098 -0.9876883405951377
578 0 -0.15643446504023073 -0.9876883405951378
579 0 -0.4539904997395467 -0.8910065241883679
580 0 -0.7071067811865475 -0.7071067811865477
581 0 -0.8910065241883678 -0.4539904997395469
582 0 -0.9876883405951377 -0.15643446504023104
583 0 -0.9876883405951378 0.15643446504023067
584 0 -0.891006524188368 0.45399049973954664
585 0 -0.7071067811865477 0.7071067811865474
586 0 -0.45399049973954697 0.8910065241883678
587 0 -0.15643446504023112 0.9876883405951377
588 0 0 0
589 0 0.15643446504023087 0.9876883405951378
590 0 0.45399049973954675 0.8910065241883679
591 0 0.7071067811865475 0.7071067811865476
592 0 0.8910065241883678 0.4539904997395468
593 0 0.9876883405951378 0.15643446504023092
594 0 0.9876883405951378 -0.1564344650402306
595 0 0.8910065241883679 -0.4539904997395467
596 0 0.7071067811865476 -0.7071067811865475
597 0 0.45399049973954686 -0.8910065241883678
598 0 0.15643446504023098 -0.9876883405951377
599 0 -0.15643446504023073 -0.9876883405951378
600 0 -0.4539904997395467 -0.8910065241883679
601 0 -0.7071067811865475 -0.7071067811865477
602 0 -0.8910065241883678 -0.4539904997395469
603 0 -0.9876883405951377 -0.15643446504023104
604 0 -0.9876883405951378 0.15643446504023067
605 0 -0.891006524188368 0.45399049973954664
606 0 -0.7071067811865477 0.7071067811865474
607 0 -0.45399049973954697 0.8910065241883678
608 0 -0.15643446504023112 0.9876883405951377
609 0 0 0
610 0 0.15643446504023087 0.9876883405951378
611 0 0.45399049973954675 0.8910065241883679
612 0 0.7071067811865475 0.7071067811865476
613 0 0.8910065241883678 0.4539904997395468
614 0 0.9876883405951378 0.15643446504023092
615 0 0.9876883405951378 -0.1564344650402306
616 0 0.8910065241883679 -0.4539904997395467
617 0 0.7071067811865476 -0.7071067811865475
618 0 0.45399049973954686 -0.8910065241883678
619 0 0.15643446504023098 -0.9876883405951377
620 0 -0.15643446504023073 -0.9876883405951378
621 0 -0.4539904997395467 -0.8910065241883679
622 0 -0.7071067811865475 -0.7071067811865477
623 0 -0.8910065241883678 -0.4539904997395469
624 0 -0.9876883405951377 -0.15643446504023104
625 0 -0.9876883405951378 0.15643446504023067
626 0 -0.891006524188368 0.45399049973954664
627 0 -0.7071067811865477 0.7071067811865474
628 0 -0.45399049973954697 0.8910065241883678
629 0 -0.15643446504023112 0.9876883405951377
630 0 0 0
631 0 0.15643446504023087 0.9876883405951378
632 0 0.45399049973954675 0.8910065241883679
633 0 0.7071067811865475 0.7071067811865476
634 0 0.8910065241883678 0.4539904997395468
635 0 0.9876883405951378 0.15643446504023092
636 0 0.9876883405951378 -0.1564344650402306
637 0 0.8910065241883679 -0.4539904997395467
638 0 0.7071067811865476 -0.7071067811865475
639 0 0.45399049973954686 -0.8910065241883678
640 0 0.15643446504023098 -0.9876883405951377
641 0 -0.15643446504023073 -0.9876883405951378
642 0 -0.4539904997395467 -0.8910065241883679
643 0 -0.7071067811865475 -0.7071067811865477
644 0 -0.8910065241883678 -0.4539904997395469
645 0 -0.9876883405951377 -0.15643446504023104
646 0 -0.9876883405951378 0.15643446504023067
647 0 -0.891006524188368 0.45399049973954664
648 0 -0.7071067811865477 0.7071067811865474
649 0 -0.45399049973954697 0.8910065241883678
650 0 -0.15643446504023112 0.9876883405951377
651 0 0 0
652 0 0.15643446504023087 0.9876883405951378
653 0 0.45399049973954675 0.8910065241883679
654 0 0.7071067811865475 0.7071067811865476
655 0 0.8910065241883678 0.4539904997395468
656 0 0.9876883405951378 0.15643446504023092
657 0 0.9876883405951378 -0.1564344650402306
658 0 0.8910065241883679 -0.4539904997395467
659 0 0.7071067811865476 -0.7071067811865475
660 0 0.45399049973954686 -0.8910065241883678
661 0 0.15643446504023098 -0.9876883405951377
662 0 -0.15643446504023073 -0.9876883405951378
663 0 -0.4539904997395467 -0.8910065241883679
664 0 -0.7071067811865475 -0.7071067811865477
665 0 -0.8910065241883678 -0.4539904997395469
666 0 -0.9876883405951377 -0.15643446504023104
667 0 -0.9876883405951378 0.15643446504023067
668 0 -0.891006524188368 0.45399049973954664
669 0 -0.7071067811865477 0.7071067811865474
670 0 -0.45399049973954697 0.8910065241883678
671 0 -0.15643446504023112 0.9876883405951377
672 0 0 0
673 0 0.15643446504023087 0.9876883405951378
674 0 0.45399049973954675 0.8910065241883679
675 0 0.7071067811865475 0.7071067811865476
676 0 0.8910065241883678 0.4539904997395468
677 0 0.9876883405951378 0.15643446504023092
678 0 0.9876883405951378 -0.1564344650402306
679 0 0.8910065241883679 -0.4539904997395467
680 0 0.7071067811865476 -0.7071067811865475
681 0 0.45399049973954686 -0.8910065241883678
682 0 0.15643446504023098 -0.9876883405951377
683 0 -0.15643446504023073 -0.9876883405951378
684 0 -0.4539904997395467 -0.8910065241883679
685 0 -0.7071067811865475 -0.7071067811865477
686 0 -0.8910065241883678 -0.4539904997395469
687 0 -0.9876883405951377 -0.15643446504023104
688 0 -0.9876883405951378 0.15643446504023067
689 0 -0.891006524188368 0.45399049973954664
690 0 -0.7071067811865477 0.7071067811865474
691 0 -0.45399049973954697 0.8910065241883678
692 0 -0.15643446504023112 0.9876883405951377
693 0 0 0
694 0 0.15643446504023087 0.9876883405951378
695 0 0.45399049973954675 0.8910065241883679
696 0 0.7071067811865475 0.7071067811865476
697 0 0.8910065241883678 0.4539904997395468
698 0 0.9876883405951378 0.15643446504023092
699 0 0.9876883405951378 -0.1564344650402306
700 0 0.8910065241883679 -0.4539904997395467
701 0 0.7071067811865476 -0.7071067811865475
702 0 0.45399049973954686 -0.8910065241883678
703 0 0.15643446504023098 -0.9876883405951377
704 0 -0.15643446504023073 -0.9876883405951378
705 0 -0.4539904997395467 -0.8910065241883679
706 0 -0.7071067811865475 -0.7071067811865477
707 0 -0.8910065241883678 -0.4539904997395469
708 0 -0.9876883405951377 -0.15643446504023104
709 0 -0.9876883405951378 0.15643446504023067
710 0 -0.891006524188368 0.45399049973954664
711 0 -0.7071067811865477 0.7071067811865474
712 0 -0.45399049973954697 0.8910065241883678
713 0 -0.15643446504023112 0.9876883405951377
714 0 0 0
715 0 0.15643446504023087 0.9876883405951378
716 0 0.45399049973954675 0.8910065241883679
717 0 0.7071067811865475 0.7071067811865476
718 0 0.8910065241883678 0.4539904997395468
719 0 0.9876883405951378 0.15643446504023092
720 0 0.9876883405951378 -0.1564344650402306
721 0 0.8910065241883679 -0.4539904997395467
722 0 0.7071067811865476 -0.7071067811865475
723 0 0.45399049973954686 -0.8910065241883678
724 0 0.15643446504023098 -0.9876883405951377
725 0 -0.15643446504023073 -0.9876883405951378
726 0 -0.4539904997395467 -0.8910065241883679
727 0 -0.7071067811865475 -0.7071067811865477
728 0 -0.8910065241883678 -0.4539904997395469
729 0 -0.9876883405951377 -0.15643446504023104
730 0 -0.9876883405951378 0.15643446504023067
731 0 -0.891006524188368 0.45399049973954664
732 0 -0.7071067811865477 0.7071067811865474
733 0 -0.45399049973954697 0.8910065241883678
734 0 -0.15643446504023112 0.9876883405951377
735 0 0 0
736 0 0.15643446504023087 0.9876883405951378
737 0 0.45399049973954675 0.8910065241883679
738 0 0.7071067811865475 0.7071067811865476
739 0 0.8910065241883678 0.4539904997395468
740 0 0.9876883405951378 0.15643446504023092
741 0 0.9876883405951378 -0.1564344650402306
742 0 0.8910065241883679 -0.4539904997395467
743 0 0.7071067811865476 -0.7071067811865475
744 0 0.45399049973954686 -0.8910065241883678
745 0 0.15643446504023098 -0.9876883405951377
746 0 -0.15643446504023073 -0.9876883405951378
747 0 -0.4539904997395467 -0.8910065241883679
748 0 -0.7071067811865475 -0.7071067811865477
749 0 -0.8910065241883678 -0.4539904997395469
750 0 -0.9876883405951377 -0.15643446504023104
751 0 -0.9876883405951378 0.15643446504023067
752 0 -0.891006524188368 0.45399049973954664
753 0 -0.7071067811865477 0.7071067811865474
754 0 -0.45399049973954697 0.8910065241883678
755 0 -0.15643446504023112 0.9876883405951377
756 0 0 0
757 0 0.15643446504023087 0.9876883405951378
758 0 0.45399049973954675 0.8910065241883679
759 0 0.7071067811865475 0.7071067811865476
760 0 0.8910065241883678 0.4539904997395468
761 0 0.9876883405951378 0.15643446504023092
762 0 0.9876883405951378 -0.1564344650402306
763 0 0.8910065241883679 -0.4539904997395467
764 0 0.7071067811865476 -0.7071067811865475
765 0 0.45399049973954686 -0.8910065241883678
766 0 0.15643446504023098 -0.9876883405951377
767 0 -0.15643446504023073 -0.9876883405951378
768 0 -0.4539904997395467 -0.8910065241883679
769 0 -0.7071067811865475 -0.7071067811865477
770 0 -0.8910065241883678 -0.4539904997395469
771 0 -0.9876883405951377 -0.15643446504023104
772 0 -0.9876883405951378 0.15643446504023067
773 0 -0.891006524188368 0.45399049973954664
774 0 -0.7071067811865477 0.7071067811865474
775 0 -0.45399049973954697 0.8910065241883678
776 0 -0.15643446504023112 0.9876883405951377
777 0 0 0
778 0 0 0
779 0 0 0
780 0 0 0
781 0 0 0
782 0 0 0
783 0 0 0
784 0 0 0
785 0 0 0
786 0 0 0
787 0 0 0
788 0 0 0
789 0 0 0
790 0 0 0
791 0 0 0
792 0 0 0
793 0 0 0
794 0 0 0
795 0 0 0
796 0 0 0
797 0 0 0
798 0 0 0
799 0 0 0
800 0 0 0
801 0 0 0
802 0 0 0
803 0 0 0
804 0 0 0
805 0 0 0
806 0 0 0
807 0 0 0
808 0 0 0
809 0 0 0
810 0 0 0
811 0 0 0
812 0 0 0
813 0 0 0
814 0 0 0
815 0 0 0
816 0 0 0
817 0 0 0
818 0 0 0
819 0 0 0
820 0 0 0
821 0 0 0
822 0 0 0
823 0 0 0
824 0 0 0
825 0 0 0
826 0 0 0
827 0 0 0
828 0 0 0
829 0 0 0
830 0 0 0
831 0 0 0
832 0 0 0
833 0 0 0
834 0 0 0
835 0 0 0
836 0 0 0
837 0 0 0
838 0 0 0
839 0 0 0
840 0 0 0
841 0 0 0
842 0 0 0
843 0 0 0
844 0 0 0
845 0 0 0
846 0 0 0
847 0 0 0
848 0 0 0
849 0 0 0
850 0 0 0
851 0 0 0
852 0 0 0
853 0 0 0
854 0 0 0
855 0 0 0
856 0 0 0
857 0 0 0
858 0 0 0
859 0 0 0
860 0 0 0
861 0 0 0
862 0 0 0
863 0 0 0
864 0 0 0
865 0 0 0
866 0 0 0
867 0 0 0
868 0 0 0
869 0 0 0
870 0 0 0
871 0 0 0
872 0 0 0
873 0 0 0
874 0 0 0
875 0 0 0
876 0 0 0
877 0 0 0
878 0 0 0
879 0 0 0
880 0 0 0
881 0 0 0
882 0 0 0
883 0 0 0
884 0 0 0
885 0 0 0
886 0 0 0
887 0 0 0
888 0 0 0
889 0 0 0
890 0 0 0
891 0 0 0
892 0 0 0
893 0 0 0
894 0 0 0
895 0 0 0
896 0 0 0
897 0 0 0
898 0 0 0
899 0 0 0
900 0 0 0
901 0 0 0
902 0 0 0
903 0 0 0
904 0 0 0
905 0 0 0
906 0 0 0
907 0 0 0
908 0 0 0
909 0 0 0
910 0 0 0
911 0 0 0
912 0 0 0
913 0 0 0
914 0 0 0
915 0 0 0
916 0 0 0
917 0 0 0
918 0 0 0
919 0 0 0
920 0 0 0
921 0 0 0
922 0 0 0
923 0 0 0
924 0 0 0
925 0 0 0
926 0 0 0
927 0 0 0
928 0 0 0
929 0 0 0
930 0 0 0
931 0 0 0
932 0 0 0
933 0 0 0
934 0 0 0
935 0 0 0
936 0 0 0
937 0 0 0
938 0 0 0
939 0 0 0
940 0 0 0
941 0 0 0
942 0 0 0
943 0 0 0
944 0 0 0
945 0 0 0
946 0 0 0
947 0 0 0
948 0 0 0
949 0 0 0
950 0 0 0
951 0 0 0
952 0 0 0
953 0 0 0
954 0 0 0
955 0 0 0
956 0 0 0
957 0 0 0
958 0 0 0
959 0 0 0
960 0 0 0
961 0 0 0
962 0 0 0
963 0 0 0
964 0 0 0
965 0 0 0
966 0 0 0
967 0 0 0
968 0 0 0
969 0 0 0
970 0 0 0
971 0 0 0
972 0 0 0
973 0 0 0
974 0 0 0
975 0 0 0
976 0 0 0
977 0 0 0
978 0 0 0
979 0 0 0
980 0 0 0
981 0 0 0
982 0 0 0
983 0 0 0
984 0 0 0
985 0 0 0
986 0 0 0
987 0 0 0
988 0 0 0
989 0 0 0
990 0 0 0
991 0 0 0
992 0 0 0
993 0 0 0
994 0 0 0
995 0 0 0
996 0 0 0
997 0 0 0
998 0 0 0
999 0 0 0
1000 0 0 0
1001 0 0 0
1002 0 0 0
1003 0 0 0
1004 0 0 0
1005 0 0 0
1006 0 0 0
1007 0 0 0
1008 0 0 0
1009 0 0 0
1010 0 0 0
1011 0 0 0
1012 0 0 0
1013 0 0 0
1014 0 0 0
1015 0 0 0
1016 0 0 0
1017 0 0 0
1018 0 0 0
1019 0 0 0
1020 0 0 0
1021 0 0 0
1022 0 0 0
1023 0 0 0
1024 0 0 0
1025 0 0 0
1026 0 0 0
1027 0 0 0
1028 0 0 0
1029 0 0 0
1030 0 0 0
1031 0 0 0
1032 0 0 0
1033 0 0 0
1034 0 0 0
1035 0 0 0
1036 0 0 0
1037 0 0 0
1038 0 0 0
1039 0 0 0
1040 0 0 0
1041 0 0 0
1042 0 0 0
1043 0 0 0
1044 0 0 0
1045 0 0 0
1046 0 0 0
1047 0 0 0
1048 0 0 0
1049 0 0 0
1050 0 0 0
1051 0 0 0
1052 0 0 0
1053 0 0 0
1054 0 0 0
1055 0 0 0
1056 0 0 0
1057 0 0 0
1058 0 0 0
1059 0 0 0
1060 0 0 0
1061 0 0 0
1062 0 0 0
1063 0 0 0
1064 0 0 0
1065 0 0 0
1066 0 0 0
1067 0 0 0
1068 0 0 0
1069 0 0 0
1070 0 0 0
1071 0 0 0
1072 0 0 0
1073 0 0 0
1074 0 0 0
1075 0 0 0
1076 0 0 0
1077 0 0 0
1078 0 0 0
1079 0 0 0
1080 0 0 0
1081 0 0 0
1082 0 0 0
1083 0 0 0
1084 0 0 0
1085 0 0 0
1086 0 0 0
1087 0 0 0
1088 0 0 0
1089 0 0 0
1090 0 0 0
1091 0 0 0
1092 0 0 0
1093 0 0 0
1094 0 0 0
1095 0 0 0
1096 0 0 0
1097 0 0 0
1098 0 0 0
1099 0 0 0
1100 0 0 0
1101 0 0 0
1102 0 0 0
1103 0 0 0
1104 0 0 0
1105 0 0 0
1106 0 0 0
1107 0 0 0
1108 0 0 0
1109 0 0 0
1110 0 0 0
1111 0 0 0
1112 0 0 0
1113 0 0 0
1114 0 0 0
1115 0 0 0
1116 0 0 0
1117 0 0 0
1118 0 0 0
1119 0 0 0
1120 0 0 0
1121 0 0 0
1122 0 0 0
1123 0 0 0
1124 0 0 0
1125 0 0 0
1126 0 0 0
1127 0 0 0
1128 0 0 0
1129 0 0 0
1130 0 0 0
1131 0 0 0
1132 0 0 0
1133 0 0 0
1134 0 0 0
1135 0 0 0
1136 0 0 0
1137 0 0 0
1138 0 0 0
1139 0 0 0
1140 0 0 0
1141 0 0 0
1142 0 0 0
1143 0 0 0
1144 0 0 0
1145 0 0 0
1146 0 0 0
1147 0 0 0
1148 0 0 0
1149 0 0 0
1150 0 0 0
1151 0 0 0
1152 0 0 0
1153 0 0 0
1154 0 0 0
1155 0 0 0
1156 0 0 0
1157 0 0 0
1158 0 0 0
1159 0 0 0
1160 0 0 0
1161 0 0 0
1162 0 0 0
1163 0 0 0
1164 0 0 0
1165 0 0 0
1166 0 0 0
1167 0 0 0
1168 0 0 0
1169 0 0 0
1170 0 0 0
1171 0 0 0
1172 0 0 0
1173 0 0 0
1174 0 0 0
1175 0 0 0
1176 0 0 0
1177 0 0 0
1178 0 0 0
1179 0 0 0
1180 0 0 0
1181 0 0 0
1182 0 0 0
1183 0 0 0
1184 0 0 0
1185 0 0 0
1186 0 0 0
1187 0 0 0
1188 0 0 0
1189 0 0 0
1190 0 0 0
1191 0 0 0
1192 0 0 0
1193 0 0 0
1194 0 0 0
1195 0 0 0
1196 0 0 0
1197 0 0 0
1198 0 0 0
1199 0 0 0
1200 0 0 0
1201 0 0 0
1202 0 0 0
1203 0 0 0
1204 0 0 0
1205 0 0 0
1206 0 0 0
1207 0 0 0
1208 0 0 0
1209 0 0 0
1210 0 0 0
1211 0 0 0
1212 0 0 0
1213 0 0 0
1214 0 0 0
1215 0 0 0
1216 0 0 0
1217 0 0 0
1218 0 0 0
1219 0 0 0
1220 0 0 0
1221 0 0 0
1222 0 0 0
1223 0 0 0
1224 0 0 0
1225 0 0 0
1226 0 0 0
1227 0 0 0
1228 0 0 0
1229 0 0 0
1230 0 0 0
1231 0 0 0
1232 0 0 0
1233 0 0 0
1234 0 0 0
1235 0 0 0
1236 0 0 0
1237 0 0 0
1238 0 0 0
1239 0 0 0
1240 0 0 0
1241 0 0 0
1242 0 0 0
1243 0 0 0
1244 0 0 0
1245 0 0 0
1246 0 0 0
1247 0 0 0
1248 0 0 0
1249 0 0 0
1250 0 0 0
1251 0 0 0
1252 0 0 0
1253 0 0 0
1254 0 0 0
1255 0 0 0
1256 0 0 0
1257 0 0 0
1258 0 0 0
1259 0 0 0
1260 0 0 0
1261 0 0 0
1262 0 0 0
1263 0 0 0
1264 0 0 0
1265 0 0 0
1266 0 0 0
1267 0 0 0
1268 0 0 0
1269 0 0 0
1270 0 0 0
1271 0 0 0
1272 0 0 0
1273 0 0 0
1274 0 0 0
1275 0 0 0
1276 0 0 0
1277 0 0 0
1278 0 0 0
1279 0 0 0
1280 0 0 0
1281 0 0 0
1282 0 0 0
1283 0 0 0
1284 0 0 0
1285 0 0 0
1286 0 0 0
1287 0 0 0
1288 0 0 0
1289 0 0 0
1290 0 0 0
1291 0 0 0
1292 0 0 0
1293 0 0 0
1294 0 0 0
1295 0 0 0
1296 0 0 0
1297 0 0 0
1298 0 0 0
1299 0 0 0
1300 0 0 0
1301 0 0 0
1302 0 0 0
1303 0 0 0
1304 0 0 0
1305 0 0 0
1306 0 0 0
1307 0 0 0
1308 0 0 0
1309 0 0 0
1310 0 0 0
1311 0 0 0
1312 0 0 0
1313 0 0 0
1314 0 0 0
1315 0 0 0
1316 0 0 0
1317 0 0 0
1318 0 0 0
1319 0 0 0
1320 0 0 0
1321 0 0 0
1322 0 0 0
1323 0 0 0
1324 0 0 0
1325 0 0 0
1326 0 0 0
1327 0 0 0
1328 0 0 0
1329 0 0 0
1330 0 0 0
1331 0 0 0
1332 0 0 0
1333 0 0 0
1334 0 0 0
1335 0 0 0
1336 0 0 0
1337 0 0 0
1338 0 0 0
1339 0 0 0
1340 0 0 0
1341 0 0 0
1342 0 0 0
1343 0 0 0
1344 0 0 0
1345 0 0 0
1346 0 0 0
1347 0 0 0
1348 0 0 0
1349 0 0 0
1350 0 0 0
1351 0 0 0
1352 0 0 0
1353 0 0 0
1354 0 0 0
1355 0 0 0
1356 0 0 0
1357 0 0 0
1358 0 0 0
1359 0 0 0
1360 0 0 0
1361 0 0 0
1362 0 0 0
1363 0 0 0
1364 0 0 0
1365 0 0 0
1366 0 0 0
1367 0 0 0
1368 0 0 0
1369 0 0 0
1370 0 0 0
1371 0 0 0
1372 0 0 0
1373 0 0 0
1374 0 0 0
1375 0 0 0
1376 0 0 0
1377 0 0 0
1378 0 0 0
1379 0 0 0
1380 0 0 0
1381 0 0 0
1382 0 0 0
1383 0 0 0
1384 0 0 0
1385 0 0 0
1386 0 0 0
1387 0 0 0
1388 0 0 0
1389 0 0 0
1390 0 0 0
1391 0 0 0
1392 0 0 0
1393 0 0 0
1394 0 0 0
1395 0 0 0
1396 0 0 0
1397 0 0 0
1398 0 0 0
1399 0 0 0
1400 0 0 0
1401 0 0 0
1402 0 0 0
1403 0 0 0
1404 0 0 0
1405 0 0 0
1406 0 0 0
1407 0 0 0
1408 0 0 0
1409 0 0 0
1410 0 0 0
1411 0 0 0
1412 0 0 0
1413 0 0 0
1414 0 0 0
1415 0 0 0
1416 0 0 0
1417 0 0 0
1418 0 0 0
1419 0 0 0
1420 0 0 0
1421 0 0 0
1422 0 0 0
1423 0 0 0
1424 0 0 0
1425 0 0 0
1426 0 0 0
1427 0 0 0
1428 0 0 0
1429 0 0 0
1430 0 0 0
1431 0 0 0
1432 0 0 0
1433 0 0 0
1434 0 0 0
1435 0 0 0
1436 0 0 0
1437 0 0 0
1438 0 0 0
1439 0 0 0
1440 0 0 0
1441 0 0 0
1442 0 0 0
1443 0 0 0
1444 0 0 0
1445 0 0 0
1446 0 0 0
1447 0 0 0
1448 0 0 0
1449 0 0 0
1450 0 0 0
1451 0 0 0
1452 0 0 0
1453 0 0 0
1454 0 0 0
1455 0 0 0
1456 0 0 0
1457 0 0 0
1458 0 0 0
1459 0 0 0
1460 0 0 0
1461 0 0 0
1462 0 0 0
1463 0 0 0
1464 0 0 0
1465 0 0 0
1466 0 0 0
1467 0 0 0
1468 0 0 0
1469 0 0 0
1470 0 0 0
1471 0 0 0
1472 0 0 0
1473 0 0 0
1474 0 0 0
1475 0 0 0
1476 0 0 0
1477 0 0 0
1478 0 0 0
1479 0 0 0
1480 0 0 0
1481 0 0 0
1482 0 0 0
1483 0 0 0
1484 0 0 0
1485 0 0 0
1486 0 0 0
1487 0 0 0
1488 0 0 0
1489 0 0 0
1490 0 0 0
1491 0 0 0
1492 0 0 0
1493 0 0 0
1494 0 0 0
1495 0 0 0
1496 0 0 0
1497 0 0 0
1498 0 0 0
1499 0 0 0
1500 0 0 0
1501 0 0 0
1502 0 0 0
1503 0 0 0
1504 0 0 0
1505 0 0 0
1506 0 0 0
1507 0 0 0
1508 0 0 0
1509 0 0 0
1510 0 0 0
1511 0 0 0
1512 0 0 0
1513 0 0 0
1514 0 0 0
1515 0 0 0
1516 0 0 0
1517 0 0 0
1518 0 0 0
1519 0 0 0
1520 0 0 0
1521 0 0 0
1522 0 0 0
1523 0 0 0
1524 0 0 0
1525 0 0 0
1526 0 0 0
1527 0 0 0
1528 0 0 0
1529 0 0 0
1530 0 0 0
1531 0 0 0
1532 0 0 0
1533 0 0 0
1534 0 0 0
1535 0 0 0
1536 0 0 0
1537 0 0 0
1538 0 0 0
1539 0 0 0
1540 0 0 0
1541 0 0 0
1542 0 0 0
1543 0 0 0
1544 0 0 0
1545 0 0 0
1546 0 0 0
1547 0 0 0
1548 0 0 0
1549 0 0 0
1550 0 0 0
1551 0 0 0
1552 0 0 0
1553 0 0 0
1554 0 0 0
1555 0 0 0
1556 0 0 0
1557 0 0 0
1558 0 0 0
1559 0 0 0
1560 0 0 0
1561 0 0 0
1562 0 0 0
1563 0 0 0
1564 0 0 0
1565 0 0 0
1566 0 0 0
1567 0 0 0
1568 0 0 0
1569 0 0 0
1570 0 0 0
1571 0 0 0
1572 0 0 0
1573 0 0 0
1574 0 0 0
1575 0 0 0
1576 0 0 0
1577 0 0 0
1578 0 0 0
1579 0 0 0
1580 0 0 0
1581 0 0 0
1582 0 0 0
1583 0 0 0
1584 0 0 0
1585 0 0 0
1586 0 0 0
1587 0 0 0
1588 0 0 0
1589 0 0 0
1590 0 0 0
1591 0 0 0
1592 0 0 0
1593 0 0 0
1594 0 0 0
1595 0 0 0
1596 0 0 0
1597 0 0 0
1598 0 0 0
1599 0 0 0
1600 0 0 0
1601 0 0 0
1602 0 0 0
1603 0 0 0
1604 0 0 0
1605 0 0 0
1606 0 0 0
1607 0 0 0
1608 0 0 0
1609 0 0 0
1610 0 0 0
1611 0 0 0
1612 0 0 0
1613 0 0 0
1614 0 0 0
1615 0 0 0
1616 0 0 0
1617 0 0 0
1618 0 0 0
1619 0 0 0
1620 0 0 0
1621 0 0 0
1622 0 0 0
1623 0 0 0
1624 0 0 0
1625 0 0 0
1626 0 0 0
1627 0 0 0
1628 0 0 0
1629 0 0 0
1630 0 0 0
1631 0 0 0
1632 0 0 0
1633 0 0 0
1634 0 0 0
1635 0 0 0
1636 0 0 0
1637 0 0 0
1638 0 0 0
1639 0 0 0
1640 0 0 0
1641 0 0 0
1642 0 0 0
1643 0 0 0
1644 0 0 0
1645 0 0 0
1646 0 0 0
1647 0 0 0
1648 0 0 0
1649 0 0 0
1650 0 0 0
1651 0 0 0
1652 0 0 0
1653 0 0 0
1654 0 0 0
1655 0 0 0
1656 0 0 0
1657 0 0 0
1658 0 0 0
1659 0 0 0
1660 0 0 0
1661 0 0 0
1662 0 0 0
1663 0 0 0
1664 0 0 0
1665 0 0 0
1666 0 0 0
1667 0 0 0
1668 0 0 0
1669 0 0 0
1670 0 0 0
1671 0 0 0
1672 0 0 0
1673 0 0 0
1674 0 0 0
1675 0 0 0
1676 0 0 0
1677 0 0 0
1678 0 0 0
1679 0 0 0
1680 0 0 0
1681 0 0 0
1682 0 0 0
1683 0 0 0
1684 0 0 0
1685 0 0 0
1686 0 0 0
1687 0 0 0
1688 0 0 0
1689 0 0 0
1690 0 0 0
1691 0 0 0
1692 0 0 0
1693 0 0 0
1694 0 0 0
1695 0 0 0
1696 0 0 0
1697 0 0 0
1698 0 0 0
1699 0 0 0
1700 0 0 0
1701 0 0 0
1702 0 0 0
1703 0 0 0
1704 0 0 0
1705 0 0 0
1706 0 0 0
1707 0 0 0
1708 0 0 0
1709 0 0 0
1710 0 0 0
1711 0 0 0
1712 0 0 0
1713 0 0 0
1714 0 0 0
1715 0 0 0
1716 0 0 0
1717 0 0 0
1718 0 0 0
1719 0 0 0
1720 0 0 0
1721 0 0 0
1722 0 0 0
1723 0 0 0
1724 0 0 0
1725 0 0 0
1726 0 0 0
1727 0 0 0
1728 0 0 0
1729 0 0 0
1730 0 0 0
1731 0 0 0
1732 0 0 0
1733 0 0 0
1734 0 0 0
1735 0 0 0
1736 0 0 0
1737 0 0 0
1738 0 0 0
1739 0 0 0
1740 0 0 0
1741 0 0 0
1742 0 0 0
1743 0 0 0
1744 0 0 0
1745 0 0 0
1746 0 0 0
1747 0 0 0
1748 0 0 0
1749 0 0 0
1750 0 0 0
1751 0 0 0
1752 0 0 0
1753 0 0 0
1754 0 0 0
1755 0 0 0
1756 0 0 0
1757 0 0 0
1758 0 0 0
1759 0 0 0
1760 0 0 0
1761 0 0 0
1762 0 0 0
1763 0 0 0
1764 0 0 0
1765 0 0 0
1766 0 0 0
1767 0 0 0
1768 0 0 0
1769 0 0 0
1770 0 0 0
1771 0 0 0
1772 0 0 0
1773 0 0 0
1774 0 0 0
1775 0 0 0
1776 0 0 0
1777 0 0 0
1778 0 0 0
1779 0 0 0
1780 0 0 0
1781 0 0 0
1782 0 0 0
1783 0 0 0
1784 0 0 0
1785 0 0 0
1786 0 0 0
1787 0 0 0
1788 0 0 0
1789 0 0 0
1790 0 0 0
1791 0 0 0
1792 0 0 0
1793 0 0 0
1794 0 0 0
1795 0 0 0
1796 0 0 0
1797 0 0 0
1798 0 0 0
1799 0 0 0
1800 0 0 0
1801 0 0 0
1802 0 0 0
1803 0 0 0
1804 0 0 0
1805 0 0 0
1806 0 0 0
1807 0 0 0
1808 0 0 0
1809 0 0 0
1810 0 0 0
1811 0 0 0
1812 0 0 0
1813 0 0 0
1814 0 0 0
1815 0 0 0
1816 0 0 0
1817 0 0 0
1818 0 0 0
1819 0 0 0
1820 0 0 0
1821 0 0 0
1822 0 0 0
1823 0 0 0
1824 0 0 0
1825 0 0 0
1826 0 0 0
1827 0 0 0
1828 0 0 0
1829 0 0 0
1830 0 0 0
1831 0 0 0
1832 0 0 0
1833 0 0 0
1834 0 0 0
1835 0 0 0
1836 0 0 0
1837 0 0 0
1838 0 0 0
1839 0 0 0
1840 0 0 0
1841 0 0 0
1842 0 0 0
1843 0 0 0
1844 0 0 0
1845 0 0 0
1846 0 0 0
1847 0 0 0
1848 0 0 0
1849 0 0 0
1850 0 0 0
1851 0 0 0
1852 0 0 0
1853 0 0 0
1854 0 0 0
1855 0 0 0
1856 0 0 0
1857 0 0 0
1858 0 0 0
1859 0 0 0
1860 0 0 0
1861 0 0 0
1862 0 0 0
1863 0 0 0
1864 0 0 0
1865 0 0 0
1866 0 0 0
1867 0 0 0
1868 0 0 0
1869 0 0 0
1870 0 0 0
1871 0 0 0
1872 0 0 0
1873 0 0 0
1874 0 0 0
1875 0 0 0
1876 0 0 0
1877 0 0 0
1878 0 0 0
1879 0 0 0
1880 0 0 0
1881 0 0 0
1882 0 0 0
1883 0 0 0
1884 0 0 0
1885 0 0 0
1886 0 0 0
1887 0 0 0
1888 0 0 0
1889 0 0 0
1890 0 0 0
1891 0 0 0
1892 0 0 0
1893 0 0 0
1894 0 0 0
1895 0 0 0
1896 0 0 0
1897 0 0 0
1898 0 0 0
1899 0 0 0
1900 0 0 0
1901 0 0 0
1902 0 0 0
1903 0 0 0
1904 0 0 0
1905 0 0 0
1906 0 0 0
1907 0 0 0
1908 0 0 0
1909 0 0 0
1910 0 0 0
1911 0 0 0
1912 0 0 0
1913 0 0 0
1914 0 0 0
1915 0 0 0
1916 0 0 0
1917 0 0 0
1918 0 0 0
1919 0 0 0
1920 0 0 0
1921 0 0 0
1922 0 0 0
1923 0 0 0
1924 0 0 0
1925 0 0 0
1926 0 0 0
1927 0 0 0
1928 0 0 0
1929 0 0 0
1930 0 0 0
1931 0 0 0
1932 0 0 0
1933 0 0 0
1934 0 0 0
1935 0 0 0
1936 0 0 0
1937 0 0 0
1938 0 0 0
1939 0 0 0
1940 0 0 0
1941 0 0 0
1942 0 0 0
1943 0 0 0
1944 0 0 0
1945 0 0 0
1946 0 0 0
1947 0 0 0
1948 0 0 0
1949 0 0 0
1950 0 0 0
1951 0 0 0
1952 0 0 0
1953 0 0 0
1954 0 0 0
1955 0 0 0
1956 0 0 0
1957 0 0 0
1958 0 0 0
1959 0 0 0
1960 0 0 0
1961 0 0 0
1962 0 0 0
1963 0 0 0
1964 0 0 0
1965 0 0 0
1966 0 0 0
1967 0 0 0
1968 0 0 0
1969 0 0 0
1970 0 0 0
1971 0 0 0
1972 0 0 0
1973 0 0 0
1974 0 0 0
1975 0 0 0
1976 0 0 0
1977 0 0 0
1978 0 0 0
1979 0 0 0
1980 0 0 0
1981 0 0 0
1982 0 0 0
1983 0 0 0
1984 0 0 0
1985 0 0 0
1986 0 0 0
1987 0 0 0
1988 0 0 0
1989 0 0 0
1990 0 0 0
1991 0 0 0
1992 0 0 0
1993 0 0 0
1994 0 0 0
1995 0 0 0
1996 0 0 0
1997 0 0 0
1998 0 0 0
1999 0 0 0
2000 0 0 0
2001 0 0 0
2002 0 0 0
2003 0 0 0
2004 0 0 0
2005 0 0 0
2006 0 0 0
2007 0 0 0
2008 0 0 0
2009 0 0 0
2010 0 0 0
2011 0 0 0
2012 0 0 0
2013 0 0 0
2014 0 0 0
2015 0 0 0
2016 0 0 0
2017 0 0 0
2018 0 0 0
2019 0 0 0
2020 0 0 0
2021 0 0 0
2022 0 0 0
2023 0 0 0
2024 0 0 0
2025 0 0 0
2026 0 0 0
2027 0 0 0
2028 0 0 0
2029 0 0 0
2030 0 0 0
2031 0 0 0
2032 0 0 0
2033 0 0 0
2034 0 0 0
2035 0 0 0
2036 0 0 0
2037 0 0 0
2038 0 0 0
2039 0 0 0
2040 0 0 0
2041 0 0 0
2042 0 0 0
2043 0 0 0
2044 0 0 0
2045 0 0 0
2046 0 0 0
2047 0 0 0
2048 0 0 0
2049 0 0 0
2050 0 0 0
2051 0 0 0
2052 0 0 0
2053 0 0 0
2054 0 0 0
2055 0 0 0
2056 0 0 0
2057 0 0 0
2058 0 0 0
2059 0 0 0
2060 0 0 0
2061 0 0 0
2062 0 0 0
2063 0 0 0
2064 0 0 0
2065 0 0 0
2066 0 0 0
2067 0 0 0
2068 0 0 0
2069 0 0 0
2070 0 0 0
2071 0 0 0
2072 0 0 0
2073 0 0 0
2074 0 0 0
2075 0 0 0
2076 0 0 0
2077 0 0 0
2078 0 0 0
2079 0 0 0
2080 0 0 0
2081 0 0 0
2082 0 0 0
2083 0 0 0
2084 0 0 0
2085 0 0 0
2086 0 0 0
2087 0 0 0
2088 0 0 0
2089 0 0 0
2090 0 0 0
2091 0 0 0
2092 0 0 0
2093 0 0 0
2094 0 0 0
2095 0 0 0
2096 0 0 0
2097 0 0 0
2098 0 0 0
2099 0 0 0
2100 0 0 0
2101 0 0 0
2102 0 0 0
2103 0 0 0
2104 0 0 0
2105 0 0 0
2106 0 0 0
2107 0 0 0
2108 0 0 0
2109 0 0 0
2110 0 0 0
2111 0 0 0
2112 0 0 0
2113 0 0 0
2114 0 0 0
2115 0 0 0
2116 0 0 0
2117 0 0 0
2118 0 0 0
2119 0 0 0
2120 0 0 0
2121 0 0 0
2122 0 0 0
2123 0 0 0
2124 0 0 0
2125 0 0 0
2126 0 0 0
2127 0 0 0
2128 0 0 0
2129 0 0 0
2130 0 0 0
2131 0 0 0
2132 0 0 0
2133 0 0 0
2134 0 0 0
2135 0 0 0
2136 0 0 0
2137 0 0 0
2138 0 0 0
2139 0 0 0
2140 0 0 0
2141 0 0 0
2142 0 0 0
2143 0 0 0
2144 0 0 0
2145 0 0 0
2146 0 0 0
2147 0 0 0
2148 0 0 0
2149 0 0 0
2150 0 0 0
2151 0 0 0
2152 0 0 0
2153 0 0 0
2154 0 0 0
2155 0 0 0
2156 0 0 0
2157 0 0 0
2158 0 0 0
2159 0 0 0
2160 0 0 0
2161 0 0 0
2162 0 0 0
2163 0 0 0
2164 0 0 0
2165 0 0 0
2166 0 0 0
2167 0 0 0
2168 0 0 0
2169 0 0 0
2170 0 0 0
2171 0 0 0
2172 0 0 0
2173 0 0 0
2174 0 0 0
2175 0 0 0
2176 0 0 0
2177 0 0 0
2178 0 0 0
2179 0 0 0
2180 0 0 0
2181 0 0 0
2182 0 0 0
2183 0 0 0
2184 0 0 0
2185 0 0 0
2186 0 0 0
2187 0 0 0
2188 0 0 0
2189 0 0 0
2190 0 0 0
2191 0 0 0
2192 0 0 0
2193 0 0 0
2194 0 0 0
2195 0 0 0
2196 0 0 0
2197 0 0 0
2198 0 0 0
2199 0 0 0
2200 0 0 0
2201 0 0 0
2202 0 0 0
2203 0 0 0
2204 0 0 0
2205 0 0 0
2206 0 0 0
2207 0 0 0
2208 0 0 0
2209 0 0 0
2210 0 0 0
2211 0 0 0
2212 0 0 0
2213 0 0 0
2214 0 0 0
2215 0 0 0
2216 0 0 0
2217 0 0 0
2218 0 1 0
2219 0 1 0
2220 1 0 0
2221 1 0 0
2222 0 1 0
2223 0 1 0
2224 0 1 0
2225 1 0 0
2226 1 0 0
2227 0 1 0
2228 0 1 0
2229 0 1 0
2230 1 0 0
2231 1 0 0
2232 0 1 0
2233 0 1 0
2234 0 1 0
2235 1 0 0
2236 1 0 0
2237 0 1 0
2238 0 1 0
2239 0 1 0
2240 1 0 0
2241 1 0 0
2242 0 1 0
2243 0 1 0
2244 0 1 0
2245 1 0 0
2246 1 0 0
2247 0 1 0
2248 0 1 0
2249 0 1 0
2250 1 0 0
2251 1 0 0
2252 0 1 0
2253 0 1 0
2254 0 1 0
2255 1 0 0
2256 1 0 0
2257 0 1 0
2258 0 1 0
2259 0 1 0
2260 1 0 0
2261 1 0 0
2262 0 1 0
2263 0 1 0
2264 0 1 0
2265 1 0 0
2266 1 0 0
2267 0 1 0
2268 0 1 0
2269 0 1 0
2270 1 0 0
2271 1 0 0
2272 0 1 0
2273 0 1 0
2274 0 1 0
2275 1 0 0
2276 1 0 0
2277 0 1 0
2278 0 1 0
2279 0 1 0
2280 1 0 0
2281 1 0 0
2282 0 1 0
2283 0 1 0
2284 0 1 0
2285 1 0 0
2286 1 0 0
2287 0 1 0
2288 0 1 0
2289 0 1 0
2290 1 0 0
2291 1 0 0
2292 0 1 0
2293 0 1 0
2294 0 1 0
2295 1 0 0
2296 1 0 0
2297 0 1 0
2298 0 1 0
2299 0 1 0
2300 0 1 0
2301 0 1 0
2302 1 0 0
2303 1 0 0
2304 0 1 0
2305 0 1 0
2306 0 1 0
2307 0 1 0
2308 0 1 0
2309 0 1 0
2310 1 0 0
2311 1 0 0
2312 0 1 0
2313 0 1 0
2314 0 1 0
2315 0 1 0
2316 0 1 0
2317 0 1 0
2318 1 0 0
2319 1 0 0
2320 0 1 0
2321 0 1 0
2322 0 1 0
2323 0 1 0
2324 0 1 0
2325 0 1 0
2326 1 0 0
2327 1 0 0
2328 0 1 0
2329 0 1 0
2330 0 1 0
2331 0 1 0
2332 0 1 0
2333 0 1 0
2334 1 0 0
2335 1 0 0
2336 0 1 0
2337 0 1 0
2338 0 1 0
2339 0 1 0
2340 0 1 0
2341 0 1 0
2342 1 0 0
2343 1 0 0
2344 0 1 0
2345 0 1 0
2346 0 1 0
2347 0 1 0
2348 0 1 0
2349 0 1 0
2350 1 0 0
2351 1 0 0
2352 0 1 0
2353 0 1 0
2354 0 1 0
2355 0 1 0
2356 0 1 0
2357 0 1 0
2358 1 0 0
2359 1 0 0
2360 0 1 0
2361 0 1 0
2362 0 1 0
2363 0 1 0
2364 0 1 0
2365 0 1 0
2366 1 0 0
2367 1 0 0
2368 0 1 0
2369 0 1 0
2370 0 1 0
2371 0 1 0
2372 0 1 0
2373 0 1 0
2374 1 0 0
2375 1 0 0
2376 0 1 0
2377 0 1 0
2378 0 1 0
2379 0 1 0
2380 0 1 0
2381 0 1 0
2382 1 0 0
2383 1 0 0
2384 0 1 0
2385 0 1 0
2386 0 1 0
2387 0 1 0
2388 0 1 0
2389 0 1 0
2390 1 0 0
2391 1 0 0
2392 0 1 0
2393 0 1 0
2394 0 1 0
2395 0 1 0
2396 0 1 0
2397 0 1 0
2398 1 0 0
2399 1 0 0
2400 0 1 0
2401 0 1 0
2402 0 1 0
2403 0 1 0
2404 0 1 0
2405 0 1 0
2406 1 0 0
2407 1 0 0
2408 0 1 0
2409 0 1 0
2410 0 1 0
2411 0 1 0
2412 0 1 0
2413 0 1 0
2414 1 0 0
2415 1 0 0
2416 0 1 0
2417 0 1 0
2418 0 0 0
2419 0 0 0
2420 0 0 0
2421 0 0 0
2422 1 0 0
2423 0 0 0
2424 0 0 0
2425 0 1 0
2426 0 1 0
2427 1 0 0
2428 1 0 0
2429 0 1 0
2430 0 1 0
2431 0 1 0
2432 1 0 0
2433 1 0 0
2434 0 1 0
2435 0 1 0
2436 0 1 0
2437 1 0 0
2438 1 0 0
2439 0 1 0
2440 0 1 0
2441 0 1 0
2442 1 0 0
2443 1 0 0
2444 0 1 0
2445 0 1 0
2446 0 1 0
2447 1 0 0
2448 1 0 0
2449 0 1 0
2450 0 1 0
2451 0 1 0
2452 1 0 0
2453 1 0 0
2454 0 1 0
2455 0 1 0
2456 0 1 0
2457 1 0 0
2458 1 0 0
2459 0 1 0
2460 0 1 0
2461 0 1 0
2462 1 0 0
2463 1 0 0
2464 0 1 0
2465 0 1 0
2466 0 1 0
2467 1 0 0
2468 1 0 0
2469 0 1 0
2470 0 1 0
2471 0 1 0
2472 1 0 0
2473 1 0 0
2474 0 1 0
2475 0 1 0
2476 0 1 0
2477 1 0 0
2478 1 0 0
2479 0 1 0
2480 0 1 0
2481 0 1 0
2482 1 0 0
2483 1 0 0
2484 0 1 0
2485 0 1 0
2486 0 1 0
2487 1 0 0
2488 1 0 0
2489 0 1 0
2490 0 1 0
2491 0 1 0
2492 1 0 0
2493 1 0 0
2494 0 1 0
2495 0 1 0
2496 0 1 0
2497 1 0 0
2498 1 0 0
2499 0 1 0
2500 0 1 0
2501 0 1 0
2502 1 0 0
2503 1 0 0
2504 0 1 0
2505 0 1 0
2506 0 1 0
2507 0 1 0
2508 0 1 0
2509 1 0 0
2510 1 0 0
2511 0 1 0
2512 0 1 0
2513 0 1 0
2514 0 1 0
2515 0 1 0
2516 0 1 0
2517 1 0 0
2518 1 0 0
2519 0 1 0
2520 0 1 0
2521 0 1 0
2522 0 1 0
2523 0 1 0
2524 0 1 0
2525 1 0 0
2526 1 0 0
2527 0 1 0
2528 0 1 0
2529 0 1 0
2530 0 1 0
2531 0 1 0
2532 0 1 0
2533 1 0 0
2534 1 0 0
2535 0 1 0
2536 0 1 0
2537 0 1 0
2538 0 1 0
2539 0 1 0
2540 0 1 0
2541 1 0 0
2542 1 0 0
2543 0 1 0
2544 0 1 0
2545 0 1 0
2546 0 1 0
2547 0 1 0
2548 0 1 0
2549 1 0 0
2550 1 0 0
2551 0 1 0
2552 0 1 0
2553 0 1 0
2554 0 1 0
2555 0 1 0
2556 0 1 0
2557 1 0 0
2558 1 0 0
2559 0 1 0
2560 0 1 0
2561 0 1 0
2562 0 1 0
2563 0 1 0
2564 0 1 0
2565 1 0 0
2566 1 0 0
2567 0 1 0
2568 0 1 0
2569 0 1 0
2570 0 1 0
2571 0 1 0
2572 0 1 0
2573 1 0 0
2574 1 0 0
2575 0 1 0
2576 0 1 0
2577 0 1 0
2578 0 1 0
2579 0 1 0
2580 0 1 0
2581 1 0 0
2582 1 0 0
2583 0 1 0
2584 0 1 0
2585 0 1 0
2586 0 1 0
2587 0 1 0
2588 0 1 0
2589 1 0 0
2590 1 0 0
2591 0 1 0
2592 0 1 0
2593 0 1 0
2594 0 1 0
2595 0 1 0
2596 0 1 0
2597 1 0 0
2598 1 0 0
2599 0 1 0
2600 0 1 0
2601 0 1 0
2602 0 1 0
2603 0 1 0
2604 0 1 0
2605 1 0 0
2606 1 0 0
2607 0 1 0
2608 0 1 0
2609 0 1 0
2610 0 1 0
2611 0 1 0
2612 0 1 0
2613 1 0 0
2614 1 0 0
2615 0 1 0
2616 0 1 0
2617 0 1 0
2618 0 1 0
2619 0 1 0
2620 0 1 0
2621 1 0 0
2622 1 0 0
2623 0 1 0
2624 0 1 0
2625 0 0 0
2626 0 0 0
2627 0 0 0
2628 0 0 0
2629 1 0 0
2630 0 0 0
2631 0 0 0
2632 0 0 0
2633 0 0 0
2634 0 0 0
2635 0 0 0
2636 0 1 0
2637 0 1 0
2638 1 0 0
2639 1 0 0
2640 0 1 0
2641 0 1 0
2642 0 1 0
2643 1 0 0
2644 1 0 0
2645 0 1 0
2646 0 1 0
2647 0 1 0
2648 1 0 0
2649 1 0 0
2650 0 1 0
2651 0 1 0
2652 0 1 0
2653 1 0 0
2654 1 0 0
2655 0 1 0
2656 0 1 0
2657 0 1 0
2658 1 0 0
2659 1 0 0
2660 0 1 0
2661 0 1 0
2662 0 1 0
2663 1 0 0
2664 1 0 0
2665 0 1 0
2666 0 1 0
2667 0 1 0
2668 1 0 0
2669 1 0 0
2670 0 1 0
2671 0 1 0
2672 0 1 0
2673 0 1 0
2674 0 1 0
2675 1 0 0
2676 1 0 0
2677 0 1 0
2678 0 1 0
2679 0 1 0
2680 0 1 0
2681 0 1 0
2682 0 1 0
2683 1 0 0
2684 1 0 0
2685 0 1 0
2686 0 1 0
2687 0 1 0
2688 0 1 0
2689 0 1 0
2690 0 1 0
2691 1 0 0
2692 1 0 0
2693 0 1 0
2694 0 1 0
2695 0 1 0
2696 0 1 0
2697 0 1 0
2698 0 1 0
2699 1 0 0
2700 1 0 0
2701 0 1 0
2702 0 1 0
2703 0 1 0
2704 0 1 0
2705 0 1 0
2706 0 1 0
2707 1 0 0
2708 1 0 0
2709 0 1 0
2710 0 1 0
2711 0 1 0
2712 0 1 0
2713 0 1 0
2714 0 1 0
2715 1 0 0
2716 1 0 0
2717 0 1 0
2718 0 1 0
2719 0 0 0
2720 0 0 0
2721 0 0 0
2722 0 0 0
2723 0 1 0
2724 0 1 0
2725 1 0 0
2726 1 0 0
2727 0 1 0
2728 0 1 0
2729 0 1 0
2730 1 0 0
2731 1 0 0
2732 0 1 0
2733 0 1 0
2734 0 1 0
2735 1 0 0
2736 1 0 0
2737 0 1 0
2738 0 1 0
2739 0 1 0
2740 1 0 0
2741 1 0 0
2742 0 1 0
2743 0 1 0
2744 0 1 0
2745 1 0 0
2746 1 0 0
2747 0 1 0
2748 0 1 0
2749 0 1 0
2750 1 0 0
2751 1 0 0
2752 0 1 0
2753 0 1 0
2754 0 1 0
2755 1 0 0
2756 1 0 0
2757 0 1 0
2758 0 1 0
2759 0 1 0
2760 0 1 0
2761 0 1 0
2762 1 0 0
2763 1 0 0
2764 0 1 0
2765 0 1 0
2766 0 1 0
2767 0 1 0
2768 0 1 0
2769 0 1 0
2770 1 0 0
2771 1 0 0
2772 0 1 0
2773 0 1 0
2774 0 1 0
2775 0 1 0
2776 0 1 0
2777 0 1 0
2778 1 0 0
2779 1 0 0
2780 0 1 0
2781 0 1 0
2782 0 1 0
2783 0 1 0
2784 0 1 0
2785 0 1 0
2786 1 0 0
2787 1 0 0
2788 0 1 0
2789 0 1 0
2790 0 1 0
2791 0 1 0
2792 0 1 0
2793 0 1 0
2794 1 0 0
2795 1 0 0
2796 0 1 0
2797 0 1 0
2798 0 1 0
2799 0 1 0
2800 0 1 0
2801 0 1 0
2802 1 0 0
2803 1 0 0
2804 0 1 0
2805 0 1 0
2806 0 0 0
2807 0 0 0
2808 0 0 0
2809 0 0 0
2810 0 0 1
2811 0 0 1
2812 1 0 0
2813 1 0 0
2814 0 0 1
2815 0 0 1
2816 0 0 1
2817 1 0 0
2818 1 0 0
2819 0 0 1
2820 0 0 1
2821 0 0 1
2822 1 0 0
2823 1 0 0
2824 0 0 1
2825 0 0 1
2826 0 0 1
2827 1 0 0
2828 1 0 0
2829 0 0 1
2830 0 0 1
2831 0 0 1
2832 1 0 0
2833 1 0 0
2834 0 0 1
2835 0 0 1
2836 0 0 1
2837 1 0 0
2838 1 0 0
2839 0 0 1
2840 0 0 1
2841 0 0 1
2842 1 0 0
2843 1 0 0
2844 0 0 1
2845 0 0 1
2846 0 0 1
2847 1 0 0
2848 1 0 0
2849 0 0 1
2850 0 0 1
2851 0 0 1
2852 0 0 1
2853 0 0 1
2854 1 0 0
2855 1 0 0
2856 0 0 1
2857 0 0 1
2858 0 0 1
2859 0 0 1
2860 0 0 1
2861 0 0 1
2862 1 0 0
2863 1 0 0
2864 0 0 1
2865 0 0 1
2866 0 0 1
2867 0 0 1
2868 0 0 1
2869 0 0 1
2870 1 0 0
2871 1 0 0
2872 0 0 1
2873 0 0 1
2874 0 0 1
2875 0 0 1
2876 0 0 1
2877 0 0 1
2878 1 0 0
2879 1 0 0
2880 0 0 1
2881 0 0 1
2882 0 0 1
2883 0 0 1
2884 0 0 1
2885 0 0 1
2886 1 0 0
2887 1 0 0
2888 0 0 1
2889 0 0 1
2890 0 0 1
2891 0 0 1
2892 0 0 1
2893 0 0 1
2894 1 0 0
2895 1 0 0
2896 0 0 1
2897 0 0 1
2898 0 0 1
2899 0 0 1
2900 0 0 1
2901 0 0 1
2902 1 0 0
2903 1 0 0
2904 0 0 1
2905 0 0 1
2906 0 0 0
2907 0 0 0
2908 0 0 0
2909 0 0 0
2910 1 0 0
$EndElementData
$AnafData
1
1
GLOBAL 3 1
"Gravity"
0 -9.80665 0
$EndAnafData
