$MeshFormat
4.1 0 8
$EndMeshFormat
$PhysicalNames
7
1 1 "Material:Structural Steel S355 (EN 10025)"
1 2 "Section:HEB 400"
1 3 "Section:HEB 500"
1 4 "Section:HEB 600"
1 5 "Section:CHS 114.3x5"
1 6 "Section:CHS 139.7x6.3"
1 7 "Section:CHS 323.9x12.5"
$EndPhysicalNames
$Entities
0 6 0 0
1 0 6 0 144 6 72 2 1 4 0
2 0 6 0 144 6 72 2 1 3 0
3 0 15 0 144 18 72 2 1 6 0
4 0 15 0 144 18 72 2 1 5 0
5 0 0 0 144 6 72 2 1 2 0
6 0 6 0 144 15 72 2 1 7 0
$EndEntities
$Nodes
1 1029 1 1029
1 1 0 1029
1
2
3
4
5
6
7
8
9
10
11
12
13
14
15
16
17
18
19
20
21
22
23
24
25
26
27
28
29
30
31
32
33
34
35
36
37
38
39
40
41
42
43
44
45
46
47
48
49
50
51
52
53
54
55
56
57
58
59
60
61
62
63
64
65
66
67
68
69
70
71
72
73
74
75
76
77
78
79
80
81
82
83
84
85
86
87
88
89
90
91
92
93
94
95
96
97
98
99
100
101
102
103
104
105
106
107
108
109
110
111
112
113
114
115
116
117
118
119
120
121
122
123
124
125
126
127
128
129
130
131
132
133
134
135
136
137
138
139
140
141
142
143
144
145
146
147
148
149
150
151
152
153
154
155
156
157
158
159
160
161
162
163
164
165
166
167
168
169
170
171
172
173
174
175
176
177
178
179
180
181
182
183
184
185
186
187
188
189
190
191
192
193
194
195
196
197
198
199
200
201
202
203
204
205
206
207
208
209
210
211
212
213
214
215
216
217
218
219
220
221
222
223
224
225
226
227
228
229
230
231
232
233
234
235
236
237
238
239
240
241
242
243
244
245
246
247
248
249
250
251
252
253
254
255
256
257
258
259
260
261
262
263
264
265
266
267
268
269
270
271
272
273
274
275
276
277
278
279
280
281
282
283
284
285
286
287
288
289
290
291
292
293
294
295
296
297
298
299
300
301
302
303
304
305
306
307
308
309
310
311
312
313
314
315
316
317
318
319
320
321
322
323
324
325
326
327
328
329
330
331
332
333
334
335
336
337
338
339
340
341
342
343
344
345
346
347
348
349
350
351
352
353
354
355
356
357
358
359
360
361
362
363
364
365
366
367
368
369
370
371
372
373
374
375
376
377
378
379
380
381
382
383
384
385
386
387
388
389
390
391
392
393
394
395
396
397
398
399
400
401
402
403
404
405
406
407
408
409
410
411
412
413
414
415
416
417
418
419
420
421
422
423
424
425
426
427
428
429
430
431
432
433
434
435
436
437
438
439
440
441
442
443
444
445
446
447
448
449
450
451
452
453
454
455
456
457
458
459
460
461
462
463
464
465
466
467
468
469
470
471
472
473
474
475
476
477
478
479
480
481
482
483
484
485
486
487
488
489
490
491
492
493
494
495
496
497
498
499
500
501
502
503
504
505
506
507
508
509
510
511
512
513
514
515
516
517
518
519
520
521
522
523
524
525
526
527
528
529
530
531
532
533
534
535
536
537
538
539
540
541
542
543
544
545
546
547
548
549
550
551
552
553
554
555
556
557
558
559
560
561
562
563
564
565
566
567
568
569
570
571
572
573
574
575
576
577
578
579
580
581
582
583
584
585
586
587
588
589
590
591
592
593
594
595
596
597
598
599
600
601
602
603
604
605
606
607
608
609
610
611
612
613
614
615
616
617
618
619
620
621
622
623
624
625
626
627
628
629
630
631
632
633
634
635
636
637
638
639
640
641
642
643
644
645
646
647
648
649
650
651
652
653
654
655
656
657
658
659
660
661
662
663
664
665
666
667
668
669
670
671
672
673
674
675
676
677
678
679
680
681
682
683
684
685
686
687
688
689
690
691
692
693
694
695
696
697
698
699
700
701
702
703
704
705
706
707
708
709
710
711
712
713
714
715
716
717
718
719
720
721
722
723
724
725
726
727
728
729
730
731
732
733
734
735
736
737
738
739
740
741
742
743
744
745
746
747
748
749
750
751
752
753
754
755
756
757
758
759
760
761
762
763
764
765
766
767
768
769
770
771
772
773
774
775
776
777
778
779
780
781
782
783
784
785
786
787
788
789
790
791
792
793
794
795
796
797
798
799
800
801
802
803
804
805
806
807
808
809
810
811
812
813
814
815
816
817
818
819
820
821
822
823
824
825
826
827
828
829
830
831
832
833
834
835
836
837
838
839
840
841
842
843
844
845
846
847
848
849
850
851
852
853
854
855
856
857
858
859
860
861
862
863
864
865
866
867
868
869
870
871
872
873
874
875
876
877
878
879
880
881
882
883
884
885
886
887
888
889
890
891
892
893
894
895
896
897
898
899
900
901
902
903
904
905
906
907
908
909
910
911
912
913
914
915
916
917
918
919
920
921
922
923
924
925
926
927
928
929
930
931
932
933
934
935
936
937
938
939
940
941
942
943
944
945
946
947
948
949
950
951
952
953
954
955
956
957
958
959
960
961
962
963
964
965
966
967
968
969
970
971
972
973
974
975
976
977
978
979
980
981
982
983
984
985
986
987
988
989
990
991
992
993
994
995
996
997
998
999
1000
1001
1002
1003
1004
1005
1006
1007
1008
1009
1010
1011
1012
1013
1014
1015
1016
1017
1018
1019
1020
1021
1022
1023
1024
1025
1026
1027
1028
1029
0 6 0
0 6 6
0 6 12
0 6 18
0 6 24
0 6 30
0 6 36
0 6 42
0 6 48
0 6 54
0 6 60
0 6 66
0 6 72
6 6 0
6 6 6
6 6 12
6 6 18
6 6 24
6 6 30
6 6 36
6 6 42
6 6 48
6 6 54
6 6 60
6 6 66
6 6 72
12 6 0
12 6 6
12 6 12
12 6 18
12 6 24
12 6 30
12 6 36
12 6 42
12 6 48
12 6 54
12 6 60
12 6 66
12 6 72
18 6 0
18 6 6
18 6 12
18 6 18
18 6 24
18 6 30
18 6 36
18 6 42
18 6 48
18 6 54
18 6 60
18 6 66
18 6 72
24 6 0
24 6 6
24 6 12
24 6 18
24 6 24
24 6 30
24 6 36
24 6 42
24 6 48
24 6 54
24 6 60
24 6 66
24 6 72
30 6 0
30 6 6
30 6 12
30 6 18
30 6 24
30 6 30
30 6 36
30 6 42
30 6 48
30 6 54
30 6 60
30 6 66
30 6 72
36 6 0
36 6 6
36 6 12
36 6 18
36 6 24
36 6 30
36 6 36
36 6 42
36 6 48
36 6 54
36 6 60
36 6 66
36 6 72
42 6 0
42 6 6
42 6 12
42 6 18
42 6 24
42 6 30
42 6 36
42 6 42
42 6 48
42 6 54
42 6 60
42 6 66
42 6 72
48 6 0
48 6 6
48 6 12
48 6 18
48 6 24
48 6 30
48 6 36
48 6 42
48 6 48
48 6 54
48 6 60
48 6 66
48 6 72
54 6 0
54 6 6
54 6 12
54 6 18
54 6 24
54 6 30
54 6 36
54 6 42
54 6 48
54 6 54
54 6 60
54 6 66
54 6 72
60 6 0
60 6 6
60 6 12
60 6 18
60 6 24
60 6 30
60 6 36
60 6 42
60 6 48
60 6 54
60 6 60
60 6 66
60 6 72
66 6 0
66 6 6
66 6 12
66 6 18
66 6 24
66 6 30
66 6 36
66 6 42
66 6 48
66 6 54
66 6 60
66 6 66
66 6 72
72 6 0
72 6 6
72 6 12
72 6 18
72 6 24
72 6 30
72 6 36
72 6 42
72 6 48
72 6 54
72 6 60
72 6 66
72 6 72
78 6 0
78 6 6
78 6 12
78 6 18
78 6 24
78 6 30
78 6 36
78 6 42
78 6 48
78 6 54
78 6 60
78 6 66
78 6 72
84 6 0
84 6 6
84 6 12
84 6 18
84 6 24
84 6 30
84 6 36
84 6 42
84 6 48
84 6 54
84 6 60
84 6 66
84 6 72
90 6 0
90 6 6
90 6 12
90 6 18
90 6 24
90 6 30
90 6 36
90 6 42
90 6 48
90 6 54
90 6 60
90 6 66
90 6 72
96 6 0
96 6 6
96 6 12
96 6 18
96 6 24
96 6 30
96 6 36
96 6 42
96 6 48
96 6 54
96 6 60
96 6 66
96 6 72
102 6 0
102 6 6
102 6 12
102 6 18
102 6 24
102 6 30
102 6 36
102 6 42
102 6 48
102 6 54
102 6 60
102 6 66
102 6 72
108 6 0
108 6 6
108 6 12
108 6 18
108 6 24
108 6 30
108 6 36
108 6 42
108 6 48
108 6 54
108 6 60
108 6 66
108 6 72
114 6 0
114 6 6
114 6 12
114 6 18
114 6 24
114 6 30
114 6 36
114 6 42
114 6 48
114 6 54
114 6 60
114 6 66
114 6 72
120 6 0
120 6 6
120 6 12
120 6 18
120 6 24
120 6 30
120 6 36
120 6 42
120 6 48
120 6 54
120 6 60
120 6 66
120 6 72
126 6 0
126 6 6
126 6 12
126 6 18
126 6 24
126 6 30
126 6 36
126 6 42
126 6 48
126 6 54
126 6 60
126 6 66
126 6 72
132 6 0
132 6 6
132 6 12
132 6 18
132 6 24
132 6 30
132 6 36
132 6 42
132 6 48
132 6 54
132 6 60
132 6 66
132 6 72
138 6 0
138 6 6
138 6 12
138 6 18
138 6 24
138 6 30
138 6 36
138 6 42
138 6 48
138 6 54
138 6 60
138 6 66
138 6 72
144 6 0
144 6 6
144 6 12
144 6 18
144 6 24
144 6 30
144 6 36
144 6 42
144 6 48
144 6 54
144 6 60
144 6 66
144 6 72
0 15 0
0 15 6
0 15 12
0 15 18
0 15 24
0 15 30
0 15 36
0 15 42
0 15 48
0 15 54
0 15 60
0 15 66
0 15 72
6 15 0
6 15 6
6 15 12
6 15 18
6 15 24
6 15 30
6 15 36
6 15 42
6 15 48
6 15 54
6 15 60
6 15 66
6 15 72
12 15 0
12 15 6
12 15 12
12 15 18
12 15 24
12 15 30
12 15 36
12 15 42
12 15 48
12 15 54
12 15 60
12 15 66
12 15 72
18 15 0
18 15 6
18 15 12
18 15 18
18 15 24
18 15 30
18 15 36
18 15 42
18 15 48
18 15 54
18 15 60
18 15 66
18 15 72
24 15 0
24 15 6
24 15 12
24 15 18
24 15 24
24 15 30
24 15 36
24 15 42
24 15 48
24 15 54
24 15 60
24 15 66
24 15 72
30 15 0
30 15 6
30 15 12
30 15 18
30 15 24
30 15 30
30 15 36
30 15 42
30 15 48
30 15 54
30 15 60
30 15 66
30 15 72
36 15 0
36 15 6
36 15 12
36 15 18
36 15 24
36 15 30
36 15 36
36 15 42
36 15 48
36 15 54
36 15 60
36 15 66
36 15 72
42 15 0
42 15 6
42 15 12
42 15 18
42 15 24
42 15 30
42 15 36
42 15 42
42 15 48
42 15 54
42 15 60
42 15 66
42 15 72
48 15 0
48 15 6
48 15 12
48 15 18
48 15 24
48 15 30
48 15 36
48 15 42
48 15 48
48 15 54
48 15 60
48 15 66
48 15 72
54 15 0
54 15 6
54 15 12
54 15 18
54 15 24
54 15 30
54 15 36
54 15 42
54 15 48
54 15 54
54 15 60
54 15 66
54 15 72
60 15 0
60 15 6
60 15 12
60 15 18
60 15 24
60 15 30
60 15 36
60 15 42
60 15 48
60 15 54
60 15 60
60 15 66
60 15 72
66 15 0
66 15 6
66 15 12
66 15 18
66 15 24
66 15 30
66 15 36
66 15 42
66 15 48
66 15 54
66 15 60
66 15 66
66 15 72
72 15 0
72 15 6
72 15 12
72 15 18
72 15 24
72 15 30
72 15 36
72 15 42
72 15 48
72 15 54
72 15 60
72 15 66
72 15 72
78 15 0
78 15 6
78 15 12
78 15 18
78 15 24
78 15 30
78 15 36
78 15 42
78 15 48
78 15 54
78 15 60
78 15 66
78 15 72
84 15 0
84 15 6
84 15 12
84 15 18
84 15 24
84 15 30
84 15 36
84 15 42
84 15 48
84 15 54
84 15 60
84 15 66
84 15 72
90 15 0
90 15 6
90 15 12
90 15 18
90 15 24
90 15 30
90 15 36
90 15 42
90 15 48
90 15 54
90 15 60
90 15 66
90 15 72
96 15 0
96 15 6
96 15 12
96 15 18
96 15 24
96 15 30
96 15 36
96 15 42
96 15 48
96 15 54
96 15 60
96 15 66
96 15 72
102 15 0
102 15 6
102 15 12
102 15 18
102 15 24
102 15 30
102 15 36
102 15 42
102 15 48
102 15 54
102 15 60
102 15 66
102 15 72
108 15 0
108 15 6
108 15 12
108 15 18
108 15 24
108 15 30
108 15 36
108 15 42
108 15 48
108 15 54
108 15 60
108 15 66
108 15 72
114 15 0
114 15 6
114 15 12
114 15 18
114 15 24
114 15 30
114 15 36
114 15 42
114 15 48
114 15 54
114 15 60
114 15 66
114 15 72
120 15 0
120 15 6
120 15 12
120 15 18
120 15 24
120 15 30
120 15 36
120 15 42
120 15 48
120 15 54
120 15 60
120 15 66
120 15 72
126 15 0
126 15 6
126 15 12
126 15 18
126 15 24
126 15 30
126 15 36
126 15 42
126 15 48
126 15 54
126 15 60
126 15 66
126 15 72
132 15 0
132 15 6
132 15 12
132 15 18
132 15 24
132 15 30
132 15 36
132 15 42
132 15 48
132 15 54
132 15 60
132 15 66
132 15 72
138 15 0
138 15 6
138 15 12
138 15 18
138 15 24
138 15 30
138 15 36
138 15 42
138 15 48
138 15 54
138 15 60
138 15 66
138 15 72
144 15 0
144 15 6
144 15 12
144 15 18
144 15 24
144 15 30
144 15 36
144 15 42
144 15 48
144 15 54
144 15 60
144 15 66
144 15 72
3 18 3
3 18 9
3 18 15
3 18 21
3 18 27
3 18 33
3 18 39
3 18 45
3 18 51
3 18 57
3 18 63
3 18 69
9 18 3
9 18 9
9 18 15
9 18 21
9 18 27
9 18 33
9 18 39
9 18 45
9 18 51
9 18 57
9 18 63
9 18 69
15 18 3
15 18 9
15 18 15
15 18 21
15 18 27
15 18 33
15 18 39
15 18 45
15 18 51
15 18 57
15 18 63
15 18 69
21 18 3
21 18 9
21 18 15
21 18 21
21 18 27
21 18 33
21 18 39
21 18 45
21 18 51
21 18 57
21 18 63
21 18 69
27 18 3
27 18 9
27 18 15
27 18 21
27 18 27
27 18 33
27 18 39
27 18 45
27 18 51
27 18 57
27 18 63
27 18 69
33 18 3
33 18 9
33 18 15
33 18 21
33 18 27
33 18 33
33 18 39
33 18 45
33 18 51
33 18 57
33 18 63
33 18 69
39 18 3
39 18 9
39 18 15
39 18 21
39 18 27
39 18 33
39 18 39
39 18 45
39 18 51
39 18 57
39 18 63
39 18 69
45 18 3
45 18 9
45 18 15
45 18 21
45 18 27
45 18 33
45 18 39
45 18 45
45 18 51
45 18 57
45 18 63
45 18 69
51 18 3
51 18 9
51 18 15
51 18 21
51 18 27
51 18 33
51 18 39
51 18 45
51 18 51
51 18 57
51 18 63
51 18 69
57 18 3
57 18 9
57 18 15
57 18 21
57 18 27
57 18 33
57 18 39
57 18 45
57 18 51
57 18 57
57 18 63
57 18 69
63 18 3
63 18 9
63 18 15
63 18 21
63 18 27
63 18 33
63 18 39
63 18 45
63 18 51
63 18 57
63 18 63
63 18 69
69 18 3
69 18 9
69 18 15
69 18 21
69 18 27
69 18 33
69 18 39
69 18 45
69 18 51
69 18 57
69 18 63
69 18 69
75 18 3
75 18 9
75 18 15
75 18 21
75 18 27
75 18 33
75 18 39
75 18 45
75 18 51
75 18 57
75 18 63
75 18 69
81 18 3
81 18 9
81 18 15
81 18 21
81 18 27
81 18 33
81 18 39
81 18 45
81 18 51
81 18 57
81 18 63
81 18 69
87 18 3
87 18 9
87 18 15
87 18 21
87 18 27
87 18 33
87 18 39
87 18 45
87 18 51
87 18 57
87 18 63
87 18 69
93 18 3
93 18 9
93 18 15
93 18 21
93 18 27
93 18 33
93 18 39
93 18 45
93 18 51
93 18 57
93 18 63
93 18 69
99 18 3
99 18 9
99 18 15
99 18 21
99 18 27
99 18 33
99 18 39
99 18 45
99 18 51
99 18 57
99 18 63
99 18 69
105 18 3
105 18 9
105 18 15
105 18 21
105 18 27
105 18 33
105 18 39
105 18 45
105 18 51
105 18 57
105 18 63
105 18 69
111 18 3
111 18 9
111 18 15
111 18 21
111 18 27
111 18 33
111 18 39
111 18 45
111 18 51
111 18 57
111 18 63
111 18 69
117 18 3
117 18 9
117 18 15
117 18 21
117 18 27
117 18 33
117 18 39
117 18 45
117 18 51
117 18 57
117 18 63
117 18 69
123 18 3
123 18 9
123 18 15
123 18 21
123 18 27
123 18 33
123 18 39
123 18 45
123 18 51
123 18 57
123 18 63
123 18 69
129 18 3
129 18 9
129 18 15
129 18 21
129 18 27
129 18 33
129 18 39
129 18 45
129 18 51
129 18 57
129 18 63
129 18 69
135 18 3
135 18 9
135 18 15
135 18 21
135 18 27
135 18 33
135 18 39
135 18 45
135 18 51
135 18 57
135 18 63
135 18 69
141 18 3
141 18 9
141 18 15
141 18 21
141 18 27
141 18 33
141 18 39
141 18 45
141 18 51
141 18 57
141 18 63
141 18 69
0 0 0
0 0 12
0 0 24
0 0 36
0 0 48
0 0 60
0 0 72
12 0 0
12 0 12
12 0 24
12 0 36
12 0 48
12 0 60
12 0 72
24 0 0
24 0 12
24 0 24
24 0 36
24 0 48
24 0 60
24 0 72
36 0 0
36 0 12
36 0 24
36 0 36
36 0 48
36 0 60
36 0 72
48 0 0
48 0 12
48 0 24
48 0 36
48 0 48
48 0 60
48 0 72
60 0 0
60 0 12
60 0 24
60 0 36
60 0 48
60 0 60
60 0 72
72 0 0
72 0 12
72 0 24
72 0 36
72 0 48
72 0 60
72 0 72
84 0 0
84 0 12
84 0 24
84 0 36
84 0 48
84 0 60
84 0 72
96 0 0
96 0 12
96 0 24
96 0 36
96 0 48
96 0 60
96 0 72
108 0 0
108 0 12
108 0 24
108 0 36
108 0 48
108 0 60
108 0 72
120 0 0
120 0 12
120 0 24
120 0 36
120 0 48
120 0 60
120 0 72
132 0 0
132 0 12
132 0 24
132 0 36
132 0 48
132 0 60
132 0 72
144 0 0
144 0 12
144 0 24
144 0 36
144 0 48
144 0 60
144 0 72
$EndNodes
$Elements
6 3098 1 3098
1 1 1 324
1 1 14
2 14 27
3 27 40
4 40 53
5 53 66
6 66 79
7 79 92
8 92 105
9 105 118
10 118 131
11 131 144
12 144 157
13 157 170
14 170 183
15 183 196
16 196 209
17 209 222
18 222 235
19 235 248
20 248 261
21 261 274
22 274 287
23 287 300
24 300 313
49 3 16
50 16 29
51 29 42
52 42 55
53 55 68
54 68 81
55 81 94
56 94 107
57 107 120
58 120 133
59 133 146
60 146 159
61 159 172
62 172 185
63 185 198
64 198 211
65 211 224
66 224 237
67 237 250
68 250 263
69 263 276
70 276 289
71 289 302
72 302 315
97 5 18
98 18 31
99 31 44
100 44 57
101 57 70
102 70 83
103 83 96
104 96 109
105 109 122
106 122 135
107 135 148
108 148 161
109 161 174
110 174 187
111 187 200
112 200 213
113 213 226
114 226 239
115 239 252
116 252 265
117 265 278
118 278 291
119 291 304
120 304 317
145 7 20
146 20 33
147 33 46
148 46 59
149 59 72
150 72 85
151 85 98
152 98 111
153 111 124
154 124 137
155 137 150
156 150 163
157 163 176
158 176 189
159 189 202
160 202 215
161 215 228
162 228 241
163 241 254
164 254 267
165 267 280
166 280 293
167 293 306
168 306 319
193 9 22
194 22 35
195 35 48
196 48 61
197 61 74
198 74 87
199 87 100
200 100 113
201 113 126
202 126 139
203 139 152
204 152 165
205 165 178
206 178 191
207 191 204
208 204 217
209 217 230
210 230 243
211 243 256
212 256 269
213 269 282
214 282 295
215 295 308
216 308 321
241 11 24
242 24 37
243 37 50
244 50 63
245 63 76
246 76 89
247 89 102
248 102 115
249 115 128
250 128 141
251 141 154
252 154 167
253 167 180
254 180 193
255 193 206
256 206 219
257 219 232
258 232 245
259 245 258
260 258 271
261 271 284
262 284 297
263 297 310
264 310 323
289 13 26
290 26 39
291 39 52
292 52 65
293 65 78
294 78 91
295 91 104
296 104 117
297 117 130
298 130 143
299 143 156
300 156 169
301 169 182
302 182 195
303 195 208
304 208 221
305 221 234
306 234 247
307 247 260
308 260 273
309 273 286
310 286 299
311 299 312
312 312 325
313 1 2
314 2 3
315 3 4
316 4 5
317 5 6
318 6 7
319 7 8
320 8 9
321 9 10
322 10 11
323 11 12
324 12 13
337 27 28
338 28 29
339 29 30
340 30 31
341 31 32
342 32 33
343 33 34
344 34 35
345 35 36
346 36 37
347 37 38
348 38 39
361 53 54
362 54 55
363 55 56
364 56 57
365 57 58
366 58 59
367 59 60
368 60 61
369 61 62
370 62 63
371 63 64
372 64 65
385 79 80
386 80 81
387 81 82
388 82 83
389 83 84
390 84 85
391 85 86
392 86 87
393 87 88
394 88 89
395 89 90
396 90 91
409 105 106
410 106 107
411 107 108
412 108 109
413 109 110
414 110 111
415 111 112
416 112 113
417 113 114
418 114 115
419 115 116
420 116 117
433 131 132
434 132 133
435 133 134
436 134 135
437 135 136
438 136 137
439 137 138
440 138 139
441 139 140
442 140 141
443 141 142
444 142 143
457 157 158
458 158 159
459 159 160
460 160 161
461 161 162
462 162 163
463 163 164
464 164 165
465 165 166
466 166 167
467 167 168
468 168 169
481 183 184
482 184 185
483 185 186
484 186 187
485 187 188
486 188 189
487 189 190
488 190 191
489 191 192
490 192 193
491 193 194
492 194 195
505 209 210
506 210 211
507 211 212
508 212 213
509 213 214
510 214 215
511 215 216
512 216 217
513 217 218
514 218 219
515 219 220
516 220 221
529 235 236
530 236 237
531 237 238
532 238 239
533 239 240
534 240 241
535 241 242
536 242 243
537 243 244
538 244 245
539 245 246
540 246 247
553 261 262
554 262 263
555 263 264
556 264 265
557 265 266
558 266 267
559 267 268
560 268 269
561 269 270
562 270 271
563 271 272
564 272 273
577 287 288
578 288 289
579 289 290
580 290 291
581 291 292
582 292 293
583 293 294
584 294 295
585 295 296
586 296 297
587 297 298
588 298 299
601 313 314
602 314 315
603 315 316
604 316 317
605 317 318
606 318 319
607 319 320
608 320 321
609 321 322
610 322 323
611 323 324
612 324 325
1 2 1 288
25 2 15
26 15 28
27 28 41
28 41 54
29 54 67
30 67 80
31 80 93
32 93 106
33 106 119
34 119 132
35 132 145
36 145 158
37 158 171
38 171 184
39 184 197
40 197 210
41 210 223
42 223 236
43 236 249
44 249 262
45 262 275
46 275 288
47 288 301
48 301 314
73 4 17
74 17 30
75 30 43
76 43 56
77 56 69
78 69 82
79 82 95
80 95 108
81 108 121
82 121 134
83 134 147
84 147 160
85 160 173
86 173 186
87 186 199
88 199 212
89 212 225
90 225 238
91 238 251
92 251 264
93 264 277
94 277 290
95 290 303
96 303 316
121 6 19
122 19 32
123 32 45
124 45 58
125 58 71
126 71 84
127 84 97
128 97 110
129 110 123
130 123 136
131 136 149
132 149 162
133 162 175
134 175 188
135 188 201
136 201 214
137 214 227
138 227 240
139 240 253
140 253 266
141 266 279
142 279 292
143 292 305
144 305 318
169 8 21
170 21 34
171 34 47
172 47 60
173 60 73
174 73 86
175 86 99
176 99 112
177 112 125
178 125 138
179 138 151
180 151 164
181 164 177
182 177 190
183 190 203
184 203 216
185 216 229
186 229 242
187 242 255
188 255 268
189 268 281
190 281 294
191 294 307
192 307 320
217 10 23
218 23 36
219 36 49
220 49 62
221 62 75
222 75 88
223 88 101
224 101 114
225 114 127
226 127 140
227 140 153
228 153 166
229 166 179
230 179 192
231 192 205
232 205 218
233 218 231
234 231 244
235 244 257
236 257 270
237 270 283
238 283 296
239 296 309
240 309 322
265 12 25
266 25 38
267 38 51
268 51 64
269 64 77
270 77 90
271 90 103
272 103 116
273 116 129
274 129 142
275 142 155
276 155 168
277 168 181
278 181 194
279 194 207
280 207 220
281 220 233
282 233 246
283 246 259
284 259 272
285 272 285
286 285 298
287 298 311
288 311 324
325 14 15
326 15 16
327 16 17
328 17 18
329 18 19
330 19 20
331 20 21
332 21 22
333 22 23
334 23 24
335 24 25
336 25 26
349 40 41
350 41 42
351 42 43
352 43 44
353 44 45
354 45 46
355 46 47
356 47 48
357 48 49
358 49 50
359 50 51
360 51 52
373 66 67
374 67 68
375 68 69
376 69 70
377 70 71
378 71 72
379 72 73
380 73 74
381 74 75
382 75 76
383 76 77
384 77 78
397 92 93
398 93 94
399 94 95
400 95 96
401 96 97
402 97 98
403 98 99
404 99 100
405 100 101
406 101 102
407 102 103
408 103 104
421 118 119
422 119 120
423 120 121
424 121 122
425 122 123
426 123 124
427 124 125
428 125 126
429 126 127
430 127 128
431 128 129
432 129 130
445 144 145
446 145 146
447 146 147
448 147 148
449 148 149
450 149 150
451 150 151
452 151 152
453 152 153
454 153 154
455 154 155
456 155 156
469 170 171
470 171 172
471 172 173
472 173 174
473 174 175
474 175 176
475 176 177
476 177 178
477 178 179
478 179 180
479 180 181
480 181 182
493 196 197
494 197 198
495 198 199
496 199 200
497 200 201
498 201 202
499 202 203
500 203 204
501 204 205
502 205 206
503 206 207
504 207 208
517 222 223
518 223 224
519 224 225
520 225 226
521 226 227
522 227 228
523 228 229
524 229 230
525 230 231
526 231 232
527 232 233
528 233 234
541 248 249
542 249 250
543 250 251
544 251 252
545 252 253
546 253 254
547 254 255
548 255 256
549 256 257
550 257 258
551 258 259
552 259 260
565 274 275
566 275 276
567 276 277
568 277 278
569 278 279
570 279 280
571 280 281
572 281 282
573 282 283
574 283 284
575 284 285
576 285 286
589 300 301
590 301 302
591 302 303
592 303 304
593 304 305
594 305 306
595 306 307
596 307 308
597 308 309
598 309 310
599 310 311
600 311 312
1 3 1 1152
613 326 339
614 339 352
615 352 365
616 365 378
617 378 391
618 391 404
619 404 417
620 417 430
621 430 443
622 443 456
623 456 469
624 469 482
625 482 495
626 495 508
627 508 521
628 521 534
629 534 547
630 547 560
631 560 573
632 573 586
633 586 599
634 599 612
635 612 625
636 625 638
637 327 340
638 340 353
639 353 366
640 366 379
641 379 392
642 392 405
643 405 418
644 418 431
645 431 444
646 444 457
647 457 470
648 470 483
649 483 496
650 496 509
651 509 522
652 522 535
653 535 548
654 548 561
655 561 574
656 574 587
657 587 600
658 600 613
659 613 626
660 626 639
661 328 341
662 341 354
663 354 367
664 367 380
665 380 393
666 393 406
667 406 419
668 419 432
669 432 445
670 445 458
671 458 471
672 471 484
673 484 497
674 497 510
675 510 523
676 523 536
677 536 549
678 549 562
679 562 575
680 575 588
681 588 601
682 601 614
683 614 627
684 627 640
685 329 342
686 342 355
687 355 368
688 368 381
689 381 394
690 394 407
691 407 420
692 420 433
693 433 446
694 446 459
695 459 472
696 472 485
697 485 498
698 498 511
699 511 524
700 524 537
701 537 550
702 550 563
703 563 576
704 576 589
705 589 602
706 602 615
707 615 628
708 628 641
709 330 343
710 343 356
711 356 369
712 369 382
713 382 395
714 395 408
715 408 421
716 421 434
717 434 447
718 447 460
719 460 473
720 473 486
721 486 499
722 499 512
723 512 525
724 525 538
725 538 551
726 551 564
727 564 577
728 577 590
729 590 603
730 603 616
731 616 629
732 629 642
733 331 344
734 344 357
735 357 370
736 370 383
737 383 396
738 396 409
739 409 422
740 422 435
741 435 448
742 448 461
743 461 474
744 474 487
745 487 500
746 500 513
747 513 526
748 526 539
749 539 552
750 552 565
751 565 578
752 578 591
753 591 604
754 604 617
755 617 630
756 630 643
757 332 345
758 345 358
759 358 371
760 371 384
761 384 397
762 397 410
763 410 423
764 423 436
765 436 449
766 449 462
767 462 475
768 475 488
769 488 501
770 501 514
771 514 527
772 527 540
773 540 553
774 553 566
775 566 579
776 579 592
777 592 605
778 605 618
779 618 631
780 631 644
781 333 346
782 346 359
783 359 372
784 372 385
785 385 398
786 398 411
787 411 424
788 424 437
789 437 450
790 450 463
791 463 476
792 476 489
793 489 502
794 502 515
795 515 528
796 528 541
797 541 554
798 554 567
799 567 580
800 580 593
801 593 606
802 606 619
803 619 632
804 632 645
805 334 347
806 347 360
807 360 373
808 373 386
809 386 399
810 399 412
811 412 425
812 425 438
813 438 451
814 451 464
815 464 477
816 477 490
817 490 503
818 503 516
819 516 529
820 529 542
821 542 555
822 555 568
823 568 581
824 581 594
825 594 607
826 607 620
827 620 633
828 633 646
829 335 348
830 348 361
831 361 374
832 374 387
833 387 400
834 400 413
835 413 426
836 426 439
837 439 452
838 452 465
839 465 478
840 478 491
841 491 504
842 504 517
843 517 530
844 530 543
845 543 556
846 556 569
847 569 582
848 582 595
849 595 608
850 608 621
851 621 634
852 634 647
853 336 349
854 349 362
855 362 375
856 375 388
857 388 401
858 401 414
859 414 427
860 427 440
861 440 453
862 453 466
863 466 479
864 479 492
865 492 505
866 505 518
867 518 531
868 531 544
869 544 557
870 557 570
871 570 583
872 583 596
873 596 609
874 609 622
875 622 635
876 635 648
877 337 350
878 350 363
879 363 376
880 376 389
881 389 402
882 402 415
883 415 428
884 428 441
885 441 454
886 454 467
887 467 480
888 480 493
889 493 506
890 506 519
891 519 532
892 532 545
893 545 558
894 558 571
895 571 584
896 584 597
897 597 610
898 610 623
899 623 636
900 636 649
901 338 351
902 351 364
903 364 377
904 377 390
905 390 403
906 403 416
907 416 429
908 429 442
909 442 455
910 455 468
911 468 481
912 481 494
913 494 507
914 507 520
915 520 533
916 533 546
917 546 559
918 559 572
919 572 585
920 585 598
921 598 611
922 611 624
923 624 637
924 637 650
925 326 327
926 327 328
927 328 329
928 329 330
929 330 331
930 331 332
931 332 333
932 333 334
933 334 335
934 335 336
935 336 337
936 337 338
937 339 340
938 340 341
939 341 342
940 342 343
941 343 344
942 344 345
943 345 346
944 346 347
945 347 348
946 348 349
947 349 350
948 350 351
949 352 353
950 353 354
951 354 355
952 355 356
953 356 357
954 357 358
955 358 359
956 359 360
957 360 361
958 361 362
959 362 363
960 363 364
961 365 366
962 366 367
963 367 368
964 368 369
965 369 370
966 370 371
967 371 372
968 372 373
969 373 374
970 374 375
971 375 376
972 376 377
973 378 379
974 379 380
975 380 381
976 381 382
977 382 383
978 383 384
979 384 385
980 385 386
981 386 387
982 387 388
983 388 389
984 389 390
985 391 392
986 392 393
987 393 394
988 394 395
989 395 396
990 396 397
991 397 398
992 398 399
993 399 400
994 400 401
995 401 402
996 402 403
997 404 405
998 405 406
999 406 407
1000 407 408
1001 408 409
1002 409 410
1003 410 411
1004 411 412
1005 412 413
1006 413 414
1007 414 415
1008 415 416
1009 417 418
1010 418 419
1011 419 420
1012 420 421
1013 421 422
1014 422 423
1015 423 424
1016 424 425
1017 425 426
1018 426 427
1019 427 428
1020 428 429
1021 430 431
1022 431 432
1023 432 433
1024 433 434
1025 434 435
1026 435 436
1027 436 437
1028 437 438
1029 438 439
1030 439 440
1031 440 441
1032 441 442
1033 443 444
1034 444 445
1035 445 446
1036 446 447
1037 447 448
1038 448 449
1039 449 450
1040 450 451
1041 451 452
1042 452 453
1043 453 454
1044 454 455
1045 456 457
1046 457 458
1047 458 459
1048 459 460
1049 460 461
1050 461 462
1051 462 463
1052 463 464
1053 464 465
1054 465 466
1055 466 467
1056 467 468
1057 469 470
1058 470 471
1059 471 472
1060 472 473
1061 473 474
1062 474 475
1063 475 476
1064 476 477
1065 477 478
1066 478 479
1067 479 480
1068 480 481
1069 482 483
1070 483 484
1071 484 485
1072 485 486
1073 486 487
1074 487 488
1075 488 489
1076 489 490
1077 490 491
1078 491 492
1079 492 493
1080 493 494
1081 495 496
1082 496 497
1083 497 498
1084 498 499
1085 499 500
1086 500 501
1087 501 502
1088 502 503
1089 503 504
1090 504 505
1091 505 506
1092 506 507
1093 508 509
1094 509 510
1095 510 511
1096 511 512
1097 512 513
1098 513 514
1099 514 515
1100 515 516
1101 516 517
1102 517 518
1103 518 519
1104 519 520
1105 521 522
1106 522 523
1107 523 524
1108 524 525
1109 525 526
1110 526 527
1111 527 528
1112 528 529
1113 529 530
1114 530 531
1115 531 532
1116 532 533
1117 534 535
1118 535 536
1119 536 537
1120 537 538
1121 538 539
1122 539 540
1123 540 541
1124 541 542
1125 542 543
1126 543 544
1127 544 545
1128 545 546
1129 547 548
1130 548 549
1131 549 550
1132 550 551
1133 551 552
1134 552 553
1135 553 554
1136 554 555
1137 555 556
1138 556 557
1139 557 558
1140 558 559
1141 560 561
1142 561 562
1143 562 563
1144 563 564
1145 564 565
1146 565 566
1147 566 567
1148 567 568
1149 568 569
1150 569 570
1151 570 571
1152 571 572
1153 573 574
1154 574 575
1155 575 576
1156 576 577
1157 577 578
1158 578 579
1159 579 580
1160 580 581
1161 581 582
1162 582 583
1163 583 584
1164 584 585
1165 586 587
1166 587 588
1167 588 589
1168 589 590
1169 590 591
1170 591 592
1171 592 593
1172 593 594
1173 594 595
1174 595 596
1175 596 597
1176 597 598
1177 599 600
1178 600 601
1179 601 602
1180 602 603
1181 603 604
1182 604 605
1183 605 606
1184 606 607
1185 607 608
1186 608 609
1187 609 610
1188 610 611
1189 612 613
1190 613 614
1191 614 615
1192 615 616
1193 616 617
1194 617 618
1195 618 619
1196 619 620
1197 620 621
1198 621 622
1199 622 623
1200 623 624
1201 625 626
1202 626 627
1203 627 628
1204 628 629
1205 629 630
1206 630 631
1207 631 632
1208 632 633
1209 633 634
1210 634 635
1211 635 636
1212 636 637
1213 638 639
1214 639 640
1215 640 641
1216 641 642
1217 642 643
1218 643 644
1219 644 645
1220 645 646
1221 646 647
1222 647 648
1223 648 649
1224 649 650
1225 651 663
1226 651 652
1231 652 664
1232 652 653
1237 653 665
1238 653 654
1243 654 666
1244 654 655
1249 655 667
1250 655 656
1255 656 668
1256 656 657
1261 657 669
1262 657 658
1267 658 670
1268 658 659
1273 659 671
1274 659 660
1279 660 672
1280 660 661
1285 661 673
1286 661 662
1291 662 674
1296 663 675
1297 663 664
1302 664 676
1303 664 665
1308 665 677
1309 665 666
1314 666 678
1315 666 667
1320 667 679
1321 667 668
1326 668 680
1327 668 669
1332 669 681
1333 669 670
1338 670 682
1339 670 671
1344 671 683
1345 671 672
1350 672 684
1351 672 673
1356 673 685
1357 673 674
1362 674 686
1367 675 687
1368 675 676
1373 676 688
1374 676 677
1379 677 689
1380 677 678
1385 678 690
1386 678 679
1391 679 691
1392 679 680
1397 680 692
1398 680 681
1403 681 693
1404 681 682
1409 682 694
1410 682 683
1415 683 695
1416 683 684
1421 684 696
1422 684 685
1427 685 697
1428 685 686
1433 686 698
1438 687 699
1439 687 688
1444 688 700
1445 688 689
1450 689 701
1451 689 690
1456 690 702
1457 690 691
1462 691 703
1463 691 692
1468 692 704
1469 692 693
1474 693 705
1475 693 694
1480 694 706
1481 694 695
1486 695 707
1487 695 696
1492 696 708
1493 696 697
1498 697 709
1499 697 698
1504 698 710
1509 699 711
1510 699 700
1515 700 712
1516 700 701
1521 701 713
1522 701 702
1527 702 714
1528 702 703
1533 703 715
1534 703 704
1539 704 716
1540 704 705
1545 705 717
1546 705 706
1551 706 718
1552 706 707
1557 707 719
1558 707 708
1563 708 720
1564 708 709
1569 709 721
1570 709 710
1575 710 722
1580 711 723
1581 711 712
1586 712 724
1587 712 713
1592 713 725
1593 713 714
1598 714 726
1599 714 715
1604 715 727
1605 715 716
1610 716 728
1611 716 717
1616 717 729
1617 717 718
1622 718 730
1623 718 719
1628 719 731
1629 719 720
1634 720 732
1635 720 721
1640 721 733
1641 721 722
1646 722 734
1651 723 735
1652 723 724
1657 724 736
1658 724 725
1663 725 737
1664 725 726
1669 726 738
1670 726 727
1675 727 739
1676 727 728
1681 728 740
1682 728 729
1687 729 741
1688 729 730
1693 730 742
1694 730 731
1699 731 743
1700 731 732
1705 732 744
1706 732 733
1711 733 745
1712 733 734
1717 734 746
1722 735 747
1723 735 736
1728 736 748
1729 736 737
1734 737 749
1735 737 738
1740 738 750
1741 738 739
1746 739 751
1747 739 740
1752 740 752
1753 740 741
1758 741 753
1759 741 742
1764 742 754
1765 742 743
1770 743 755
1771 743 744
1776 744 756
1777 744 745
1782 745 757
1783 745 746
1788 746 758
1793 747 759
1794 747 748
1799 748 760
1800 748 749
1805 749 761
1806 749 750
1811 750 762
1812 750 751
1817 751 763
1818 751 752
1823 752 764
1824 752 753
1829 753 765
1830 753 754
1835 754 766
1836 754 755
1841 755 767
1842 755 756
1847 756 768
1848 756 757
1853 757 769
1854 757 758
1859 758 770
1864 759 771
1865 759 760
1870 760 772
1871 760 761
1876 761 773
1877 761 762
1882 762 774
1883 762 763
1888 763 775
1889 763 764
1894 764 776
1895 764 765
1900 765 777
1901 765 766
1906 766 778
1907 766 767
1912 767 779
1913 767 768
1918 768 780
1919 768 769
1924 769 781
1925 769 770
1930 770 782
1935 771 783
1936 771 772
1941 772 784
1942 772 773
1947 773 785
1948 773 774
1953 774 786
1954 774 775
1959 775 787
1960 775 776
1965 776 788
1966 776 777
1971 777 789
1972 777 778
1977 778 790
1978 778 779
1983 779 791
1984 779 780
1989 780 792
1990 780 781
1995 781 793
1996 781 782
2001 782 794
2006 783 795
2007 783 784
2012 784 796
2013 784 785
2018 785 797
2019 785 786
2024 786 798
2025 786 787
2030 787 799
2031 787 788
2036 788 800
2037 788 789
2042 789 801
2043 789 790
2048 790 802
2049 790 791
2054 791 803
2055 791 792
2060 792 804
2061 792 793
2066 793 805
2067 793 794
2072 794 806
2077 795 807
2078 795 796
2083 796 808
2084 796 797
2089 797 809
2090 797 798
2095 798 810
2096 798 799
2101 799 811
2102 799 800
2107 800 812
2108 800 801
2113 801 813
2114 801 802
2119 802 814
2120 802 803
2125 803 815
2126 803 804
2131 804 816
2132 804 805
2137 805 817
2138 805 806
2143 806 818
2148 807 819
2149 807 808
2154 808 820
2155 808 809
2160 809 821
2161 809 810
2166 810 822
2167 810 811
2172 811 823
2173 811 812
2178 812 824
2179 812 813
2184 813 825
2185 813 814
2190 814 826
2191 814 815
2196 815 827
2197 815 816
2202 816 828
2203 816 817
2208 817 829
2209 817 818
2214 818 830
2219 819 831
2220 819 820
2225 820 832
2226 820 821
2231 821 833
2232 821 822
2237 822 834
2238 822 823
2243 823 835
2244 823 824
2249 824 836
2250 824 825
2255 825 837
2256 825 826
2261 826 838
2262 826 827
2267 827 839
2268 827 828
2273 828 840
2274 828 829
2279 829 841
2280 829 830
2285 830 842
2290 831 843
2291 831 832
2296 832 844
2297 832 833
2302 833 845
2303 833 834
2308 834 846
2309 834 835
2314 835 847
2315 835 836
2320 836 848
2321 836 837
2326 837 849
2327 837 838
2332 838 850
2333 838 839
2338 839 851
2339 839 840
2344 840 852
2345 840 841
2350 841 853
2351 841 842
2356 842 854
2361 843 855
2362 843 844
2367 844 856
2368 844 845
2373 845 857
2374 845 846
2379 846 858
2380 846 847
2385 847 859
2386 847 848
2391 848 860
2392 848 849
2397 849 861
2398 849 850
2403 850 862
2404 850 851
2409 851 863
2410 851 852
2415 852 864
2416 852 853
2421 853 865
2422 853 854
2427 854 866
2432 855 867
2433 855 856
2438 856 868
2439 856 857
2444 857 869
2445 857 858
2450 858 870
2451 858 859
2456 859 871
2457 859 860
2462 860 872
2463 860 861
2468 861 873
2469 861 862
2474 862 874
2475 862 863
2480 863 875
2481 863 864
2486 864 876
2487 864 865
2492 865 877
2493 865 866
2498 866 878
2503 867 879
2504 867 868
2509 868 880
2510 868 869
2515 869 881
2516 869 870
2521 870 882
2522 870 871
2527 871 883
2528 871 872
2533 872 884
2534 872 873
2539 873 885
2540 873 874
2545 874 886
2546 874 875
2551 875 887
2552 875 876
2557 876 888
2558 876 877
2563 877 889
2564 877 878
2569 878 890
2574 879 891
2575 879 880
2580 880 892
2581 880 881
2586 881 893
2587 881 882
2592 882 894
2593 882 883
2598 883 895
2599 883 884
2604 884 896
2605 884 885
2610 885 897
2611 885 886
2616 886 898
2617 886 887
2622 887 899
2623 887 888
2628 888 900
2629 888 889
2634 889 901
2635 889 890
2640 890 902
2645 891 903
2646 891 892
2651 892 904
2652 892 893
2657 893 905
2658 893 894
2663 894 906
2664 894 895
2669 895 907
2670 895 896
2675 896 908
2676 896 897
2681 897 909
2682 897 898
2687 898 910
2688 898 899
2693 899 911
2694 899 900
2699 900 912
2700 900 901
2705 901 913
2706 901 902
2711 902 914
2716 903 915
2717 903 904
2722 904 916
2723 904 905
2728 905 917
2729 905 906
2734 906 918
2735 906 907
2740 907 919
2741 907 908
2746 908 920
2747 908 909
2752 909 921
2753 909 910
2758 910 922
2759 910 911
2764 911 923
2765 911 912
2770 912 924
2771 912 913
2776 913 925
2777 913 914
2782 914 926
2787 915 927
2788 915 916
2793 916 928
2794 916 917
2799 917 929
2800 917 918
2805 918 930
2806 918 919
2811 919 931
2812 919 920
2817 920 932
2818 920 921
2823 921 933
2824 921 922
2829 922 934
2830 922 923
2835 923 935
2836 923 924
2841 924 936
2842 924 925
2847 925 937
2848 925 926
2853 926 938
2858 927 928
2863 928 929
2868 929 930
2873 930 931
2878 931 932
2883 932 933
2888 933 934
2893 934 935
2898 935 936
2903 936 937
2908 937 938
1 4 1 1152
1227 651 326
1228 651 339
1229 651 327
1230 651 340
1233 652 327
1234 652 340
1235 652 328
1236 652 341
1239 653 328
1240 653 341
1241 653 329
1242 653 342
1245 654 329
1246 654 342
1247 654 330
1248 654 343
1251 655 330
1252 655 343
1253 655 331
1254 655 344
1257 656 331
1258 656 344
1259 656 332
1260 656 345
1263 657 332
1264 657 345
1265 657 333
1266 657 346
1269 658 333
1270 658 346
1271 658 334
1272 658 347
1275 659 334
1276 659 347
1277 659 335
1278 659 348
1281 660 335
1282 660 348
1283 660 336
1284 660 349
1287 661 336
1288 661 349
1289 661 337
1290 661 350
1292 662 337
1293 662 350
1294 662 338
1295 662 351
1298 663 339
1299 663 352
1300 663 340
1301 663 353
1304 664 340
1305 664 353
1306 664 341
1307 664 354
1310 665 341
1311 665 354
1312 665 342
1313 665 355
1316 666 342
1317 666 355
1318 666 343
1319 666 356
1322 667 343
1323 667 356
1324 667 344
1325 667 357
1328 668 344
1329 668 357
1330 668 345
1331 668 358
1334 669 345
1335 669 358
1336 669 346
1337 669 359
1340 670 346
1341 670 359
1342 670 347
1343 670 360
1346 671 347
1347 671 360
1348 671 348
1349 671 361
1352 672 348
1353 672 361
1354 672 349
1355 672 362
1358 673 349
1359 673 362
1360 673 350
1361 673 363
1363 674 350
1364 674 363
1365 674 351
1366 674 364
1369 675 352
1370 675 365
1371 675 353
1372 675 366
1375 676 353
1376 676 366
1377 676 354
1378 676 367
1381 677 354
1382 677 367
1383 677 355
1384 677 368
1387 678 355
1388 678 368
1389 678 356
1390 678 369
1393 679 356
1394 679 369
1395 679 357
1396 679 370
1399 680 357
1400 680 370
1401 680 358
1402 680 371
1405 681 358
1406 681 371
1407 681 359
1408 681 372
1411 682 359
1412 682 372
1413 682 360
1414 682 373
1417 683 360
1418 683 373
1419 683 361
1420 683 374
1423 684 361
1424 684 374
1425 684 362
1426 684 375
1429 685 362
1430 685 375
1431 685 363
1432 685 376
1434 686 363
1435 686 376
1436 686 364
1437 686 377
1440 687 365
1441 687 378
1442 687 366
1443 687 379
1446 688 366
1447 688 379
1448 688 367
1449 688 380
1452 689 367
1453 689 380
1454 689 368
1455 689 381
1458 690 368
1459 690 381
1460 690 369
1461 690 382
1464 691 369
1465 691 382
1466 691 370
1467 691 383
1470 692 370
1471 692 383
1472 692 371
1473 692 384
1476 693 371
1477 693 384
1478 693 372
1479 693 385
1482 694 372
1483 694 385
1484 694 373
1485 694 386
1488 695 373
1489 695 386
1490 695 374
1491 695 387
1494 696 374
1495 696 387
1496 696 375
1497 696 388
1500 697 375
1501 697 388
1502 697 376
1503 697 389
1505 698 376
1506 698 389
1507 698 377
1508 698 390
1511 699 378
1512 699 391
1513 699 379
1514 699 392
1517 700 379
1518 700 392
1519 700 380
1520 700 393
1523 701 380
1524 701 393
1525 701 381
1526 701 394
1529 702 381
1530 702 394
1531 702 382
1532 702 395
1535 703 382
1536 703 395
1537 703 383
1538 703 396
1541 704 383
1542 704 396
1543 704 384
1544 704 397
1547 705 384
1548 705 397
1549 705 385
1550 705 398
1553 706 385
1554 706 398
1555 706 386
1556 706 399
1559 707 386
1560 707 399
1561 707 387
1562 707 400
1565 708 387
1566 708 400
1567 708 388
1568 708 401
1571 709 388
1572 709 401
1573 709 389
1574 709 402
1576 710 389
1577 710 402
1578 710 390
1579 710 403
1582 711 391
1583 711 404
1584 711 392
1585 711 405
1588 712 392
1589 712 405
1590 712 393
1591 712 406
1594 713 393
1595 713 406
1596 713 394
1597 713 407
1600 714 394
1601 714 407
1602 714 395
1603 714 408
1606 715 395
1607 715 408
1608 715 396
1609 715 409
1612 716 396
1613 716 409
1614 716 397
1615 716 410
1618 717 397
1619 717 410
1620 717 398
1621 717 411
1624 718 398
1625 718 411
1626 718 399
1627 718 412
1630 719 399
1631 719 412
1632 719 400
1633 719 413
1636 720 400
1637 720 413
1638 720 401
1639 720 414
1642 721 401
1643 721 414
1644 721 402
1645 721 415
1647 722 402
1648 722 415
1649 722 403
1650 722 416
1653 723 404
1654 723 417
1655 723 405
1656 723 418
1659 724 405
1660 724 418
1661 724 406
1662 724 419
1665 725 406
1666 725 419
1667 725 407
1668 725 420
1671 726 407
1672 726 420
1673 726 408
1674 726 421
1677 727 408
1678 727 421
1679 727 409
1680 727 422
1683 728 409
1684 728 422
1685 728 410
1686 728 423
1689 729 410
1690 729 423
1691 729 411
1692 729 424
1695 730 411
1696 730 424
1697 730 412
1698 730 425
1701 731 412
1702 731 425
1703 731 413
1704 731 426
1707 732 413
1708 732 426
1709 732 414
1710 732 427
1713 733 414
1714 733 427
1715 733 415
1716 733 428
1718 734 415
1719 734 428
1720 734 416
1721 734 429
1724 735 417
1725 735 430
1726 735 418
1727 735 431
1730 736 418
1731 736 431
1732 736 419
1733 736 432
1736 737 419
1737 737 432
1738 737 420
1739 737 433
1742 738 420
1743 738 433
1744 738 421
1745 738 434
1748 739 421
1749 739 434
1750 739 422
1751 739 435
1754 740 422
1755 740 435
1756 740 423
1757 740 436
1760 741 423
1761 741 436
1762 741 424
1763 741 437
1766 742 424
1767 742 437
1768 742 425
1769 742 438
1772 743 425
1773 743 438
1774 743 426
1775 743 439
1778 744 426
1779 744 439
1780 744 427
1781 744 440
1784 745 427
1785 745 440
1786 745 428
1787 745 441
1789 746 428
1790 746 441
1791 746 429
1792 746 442
1795 747 430
1796 747 443
1797 747 431
1798 747 444
1801 748 431
1802 748 444
1803 748 432
1804 748 445
1807 749 432
1808 749 445
1809 749 433
1810 749 446
1813 750 433
1814 750 446
1815 750 434
1816 750 447
1819 751 434
1820 751 447
1821 751 435
1822 751 448
1825 752 435
1826 752 448
1827 752 436
1828 752 449
1831 753 436
1832 753 449
1833 753 437
1834 753 450
1837 754 437
1838 754 450
1839 754 438
1840 754 451
1843 755 438
1844 755 451
1845 755 439
1846 755 452
1849 756 439
1850 756 452
1851 756 440
1852 756 453
1855 757 440
1856 757 453
1857 757 441
1858 757 454
1860 758 441
1861 758 454
1862 758 442
1863 758 455
1866 759 443
1867 759 456
1868 759 444
1869 759 457
1872 760 444
1873 760 457
1874 760 445
1875 760 458
1878 761 445
1879 761 458
1880 761 446
1881 761 459
1884 762 446
1885 762 459
1886 762 447
1887 762 460
1890 763 447
1891 763 460
1892 763 448
1893 763 461
1896 764 448
1897 764 461
1898 764 449
1899 764 462
1902 765 449
1903 765 462
1904 765 450
1905 765 463
1908 766 450
1909 766 463
1910 766 451
1911 766 464
1914 767 451
1915 767 464
1916 767 452
1917 767 465
1920 768 452
1921 768 465
1922 768 453
1923 768 466
1926 769 453
1927 769 466
1928 769 454
1929 769 467
1931 770 454
1932 770 467
1933 770 455
1934 770 468
1937 771 456
1938 771 469
1939 771 457
1940 771 470
1943 772 457
1944 772 470
1945 772 458
1946 772 471
1949 773 458
1950 773 471
1951 773 459
1952 773 472
1955 774 459
1956 774 472
1957 774 460
1958 774 473
1961 775 460
1962 775 473
1963 775 461
1964 775 474
1967 776 461
1968 776 474
1969 776 462
1970 776 475
1973 777 462
1974 777 475
1975 777 463
1976 777 476
1979 778 463
1980 778 476
1981 778 464
1982 778 477
1985 779 464
1986 779 477
1987 779 465
1988 779 478
1991 780 465
1992 780 478
1993 780 466
1994 780 479
1997 781 466
1998 781 479
1999 781 467
2000 781 480
2002 782 467
2003 782 480
2004 782 468
2005 782 481
2008 783 469
2009 783 482
2010 783 470
2011 783 483
2014 784 470
2015 784 483
2016 784 471
2017 784 484
2020 785 471
2021 785 484
2022 785 472
2023 785 485
2026 786 472
2027 786 485
2028 786 473
2029 786 486
2032 787 473
2033 787 486
2034 787 474
2035 787 487
2038 788 474
2039 788 487
2040 788 475
2041 788 488
2044 789 475
2045 789 488
2046 789 476
2047 789 489
2050 790 476
2051 790 489
2052 790 477
2053 790 490
2056 791 477
2057 791 490
2058 791 478
2059 791 491
2062 792 478
2063 792 491
2064 792 479
2065 792 492
2068 793 479
2069 793 492
2070 793 480
2071 793 493
2073 794 480
2074 794 493
2075 794 481
2076 794 494
2079 795 482
2080 795 495
2081 795 483
2082 795 496
2085 796 483
2086 796 496
2087 796 484
2088 796 497
2091 797 484
2092 797 497
2093 797 485
2094 797 498
2097 798 485
2098 798 498
2099 798 486
2100 798 499
2103 799 486
2104 799 499
2105 799 487
2106 799 500
2109 800 487
2110 800 500
2111 800 488
2112 800 501
2115 801 488
2116 801 501
2117 801 489
2118 801 502
2121 802 489
2122 802 502
2123 802 490
2124 802 503
2127 803 490
2128 803 503
2129 803 491
2130 803 504
2133 804 491
2134 804 504
2135 804 492
2136 804 505
2139 805 492
2140 805 505
2141 805 493
2142 805 506
2144 806 493
2145 806 506
2146 806 494
2147 806 507
2150 807 495
2151 807 508
2152 807 496
2153 807 509
2156 808 496
2157 808 509
2158 808 497
2159 808 510
2162 809 497
2163 809 510
2164 809 498
2165 809 511
2168 810 498
2169 810 511
2170 810 499
2171 810 512
2174 811 499
2175 811 512
2176 811 500
2177 811 513
2180 812 500
2181 812 513
2182 812 501
2183 812 514
2186 813 501
2187 813 514
2188 813 502
2189 813 515
2192 814 502
2193 814 515
2194 814 503
2195 814 516
2198 815 503
2199 815 516
2200 815 504
2201 815 517
2204 816 504
2205 816 517
2206 816 505
2207 816 518
2210 817 505
2211 817 518
2212 817 506
2213 817 519
2215 818 506
2216 818 519
2217 818 507
2218 818 520
2221 819 508
2222 819 521
2223 819 509
2224 819 522
2227 820 509
2228 820 522
2229 820 510
2230 820 523
2233 821 510
2234 821 523
2235 821 511
2236 821 524
2239 822 511
2240 822 524
2241 822 512
2242 822 525
2245 823 512
2246 823 525
2247 823 513
2248 823 526
2251 824 513
2252 824 526
2253 824 514
2254 824 527
2257 825 514
2258 825 527
2259 825 515
2260 825 528
2263 826 515
2264 826 528
2265 826 516
2266 826 529
2269 827 516
2270 827 529
2271 827 517
2272 827 530
2275 828 517
2276 828 530
2277 828 518
2278 828 531
2281 829 518
2282 829 531
2283 829 519
2284 829 532
2286 830 519
2287 830 532
2288 830 520
2289 830 533
2292 831 521
2293 831 534
2294 831 522
2295 831 535
2298 832 522
2299 832 535
2300 832 523
2301 832 536
2304 833 523
2305 833 536
2306 833 524
2307 833 537
2310 834 524
2311 834 537
2312 834 525
2313 834 538
2316 835 525
2317 835 538
2318 835 526
2319 835 539
2322 836 526
2323 836 539
2324 836 527
2325 836 540
2328 837 527
2329 837 540
2330 837 528
2331 837 541
2334 838 528
2335 838 541
2336 838 529
2337 838 542
2340 839 529
2341 839 542
2342 839 530
2343 839 543
2346 840 530
2347 840 543
2348 840 531
2349 840 544
2352 841 531
2353 841 544
2354 841 532
2355 841 545
2357 842 532
2358 842 545
2359 842 533
2360 842 546
2363 843 534
2364 843 547
2365 843 535
2366 843 548
2369 844 535
2370 844 548
2371 844 536
2372 844 549
2375 845 536
2376 845 549
2377 845 537
2378 845 550
2381 846 537
2382 846 550
2383 846 538
2384 846 551
2387 847 538
2388 847 551
2389 847 539
2390 847 552
2393 848 539
2394 848 552
2395 848 540
2396 848 553
2399 849 540
2400 849 553
2401 849 541
2402 849 554
2405 850 541
2406 850 554
2407 850 542
2408 850 555
2411 851 542
2412 851 555
2413 851 543
2414 851 556
2417 852 543
2418 852 556
2419 852 544
2420 852 557
2423 853 544
2424 853 557
2425 853 545
2426 853 558
2428 854 545
2429 854 558
2430 854 546
2431 854 559
2434 855 547
2435 855 560
2436 855 548
2437 855 561
2440 856 548
2441 856 561
2442 856 549
2443 856 562
2446 857 549
2447 857 562
2448 857 550
2449 857 563
2452 858 550
2453 858 563
2454 858 551
2455 858 564
2458 859 551
2459 859 564
2460 859 552
2461 859 565
2464 860 552
2465 860 565
2466 860 553
2467 860 566
2470 861 553
2471 861 566
2472 861 554
2473 861 567
2476 862 554
2477 862 567
2478 862 555
2479 862 568
2482 863 555
2483 863 568
2484 863 556
2485 863 569
2488 864 556
2489 864 569
2490 864 557
2491 864 570
2494 865 557
2495 865 570
2496 865 558
2497 865 571
2499 866 558
2500 866 571
2501 866 559
2502 866 572
2505 867 560
2506 867 573
2507 867 561
2508 867 574
2511 868 561
2512 868 574
2513 868 562
2514 868 575
2517 869 562
2518 869 575
2519 869 563
2520 869 576
2523 870 563
2524 870 576
2525 870 564
2526 870 577
2529 871 564
2530 871 577
2531 871 565
2532 871 578
2535 872 565
2536 872 578
2537 872 566
2538 872 579
2541 873 566
2542 873 579
2543 873 567
2544 873 580
2547 874 567
2548 874 580
2549 874 568
2550 874 581
2553 875 568
2554 875 581
2555 875 569
2556 875 582
2559 876 569
2560 876 582
2561 876 570
2562 876 583
2565 877 570
2566 877 583
2567 877 571
2568 877 584
2570 878 571
2571 878 584
2572 878 572
2573 878 585
2576 879 573
2577 879 586
2578 879 574
2579 879 587
2582 880 574
2583 880 587
2584 880 575
2585 880 588
2588 881 575
2589 881 588
2590 881 576
2591 881 589
2594 882 576
2595 882 589
2596 882 577
2597 882 590
2600 883 577
2601 883 590
2602 883 578
2603 883 591
2606 884 578
2607 884 591
2608 884 579
2609 884 592
2612 885 579
2613 885 592
2614 885 580
2615 885 593
2618 886 580
2619 886 593
2620 886 581
2621 886 594
2624 887 581
2625 887 594
2626 887 582
2627 887 595
2630 888 582
2631 888 595
2632 888 583
2633 888 596
2636 889 583
2637 889 596
2638 889 584
2639 889 597
2641 890 584
2642 890 597
2643 890 585
2644 890 598
2647 891 586
2648 891 599
2649 891 587
2650 891 600
2653 892 587
2654 892 600
2655 892 588
2656 892 601
2659 893 588
2660 893 601
2661 893 589
2662 893 602
2665 894 589
2666 894 602
2667 894 590
2668 894 603
2671 895 590
2672 895 603
2673 895 591
2674 895 604
2677 896 591
2678 896 604
2679 896 592
2680 896 605
2683 897 592
2684 897 605
2685 897 593
2686 897 606
2689 898 593
2690 898 606
2691 898 594
2692 898 607
2695 899 594
2696 899 607
2697 899 595
2698 899 608
2701 900 595
2702 900 608
2703 900 596
2704 900 609
2707 901 596
2708 901 609
2709 901 597
2710 901 610
2712 902 597
2713 902 610
2714 902 598
2715 902 611
2718 903 599
2719 903 612
2720 903 600
2721 903 613
2724 904 600
2725 904 613
2726 904 601
2727 904 614
2730 905 601
2731 905 614
2732 905 602
2733 905 615
2736 906 602
2737 906 615
2738 906 603
2739 906 616
2742 907 603
2743 907 616
2744 907 604
2745 907 617
2748 908 604
2749 908 617
2750 908 605
2751 908 618
2754 909 605
2755 909 618
2756 909 606
2757 909 619
2760 910 606
2761 910 619
2762 910 607
2763 910 620
2766 911 607
2767 911 620
2768 911 608
2769 911 621
2772 912 608
2773 912 621
2774 912 609
2775 912 622
2778 913 609
2779 913 622
2780 913 610
2781 913 623
2783 914 610
2784 914 623
2785 914 611
2786 914 624
2789 915 612
2790 915 625
2791 915 613
2792 915 626
2795 916 613
2796 916 626
2797 916 614
2798 916 627
2801 917 614
2802 917 627
2803 917 615
2804 917 628
2807 918 615
2808 918 628
2809 918 616
2810 918 629
2813 919 616
2814 919 629
2815 919 617
2816 919 630
2819 920 617
2820 920 630
2821 920 618
2822 920 631
2825 921 618
2826 921 631
2827 921 619
2828 921 632
2831 922 619
2832 922 632
2833 922 620
2834 922 633
2837 923 620
2838 923 633
2839 923 621
2840 923 634
2843 924 621
2844 924 634
2845 924 622
2846 924 635
2849 925 622
2850 925 635
2851 925 623
2852 925 636
2854 926 623
2855 926 636
2856 926 624
2857 926 637
2859 927 625
2860 927 638
2861 927 626
2862 927 639
2864 928 626
2865 928 639
2866 928 627
2867 928 640
2869 929 627
2870 929 640
2871 929 628
2872 929 641
2874 930 628
2875 930 641
2876 930 629
2877 930 642
2879 931 629
2880 931 642
2881 931 630
2882 931 643
2884 932 630
2885 932 643
2886 932 631
2887 932 644
2889 933 631
2890 933 644
2891 933 632
2892 933 645
2894 934 632
2895 934 645
2896 934 633
2897 934 646
2899 935 633
2900 935 646
2901 935 634
2902 935 647
2904 936 634
2905 936 647
2906 936 635
2907 936 648
2909 937 635
2910 937 648
2911 937 636
2912 937 649
2913 938 636
2914 938 649
2915 938 637
2916 938 650
1 5 1 91
2917 939 1
2919 940 3
2921 941 5
2923 942 7
2925 943 9
2927 944 11
2929 945 13
2931 946 27
2933 947 29
2935 948 31
2937 949 33
2939 950 35
2941 951 37
2943 952 39
2945 953 53
2947 954 55
2949 955 57
2951 956 59
2953 957 61
2955 958 63
2957 959 65
2959 960 79
2961 961 81
2963 962 83
2965 963 85
2967 964 87
2969 965 89
2971 966 91
2973 967 105
2975 968 107
2977 969 109
2979 970 111
2981 971 113
2983 972 115
2985 973 117
2987 974 131
2989 975 133
2991 976 135
2993 977 137
2995 978 139
2997 979 141
2999 980 143
3001 981 157
3003 982 159
3005 983 161
3007 984 163
3009 985 165
3011 986 167
3013 987 169
3015 988 183
3017 989 185
3019 990 187
3021 991 189
3023 992 191
3025 993 193
3027 994 195
3029 995 209
3031 996 211
3033 997 213
3035 998 215
3037 999 217
3039 1000 219
3041 1001 221
3043 1002 235
3045 1003 237
3047 1004 239
3049 1005 241
3051 1006 243
3053 1007 245
3055 1008 247
3057 1009 261
3059 1010 263
3061 1011 265
3063 1012 267
3065 1013 269
3067 1014 271
3069 1015 273
3071 1016 287
3073 1017 289
3075 1018 291
3077 1019 293
3079 1020 295
3081 1021 297
3083 1022 299
3085 1023 313
3087 1024 315
3089 1025 317
3091 1026 319
3093 1027 321
3095 1028 323
3097 1029 325
1 6 1 91
2918 1 326
2920 3 328
2922 5 330
2924 7 332
2926 9 334
2928 11 336
2930 13 338
2932 27 352
2934 29 354
2936 31 356
2938 33 358
2940 35 360
2942 37 362
2944 39 364
2946 53 378
2948 55 380
2950 57 382
2952 59 384
2954 61 386
2956 63 388
2958 65 390
2960 79 404
2962 81 406
2964 83 408
2966 85 410
2968 87 412
2970 89 414
2972 91 416
2974 105 430
2976 107 432
2978 109 434
2980 111 436
2982 113 438
2984 115 440
2986 117 442
2988 131 456
2990 133 458
2992 135 460
2994 137 462
2996 139 464
2998 141 466
3000 143 468
3002 157 482
3004 159 484
3006 161 486
3008 163 488
3010 165 490
3012 167 492
3014 169 494
3016 183 508
3018 185 510
3020 187 512
3022 189 514
3024 191 516
3026 193 518
3028 195 520
3030 209 534
3032 211 536
3034 213 538
3036 215 540
3038 217 542
3040 219 544
3042 221 546
3044 235 560
3046 237 562
3048 239 564
3050 241 566
3052 243 568
3054 245 570
3056 247 572
3058 261 586
3060 263 588
3062 265 590
3064 267 592
3066 269 594
3068 271 596
3070 273 598
3072 287 612
3074 289 614
3076 291 616
3078 293 618
3080 295 620
3082 297 622
3084 299 624
3086 313 638
3088 315 640
3090 317 642
3092 319 644
3094 321 646
3096 323 648
3098 325 650
$EndElements
$NodeData
1
"Fixity"
1
0
3
0
3
1029
1 0 0 0
2 0 0 0
3 0 0 0
4 0 0 0
5 0 0 0
6 0 0 0
7 0 0 0
8 0 0 0
9 0 0 0
10 0 0 0
11 0 0 0
12 0 0 0
13 0 0 0
14 0 0 0
15 0 0 0
16 0 0 0
17 0 0 0
18 0 0 0
19 0 0 0
20 0 0 0
21 0 0 0
22 0 0 0
23 0 0 0
24 0 0 0
25 0 0 0
26 0 0 0
27 0 0 0
28 0 0 0
29 0 0 0
30 0 0 0
31 0 0 0
32 0 0 0
33 0 0 0
34 0 0 0
35 0 0 0
36 0 0 0
37 0 0 0
38 0 0 0
39 0 0 0
40 0 0 0
41 0 0 0
42 0 0 0
43 0 0 0
44 0 0 0
45 0 0 0
46 0 0 0
47 0 0 0
48 0 0 0
49 0 0 0
50 0 0 0
51 0 0 0
52 0 0 0
53 0 0 0
54 0 0 0
55 0 0 0
56 0 0 0
57 0 0 0
58 0 0 0
59 0 0 0
60 0 0 0
61 0 0 0
62 0 0 0
63 0 0 0
64 0 0 0
65 0 0 0
66 0 0 0
67 0 0 0
68 0 0 0
69 0 0 0
70 0 0 0
71 0 0 0
72 0 0 0
73 0 0 0
74 0 0 0
75 0 0 0
76 0 0 0
77 0 0 0
78 0 0 0
79 0 0 0
80 0 0 0
81 0 0 0
82 0 0 0
83 0 0 0
84 0 0 0
85 0 0 0
86 0 0 0
87 0 0 0
88 0 0 0
89 0 0 0
90 0 0 0
91 0 0 0
92 0 0 0
93 0 0 0
94 0 0 0
95 0 0 0
96 0 0 0
97 0 0 0
98 0 0 0
99 0 0 0
100 0 0 0
101 0 0 0
102 0 0 0
103 0 0 0
104 0 0 0
105 0 0 0
106 0 0 0
107 0 0 0
108 0 0 0
109 0 0 0
110 0 0 0
111 0 0 0
112 0 0 0
113 0 0 0
114 0 0 0
115 0 0 0
116 0 0 0
117 0 0 0
118 0 0 0
119 0 0 0
120 0 0 0
121 0 0 0
122 0 0 0
123 0 0 0
124 0 0 0
125 0 0 0
126 0 0 0
127 0 0 0
128 0 0 0
129 0 0 0
130 0 0 0
131 0 0 0
132 0 0 0
133 0 0 0
134 0 0 0
135 0 0 0
136 0 0 0
137 0 0 0
138 0 0 0
139 0 0 0
140 0 0 0
141 0 0 0
142 0 0 0
143 0 0 0
144 0 0 0
145 0 0 0
146 0 0 0
147 0 0 0
148 0 0 0
149 0 0 0
150 0 0 0
151 0 0 0
152 0 0 0
153 0 0 0
154 0 0 0
155 0 0 0
156 0 0 0
157 0 0 0
158 0 0 0
159 0 0 0
160 0 0 0
161 0 0 0
162 0 0 0
163 0 0 0
164 0 0 0
165 0 0 0
166 0 0 0
167 0 0 0
168 0 0 0
169 0 0 0
170 0 0 0
171 0 0 0
172 0 0 0
173 0 0 0
174 0 0 0
175 0 0 0
176 0 0 0
177 0 0 0
178 0 0 0
179 0 0 0
180 0 0 0
181 0 0 0
182 0 0 0
183 0 0 0
184 0 0 0
185 0 0 0
186 0 0 0
187 0 0 0
188 0 0 0
189 0 0 0
190 0 0 0
191 0 0 0
192 0 0 0
193 0 0 0
194 0 0 0
195 0 0 0
196 0 0 0
197 0 0 0
198 0 0 0
199 0 0 0
200 0 0 0
201 0 0 0
202 0 0 0
203 0 0 0
204 0 0 0
205 0 0 0
206 0 0 0
207 0 0 0
208 0 0 0
209 0 0 0
210 0 0 0
211 0 0 0
212 0 0 0
213 0 0 0
214 0 0 0
215 0 0 0
216 0 0 0
217 0 0 0
218 0 0 0
219 0 0 0
220 0 0 0
221 0 0 0
222 0 0 0
223 0 0 0
224 0 0 0
225 0 0 0
226 0 0 0
227 0 0 0
228 0 0 0
229 0 0 0
230 0 0 0
231 0 0 0
232 0 0 0
233 0 0 0
234 0 0 0
235 0 0 0
236 0 0 0
237 0 0 0
238 0 0 0
239 0 0 0
240 0 0 0
241 0 0 0
242 0 0 0
243 0 0 0
244 0 0 0
245 0 0 0
246 0 0 0
247 0 0 0
248 0 0 0
249 0 0 0
250 0 0 0
251 0 0 0
252 0 0 0
253 0 0 0
254 0 0 0
255 0 0 0
256 0 0 0
257 0 0 0
258 0 0 0
259 0 0 0
260 0 0 0
261 0 0 0
262 0 0 0
263 0 0 0
264 0 0 0
265 0 0 0
266 0 0 0
267 0 0 0
268 0 0 0
269 0 0 0
270 0 0 0
271 0 0 0
272 0 0 0
273 0 0 0
274 0 0 0
275 0 0 0
276 0 0 0
277 0 0 0
278 0 0 0
279 0 0 0
280 0 0 0
281 0 0 0
282 0 0 0
283 0 0 0
284 0 0 0
285 0 0 0
286 0 0 0
287 0 0 0
288 0 0 0
289 0 0 0
290 0 0 0
291 0 0 0
292 0 0 0
293 0 0 0
294 0 0 0
295 0 0 0
296 0 0 0
297 0 0 0
298 0 0 0
299 0 0 0
300 0 0 0
301 0 0 0
302 0 0 0
303 0 0 0
304 0 0 0
305 0 0 0
306 0 0 0
307 0 0 0
308 0 0 0
309 0 0 0
310 0 0 0
311 0 0 0
312 0 0 0
313 0 0 0
314 0 0 0
315 0 0 0
316 0 0 0
317 0 0 0
318 0 0 0
319 0 0 0
320 0 0 0
321 0 0 0
322 0 0 0
323 0 0 0
324 0 0 0
325 0 0 0
326 0 0 0
327 0 0 0
328 0 0 0
329 0 0 0
330 0 0 0
331 0 0 0
332 0 0 0
333 0 0 0
334 0 0 0
335 0 0 0
336 0 0 0
337 0 0 0
338 0 0 0
339 0 0 0
340 0 0 0
341 0 0 0
342 0 0 0
343 0 0 0
344 0 0 0
345 0 0 0
346 0 0 0
347 0 0 0
348 0 0 0
349 0 0 0
350 0 0 0
351 0 0 0
352 0 0 0
353 0 0 0
354 0 0 0
355 0 0 0
356 0 0 0
357 0 0 0
358 0 0 0
359 0 0 0
360 0 0 0
361 0 0 0
362 0 0 0
363 0 0 0
364 0 0 0
365 0 0 0
366 0 0 0
367 0 0 0
368 0 0 0
369 0 0 0
370 0 0 0
371 0 0 0
372 0 0 0
373 0 0 0
374 0 0 0
375 0 0 0
376 0 0 0
377 0 0 0
378 0 0 0
379 0 0 0
380 0 0 0
381 0 0 0
382 0 0 0
383 0 0 0
384 0 0 0
385 0 0 0
386 0 0 0
387 0 0 0
388 0 0 0
389 0 0 0
390 0 0 0
391 0 0 0
392 0 0 0
393 0 0 0
394 0 0 0
395 0 0 0
396 0 0 0
397 0 0 0
398 0 0 0
399 0 0 0
400 0 0 0
401 0 0 0
402 0 0 0
403 0 0 0
404 0 0 0
405 0 0 0
406 0 0 0
407 0 0 0
408 0 0 0
409 0 0 0
410 0 0 0
411 0 0 0
412 0 0 0
413 0 0 0
414 0 0 0
415 0 0 0
416 0 0 0
417 0 0 0
418 0 0 0
419 0 0 0
420 0 0 0
421 0 0 0
422 0 0 0
423 0 0 0
424 0 0 0
425 0 0 0
426 0 0 0
427 0 0 0
428 0 0 0
429 0 0 0
430 0 0 0
431 0 0 0
432 0 0 0
433 0 0 0
434 0 0 0
435 0 0 0
436 0 0 0
437 0 0 0
438 0 0 0
439 0 0 0
440 0 0 0
441 0 0 0
442 0 0 0
443 0 0 0
444 0 0 0
445 0 0 0
446 0 0 0
447 0 0 0
448 0 0 0
449 0 0 0
450 0 0 0
451 0 0 0
452 0 0 0
453 0 0 0
454 0 0 0
455 0 0 0
456 0 0 0
457 0 0 0
458 0 0 0
459 0 0 0
460 0 0 0
461 0 0 0
462 0 0 0
463 0 0 0
464 0 0 0
465 0 0 0
466 0 0 0
467 0 0 0
468 0 0 0
469 0 0 0
470 0 0 0
471 0 0 0
472 0 0 0
473 0 0 0
474 0 0 0
475 0 0 0
476 0 0 0
477 0 0 0
478 0 0 0
479 0 0 0
480 0 0 0
481 0 0 0
482 0 0 0
483 0 0 0
484 0 0 0
485 0 0 0
486 0 0 0
487 0 0 0
488 0 0 0
489 0 0 0
490 0 0 0
491 0 0 0
492 0 0 0
493 0 0 0
494 0 0 0
495 0 0 0
496 0 0 0
497 0 0 0
498 0 0 0
499 0 0 0
500 0 0 0
501 0 0 0
502 0 0 0
503 0 0 0
504 0 0 0
505 0 0 0
506 0 0 0
507 0 0 0
508 0 0 0
509 0 0 0
510 0 0 0
511 0 0 0
512 0 0 0
513 0 0 0
514 0 0 0
515 0 0 0
516 0 0 0
517 0 0 0
518 0 0 0
519 0 0 0
520 0 0 0
521 0 0 0
522 0 0 0
523 0 0 0
524 0 0 0
525 0 0 0
526 0 0 0
527 0 0 0
528 0 0 0
529 0 0 0
530 0 0 0
531 0 0 0
532 0 0 0
533 0 0 0
534 0 0 0
535 0 0 0
536 0 0 0
537 0 0 0
538 0 0 0
539 0 0 0
540 0 0 0
541 0 0 0
542 0 0 0
543 0 0 0
544 0 0 0
545 0 0 0
546 0 0 0
547 0 0 0
548 0 0 0
549 0 0 0
550 0 0 0
551 0 0 0
552 0 0 0
553 0 0 0
554 0 0 0
555 0 0 0
556 0 0 0
557 0 0 0
558 0 0 0
559 0 0 0
560 0 0 0
561 0 0 0
562 0 0 0
563 0 0 0
564 0 0 0
565 0 0 0
566 0 0 0
567 0 0 0
568 0 0 0
569 0 0 0
570 0 0 0
571 0 0 0
572 0 0 0
573 0 0 0
574 0 0 0
575 0 0 0
576 0 0 0
577 0 0 0
578 0 0 0
579 0 0 0
580 0 0 0
581 0 0 0
582 0 0 0
583 0 0 0
584 0 0 0
585 0 0 0
586 0 0 0
587 0 0 0
588 0 0 0
589 0 0 0
590 0 0 0
591 0 0 0
592 0 0 0
593 0 0 0
594 0 0 0
595 0 0 0
596 0 0 0
597 0 0 0
598 0 0 0
599 0 0 0
600 0 0 0
601 0 0 0
602 0 0 0
603 0 0 0
604 0 0 0
605 0 0 0
606 0 0 0
607 0 0 0
608 0 0 0
609 0 0 0
610 0 0 0
611 0 0 0
612 0 0 0
613 0 0 0
614 0 0 0
615 0 0 0
616 0 0 0
617 0 0 0
618 0 0 0
619 0 0 0
620 0 0 0
621 0 0 0
622 0 0 0
623 0 0 0
624 0 0 0
625 0 0 0
626 0 0 0
627 0 0 0
628 0 0 0
629 0 0 0
630 0 0 0
631 0 0 0
632 0 0 0
633 0 0 0
634 0 0 0
635 0 0 0
636 0 0 0
637 0 0 0
638 0 0 0
639 0 0 0
640 0 0 0
641 0 0 0
642 0 0 0
643 0 0 0
644 0 0 0
645 0 0 0
646 0 0 0
647 0 0 0
648 0 0 0
649 0 0 0
650 0 0 0
651 0 0 0
652 0 0 0
653 0 0 0
654 0 0 0
655 0 0 0
656 0 0 0
657 0 0 0
658 0 0 0
659 0 0 0
660 0 0 0
661 0 0 0
662 0 0 0
663 0 0 0
664 0 0 0
665 0 0 0
666 0 0 0
667 0 0 0
668 0 0 0
669 0 0 0
670 0 0 0
671 0 0 0
672 0 0 0
673 0 0 0
674 0 0 0
675 0 0 0
676 0 0 0
677 0 0 0
678 0 0 0
679 0 0 0
680 0 0 0
681 0 0 0
682 0 0 0
683 0 0 0
684 0 0 0
685 0 0 0
686 0 0 0
687 0 0 0
688 0 0 0
689 0 0 0
690 0 0 0
691 0 0 0
692 0 0 0
693 0 0 0
694 0 0 0
695 0 0 0
696 0 0 0
697 0 0 0
698 0 0 0
699 0 0 0
700 0 0 0
701 0 0 0
702 0 0 0
703 0 0 0
704 0 0 0
705 0 0 0
706 0 0 0
707 0 0 0
708 0 0 0
709 0 0 0
710 0 0 0
711 0 0 0
712 0 0 0
713 0 0 0
714 0 0 0
715 0 0 0
716 0 0 0
717 0 0 0
718 0 0 0
719 0 0 0
720 0 0 0
721 0 0 0
722 0 0 0
723 0 0 0
724 0 0 0
725 0 0 0
726 0 0 0
727 0 0 0
728 0 0 0
729 0 0 0
730 0 0 0
731 0 0 0
732 0 0 0
733 0 0 0
734 0 0 0
735 0 0 0
736 0 0 0
737 0 0 0
738 0 0 0
739 0 0 0
740 0 0 0
741 0 0 0
742 0 0 0
743 0 0 0
744 0 0 0
745 0 0 0
746 0 0 0
747 0 0 0
748 0 0 0
749 0 0 0
750 0 0 0
751 0 0 0
752 0 0 0
753 0 0 0
754 0 0 0
755 0 0 0
756 0 0 0
757 0 0 0
758 0 0 0
759 0 0 0
760 0 0 0
761 0 0 0
762 0 0 0
763 0 0 0
764 0 0 0
765 0 0 0
766 0 0 0
767 0 0 0
768 0 0 0
769 0 0 0
770 0 0 0
771 0 0 0
772 0 0 0
773 0 0 0
774 0 0 0
775 0 0 0
776 0 0 0
777 0 0 0
778 0 0 0
779 0 0 0
780 0 0 0
781 0 0 0
782 0 0 0
783 0 0 0
784 0 0 0
785 0 0 0
786 0 0 0
787 0 0 0
788 0 0 0
789 0 0 0
790 0 0 0
791 0 0 0
792 0 0 0
793 0 0 0
794 0 0 0
795 0 0 0
796 0 0 0
797 0 0 0
798 0 0 0
799 0 0 0
800 0 0 0
801 0 0 0
802 0 0 0
803 0 0 0
804 0 0 0
805 0 0 0
806 0 0 0
807 0 0 0
808 0 0 0
809 0 0 0
810 0 0 0
811 0 0 0
812 0 0 0
813 0 0 0
814 0 0 0
815 0 0 0
816 0 0 0
817 0 0 0
818 0 0 0
819 0 0 0
820 0 0 0
821 0 0 0
822 0 0 0
823 0 0 0
824 0 0 0
825 0 0 0
826 0 0 0
827 0 0 0
828 0 0 0
829 0 0 0
830 0 0 0
831 0 0 0
832 0 0 0
833 0 0 0
834 0 0 0
835 0 0 0
836 0 0 0
837 0 0 0
838 0 0 0
839 0 0 0
840 0 0 0
841 0 0 0
842 0 0 0
843 0 0 0
844 0 0 0
845 0 0 0
846 0 0 0
847 0 0 0
848 0 0 0
849 0 0 0
850 0 0 0
851 0 0 0
852 0 0 0
853 0 0 0
854 0 0 0
855 0 0 0
856 0 0 0
857 0 0 0
858 0 0 0
859 0 0 0
860 0 0 0
861 0 0 0
862 0 0 0
863 0 0 0
864 0 0 0
865 0 0 0
866 0 0 0
867 0 0 0
868 0 0 0
869 0 0 0
870 0 0 0
871 0 0 0
872 0 0 0
873 0 0 0
874 0 0 0
875 0 0 0
876 0 0 0
877 0 0 0
878 0 0 0
879 0 0 0
880 0 0 0
881 0 0 0
882 0 0 0
883 0 0 0
884 0 0 0
885 0 0 0
886 0 0 0
887 0 0 0
888 0 0 0
889 0 0 0
890 0 0 0
891 0 0 0
892 0 0 0
893 0 0 0
894 0 0 0
895 0 0 0
896 0 0 0
897 0 0 0
898 0 0 0
899 0 0 0
900 0 0 0
901 0 0 0
902 0 0 0
903 0 0 0
904 0 0 0
905 0 0 0
906 0 0 0
907 0 0 0
908 0 0 0
909 0 0 0
910 0 0 0
911 0 0 0
912 0 0 0
913 0 0 0
914 0 0 0
915 0 0 0
916 0 0 0
917 0 0 0
918 0 0 0
919 0 0 0
920 0 0 0
921 0 0 0
922 0 0 0
923 0 0 0
924 0 0 0
925 0 0 0
926 0 0 0
927 0 0 0
928 0 0 0
929 0 0 0
930 0 0 0
931 0 0 0
932 0 0 0
933 0 0 0
934 0 0 0
935 0 0 0
936 0 0 0
937 0 0 0
938 0 0 0
939 1 1 1
940 1 1 1
941 1 1 1
942 1 1 1
943 1 1 1
944 1 1 1
945 1 1 1
946 1 1 1
947 1 1 1
948 1 1 1
949 1 1 1
950 1 1 1
951 1 1 1
952 1 1 1
953 1 1 1
954 1 1 1
955 1 1 1
956 1 1 1
957 1 1 1
958 1 1 1
959 1 1 1
960 1 1 1
961 1 1 1
962 1 1 1
963 1 1 1
964 1 1 1
965 1 1 1
966 1 1 1
967 1 1 1
968 1 1 1
969 1 1 1
970 1 1 1
971 1 1 1
972 1 1 1
973 1 1 1
974 1 1 1
975 1 1 1
976 1 1 1
977 1 1 1
978 1 1 1
979 1 1 1
980 1 1 1
981 1 1 1
982 1 1 1
983 1 1 1
984 1 1 1
985 1 1 1
986 1 1 1
987 1 1 1
988 1 1 1
989 1 1 1
990 1 1 1
991 1 1 1
992 1 1 1
993 1 1 1
994 1 1 1
995 1 1 1
996 1 1 1
997 1 1 1
998 1 1 1
999 1 1 1
1000 1 1 1
1001 1 1 1
1002 1 1 1
1003 1 1 1
1004 1 1 1
1005 1 1 1
1006 1 1 1
1007 1 1 1
1008 1 1 1
1009 1 1 1
1010 1 1 1
1011 1 1 1
1012 1 1 1
1013 1 1 1
1014 1 1 1
1015 1 1 1
1016 1 1 1
1017 1 1 1
1018 1 1 1
1019 1 1 1
1020 1 1 1
1021 1 1 1
1022 1 1 1
1023 1 1 1
1024 1 1 1
1025 1 1 1
1026 1 1 1
1027 1 1 1
1028 1 1 1
1029 1 1 1
$EndNodeData
$NodeData
1
"FixityRotation"
1
0
3
0
3
1029
1 0 0 0
2 0 0 0
3 0 0 0
4 0 0 0
5 0 0 0
6 0 0 0
7 0 0 0
8 0 0 0
9 0 0 0
10 0 0 0
11 0 0 0
12 0 0 0
13 0 0 0
14 0 0 0
15 0 0 0
16 0 0 0
17 0 0 0
18 0 0 0
19 0 0 0
20 0 0 0
21 0 0 0
22 0 0 0
23 0 0 0
24 0 0 0
25 0 0 0
26 0 0 0
27 0 0 0
28 0 0 0
29 0 0 0
30 0 0 0
31 0 0 0
32 0 0 0
33 0 0 0
34 0 0 0
35 0 0 0
36 0 0 0
37 0 0 0
38 0 0 0
39 0 0 0
40 0 0 0
41 0 0 0
42 0 0 0
43 0 0 0
44 0 0 0
45 0 0 0
46 0 0 0
47 0 0 0
48 0 0 0
49 0 0 0
50 0 0 0
51 0 0 0
52 0 0 0
53 0 0 0
54 0 0 0
55 0 0 0
56 0 0 0
57 0 0 0
58 0 0 0
59 0 0 0
60 0 0 0
61 0 0 0
62 0 0 0
63 0 0 0
64 0 0 0
65 0 0 0
66 0 0 0
67 0 0 0
68 0 0 0
69 0 0 0
70 0 0 0
71 0 0 0
72 0 0 0
73 0 0 0
74 0 0 0
75 0 0 0
76 0 0 0
77 0 0 0
78 0 0 0
79 0 0 0
80 0 0 0
81 0 0 0
82 0 0 0
83 0 0 0
84 0 0 0
85 0 0 0
86 0 0 0
87 0 0 0
88 0 0 0
89 0 0 0
90 0 0 0
91 0 0 0
92 0 0 0
93 0 0 0
94 0 0 0
95 0 0 0
96 0 0 0
97 0 0 0
98 0 0 0
99 0 0 0
100 0 0 0
101 0 0 0
102 0 0 0
103 0 0 0
104 0 0 0
105 0 0 0
106 0 0 0
107 0 0 0
108 0 0 0
109 0 0 0
110 0 0 0
111 0 0 0
112 0 0 0
113 0 0 0
114 0 0 0
115 0 0 0
116 0 0 0
117 0 0 0
118 0 0 0
119 0 0 0
120 0 0 0
121 0 0 0
122 0 0 0
123 0 0 0
124 0 0 0
125 0 0 0
126 0 0 0
127 0 0 0
128 0 0 0
129 0 0 0
130 0 0 0
131 0 0 0
132 0 0 0
133 0 0 0
134 0 0 0
135 0 0 0
136 0 0 0
137 0 0 0
138 0 0 0
139 0 0 0
140 0 0 0
141 0 0 0
142 0 0 0
143 0 0 0
144 0 0 0
145 0 0 0
146 0 0 0
147 0 0 0
148 0 0 0
149 0 0 0
150 0 0 0
151 0 0 0
152 0 0 0
153 0 0 0
154 0 0 0
155 0 0 0
156 0 0 0
157 0 0 0
158 0 0 0
159 0 0 0
160 0 0 0
161 0 0 0
162 0 0 0
163 0 0 0
164 0 0 0
165 0 0 0
166 0 0 0
167 0 0 0
168 0 0 0
169 0 0 0
170 0 0 0
171 0 0 0
172 0 0 0
173 0 0 0
174 0 0 0
175 0 0 0
176 0 0 0
177 0 0 0
178 0 0 0
179 0 0 0
180 0 0 0
181 0 0 0
182 0 0 0
183 0 0 0
184 0 0 0
185 0 0 0
186 0 0 0
187 0 0 0
188 0 0 0
189 0 0 0
190 0 0 0
191 0 0 0
192 0 0 0
193 0 0 0
194 0 0 0
195 0 0 0
196 0 0 0
197 0 0 0
198 0 0 0
199 0 0 0
200 0 0 0
201 0 0 0
202 0 0 0
203 0 0 0
204 0 0 0
205 0 0 0
206 0 0 0
207 0 0 0
208 0 0 0
209 0 0 0
210 0 0 0
211 0 0 0
212 0 0 0
213 0 0 0
214 0 0 0
215 0 0 0
216 0 0 0
217 0 0 0
218 0 0 0
219 0 0 0
220 0 0 0
221 0 0 0
222 0 0 0
223 0 0 0
224 0 0 0
225 0 0 0
226 0 0 0
227 0 0 0
228 0 0 0
229 0 0 0
230 0 0 0
231 0 0 0
232 0 0 0
233 0 0 0
234 0 0 0
235 0 0 0
236 0 0 0
237 0 0 0
238 0 0 0
239 0 0 0
240 0 0 0
241 0 0 0
242 0 0 0
243 0 0 0
244 0 0 0
245 0 0 0
246 0 0 0
247 0 0 0
248 0 0 0
249 0 0 0
250 0 0 0
251 0 0 0
252 0 0 0
253 0 0 0
254 0 0 0
255 0 0 0
256 0 0 0
257 0 0 0
258 0 0 0
259 0 0 0
260 0 0 0
261 0 0 0
262 0 0 0
263 0 0 0
264 0 0 0
265 0 0 0
266 0 0 0
267 0 0 0
268 0 0 0
269 0 0 0
270 0 0 0
271 0 0 0
272 0 0 0
273 0 0 0
274 0 0 0
275 0 0 0
276 0 0 0
277 0 0 0
278 0 0 0
279 0 0 0
280 0 0 0
281 0 0 0
282 0 0 0
283 0 0 0
284 0 0 0
285 0 0 0
286 0 0 0
287 0 0 0
288 0 0 0
289 0 0 0
290 0 0 0
291 0 0 0
292 0 0 0
293 0 0 0
294 0 0 0
295 0 0 0
296 0 0 0
297 0 0 0
298 0 0 0
299 0 0 0
300 0 0 0
301 0 0 0
302 0 0 0
303 0 0 0
304 0 0 0
305 0 0 0
306 0 0 0
307 0 0 0
308 0 0 0
309 0 0 0
310 0 0 0
311 0 0 0
312 0 0 0
313 0 0 0
314 0 0 0
315 0 0 0
316 0 0 0
317 0 0 0
318 0 0 0
319 0 0 0
320 0 0 0
321 0 0 0
322 0 0 0
323 0 0 0
324 0 0 0
325 0 0 0
326 0 0 0
327 0 0 0
328 0 0 0
329 0 0 0
330 0 0 0
331 0 0 0
332 0 0 0
333 0 0 0
334 0 0 0
335 0 0 0
336 0 0 0
337 0 0 0
338 0 0 0
339 0 0 0
340 0 0 0
341 0 0 0
342 0 0 0
343 0 0 0
344 0 0 0
345 0 0 0
346 0 0 0
347 0 0 0
348 0 0 0
349 0 0 0
350 0 0 0
351 0 0 0
352 0 0 0
353 0 0 0
354 0 0 0
355 0 0 0
356 0 0 0
357 0 0 0
358 0 0 0
359 0 0 0
360 0 0 0
361 0 0 0
362 0 0 0
363 0 0 0
364 0 0 0
365 0 0 0
366 0 0 0
367 0 0 0
368 0 0 0
369 0 0 0
370 0 0 0
371 0 0 0
372 0 0 0
373 0 0 0
374 0 0 0
375 0 0 0
376 0 0 0
377 0 0 0
378 0 0 0
379 0 0 0
380 0 0 0
381 0 0 0
382 0 0 0
383 0 0 0
384 0 0 0
385 0 0 0
386 0 0 0
387 0 0 0
388 0 0 0
389 0 0 0
390 0 0 0
391 0 0 0
392 0 0 0
393 0 0 0
394 0 0 0
395 0 0 0
396 0 0 0
397 0 0 0
398 0 0 0
399 0 0 0
400 0 0 0
401 0 0 0
402 0 0 0
403 0 0 0
404 0 0 0
405 0 0 0
406 0 0 0
407 0 0 0
408 0 0 0
409 0 0 0
410 0 0 0
411 0 0 0
412 0 0 0
413 0 0 0
414 0 0 0
415 0 0 0
416 0 0 0
417 0 0 0
418 0 0 0
419 0 0 0
420 0 0 0
421 0 0 0
422 0 0 0
423 0 0 0
424 0 0 0
425 0 0 0
426 0 0 0
427 0 0 0
428 0 0 0
429 0 0 0
430 0 0 0
431 0 0 0
432 0 0 0
433 0 0 0
434 0 0 0
435 0 0 0
436 0 0 0
437 0 0 0
438 0 0 0
439 0 0 0
440 0 0 0
441 0 0 0
442 0 0 0
443 0 0 0
444 0 0 0
445 0 0 0
446 0 0 0
447 0 0 0
448 0 0 0
449 0 0 0
450 0 0 0
451 0 0 0
452 0 0 0
453 0 0 0
454 0 0 0
455 0 0 0
456 0 0 0
457 0 0 0
458 0 0 0
459 0 0 0
460 0 0 0
461 0 0 0
462 0 0 0
463 0 0 0
464 0 0 0
465 0 0 0
466 0 0 0
467 0 0 0
468 0 0 0
469 0 0 0
470 0 0 0
471 0 0 0
472 0 0 0
473 0 0 0
474 0 0 0
475 0 0 0
476 0 0 0
477 0 0 0
478 0 0 0
479 0 0 0
480 0 0 0
481 0 0 0
482 0 0 0
483 0 0 0
484 0 0 0
485 0 0 0
486 0 0 0
487 0 0 0
488 0 0 0
489 0 0 0
490 0 0 0
491 0 0 0
492 0 0 0
493 0 0 0
494 0 0 0
495 0 0 0
496 0 0 0
497 0 0 0
498 0 0 0
499 0 0 0
500 0 0 0
501 0 0 0
502 0 0 0
503 0 0 0
504 0 0 0
505 0 0 0
506 0 0 0
507 0 0 0
508 0 0 0
509 0 0 0
510 0 0 0
511 0 0 0
512 0 0 0
513 0 0 0
514 0 0 0
515 0 0 0
516 0 0 0
517 0 0 0
518 0 0 0
519 0 0 0
520 0 0 0
521 0 0 0
522 0 0 0
523 0 0 0
524 0 0 0
525 0 0 0
526 0 0 0
527 0 0 0
528 0 0 0
529 0 0 0
530 0 0 0
531 0 0 0
532 0 0 0
533 0 0 0
534 0 0 0
535 0 0 0
536 0 0 0
537 0 0 0
538 0 0 0
539 0 0 0
540 0 0 0
541 0 0 0
542 0 0 0
543 0 0 0
544 0 0 0
545 0 0 0
546 0 0 0
547 0 0 0
548 0 0 0
549 0 0 0
550 0 0 0
551 0 0 0
552 0 0 0
553 0 0 0
554 0 0 0
555 0 0 0
556 0 0 0
557 0 0 0
558 0 0 0
559 0 0 0
560 0 0 0
561 0 0 0
562 0 0 0
563 0 0 0
564 0 0 0
565 0 0 0
566 0 0 0
567 0 0 0
568 0 0 0
569 0 0 0
570 0 0 0
571 0 0 0
572 0 0 0
573 0 0 0
574 0 0 0
575 0 0 0
576 0 0 0
577 0 0 0
578 0 0 0
579 0 0 0
580 0 0 0
581 0 0 0
582 0 0 0
583 0 0 0
584 0 0 0
585 0 0 0
586 0 0 0
587 0 0 0
588 0 0 0
589 0 0 0
590 0 0 0
591 0 0 0
592 0 0 0
593 0 0 0
594 0 0 0
595 0 0 0
596 0 0 0
597 0 0 0
598 0 0 0
599 0 0 0
600 0 0 0
601 0 0 0
602 0 0 0
603 0 0 0
604 0 0 0
605 0 0 0
606 0 0 0
607 0 0 0
608 0 0 0
609 0 0 0
610 0 0 0
611 0 0 0
612 0 0 0
613 0 0 0
614 0 0 0
615 0 0 0
616 0 0 0
617 0 0 0
618 0 0 0
619 0 0 0
620 0 0 0
621 0 0 0
622 0 0 0
623 0 0 0
624 0 0 0
625 0 0 0
626 0 0 0
627 0 0 0
628 0 0 0
629 0 0 0
630 0 0 0
631 0 0 0
632 0 0 0
633 0 0 0
634 0 0 0
635 0 0 0
636 0 0 0
637 0 0 0
638 0 0 0
639 0 0 0
640 0 0 0
641 0 0 0
642 0 0 0
643 0 0 0
644 0 0 0
645 0 0 0
646 0 0 0
647 0 0 0
648 0 0 0
649 0 0 0
650 0 0 0
651 0 0 0
652 0 0 0
653 0 0 0
654 0 0 0
655 0 0 0
656 0 0 0
657 0 0 0
658 0 0 0
659 0 0 0
660 0 0 0
661 0 0 0
662 0 0 0
663 0 0 0
664 0 0 0
665 0 0 0
666 0 0 0
667 0 0 0
668 0 0 0
669 0 0 0
670 0 0 0
671 0 0 0
672 0 0 0
673 0 0 0
674 0 0 0
675 0 0 0
676 0 0 0
677 0 0 0
678 0 0 0
679 0 0 0
680 0 0 0
681 0 0 0
682 0 0 0
683 0 0 0
684 0 0 0
685 0 0 0
686 0 0 0
687 0 0 0
688 0 0 0
689 0 0 0
690 0 0 0
691 0 0 0
692 0 0 0
693 0 0 0
694 0 0 0
695 0 0 0
696 0 0 0
697 0 0 0
698 0 0 0
699 0 0 0
700 0 0 0
701 0 0 0
702 0 0 0
703 0 0 0
704 0 0 0
705 0 0 0
706 0 0 0
707 0 0 0
708 0 0 0
709 0 0 0
710 0 0 0
711 0 0 0
712 0 0 0
713 0 0 0
714 0 0 0
715 0 0 0
716 0 0 0
717 0 0 0
718 0 0 0
719 0 0 0
720 0 0 0
721 0 0 0
722 0 0 0
723 0 0 0
724 0 0 0
725 0 0 0
726 0 0 0
727 0 0 0
728 0 0 0
729 0 0 0
730 0 0 0
731 0 0 0
732 0 0 0
733 0 0 0
734 0 0 0
735 0 0 0
736 0 0 0
737 0 0 0
738 0 0 0
739 0 0 0
740 0 0 0
741 0 0 0
742 0 0 0
743 0 0 0
744 0 0 0
745 0 0 0
746 0 0 0
747 0 0 0
748 0 0 0
749 0 0 0
750 0 0 0
751 0 0 0
752 0 0 0
753 0 0 0
754 0 0 0
755 0 0 0
756 0 0 0
757 0 0 0
758 0 0 0
759 0 0 0
760 0 0 0
761 0 0 0
762 0 0 0
763 0 0 0
764 0 0 0
765 0 0 0
766 0 0 0
767 0 0 0
768 0 0 0
769 0 0 0
770 0 0 0
771 0 0 0
772 0 0 0
773 0 0 0
774 0 0 0
775 0 0 0
776 0 0 0
777 0 0 0
778 0 0 0
779 0 0 0
780 0 0 0
781 0 0 0
782 0 0 0
783 0 0 0
784 0 0 0
785 0 0 0
786 0 0 0
787 0 0 0
788 0 0 0
789 0 0 0
790 0 0 0
791 0 0 0
792 0 0 0
793 0 0 0
794 0 0 0
795 0 0 0
796 0 0 0
797 0 0 0
798 0 0 0
799 0 0 0
800 0 0 0
801 0 0 0
802 0 0 0
803 0 0 0
804 0 0 0
805 0 0 0
806 0 0 0
807 0 0 0
808 0 0 0
809 0 0 0
810 0 0 0
811 0 0 0
812 0 0 0
813 0 0 0
814 0 0 0
815 0 0 0
816 0 0 0
817 0 0 0
818 0 0 0
819 0 0 0
820 0 0 0
821 0 0 0
822 0 0 0
823 0 0 0
824 0 0 0
825 0 0 0
826 0 0 0
827 0 0 0
828 0 0 0
829 0 0 0
830 0 0 0
831 0 0 0
832 0 0 0
833 0 0 0
834 0 0 0
835 0 0 0
836 0 0 0
837 0 0 0
838 0 0 0
839 0 0 0
840 0 0 0
841 0 0 0
842 0 0 0
843 0 0 0
844 0 0 0
845 0 0 0
846 0 0 0
847 0 0 0
848 0 0 0
849 0 0 0
850 0 0 0
851 0 0 0
852 0 0 0
853 0 0 0
854 0 0 0
855 0 0 0
856 0 0 0
857 0 0 0
858 0 0 0
859 0 0 0
860 0 0 0
861 0 0 0
862 0 0 0
863 0 0 0
864 0 0 0
865 0 0 0
866 0 0 0
867 0 0 0
868 0 0 0
869 0 0 0
870 0 0 0
871 0 0 0
872 0 0 0
873 0 0 0
874 0 0 0
875 0 0 0
876 0 0 0
877 0 0 0
878 0 0 0
879 0 0 0
880 0 0 0
881 0 0 0
882 0 0 0
883 0 0 0
884 0 0 0
885 0 0 0
886 0 0 0
887 0 0 0
888 0 0 0
889 0 0 0
890 0 0 0
891 0 0 0
892 0 0 0
893 0 0 0
894 0 0 0
895 0 0 0
896 0 0 0
897 0 0 0
898 0 0 0
899 0 0 0
900 0 0 0
901 0 0 0
902 0 0 0
903 0 0 0
904 0 0 0
905 0 0 0
906 0 0 0
907 0 0 0
908 0 0 0
909 0 0 0
910 0 0 0
911 0 0 0
912 0 0 0
913 0 0 0
914 0 0 0
915 0 0 0
916 0 0 0
917 0 0 0
918 0 0 0
919 0 0 0
920 0 0 0
921 0 0 0
922 0 0 0
923 0 0 0
924 0 0 0
925 0 0 0
926 0 0 0
927 0 0 0
928 0 0 0
929 0 0 0
930 0 0 0
931 0 0 0
932 0 0 0
933 0 0 0
934 0 0 0
935 0 0 0
936 0 0 0
937 0 0 0
938 0 0 0
939 1 1 1
940 1 1 1
941 1 1 1
942 1 1 1
943 1 1 1
944 1 1 1
945 1 1 1
946 1 1 1
947 1 1 1
948 1 1 1
949 1 1 1
950 1 1 1
951 1 1 1
952 1 1 1
953 1 1 1
954 1 1 1
955 1 1 1
956 1 1 1
957 1 1 1
958 1 1 1
959 1 1 1
960 1 1 1
961 1 1 1
962 1 1 1
963 1 1 1
964 1 1 1
965 1 1 1
966 1 1 1
967 1 1 1
968 1 1 1
969 1 1 1
970 1 1 1
971 1 1 1
972 1 1 1
973 1 1 1
974 1 1 1
975 1 1 1
976 1 1 1
977 1 1 1
978 1 1 1
979 1 1 1
980 1 1 1
981 1 1 1
982 1 1 1
983 1 1 1
984 1 1 1
985 1 1 1
986 1 1 1
987 1 1 1
988 1 1 1
989 1 1 1
990 1 1 1
991 1 1 1
992 1 1 1
993 1 1 1
994 1 1 1
995 1 1 1
996 1 1 1
997 1 1 1
998 1 1 1
999 1 1 1
1000 1 1 1
1001 1 1 1
1002 1 1 1
1003 1 1 1
1004 1 1 1
1005 1 1 1
1006 1 1 1
1007 1 1 1
1008 1 1 1
1009 1 1 1
1010 1 1 1
1011 1 1 1
1012 1 1 1
1013 1 1 1
1014 1 1 1
1015 1 1 1
1016 1 1 1
1017 1 1 1
1018 1 1 1
1019 1 1 1
1020 1 1 1
1021 1 1 1
1022 1 1 1
1023 1 1 1
1024 1 1 1
1025 1 1 1
1026 1 1 1
1027 1 1 1
1028 1 1 1
1029 1 1 1
$EndNodeData
$NodeData
1
"NodalForce"
1
0
3
0
3
1029
1 0 0 0
2 0 0 0
3 0 0 0
4 0 0 0
5 0 0 0
6 0 0 0
7 0 0 0
8 0 0 0
9 0 0 0
10 0 0 0
11 0 0 0
12 0 0 0
13 0 0 0
14 0 0 0
15 0 0 0
16 0 0 0
17 0 0 0
18 0 0 0
19 0 0 0
20 0 0 0
21 0 0 0
22 0 0 0
23 0 0 0
24 0 0 0
25 0 0 0
26 0 0 0
27 0 0 0
28 0 0 0
29 0 0 0
30 0 0 0
31 0 0 0
32 0 0 0
33 0 0 0
34 0 0 0
35 0 0 0
36 0 0 0
37 0 0 0
38 0 0 0
39 0 0 0
40 0 0 0
41 0 0 0
42 0 0 0
43 0 0 0
44 0 0 0
45 0 0 0
46 0 0 0
47 0 0 0
48 0 0 0
49 0 0 0
50 0 0 0
51 0 0 0
52 0 0 0
53 0 0 0
54 0 0 0
55 0 0 0
56 0 0 0
57 0 0 0
58 0 0 0
59 0 0 0
60 0 0 0
61 0 0 0
62 0 0 0
63 0 0 0
64 0 0 0
65 0 0 0
66 0 0 0
67 0 0 0
68 0 0 0
69 0 0 0
70 0 0 0
71 0 0 0
72 0 0 0
73 0 0 0
74 0 0 0
75 0 0 0
76 0 0 0
77 0 0 0
78 0 0 0
79 0 0 0
80 0 0 0
81 0 0 0
82 0 0 0
83 0 0 0
84 0 0 0
85 0 0 0
86 0 0 0
87 0 0 0
88 0 0 0
89 0 0 0
90 0 0 0
91 0 0 0
92 0 0 0
93 0 0 0
94 0 0 0
95 0 0 0
96 0 0 0
97 0 0 0
98 0 0 0
99 0 0 0
100 0 0 0
101 0 0 0
102 0 0 0
103 0 0 0
104 0 0 0
105 0 0 0
106 0 0 0
107 0 0 0
108 0 0 0
109 0 0 0
110 0 0 0
111 0 0 0
112 0 0 0
113 0 0 0
114 0 0 0
115 0 0 0
116 0 0 0
117 0 0 0
118 0 0 0
119 0 0 0
120 0 0 0
121 0 0 0
122 0 0 0
123 0 0 0
124 0 0 0
125 0 0 0
126 0 0 0
127 0 0 0
128 0 0 0
129 0 0 0
130 0 0 0
131 0 0 0
132 0 0 0
133 0 0 0
134 0 0 0
135 0 0 0
136 0 0 0
137 0 0 0
138 0 0 0
139 0 0 0
140 0 0 0
141 0 0 0
142 0 0 0
143 0 0 0
144 0 0 0
145 0 0 0
146 0 0 0
147 0 0 0
148 0 0 0
149 0 0 0
150 0 0 0
151 0 0 0
152 0 0 0
153 0 0 0
154 0 0 0
155 0 0 0
156 0 0 0
157 0 0 0
158 0 0 0
159 0 0 0
160 0 0 0
161 0 0 0
162 0 0 0
163 0 0 0
164 0 0 0
165 0 0 0
166 0 0 0
167 0 0 0
168 0 0 0
169 0 0 0
170 0 0 0
171 0 0 0
172 0 0 0
173 0 0 0
174 0 0 0
175 0 0 0
176 0 0 0
177 0 0 0
178 0 0 0
179 0 0 0
180 0 0 0
181 0 0 0
182 0 0 0
183 0 0 0
184 0 0 0
185 0 0 0
186 0 0 0
187 0 0 0
188 0 0 0
189 0 0 0
190 0 0 0
191 0 0 0
192 0 0 0
193 0 0 0
194 0 0 0
195 0 0 0
196 0 0 0
197 0 0 0
198 0 0 0
199 0 0 0
200 0 0 0
201 0 0 0
202 0 0 0
203 0 0 0
204 0 0 0
205 0 0 0
206 0 0 0
207 0 0 0
208 0 0 0
209 0 0 0
210 0 0 0
211 0 0 0
212 0 0 0
213 0 0 0
214 0 0 0
215 0 0 0
216 0 0 0
217 0 0 0
218 0 0 0
219 0 0 0
220 0 0 0
221 0 0 0
222 0 0 0
223 0 0 0
224 0 0 0
225 0 0 0
226 0 0 0
227 0 0 0
228 0 0 0
229 0 0 0
230 0 0 0
231 0 0 0
232 0 0 0
233 0 0 0
234 0 0 0
235 0 0 0
236 0 0 0
237 0 0 0
238 0 0 0
239 0 0 0
240 0 0 0
241 0 0 0
242 0 0 0
243 0 0 0
244 0 0 0
245 0 0 0
246 0 0 0
247 0 0 0
248 0 0 0
249 0 0 0
250 0 0 0
251 0 0 0
252 0 0 0
253 0 0 0
254 0 0 0
255 0 0 0
256 0 0 0
257 0 0 0
258 0 0 0
259 0 0 0
260 0 0 0
261 0 0 0
262 0 0 0
263 0 0 0
264 0 0 0
265 0 0 0
266 0 0 0
267 0 0 0
268 0 0 0
269 0 0 0
270 0 0 0
271 0 0 0
272 0 0 0
273 0 0 0
274 0 0 0
275 0 0 0
276 0 0 0
277 0 0 0
278 0 0 0
279 0 0 0
280 0 0 0
281 0 0 0
282 0 0 0
283 0 0 0
284 0 0 0
285 0 0 0
286 0 0 0
287 0 0 0
288 0 0 0
289 0 0 0
290 0 0 0
291 0 0 0
292 0 0 0
293 0 0 0
294 0 0 0
295 0 0 0
296 0 0 0
297 0 0 0
298 0 0 0
299 0 0 0
300 0 0 0
301 0 0 0
302 0 0 0
303 0 0 0
304 0 0 0
305 0 0 0
306 0 0 0
307 0 0 0
308 0 0 0
309 0 0 0
310 0 0 0
311 0 0 0
312 0 0 0
313 0 0 0
314 0 0 0
315 0 0 0
316 0 0 0
317 0 0 0
318 0 0 0
319 0 0 0
320 0 0 0
321 0 0 0
322 0 0 0
323 0 0 0
324 0 0 0
325 0 0 0
326 0 0 12000
327 0 0 0
328 0 0 0
329 0 0 0
330 0 0 0
331 0 0 0
332 0 0 0
333 0 0 0
334 0 0 0
335 0 0 0
336 0 0 0
337 0 0 0
338 0 0 0
339 0 0 12000
340 0 0 0
341 0 0 0
342 0 0 0
343 0 0 0
344 0 0 0
345 0 0 0
346 0 0 0
347 0 0 0
348 0 0 0
349 0 0 0
350 0 0 0
351 0 0 0
352 0 0 12000
353 0 0 0
354 0 0 0
355 0 0 0
356 0 0 0
357 0 0 0
358 0 0 0
359 0 0 0
360 0 0 0
361 0 0 0
362 0 0 0
363 0 0 0
364 0 0 0
365 0 0 12000
366 0 0 0
367 0 0 0
368 0 0 0
369 0 0 0
370 0 0 0
371 0 0 0
372 0 0 0
373 0 0 0
374 0 0 0
375 0 0 0
376 0 0 0
377 0 0 0
378 0 0 12000
379 0 0 0
380 0 0 0
381 0 0 0
382 0 0 0
383 0 0 0
384 0 0 0
385 0 0 0
386 0 0 0
387 0 0 0
388 0 0 0
389 0 0 0
390 0 0 0
391 0 0 12000
392 0 0 0
393 0 0 0
394 0 0 0
395 0 0 0
396 0 0 0
397 0 0 0
398 0 0 0
399 0 0 0
400 0 0 0
401 0 0 0
402 0 0 0
403 0 0 0
404 0 0 12000
405 0 0 0
406 0 0 0
407 0 0 0
408 0 0 0
409 0 0 0
410 0 0 0
411 0 0 0
412 0 0 0
413 0 0 0
414 0 0 0
415 0 0 0
416 0 0 0
417 0 0 12000
418 0 0 0
419 0 0 0
420 0 0 0
421 0 0 0
422 0 0 0
423 0 0 0
424 0 0 0
425 0 0 0
426 0 0 0
427 0 0 0
428 0 0 0
429 0 0 0
430 0 0 12000
431 0 0 0
432 0 0 0
433 0 0 0
434 0 0 0
435 0 0 0
436 0 0 0
437 0 0 0
438 0 0 0
439 0 0 0
440 0 0 0
441 0 0 0
442 0 0 0
443 0 0 12000
444 0 0 0
445 0 0 0
446 0 0 0
447 0 0 0
448 0 0 0
449 0 0 0
450 0 0 0
451 0 0 0
452 0 0 0
453 0 0 0
454 0 0 0
455 0 0 0
456 0 0 12000
457 0 0 0
458 0 0 0
459 0 0 0
460 0 0 0
461 0 0 0
462 0 0 0
463 0 0 0
464 0 0 0
465 0 0 0
466 0 0 0
467 0 0 0
468 0 0 0
469 0 0 12000
470 0 0 0
471 0 0 0
472 0 0 0
473 0 0 0
474 0 0 0
475 0 0 0
476 0 0 0
477 0 0 0
478 0 0 0
479 0 0 0
480 0 0 0
481 0 0 0
482 0 0 12000
483 0 0 0
484 0 0 0
485 0 0 0
486 0 0 0
487 0 0 0
488 0 0 0
489 0 0 0
490 0 0 0
491 0 0 0
492 0 0 0
493 0 0 0
494 0 0 0
495 0 0 12000
496 0 0 0
497 0 0 0
498 0 0 0
499 0 0 0
500 0 0 0
501 0 0 0
502 0 0 0
503 0 0 0
504 0 0 0
505 0 0 0
506 0 0 0
507 0 0 0
508 0 0 12000
509 0 0 0
510 0 0 0
511 0 0 0
512 0 0 0
513 0 0 0
514 0 0 0
515 0 0 0
516 0 0 0
517 0 0 0
518 0 0 0
519 0 0 0
520 0 0 0
521 0 0 12000
522 0 0 0
523 0 0 0
524 0 0 0
525 0 0 0
526 0 0 0
527 0 0 0
528 0 0 0
529 0 0 0
530 0 0 0
531 0 0 0
532 0 0 0
533 0 0 0
534 0 0 12000
535 0 0 0
536 0 0 0
537 0 0 0
538 0 0 0
539 0 0 0
540 0 0 0
541 0 0 0
542 0 0 0
543 0 0 0
544 0 0 0
545 0 0 0
546 0 0 0
547 0 0 12000
548 0 0 0
549 0 0 0
550 0 0 0
551 0 0 0
552 0 0 0
553 0 0 0
554 0 0 0
555 0 0 0
556 0 0 0
557 0 0 0
558 0 0 0
559 0 0 0
560 0 0 12000
561 0 0 0
562 0 0 0
563 0 0 0
564 0 0 0
565 0 0 0
566 0 0 0
567 0 0 0
568 0 0 0
569 0 0 0
570 0 0 0
571 0 0 0
572 0 0 0
573 0 0 12000
574 0 0 0
575 0 0 0
576 0 0 0
577 0 0 0
578 0 0 0
579 0 0 0
580 0 0 0
581 0 0 0
582 0 0 0
583 0 0 0
584 0 0 0
585 0 0 0
586 0 0 12000
587 0 0 0
588 0 0 0
589 0 0 0
590 0 0 0
591 0 0 0
592 0 0 0
593 0 0 0
594 0 0 0
595 0 0 0
596 0 0 0
597 0 0 0
598 0 0 0
599 0 0 12000
600 0 0 0
601 0 0 0
602 0 0 0
603 0 0 0
604 0 0 0
605 0 0 0
606 0 0 0
607 0 0 0
608 0 0 0
609 0 0 0
610 0 0 0
611 0 0 0
612 0 0 12000
613 0 0 0
614 0 0 0
615 0 0 0
616 0 0 0
617 0 0 0
618 0 0 0
619 0 0 0
620 0 0 0
621 0 0 0
622 0 0 0
623 0 0 0
624 0 0 0
625 0 0 12000
626 0 0 0
627 0 0 0
628 0 0 0
629 0 0 0
630 0 0 0
631 0 0 0
632 0 0 0
633 0 0 0
634 0 0 0
635 0 0 0
636 0 0 0
637 0 0 0
638 0 0 12000
639 0 0 0
640 0 0 0
641 0 0 0
642 0 0 0
643 0 0 0
644 0 0 0
645 0 0 0
646 0 0 0
647 0 0 0
648 0 0 0
649 0 0 0
650 0 0 0
651 0 -54000 0
652 0 -54000 0
653 0 -54000 0
654 0 -54000 0
655 0 -54000 0
656 0 -54000 0
657 0 -54000 0
658 0 -54000 0
659 0 -54000 0
660 0 -54000 0
661 0 -54000 0
662 0 -54000 0
663 0 -54000 0
664 0 -54000 0
665 0 -54000 0
666 0 -54000 0
667 0 -54000 0
668 0 -54000 0
669 0 -54000 0
670 0 -54000 0
671 0 -54000 0
672 0 -54000 0
673 0 -54000 0
674 0 -54000 0
675 0 -54000 0
676 0 -54000 0
677 0 -54000 0
678 0 -54000 0
679 0 -54000 0
680 0 -54000 0
681 0 -54000 0
682 0 -54000 0
683 0 -54000 0
684 0 -54000 0
685 0 -54000 0
686 0 -54000 0
687 0 -54000 0
688 0 -54000 0
689 0 -54000 0
690 0 -54000 0
691 0 -54000 0
692 0 -54000 0
693 0 -54000 0
694 0 -54000 0
695 0 -54000 0
696 0 -54000 0
697 0 -54000 0
698 0 -54000 0
699 0 -54000 0
700 0 -54000 0
701 0 -54000 0
702 0 -54000 0
703 0 -54000 0
704 0 -54000 0
705 0 -54000 0
706 0 -54000 0
707 0 -54000 0
708 0 -54000 0
709 0 -54000 0
710 0 -54000 0
711 0 -54000 0
712 0 -54000 0
713 0 -54000 0
714 0 -54000 0
715 0 -54000 0
716 0 -54000 0
717 0 -54000 0
718 0 -54000 0
719 0 -54000 0
720 0 -54000 0
721 0 -54000 0
722 0 -54000 0
723 0 -54000 0
724 0 -54000 0
725 0 -54000 0
726 0 -54000 0
727 0 -54000 0
728 0 -54000 0
729 0 -54000 0
730 0 -54000 0
731 0 -54000 0
732 0 -54000 0
733 0 -54000 0
734 0 -54000 0
735 0 -54000 0
736 0 -54000 0
737 0 -54000 0
738 0 -54000 0
739 0 -54000 0
740 0 -54000 0
741 0 -54000 0
742 0 -54000 0
743 0 -54000 0
744 0 -54000 0
745 0 -54000 0
746 0 -54000 0
747 0 -54000 0
748 0 -54000 0
749 0 -54000 0
750 0 -54000 0
751 0 -54000 0
752 0 -54000 0
753 0 -54000 0
754 0 -54000 0
755 0 -54000 0
756 0 -54000 0
757 0 -54000 0
758 0 -54000 0
759 0 -54000 0
760 0 -54000 0
761 0 -54000 0
762 0 -54000 0
763 0 -54000 0
764 0 -54000 0
765 0 -54000 0
766 0 -54000 0
767 0 -54000 0
768 0 -54000 0
769 0 -54000 0
770 0 -54000 0
771 0 -54000 0
772 0 -54000 0
773 0 -54000 0
774 0 -54000 0
775 0 -54000 0
776 0 -54000 0
777 0 -54000 0
778 0 -54000 0
779 0 -54000 0
780 0 -54000 0
781 0 -54000 0
782 0 -54000 0
783 0 -54000 0
784 0 -54000 0
785 0 -54000 0
786 0 -54000 0
787 0 -54000 0
788 0 -54000 0
789 0 -54000 0
790 0 -54000 0
791 0 -54000 0
792 0 -54000 0
793 0 -54000 0
794 0 -54000 0
795 0 -54000 0
796 0 -54000 0
797 0 -54000 0
798 0 -54000 0
799 0 -54000 0
800 0 -54000 0
801 0 -54000 0
802 0 -54000 0
803 0 -54000 0
804 0 -54000 0
805 0 -54000 0
806 0 -54000 0
807 0 -54000 0
808 0 -54000 0
809 0 -54000 0
810 0 -54000 0
811 0 -54000 0
812 0 -54000 0
813 0 -54000 0
814 0 -54000 0
815 0 -54000 0
816 0 -54000 0
817 0 -54000 0
818 0 -54000 0
819 0 -54000 0
820 0 -54000 0
821 0 -54000 0
822 0 -54000 0
823 0 -54000 0
824 0 -54000 0
825 0 -54000 0
826 0 -54000 0
827 0 -54000 0
828 0 -54000 0
829 0 -54000 0
830 0 -54000 0
831 0 -54000 0
832 0 -54000 0
833 0 -54000 0
834 0 -54000 0
835 0 -54000 0
836 0 -54000 0
837 0 -54000 0
838 0 -54000 0
839 0 -54000 0
840 0 -54000 0
841 0 -54000 0
842 0 -54000 0
843 0 -54000 0
844 0 -54000 0
845 0 -54000 0
846 0 -54000 0
847 0 -54000 0
848 0 -54000 0
849 0 -54000 0
850 0 -54000 0
851 0 -54000 0
852 0 -54000 0
853 0 -54000 0
854 0 -54000 0
855 0 -54000 0
856 0 -54000 0
857 0 -54000 0
858 0 -54000 0
859 0 -54000 0
860 0 -54000 0
861 0 -54000 0
862 0 -54000 0
863 0 -54000 0
864 0 -54000 0
865 0 -54000 0
866 0 -54000 0
867 0 -54000 0
868 0 -54000 0
869 0 -54000 0
870 0 -54000 0
871 0 -54000 0
872 0 -54000 0
873 0 -54000 0
874 0 -54000 0
875 0 -54000 0
876 0 -54000 0
877 0 -54000 0
878 0 -54000 0
879 0 -54000 0
880 0 -54000 0
881 0 -54000 0
882 0 -54000 0
883 0 -54000 0
884 0 -54000 0
885 0 -54000 0
886 0 -54000 0
887 0 -54000 0
888 0 -54000 0
889 0 -54000 0
890 0 -54000 0
891 0 -54000 0
892 0 -54000 0
893 0 -54000 0
894 0 -54000 0
895 0 -54000 0
896 0 -54000 0
897 0 -54000 0
898 0 -54000 0
899 0 -54000 0
900 0 -54000 0
901 0 -54000 0
902 0 -54000 0
903 0 -54000 0
904 0 -54000 0
905 0 -54000 0
906 0 -54000 0
907 0 -54000 0
908 0 -54000 0
909 0 -54000 0
910 0 -54000 0
911 0 -54000 0
912 0 -54000 0
913 0 -54000 0
914 0 -54000 0
915 0 -54000 0
916 0 -54000 0
917 0 -54000 0
918 0 -54000 0
919 0 -54000 0
920 0 -54000 0
921 0 -54000 0
922 0 -54000 0
923 0 -54000 0
924 0 -54000 0
925 0 -54000 0
926 0 -54000 0
927 0 -54000 0
928 0 -54000 0
929 0 -54000 0
930 0 -54000 0
931 0 -54000 0
932 0 -54000 0
933 0 -54000 0
934 0 -54000 0
935 0 -54000 0
936 0 -54000 0
937 0 -54000 0
938 0 -54000 0
939 0 0 0
940 0 0 0
941 0 0 0
942 0 0 0
943 0 0 0
944 0 0 0
945 0 0 0
946 0 0 0
947 0 0 0
948 0 0 0
949 0 0 0
950 0 0 0
951 0 0 0
952 0 0 0
953 0 0 0
954 0 0 0
955 0 0 0
956 0 0 0
957 0 0 0
958 0 0 0
959 0 0 0
960 0 0 0
961 0 0 0
962 0 0 0
963 0 0 0
964 0 0 0
965 0 0 0
966 0 0 0
967 0 0 0
968 0 0 0
969 0 0 0
970 0 0 0
971 0 0 0
972 0 0 0
973 0 0 0
974 0 0 0
975 0 0 0
976 0 0 0
977 0 0 0
978 0 0 0
979 0 0 0
980 0 0 0
981 0 0 0
982 0 0 0
983 0 0 0
984 0 0 0
985 0 0 0
986 0 0 0
987 0 0 0
988 0 0 0
989 0 0 0
990 0 0 0
991 0 0 0
992 0 0 0
993 0 0 0
994 0 0 0
995 0 0 0
996 0 0 0
997 0 0 0
998 0 0 0
999 0 0 0
1000 0 0 0
1001 0 0 0
1002 0 0 0
1003 0 0 0
1004 0 0 0
1005 0 0 0
1006 0 0 0
1007 0 0 0
1008 0 0 0
1009 0 0 0
1010 0 0 0
1011 0 0 0
1012 0 0 0
1013 0 0 0
1014 0 0 0
1015 0 0 0
1016 0 0 0
1017 0 0 0
1018 0 0 0
1019 0 0 0
1020 0 0 0
1021 0 0 0
1022 0 0 0
1023 0 0 0
1024 0 0 0
1025 0 0 0
1026 0 0 0
1027 0 0 0
1028 0 0 0
1029 0 0 0
$EndNodeData
$ElementData
1
"CrossSectionArea"
1
0
3
0
1
3098
1 0.026995778955533033
2 0.026995778955533033
3 0.026995778955533033
4 0.026995778955533033
5 0.026995778955533033
6 0.026995778955533033
7 0.026995778955533033
8 0.026995778955533033
9 0.026995778955533033
10 0.026995778955533033
11 0.026995778955533033
12 0.026995778955533033
13 0.026995778955533033
14 0.026995778955533033
15 0.026995778955533033
16 0.026995778955533033
17 0.026995778955533033
18 0.026995778955533033
19 0.026995778955533033
20 0.026995778955533033
21 0.026995778955533033
22 0.026995778955533033
23 0.026995778955533033
24 0.026995778955533033
25 0.023863778955533033
26 0.023863778955533033
27 0.023863778955533033
28 0.023863778955533033
29 0.023863778955533033
30 0.023863778955533033
31 0.023863778955533033
32 0.023863778955533033
33 0.023863778955533033
34 0.023863778955533033
35 0.023863778955533033
36 0.023863778955533033
37 0.023863778955533033
38 0.023863778955533033
39 0.023863778955533033
40 0.023863778955533033
41 0.023863778955533033
42 0.023863778955533033
43 0.023863778955533033
44 0.023863778955533033
45 0.023863778955533033
46 0.023863778955533033
47 0.023863778955533033
48 0.023863778955533033
49 0.026995778955533033
50 0.026995778955533033
51 0.026995778955533033
52 0.026995778955533033
53 0.026995778955533033
54 0.026995778955533033
55 0.026995778955533033
56 0.026995778955533033
57 0.026995778955533033
58 0.026995778955533033
59 0.026995778955533033
60 0.026995778955533033
61 0.026995778955533033
62 0.026995778955533033
63 0.026995778955533033
64 0.026995778955533033
65 0.026995778955533033
66 0.026995778955533033
67 0.026995778955533033
68 0.026995778955533033
69 0.026995778955533033
70 0.026995778955533033
71 0.026995778955533033
72 0.026995778955533033
73 0.023863778955533033
74 0.023863778955533033
75 0.023863778955533033
76 0.023863778955533033
77 0.023863778955533033
78 0.023863778955533033
79 0.023863778955533033
80 0.023863778955533033
81 0.023863778955533033
82 0.023863778955533033
83 0.023863778955533033
84 0.023863778955533033
85 0.023863778955533033
86 0.023863778955533033
87 0.023863778955533033
88 0.023863778955533033
89 0.023863778955533033
90 0.023863778955533033
91 0.023863778955533033
92 0.023863778955533033
93 0.023863778955533033
94 0.023863778955533033
95 0.023863778955533033
96 0.023863778955533033
97 0.026995778955533033
98 0.026995778955533033
99 0.026995778955533033
100 0.026995778955533033
101 0.026995778955533033
102 0.026995778955533033
103 0.026995778955533033
104 0.026995778955533033
105 0.026995778955533033
106 0.026995778955533033
107 0.026995778955533033
108 0.026995778955533033
109 0.026995778955533033
110 0.026995778955533033
111 0.026995778955533033
112 0.026995778955533033
113 0.026995778955533033
114 0.026995778955533033
115 0.026995778955533033
116 0.026995778955533033
117 0.026995778955533033
118 0.026995778955533033
119 0.026995778955533033
120 0.026995778955533033
121 0.023863778955533033
122 0.023863778955533033
123 0.023863778955533033
124 0.023863778955533033
125 0.023863778955533033
126 0.023863778955533033
127 0.023863778955533033
128 0.023863778955533033
129 0.023863778955533033
130 0.023863778955533033
131 0.023863778955533033
132 0.023863778955533033
133 0.023863778955533033
134 0.023863778955533033
135 0.023863778955533033
136 0.023863778955533033
137 0.023863778955533033
138 0.023863778955533033
139 0.023863778955533033
140 0.023863778955533033
141 0.023863778955533033
142 0.023863778955533033
143 0.023863778955533033
144 0.023863778955533033
145 0.026995778955533033
146 0.026995778955533033
147 0.026995778955533033
148 0.026995778955533033
149 0.026995778955533033
150 0.026995778955533033
151 0.026995778955533033
152 0.026995778955533033
153 0.026995778955533033
154 0.026995778955533033
155 0.026995778955533033
156 0.026995778955533033
157 0.026995778955533033
158 0.026995778955533033
159 0.026995778955533033
160 0.026995778955533033
161 0.026995778955533033
162 0.026995778955533033
163 0.026995778955533033
164 0.026995778955533033
165 0.026995778955533033
166 0.026995778955533033
167 0.026995778955533033
168 0.026995778955533033
169 0.023863778955533033
170 0.023863778955533033
171 0.023863778955533033
172 0.023863778955533033
173 0.023863778955533033
174 0.023863778955533033
175 0.023863778955533033
176 0.023863778955533033
177 0.023863778955533033
178 0.023863778955533033
179 0.023863778955533033
180 0.023863778955533033
181 0.023863778955533033
182 0.023863778955533033
183 0.023863778955533033
184 0.023863778955533033
185 0.023863778955533033
186 0.023863778955533033
187 0.023863778955533033
188 0.023863778955533033
189 0.023863778955533033
190 0.023863778955533033
191 0.023863778955533033
192 0.023863778955533033
193 0.026995778955533033
194 0.026995778955533033
195 0.026995778955533033
196 0.026995778955533033
197 0.026995778955533033
198 0.026995778955533033
199 0.026995778955533033
200 0.026995778955533033
201 0.026995778955533033
202 0.026995778955533033
203 0.026995778955533033
204 0.026995778955533033
205 0.026995778955533033
206 0.026995778955533033
207 0.026995778955533033
208 0.026995778955533033
209 0.026995778955533033
210 0.026995778955533033
211 0.026995778955533033
212 0.026995778955533033
213 0.026995778955533033
214 0.026995778955533033
215 0.026995778955533033
216 0.026995778955533033
217 0.023863778955533033
218 0.023863778955533033
219 0.023863778955533033
220 0.023863778955533033
221 0.023863778955533033
222 0.023863778955533033
223 0.023863778955533033
224 0.023863778955533033
225 0.023863778955533033
226 0.023863778955533033
227 0.023863778955533033
228 0.023863778955533033
229 0.023863778955533033
230 0.023863778955533033
231 0.023863778955533033
232 0.023863778955533033
233 0.023863778955533033
234 0.023863778955533033
235 0.023863778955533033
236 0.023863778955533033
237 0.023863778955533033
238 0.023863778955533033
239 0.023863778955533033
240 0.023863778955533033
241 0.026995778955533033
242 0.026995778955533033
243 0.026995778955533033
244 0.026995778955533033
245 0.026995778955533033
246 0.026995778955533033
247 0.026995778955533033
248 0.026995778955533033
249 0.026995778955533033
250 0.026995778955533033
251 0.026995778955533033
252 0.026995778955533033
253 0.026995778955533033
254 0.026995778955533033
255 0.026995778955533033
256 0.026995778955533033
257 0.026995778955533033
258 0.026995778955533033
259 0.026995778955533033
260 0.026995778955533033
261 0.026995778955533033
262 0.026995778955533033
263 0.026995778955533033
264 0.026995778955533033
265 0.023863778955533033
266 0.023863778955533033
267 0.023863778955533033
268 0.023863778955533033
269 0.023863778955533033
270 0.023863778955533033
271 0.023863778955533033
272 0.023863778955533033
273 0.023863778955533033
274 0.023863778955533033
275 0.023863778955533033
276 0.023863778955533033
277 0.023863778955533033
278 0.023863778955533033
279 0.023863778955533033
280 0.023863778955533033
281 0.023863778955533033
282 0.023863778955533033
283 0.023863778955533033
284 0.023863778955533033
285 0.023863778955533033
286 0.023863778955533033
287 0.023863778955533033
288 0.023863778955533033
289 0.026995778955533033
290 0.026995778955533033
291 0.026995778955533033
292 0.026995778955533033
293 0.026995778955533033
294 0.026995778955533033
295 0.026995778955533033
296 0.026995778955533033
297 0.026995778955533033
298 0.026995778955533033
299 0.026995778955533033
300 0.026995778955533033
301 0.026995778955533033
302 0.026995778955533033
303 0.026995778955533033
304 0.026995778955533033
305 0.026995778955533033
306 0.026995778955533033
307 0.026995778955533033
308 0.026995778955533033
309 0.026995778955533033
310 0.026995778955533033
311 0.026995778955533033
312 0.026995778955533033
313 0.026995778955533033
314 0.026995778955533033
315 0.026995778955533033
316 0.026995778955533033
317 0.026995778955533033
318 0.026995778955533033
319 0.026995778955533033
320 0.026995778955533033
321 0.026995778955533033
322 0.026995778955533033
323 0.026995778955533033
324 0.026995778955533033
325 0.023863778955533033
326 0.023863778955533033
327 0.023863778955533033
328 0.023863778955533033
329 0.023863778955533033
330 0.023863778955533033
331 0.023863778955533033
332 0.023863778955533033
333 0.023863778955533033
334 0.023863778955533033
335 0.023863778955533033
336 0.023863778955533033
337 0.026995778955533033
338 0.026995778955533033
339 0.026995778955533033
340 0.026995778955533033
341 0.026995778955533033
342 0.026995778955533033
343 0.026995778955533033
344 0.026995778955533033
345 0.026995778955533033
346 0.026995778955533033
347 0.026995778955533033
348 0.026995778955533033
349 0.023863778955533033
350 0.023863778955533033
351 0.023863778955533033
352 0.023863778955533033
353 0.023863778955533033
354 0.023863778955533033
355 0.023863778955533033
356 0.023863778955533033
357 0.023863778955533033
358 0.023863778955533033
359 0.023863778955533033
360 0.023863778955533033
361 0.026995778955533033
362 0.026995778955533033
363 0.026995778955533033
364 0.026995778955533033
365 0.026995778955533033
366 0.026995778955533033
367 0.026995778955533033
368 0.026995778955533033
369 0.026995778955533033
370 0.026995778955533033
371 0.026995778955533033
372 0.026995778955533033
373 0.023863778955533033
374 0.023863778955533033
375 0.023863778955533033
376 0.023863778955533033
377 0.023863778955533033
378 0.023863778955533033
379 0.023863778955533033
380 0.023863778955533033
381 0.023863778955533033
382 0.023863778955533033
383 0.023863778955533033
384 0.023863778955533033
385 0.026995778955533033
386 0.026995778955533033
387 0.026995778955533033
388 0.026995778955533033
389 0.026995778955533033
390 0.026995778955533033
391 0.026995778955533033
392 0.026995778955533033
393 0.026995778955533033
394 0.026995778955533033
395 0.026995778955533033
396 0.026995778955533033
397 0.023863778955533033
398 0.023863778955533033
399 0.023863778955533033
400 0.023863778955533033
401 0.023863778955533033
402 0.023863778955533033
403 0.023863778955533033
404 0.023863778955533033
405 0.023863778955533033
406 0.023863778955533033
407 0.023863778955533033
408 0.023863778955533033
409 0.026995778955533033
410 0.026995778955533033
411 0.026995778955533033
412 0.026995778955533033
413 0.026995778955533033
414 0.026995778955533033
415 0.026995778955533033
416 0.026995778955533033
417 0.026995778955533033
418 0.026995778955533033
419 0.026995778955533033
420 0.026995778955533033
421 0.023863778955533033
422 0.023863778955533033
423 0.023863778955533033
424 0.023863778955533033
425 0.023863778955533033
426 0.023863778955533033
427 0.023863778955533033
428 0.023863778955533033
429 0.023863778955533033
430 0.023863778955533033
431 0.023863778955533033
432 0.023863778955533033
433 0.026995778955533033
434 0.026995778955533033
435 0.026995778955533033
436 0.026995778955533033
437 0.026995778955533033
438 0.026995778955533033
439 0.026995778955533033
440 0.026995778955533033
441 0.026995778955533033
442 0.026995778955533033
443 0.026995778955533033
444 0.026995778955533033
445 0.023863778955533033
446 0.023863778955533033
447 0.023863778955533033
448 0.023863778955533033
449 0.023863778955533033
450 0.023863778955533033
451 0.023863778955533033
452 0.023863778955533033
453 0.023863778955533033
454 0.023863778955533033
455 0.023863778955533033
456 0.023863778955533033
457 0.026995778955533033
458 0.026995778955533033
459 0.026995778955533033
460 0.026995778955533033
461 0.026995778955533033
462 0.026995778955533033
463 0.026995778955533033
464 0.026995778955533033
465 0.026995778955533033
466 0.026995778955533033
467 0.026995778955533033
468 0.026995778955533033
469 0.023863778955533033
470 0.023863778955533033
471 0.023863778955533033
472 0.023863778955533033
473 0.023863778955533033
474 0.023863778955533033
475 0.023863778955533033
476 0.023863778955533033
477 0.023863778955533033
478 0.023863778955533033
479 0.023863778955533033
480 0.023863778955533033
481 0.026995778955533033
482 0.026995778955533033
483 0.026995778955533033
484 0.026995778955533033
485 0.026995778955533033
486 0.026995778955533033
487 0.026995778955533033
488 0.026995778955533033
489 0.026995778955533033
490 0.026995778955533033
491 0.026995778955533033
492 0.026995778955533033
493 0.023863778955533033
494 0.023863778955533033
495 0.023863778955533033
496 0.023863778955533033
497 0.023863778955533033
498 0.023863778955533033
499 0.023863778955533033
500 0.023863778955533033
501 0.023863778955533033
502 0.023863778955533033
503 0.023863778955533033
504 0.023863778955533033
505 0.026995778955533033
506 0.026995778955533033
507 0.026995778955533033
508 0.026995778955533033
509 0.026995778955533033
510 0.026995778955533033
511 0.026995778955533033
512 0.026995778955533033
513 0.026995778955533033
514 0.026995778955533033
515 0.026995778955533033
516 0.026995778955533033
517 0.023863778955533033
518 0.023863778955533033
519 0.023863778955533033
520 0.023863778955533033
521 0.023863778955533033
522 0.023863778955533033
523 0.023863778955533033
524 0.023863778955533033
525 0.023863778955533033
526 0.023863778955533033
527 0.023863778955533033
528 0.023863778955533033
529 0.026995778955533033
530 0.026995778955533033
531 0.026995778955533033
532 0.026995778955533033
533 0.026995778955533033
534 0.026995778955533033
535 0.026995778955533033
536 0.026995778955533033
537 0.026995778955533033
538 0.026995778955533033
539 0.026995778955533033
540 0.026995778955533033
541 0.023863778955533033
542 0.023863778955533033
543 0.023863778955533033
544 0.023863778955533033
545 0.023863778955533033
546 0.023863778955533033
547 0.023863778955533033
548 0.023863778955533033
549 0.023863778955533033
550 0.023863778955533033
551 0.023863778955533033
552 0.023863778955533033
553 0.026995778955533033
554 0.026995778955533033
555 0.026995778955533033
556 0.026995778955533033
557 0.026995778955533033
558 0.026995778955533033
559 0.026995778955533033
560 0.026995778955533033
561 0.026995778955533033
562 0.026995778955533033
563 0.026995778955533033
564 0.026995778955533033
565 0.023863778955533033
566 0.023863778955533033
567 0.023863778955533033
568 0.023863778955533033
569 0.023863778955533033
570 0.023863778955533033
571 0.023863778955533033
572 0.023863778955533033
573 0.023863778955533033
574 0.023863778955533033
575 0.023863778955533033
576 0.023863778955533033
577 0.026995778955533033
578 0.026995778955533033
579 0.026995778955533033
580 0.026995778955533033
581 0.026995778955533033
582 0.026995778955533033
583 0.026995778955533033
584 0.026995778955533033
585 0.026995778955533033
586 0.026995778955533033
587 0.026995778955533033
588 0.026995778955533033
589 0.023863778955533033
590 0.023863778955533033
591 0.023863778955533033
592 0.023863778955533033
593 0.023863778955533033
594 0.023863778955533033
595 0.023863778955533033
596 0.023863778955533033
597 0.023863778955533033
598 0.023863778955533033
599 0.023863778955533033
600 0.023863778955533033
601 0.026995778955533033
602 0.026995778955533033
603 0.026995778955533033
604 0.026995778955533033
605 0.026995778955533033
606 0.026995778955533033
607 0.026995778955533033
608 0.026995778955533033
609 0.026995778955533033
610 0.026995778955533033
611 0.026995778955533033
612 0.026995778955533033
613 0.002640257297929933
614 0.002640257297929933
615 0.002640257297929933
616 0.002640257297929933
617 0.002640257297929933
618 0.002640257297929933
619 0.002640257297929933
620 0.002640257297929933
621 0.002640257297929933
622 0.002640257297929933
623 0.002640257297929933
624 0.002640257297929933
625 0.002640257297929933
626 0.002640257297929933
627 0.002640257297929933
628 0.002640257297929933
629 0.002640257297929933
630 0.002640257297929933
631 0.002640257297929933
632 0.002640257297929933
633 0.002640257297929933
634 0.002640257297929933
635 0.002640257297929933
636 0.002640257297929933
637 0.002640257297929933
638 0.002640257297929933
639 0.002640257297929933
640 0.002640257297929933
641 0.002640257297929933
642 0.002640257297929933
643 0.002640257297929933
644 0.002640257297929933
645 0.002640257297929933
646 0.002640257297929933
647 0.002640257297929933
648 0.002640257297929933
649 0.002640257297929933
650 0.002640257297929933
651 0.002640257297929933
652 0.002640257297929933
653 0.002640257297929933
654 0.002640257297929933
655 0.002640257297929933
656 0.002640257297929933
657 0.002640257297929933
658 0.002640257297929933
659 0.002640257297929933
660 0.002640257297929933
661 0.002640257297929933
662 0.002640257297929933
663 0.002640257297929933
664 0.002640257297929933
665 0.002640257297929933
666 0.002640257297929933
667 0.002640257297929933
668 0.002640257297929933
669 0.002640257297929933
670 0.002640257297929933
671 0.002640257297929933
672 0.002640257297929933
673 0.002640257297929933
674 0.002640257297929933
675 0.002640257297929933
676 0.002640257297929933
677 0.002640257297929933
678 0.002640257297929933
679 0.002640257297929933
680 0.002640257297929933
681 0.002640257297929933
682 0.002640257297929933
683 0.002640257297929933
684 0.002640257297929933
685 0.002640257297929933
686 0.002640257297929933
687 0.002640257297929933
688 0.002640257297929933
689 0.002640257297929933
690 0.002640257297929933
691 0.002640257297929933
692 0.002640257297929933
693 0.002640257297929933
694 0.002640257297929933
695 0.002640257297929933
696 0.002640257297929933
697 0.002640257297929933
698 0.002640257297929933
699 0.002640257297929933
700 0.002640257297929933
701 0.002640257297929933
702 0.002640257297929933
703 0.002640257297929933
704 0.002640257297929933
705 0.002640257297929933
706 0.002640257297929933
707 0.002640257297929933
708 0.002640257297929933
709 0.002640257297929933
710 0.002640257297929933
711 0.002640257297929933
712 0.002640257297929933
713 0.002640257297929933
714 0.002640257297929933
715 0.002640257297929933
716 0.002640257297929933
717 0.002640257297929933
718 0.002640257297929933
719 0.002640257297929933
720 0.002640257297929933
721 0.002640257297929933
722 0.002640257297929933
723 0.002640257297929933
724 0.002640257297929933
725 0.002640257297929933
726 0.002640257297929933
727 0.002640257297929933
728 0.002640257297929933
729 0.002640257297929933
730 0.002640257297929933
731 0.002640257297929933
732 0.002640257297929933
733 0.002640257297929933
734 0.002640257297929933
735 0.002640257297929933
736 0.002640257297929933
737 0.002640257297929933
738 0.002640257297929933
739 0.002640257297929933
740 0.002640257297929933
741 0.002640257297929933
742 0.002640257297929933
743 0.002640257297929933
744 0.002640257297929933
745 0.002640257297929933
746 0.002640257297929933
747 0.002640257297929933
748 0.002640257297929933
749 0.002640257297929933
750 0.002640257297929933
751 0.002640257297929933
752 0.002640257297929933
753 0.002640257297929933
754 0.002640257297929933
755 0.002640257297929933
756 0.002640257297929933
757 0.002640257297929933
758 0.002640257297929933
759 0.002640257297929933
760 0.002640257297929933
761 0.002640257297929933
762 0.002640257297929933
763 0.002640257297929933
764 0.002640257297929933
765 0.002640257297929933
766 0.002640257297929933
767 0.002640257297929933
768 0.002640257297929933
769 0.002640257297929933
770 0.002640257297929933
771 0.002640257297929933
772 0.002640257297929933
773 0.002640257297929933
774 0.002640257297929933
775 0.002640257297929933
776 0.002640257297929933
777 0.002640257297929933
778 0.002640257297929933
779 0.002640257297929933
780 0.002640257297929933
781 0.002640257297929933
782 0.002640257297929933
783 0.002640257297929933
784 0.002640257297929933
785 0.002640257297929933
786 0.002640257297929933
787 0.002640257297929933
788 0.002640257297929933
789 0.002640257297929933
790 0.002640257297929933
791 0.002640257297929933
792 0.002640257297929933
793 0.002640257297929933
794 0.002640257297929933
795 0.002640257297929933
796 0.002640257297929933
797 0.002640257297929933
798 0.002640257297929933
799 0.002640257297929933
800 0.002640257297929933
801 0.002640257297929933
802 0.002640257297929933
803 0.002640257297929933
804 0.002640257297929933
805 0.002640257297929933
806 0.002640257297929933
807 0.002640257297929933
808 0.002640257297929933
809 0.002640257297929933
810 0.002640257297929933
811 0.002640257297929933
812 0.002640257297929933
813 0.002640257297929933
814 0.002640257297929933
815 0.002640257297929933
816 0.002640257297929933
817 0.002640257297929933
818 0.002640257297929933
819 0.002640257297929933
820 0.002640257297929933
821 0.002640257297929933
822 0.002640257297929933
823 0.002640257297929933
824 0.002640257297929933
825 0.002640257297929933
826 0.002640257297929933
827 0.002640257297929933
828 0.002640257297929933
829 0.002640257297929933
830 0.002640257297929933
831 0.002640257297929933
832 0.002640257297929933
833 0.002640257297929933
834 0.002640257297929933
835 0.002640257297929933
836 0.002640257297929933
837 0.002640257297929933
838 0.002640257297929933
839 0.002640257297929933
840 0.002640257297929933
841 0.002640257297929933
842 0.002640257297929933
843 0.002640257297929933
844 0.002640257297929933
845 0.002640257297929933
846 0.002640257297929933
847 0.002640257297929933
848 0.002640257297929933
849 0.002640257297929933
850 0.002640257297929933
851 0.002640257297929933
852 0.002640257297929933
853 0.002640257297929933
854 0.002640257297929933
855 0.002640257297929933
856 0.002640257297929933
857 0.002640257297929933
858 0.002640257297929933
859 0.002640257297929933
860 0.002640257297929933
861 0.002640257297929933
862 0.002640257297929933
863 0.002640257297929933
864 0.002640257297929933
865 0.002640257297929933
866 0.002640257297929933
867 0.002640257297929933
868 0.002640257297929933
869 0.002640257297929933
870 0.002640257297929933
871 0.002640257297929933
872 0.002640257297929933
873 0.002640257297929933
874 0.002640257297929933
875 0.002640257297929933
876 0.002640257297929933
877 0.002640257297929933
878 0.002640257297929933
879 0.002640257297929933
880 0.002640257297929933
881 0.002640257297929933
882 0.002640257297929933
883 0.002640257297929933
884 0.002640257297929933
885 0.002640257297929933
886 0.002640257297929933
887 0.002640257297929933
888 0.002640257297929933
889 0.002640257297929933
890 0.002640257297929933
891 0.002640257297929933
892 0.002640257297929933
893 0.002640257297929933
894 0.002640257297929933
895 0.002640257297929933
896 0.002640257297929933
897 0.002640257297929933
898 0.002640257297929933
899 0.002640257297929933
900 0.002640257297929933
901 0.002640257297929933
902 0.002640257297929933
903 0.002640257297929933
904 0.002640257297929933
905 0.002640257297929933
906 0.002640257297929933
907 0.002640257297929933
908 0.002640257297929933
909 0.002640257297929933
910 0.002640257297929933
911 0.002640257297929933
912 0.002640257297929933
913 0.002640257297929933
914 0.002640257297929933
915 0.002640257297929933
916 0.002640257297929933
917 0.002640257297929933
918 0.002640257297929933
919 0.002640257297929933
920 0.002640257297929933
921 0.002640257297929933
922 0.002640257297929933
923 0.002640257297929933
924 0.002640257297929933
925 0.002640257297929933
926 0.002640257297929933
927 0.002640257297929933
928 0.002640257297929933
929 0.002640257297929933
930 0.002640257297929933
931 0.002640257297929933
932 0.002640257297929933
933 0.002640257297929933
934 0.002640257297929933
935 0.002640257297929933
936 0.002640257297929933
937 0.002640257297929933
938 0.002640257297929933
939 0.002640257297929933
940 0.002640257297929933
941 0.002640257297929933
942 0.002640257297929933
943 0.002640257297929933
944 0.002640257297929933
945 0.002640257297929933
946 0.002640257297929933
947 0.002640257297929933
948 0.002640257297929933
949 0.002640257297929933
950 0.002640257297929933
951 0.002640257297929933
952 0.002640257297929933
953 0.002640257297929933
954 0.002640257297929933
955 0.002640257297929933
956 0.002640257297929933
957 0.002640257297929933
958 0.002640257297929933
959 0.002640257297929933
960 0.002640257297929933
961 0.002640257297929933
962 0.002640257297929933
963 0.002640257297929933
964 0.002640257297929933
965 0.002640257297929933
966 0.002640257297929933
967 0.002640257297929933
968 0.002640257297929933
969 0.002640257297929933
970 0.002640257297929933
971 0.002640257297929933
972 0.002640257297929933
973 0.002640257297929933
974 0.002640257297929933
975 0.002640257297929933
976 0.002640257297929933
977 0.002640257297929933
978 0.002640257297929933
979 0.002640257297929933
980 0.002640257297929933
981 0.002640257297929933
982 0.002640257297929933
983 0.002640257297929933
984 0.002640257297929933
985 0.002640257297929933
986 0.002640257297929933
987 0.002640257297929933
988 0.002640257297929933
989 0.002640257297929933
990 0.002640257297929933
991 0.002640257297929933
992 0.002640257297929933
993 0.002640257297929933
994 0.002640257297929933
995 0.002640257297929933
996 0.002640257297929933
997 0.002640257297929933
998 0.002640257297929933
999 0.002640257297929933
1000 0.002640257297929933
1001 0.002640257297929933
1002 0.002640257297929933
1003 0.002640257297929933
1004 0.002640257297929933
1005 0.002640257297929933
1006 0.002640257297929933
1007 0.002640257297929933
1008 0.002640257297929933
1009 0.002640257297929933
1010 0.002640257297929933
1011 0.002640257297929933
1012 0.002640257297929933
1013 0.002640257297929933
1014 0.002640257297929933
1015 0.002640257297929933
1016 0.002640257297929933
1017 0.002640257297929933
1018 0.002640257297929933
1019 0.002640257297929933
1020 0.002640257297929933
1021 0.002640257297929933
1022 0.002640257297929933
1023 0.002640257297929933
1024 0.002640257297929933
1025 0.002640257297929933
1026 0.002640257297929933
1027 0.002640257297929933
1028 0.002640257297929933
1029 0.002640257297929933
1030 0.002640257297929933
1031 0.002640257297929933
1032 0.002640257297929933
1033 0.002640257297929933
1034 0.002640257297929933
1035 0.002640257297929933
1036 0.002640257297929933
1037 0.002640257297929933
1038 0.002640257297929933
1039 0.002640257297929933
1040 0.002640257297929933
1041 0.002640257297929933
1042 0.002640257297929933
1043 0.002640257297929933
1044 0.002640257297929933
1045 0.002640257297929933
1046 0.002640257297929933
1047 0.002640257297929933
1048 0.002640257297929933
1049 0.002640257297929933
1050 0.002640257297929933
1051 0.002640257297929933
1052 0.002640257297929933
1053 0.002640257297929933
1054 0.002640257297929933
1055 0.002640257297929933
1056 0.002640257297929933
1057 0.002640257297929933
1058 0.002640257297929933
1059 0.002640257297929933
1060 0.002640257297929933
1061 0.002640257297929933
1062 0.002640257297929933
1063 0.002640257297929933
1064 0.002640257297929933
1065 0.002640257297929933
1066 0.002640257297929933
1067 0.002640257297929933
1068 0.002640257297929933
1069 0.002640257297929933
1070 0.002640257297929933
1071 0.002640257297929933
1072 0.002640257297929933
1073 0.002640257297929933
1074 0.002640257297929933
1075 0.002640257297929933
1076 0.002640257297929933
1077 0.002640257297929933
1078 0.002640257297929933
1079 0.002640257297929933
1080 0.002640257297929933
1081 0.002640257297929933
1082 0.002640257297929933
1083 0.002640257297929933
1084 0.002640257297929933
1085 0.002640257297929933
1086 0.002640257297929933
1087 0.002640257297929933
1088 0.002640257297929933
1089 0.002640257297929933
1090 0.002640257297929933
1091 0.002640257297929933
1092 0.002640257297929933
1093 0.002640257297929933
1094 0.002640257297929933
1095 0.002640257297929933
1096 0.002640257297929933
1097 0.002640257297929933
1098 0.002640257297929933
1099 0.002640257297929933
1100 0.002640257297929933
1101 0.002640257297929933
1102 0.002640257297929933
1103 0.002640257297929933
1104 0.002640257297929933
1105 0.002640257297929933
1106 0.002640257297929933
1107 0.002640257297929933
1108 0.002640257297929933
1109 0.002640257297929933
1110 0.002640257297929933
1111 0.002640257297929933
1112 0.002640257297929933
1113 0.002640257297929933
1114 0.002640257297929933
1115 0.002640257297929933
1116 0.002640257297929933
1117 0.002640257297929933
1118 0.002640257297929933
1119 0.002640257297929933
1120 0.002640257297929933
1121 0.002640257297929933
1122 0.002640257297929933
1123 0.002640257297929933
1124 0.002640257297929933
1125 0.002640257297929933
1126 0.002640257297929933
1127 0.002640257297929933
1128 0.002640257297929933
1129 0.002640257297929933
1130 0.002640257297929933
1131 0.002640257297929933
1132 0.002640257297929933
1133 0.002640257297929933
1134 0.002640257297929933
1135 0.002640257297929933
1136 0.002640257297929933
1137 0.002640257297929933
1138 0.002640257297929933
1139 0.002640257297929933
1140 0.002640257297929933
1141 0.002640257297929933
1142 0.002640257297929933
1143 0.002640257297929933
1144 0.002640257297929933
1145 0.002640257297929933
1146 0.002640257297929933
1147 0.002640257297929933
1148 0.002640257297929933
1149 0.002640257297929933
1150 0.002640257297929933
1151 0.002640257297929933
1152 0.002640257297929933
1153 0.002640257297929933
1154 0.002640257297929933
1155 0.002640257297929933
1156 0.002640257297929933
1157 0.002640257297929933
1158 0.002640257297929933
1159 0.002640257297929933
1160 0.002640257297929933
1161 0.002640257297929933
1162 0.002640257297929933
1163 0.002640257297929933
1164 0.002640257297929933
1165 0.002640257297929933
1166 0.002640257297929933
1167 0.002640257297929933
1168 0.002640257297929933
1169 0.002640257297929933
1170 0.002640257297929933
1171 0.002640257297929933
1172 0.002640257297929933
1173 0.002640257297929933
1174 0.002640257297929933
1175 0.002640257297929933
1176 0.002640257297929933
1177 0.002640257297929933
1178 0.002640257297929933
1179 0.002640257297929933
1180 0.002640257297929933
1181 0.002640257297929933
1182 0.002640257297929933
1183 0.002640257297929933
1184 0.002640257297929933
1185 0.002640257297929933
1186 0.002640257297929933
1187 0.002640257297929933
1188 0.002640257297929933
1189 0.002640257297929933
1190 0.002640257297929933
1191 0.002640257297929933
1192 0.002640257297929933
1193 0.002640257297929933
1194 0.002640257297929933
1195 0.002640257297929933
1196 0.002640257297929933
1197 0.002640257297929933
1198 0.002640257297929933
1199 0.002640257297929933
1200 0.002640257297929933
1201 0.002640257297929933
1202 0.002640257297929933
1203 0.002640257297929933
1204 0.002640257297929933
1205 0.002640257297929933
1206 0.002640257297929933
1207 0.002640257297929933
1208 0.002640257297929933
1209 0.002640257297929933
1210 0.002640257297929933
1211 0.002640257297929933
1212 0.002640257297929933
1213 0.002640257297929933
1214 0.002640257297929933
1215 0.002640257297929933
1216 0.002640257297929933
1217 0.002640257297929933
1218 0.002640257297929933
1219 0.002640257297929933
1220 0.002640257297929933
1221 0.002640257297929933
1222 0.002640257297929933
1223 0.002640257297929933
1224 0.002640257297929933
1225 0.002640257297929933
1226 0.002640257297929933
1227 0.0017168803851868209
1228 0.0017168803851868209
1229 0.0017168803851868209
1230 0.0017168803851868209
1231 0.002640257297929933
1232 0.002640257297929933
1233 0.0017168803851868209
1234 0.0017168803851868209
1235 0.0017168803851868209
1236 0.0017168803851868209
1237 0.002640257297929933
1238 0.002640257297929933
1239 0.0017168803851868209
1240 0.0017168803851868209
1241 0.0017168803851868209
1242 0.0017168803851868209
1243 0.002640257297929933
1244 0.002640257297929933
1245 0.0017168803851868209
1246 0.0017168803851868209
1247 0.0017168803851868209
1248 0.0017168803851868209
1249 0.002640257297929933
1250 0.002640257297929933
1251 0.0017168803851868209
1252 0.0017168803851868209
1253 0.0017168803851868209
1254 0.0017168803851868209
1255 0.002640257297929933
1256 0.002640257297929933
1257 0.0017168803851868209
1258 0.0017168803851868209
1259 0.0017168803851868209
1260 0.0017168803851868209
1261 0.002640257297929933
1262 0.002640257297929933
1263 0.0017168803851868209
1264 0.0017168803851868209
1265 0.0017168803851868209
1266 0.0017168803851868209
1267 0.002640257297929933
1268 0.002640257297929933
1269 0.0017168803851868209
1270 0.0017168803851868209
1271 0.0017168803851868209
1272 0.0017168803851868209
1273 0.002640257297929933
1274 0.002640257297929933
1275 0.0017168803851868209
1276 0.0017168803851868209
1277 0.0017168803851868209
1278 0.0017168803851868209
1279 0.002640257297929933
1280 0.002640257297929933
1281 0.0017168803851868209
1282 0.0017168803851868209
1283 0.0017168803851868209
1284 0.0017168803851868209
1285 0.002640257297929933
1286 0.002640257297929933
1287 0.0017168803851868209
1288 0.0017168803851868209
1289 0.0017168803851868209
1290 0.0017168803851868209
1291 0.002640257297929933
1292 0.0017168803851868209
1293 0.0017168803851868209
1294 0.0017168803851868209
1295 0.0017168803851868209
1296 0.002640257297929933
1297 0.002640257297929933
1298 0.0017168803851868209
1299 0.0017168803851868209
1300 0.0017168803851868209
1301 0.0017168803851868209
1302 0.002640257297929933
1303 0.002640257297929933
1304 0.0017168803851868209
1305 0.0017168803851868209
1306 0.0017168803851868209
1307 0.0017168803851868209
1308 0.002640257297929933
1309 0.002640257297929933
1310 0.0017168803851868209
1311 0.0017168803851868209
1312 0.0017168803851868209
1313 0.0017168803851868209
1314 0.002640257297929933
1315 0.002640257297929933
1316 0.0017168803851868209
1317 0.0017168803851868209
1318 0.0017168803851868209
1319 0.0017168803851868209
1320 0.002640257297929933
1321 0.002640257297929933
1322 0.0017168803851868209
1323 0.0017168803851868209
1324 0.0017168803851868209
1325 0.0017168803851868209
1326 0.002640257297929933
1327 0.002640257297929933
1328 0.0017168803851868209
1329 0.0017168803851868209
1330 0.0017168803851868209
1331 0.0017168803851868209
1332 0.002640257297929933
1333 0.002640257297929933
1334 0.0017168803851868209
1335 0.0017168803851868209
1336 0.0017168803851868209
1337 0.0017168803851868209
1338 0.002640257297929933
1339 0.002640257297929933
1340 0.0017168803851868209
1341 0.0017168803851868209
1342 0.0017168803851868209
1343 0.0017168803851868209
1344 0.002640257297929933
1345 0.002640257297929933
1346 0.0017168803851868209
1347 0.0017168803851868209
1348 0.0017168803851868209
1349 0.0017168803851868209
1350 0.002640257297929933
1351 0.002640257297929933
1352 0.0017168803851868209
1353 0.0017168803851868209
1354 0.0017168803851868209
1355 0.0017168803851868209
1356 0.002640257297929933
1357 0.002640257297929933
1358 0.0017168803851868209
1359 0.0017168803851868209
1360 0.0017168803851868209
1361 0.0017168803851868209
1362 0.002640257297929933
1363 0.0017168803851868209
1364 0.0017168803851868209
1365 0.0017168803851868209
1366 0.0017168803851868209
1367 0.002640257297929933
1368 0.002640257297929933
1369 0.0017168803851868209
1370 0.0017168803851868209
1371 0.0017168803851868209
1372 0.0017168803851868209
1373 0.002640257297929933
1374 0.002640257297929933
1375 0.0017168803851868209
1376 0.0017168803851868209
1377 0.0017168803851868209
1378 0.0017168803851868209
1379 0.002640257297929933
1380 0.002640257297929933
1381 0.0017168803851868209
1382 0.0017168803851868209
1383 0.0017168803851868209
1384 0.0017168803851868209
1385 0.002640257297929933
1386 0.002640257297929933
1387 0.0017168803851868209
1388 0.0017168803851868209
1389 0.0017168803851868209
1390 0.0017168803851868209
1391 0.002640257297929933
1392 0.002640257297929933
1393 0.0017168803851868209
1394 0.0017168803851868209
1395 0.0017168803851868209
1396 0.0017168803851868209
1397 0.002640257297929933
1398 0.002640257297929933
1399 0.0017168803851868209
1400 0.0017168803851868209
1401 0.0017168803851868209
1402 0.0017168803851868209
1403 0.002640257297929933
1404 0.002640257297929933
1405 0.0017168803851868209
1406 0.0017168803851868209
1407 0.0017168803851868209
1408 0.0017168803851868209
1409 0.002640257297929933
1410 0.002640257297929933
1411 0.0017168803851868209
1412 0.0017168803851868209
1413 0.0017168803851868209
1414 0.0017168803851868209
1415 0.002640257297929933
1416 0.002640257297929933
1417 0.0017168803851868209
1418 0.0017168803851868209
1419 0.0017168803851868209
1420 0.0017168803851868209
1421 0.002640257297929933
1422 0.002640257297929933
1423 0.0017168803851868209
1424 0.0017168803851868209
1425 0.0017168803851868209
1426 0.0017168803851868209
1427 0.002640257297929933
1428 0.002640257297929933
1429 0.0017168803851868209
1430 0.0017168803851868209
1431 0.0017168803851868209
1432 0.0017168803851868209
1433 0.002640257297929933
1434 0.0017168803851868209
1435 0.0017168803851868209
1436 0.0017168803851868209
1437 0.0017168803851868209
1438 0.002640257297929933
1439 0.002640257297929933
1440 0.0017168803851868209
1441 0.0017168803851868209
1442 0.0017168803851868209
1443 0.0017168803851868209
1444 0.002640257297929933
1445 0.002640257297929933
1446 0.0017168803851868209
1447 0.0017168803851868209
1448 0.0017168803851868209
1449 0.0017168803851868209
1450 0.002640257297929933
1451 0.002640257297929933
1452 0.0017168803851868209
1453 0.0017168803851868209
1454 0.0017168803851868209
1455 0.0017168803851868209
1456 0.002640257297929933
1457 0.002640257297929933
1458 0.0017168803851868209
1459 0.0017168803851868209
1460 0.0017168803851868209
1461 0.0017168803851868209
1462 0.002640257297929933
1463 0.002640257297929933
1464 0.0017168803851868209
1465 0.0017168803851868209
1466 0.0017168803851868209
1467 0.0017168803851868209
1468 0.002640257297929933
1469 0.002640257297929933
1470 0.0017168803851868209
1471 0.0017168803851868209
1472 0.0017168803851868209
1473 0.0017168803851868209
1474 0.002640257297929933
1475 0.002640257297929933
1476 0.0017168803851868209
1477 0.0017168803851868209
1478 0.0017168803851868209
1479 0.0017168803851868209
1480 0.002640257297929933
1481 0.002640257297929933
1482 0.0017168803851868209
1483 0.0017168803851868209
1484 0.0017168803851868209
1485 0.0017168803851868209
1486 0.002640257297929933
1487 0.002640257297929933
1488 0.0017168803851868209
1489 0.0017168803851868209
1490 0.0017168803851868209
1491 0.0017168803851868209
1492 0.002640257297929933
1493 0.002640257297929933
1494 0.0017168803851868209
1495 0.0017168803851868209
1496 0.0017168803851868209
1497 0.0017168803851868209
1498 0.002640257297929933
1499 0.002640257297929933
1500 0.0017168803851868209
1501 0.0017168803851868209
1502 0.0017168803851868209
1503 0.0017168803851868209
1504 0.002640257297929933
1505 0.0017168803851868209
1506 0.0017168803851868209
1507 0.0017168803851868209
1508 0.0017168803851868209
1509 0.002640257297929933
1510 0.002640257297929933
1511 0.0017168803851868209
1512 0.0017168803851868209
1513 0.0017168803851868209
1514 0.0017168803851868209
1515 0.002640257297929933
1516 0.002640257297929933
1517 0.0017168803851868209
1518 0.0017168803851868209
1519 0.0017168803851868209
1520 0.0017168803851868209
1521 0.002640257297929933
1522 0.002640257297929933
1523 0.0017168803851868209
1524 0.0017168803851868209
1525 0.0017168803851868209
1526 0.0017168803851868209
1527 0.002640257297929933
1528 0.002640257297929933
1529 0.0017168803851868209
1530 0.0017168803851868209
1531 0.0017168803851868209
1532 0.0017168803851868209
1533 0.002640257297929933
1534 0.002640257297929933
1535 0.0017168803851868209
1536 0.0017168803851868209
1537 0.0017168803851868209
1538 0.0017168803851868209
1539 0.002640257297929933
1540 0.002640257297929933
1541 0.0017168803851868209
1542 0.0017168803851868209
1543 0.0017168803851868209
1544 0.0017168803851868209
1545 0.002640257297929933
1546 0.002640257297929933
1547 0.0017168803851868209
1548 0.0017168803851868209
1549 0.0017168803851868209
1550 0.0017168803851868209
1551 0.002640257297929933
1552 0.002640257297929933
1553 0.0017168803851868209
1554 0.0017168803851868209
1555 0.0017168803851868209
1556 0.0017168803851868209
1557 0.002640257297929933
1558 0.002640257297929933
1559 0.0017168803851868209
1560 0.0017168803851868209
1561 0.0017168803851868209
1562 0.0017168803851868209
1563 0.002640257297929933
1564 0.002640257297929933
1565 0.0017168803851868209
1566 0.0017168803851868209
1567 0.0017168803851868209
1568 0.0017168803851868209
1569 0.002640257297929933
1570 0.002640257297929933
1571 0.0017168803851868209
1572 0.0017168803851868209
1573 0.0017168803851868209
1574 0.0017168803851868209
1575 0.002640257297929933
1576 0.0017168803851868209
1577 0.0017168803851868209
1578 0.0017168803851868209
1579 0.0017168803851868209
1580 0.002640257297929933
1581 0.002640257297929933
1582 0.0017168803851868209
1583 0.0017168803851868209
1584 0.0017168803851868209
1585 0.0017168803851868209
1586 0.002640257297929933
1587 0.002640257297929933
1588 0.0017168803851868209
1589 0.0017168803851868209
1590 0.0017168803851868209
1591 0.0017168803851868209
1592 0.002640257297929933
1593 0.002640257297929933
1594 0.0017168803851868209
1595 0.0017168803851868209
1596 0.0017168803851868209
1597 0.0017168803851868209
1598 0.002640257297929933
1599 0.002640257297929933
1600 0.0017168803851868209
1601 0.0017168803851868209
1602 0.0017168803851868209
1603 0.0017168803851868209
1604 0.002640257297929933
1605 0.002640257297929933
1606 0.0017168803851868209
1607 0.0017168803851868209
1608 0.0017168803851868209
1609 0.0017168803851868209
1610 0.002640257297929933
1611 0.002640257297929933
1612 0.0017168803851868209
1613 0.0017168803851868209
1614 0.0017168803851868209
1615 0.0017168803851868209
1616 0.002640257297929933
1617 0.002640257297929933
1618 0.0017168803851868209
1619 0.0017168803851868209
1620 0.0017168803851868209
1621 0.0017168803851868209
1622 0.002640257297929933
1623 0.002640257297929933
1624 0.0017168803851868209
1625 0.0017168803851868209
1626 0.0017168803851868209
1627 0.0017168803851868209
1628 0.002640257297929933
1629 0.002640257297929933
1630 0.0017168803851868209
1631 0.0017168803851868209
1632 0.0017168803851868209
1633 0.0017168803851868209
1634 0.002640257297929933
1635 0.002640257297929933
1636 0.0017168803851868209
1637 0.0017168803851868209
1638 0.0017168803851868209
1639 0.0017168803851868209
1640 0.002640257297929933
1641 0.002640257297929933
1642 0.0017168803851868209
1643 0.0017168803851868209
1644 0.0017168803851868209
1645 0.0017168803851868209
1646 0.002640257297929933
1647 0.0017168803851868209
1648 0.0017168803851868209
1649 0.0017168803851868209
1650 0.0017168803851868209
1651 0.002640257297929933
1652 0.002640257297929933
1653 0.0017168803851868209
1654 0.0017168803851868209
1655 0.0017168803851868209
1656 0.0017168803851868209
1657 0.002640257297929933
1658 0.002640257297929933
1659 0.0017168803851868209
1660 0.0017168803851868209
1661 0.0017168803851868209
1662 0.0017168803851868209
1663 0.002640257297929933
1664 0.002640257297929933
1665 0.0017168803851868209
1666 0.0017168803851868209
1667 0.0017168803851868209
1668 0.0017168803851868209
1669 0.002640257297929933
1670 0.002640257297929933
1671 0.0017168803851868209
1672 0.0017168803851868209
1673 0.0017168803851868209
1674 0.0017168803851868209
1675 0.002640257297929933
1676 0.002640257297929933
1677 0.0017168803851868209
1678 0.0017168803851868209
1679 0.0017168803851868209
1680 0.0017168803851868209
1681 0.002640257297929933
1682 0.002640257297929933
1683 0.0017168803851868209
1684 0.0017168803851868209
1685 0.0017168803851868209
1686 0.0017168803851868209
1687 0.002640257297929933
1688 0.002640257297929933
1689 0.0017168803851868209
1690 0.0017168803851868209
1691 0.0017168803851868209
1692 0.0017168803851868209
1693 0.002640257297929933
1694 0.002640257297929933
1695 0.0017168803851868209
1696 0.0017168803851868209
1697 0.0017168803851868209
1698 0.0017168803851868209
1699 0.002640257297929933
1700 0.002640257297929933
1701 0.0017168803851868209
1702 0.0017168803851868209
1703 0.0017168803851868209
1704 0.0017168803851868209
1705 0.002640257297929933
1706 0.002640257297929933
1707 0.0017168803851868209
1708 0.0017168803851868209
1709 0.0017168803851868209
1710 0.0017168803851868209
1711 0.002640257297929933
1712 0.002640257297929933
1713 0.0017168803851868209
1714 0.0017168803851868209
1715 0.0017168803851868209
1716 0.0017168803851868209
1717 0.002640257297929933
1718 0.0017168803851868209
1719 0.0017168803851868209
1720 0.0017168803851868209
1721 0.0017168803851868209
1722 0.002640257297929933
1723 0.002640257297929933
1724 0.0017168803851868209
1725 0.0017168803851868209
1726 0.0017168803851868209
1727 0.0017168803851868209
1728 0.002640257297929933
1729 0.002640257297929933
1730 0.0017168803851868209
1731 0.0017168803851868209
1732 0.0017168803851868209
1733 0.0017168803851868209
1734 0.002640257297929933
1735 0.002640257297929933
1736 0.0017168803851868209
1737 0.0017168803851868209
1738 0.0017168803851868209
1739 0.0017168803851868209
1740 0.002640257297929933
1741 0.002640257297929933
1742 0.0017168803851868209
1743 0.0017168803851868209
1744 0.0017168803851868209
1745 0.0017168803851868209
1746 0.002640257297929933
1747 0.002640257297929933
1748 0.0017168803851868209
1749 0.0017168803851868209
1750 0.0017168803851868209
1751 0.0017168803851868209
1752 0.002640257297929933
1753 0.002640257297929933
1754 0.0017168803851868209
1755 0.0017168803851868209
1756 0.0017168803851868209
1757 0.0017168803851868209
1758 0.002640257297929933
1759 0.002640257297929933
1760 0.0017168803851868209
1761 0.0017168803851868209
1762 0.0017168803851868209
1763 0.0017168803851868209
1764 0.002640257297929933
1765 0.002640257297929933
1766 0.0017168803851868209
1767 0.0017168803851868209
1768 0.0017168803851868209
1769 0.0017168803851868209
1770 0.002640257297929933
1771 0.002640257297929933
1772 0.0017168803851868209
1773 0.0017168803851868209
1774 0.0017168803851868209
1775 0.0017168803851868209
1776 0.002640257297929933
1777 0.002640257297929933
1778 0.0017168803851868209
1779 0.0017168803851868209
1780 0.0017168803851868209
1781 0.0017168803851868209
1782 0.002640257297929933
1783 0.002640257297929933
1784 0.0017168803851868209
1785 0.0017168803851868209
1786 0.0017168803851868209
1787 0.0017168803851868209
1788 0.002640257297929933
1789 0.0017168803851868209
1790 0.0017168803851868209
1791 0.0017168803851868209
1792 0.0017168803851868209
1793 0.002640257297929933
1794 0.002640257297929933
1795 0.0017168803851868209
1796 0.0017168803851868209
1797 0.0017168803851868209
1798 0.0017168803851868209
1799 0.002640257297929933
1800 0.002640257297929933
1801 0.0017168803851868209
1802 0.0017168803851868209
1803 0.0017168803851868209
1804 0.0017168803851868209
1805 0.002640257297929933
1806 0.002640257297929933
1807 0.0017168803851868209
1808 0.0017168803851868209
1809 0.0017168803851868209
1810 0.0017168803851868209
1811 0.002640257297929933
1812 0.002640257297929933
1813 0.0017168803851868209
1814 0.0017168803851868209
1815 0.0017168803851868209
1816 0.0017168803851868209
1817 0.002640257297929933
1818 0.002640257297929933
1819 0.0017168803851868209
1820 0.0017168803851868209
1821 0.0017168803851868209
1822 0.0017168803851868209
1823 0.002640257297929933
1824 0.002640257297929933
1825 0.0017168803851868209
1826 0.0017168803851868209
1827 0.0017168803851868209
1828 0.0017168803851868209
1829 0.002640257297929933
1830 0.002640257297929933
1831 0.0017168803851868209
1832 0.0017168803851868209
1833 0.0017168803851868209
1834 0.0017168803851868209
1835 0.002640257297929933
1836 0.002640257297929933
1837 0.0017168803851868209
1838 0.0017168803851868209
1839 0.0017168803851868209
1840 0.0017168803851868209
1841 0.002640257297929933
1842 0.002640257297929933
1843 0.0017168803851868209
1844 0.0017168803851868209
1845 0.0017168803851868209
1846 0.0017168803851868209
1847 0.002640257297929933
1848 0.002640257297929933
1849 0.0017168803851868209
1850 0.0017168803851868209
1851 0.0017168803851868209
1852 0.0017168803851868209
1853 0.002640257297929933
1854 0.002640257297929933
1855 0.0017168803851868209
1856 0.0017168803851868209
1857 0.0017168803851868209
1858 0.0017168803851868209
1859 0.002640257297929933
1860 0.0017168803851868209
1861 0.0017168803851868209
1862 0.0017168803851868209
1863 0.0017168803851868209
1864 0.002640257297929933
1865 0.002640257297929933
1866 0.0017168803851868209
1867 0.0017168803851868209
1868 0.0017168803851868209
1869 0.0017168803851868209
1870 0.002640257297929933
1871 0.002640257297929933
1872 0.0017168803851868209
1873 0.0017168803851868209
1874 0.0017168803851868209
1875 0.0017168803851868209
1876 0.002640257297929933
1877 0.002640257297929933
1878 0.0017168803851868209
1879 0.0017168803851868209
1880 0.0017168803851868209
1881 0.0017168803851868209
1882 0.002640257297929933
1883 0.002640257297929933
1884 0.0017168803851868209
1885 0.0017168803851868209
1886 0.0017168803851868209
1887 0.0017168803851868209
1888 0.002640257297929933
1889 0.002640257297929933
1890 0.0017168803851868209
1891 0.0017168803851868209
1892 0.0017168803851868209
1893 0.0017168803851868209
1894 0.002640257297929933
1895 0.002640257297929933
1896 0.0017168803851868209
1897 0.0017168803851868209
1898 0.0017168803851868209
1899 0.0017168803851868209
1900 0.002640257297929933
1901 0.002640257297929933
1902 0.0017168803851868209
1903 0.0017168803851868209
1904 0.0017168803851868209
1905 0.0017168803851868209
1906 0.002640257297929933
1907 0.002640257297929933
1908 0.0017168803851868209
1909 0.0017168803851868209
1910 0.0017168803851868209
1911 0.0017168803851868209
1912 0.002640257297929933
1913 0.002640257297929933
1914 0.0017168803851868209
1915 0.0017168803851868209
1916 0.0017168803851868209
1917 0.0017168803851868209
1918 0.002640257297929933
1919 0.002640257297929933
1920 0.0017168803851868209
1921 0.0017168803851868209
1922 0.0017168803851868209
1923 0.0017168803851868209
1924 0.002640257297929933
1925 0.002640257297929933
1926 0.0017168803851868209
1927 0.0017168803851868209
1928 0.0017168803851868209
1929 0.0017168803851868209
1930 0.002640257297929933
1931 0.0017168803851868209
1932 0.0017168803851868209
1933 0.0017168803851868209
1934 0.0017168803851868209
1935 0.002640257297929933
1936 0.002640257297929933
1937 0.0017168803851868209
1938 0.0017168803851868209
1939 0.0017168803851868209
1940 0.0017168803851868209
1941 0.002640257297929933
1942 0.002640257297929933
1943 0.0017168803851868209
1944 0.0017168803851868209
1945 0.0017168803851868209
1946 0.0017168803851868209
1947 0.002640257297929933
1948 0.002640257297929933
1949 0.0017168803851868209
1950 0.0017168803851868209
1951 0.0017168803851868209
1952 0.0017168803851868209
1953 0.002640257297929933
1954 0.002640257297929933
1955 0.0017168803851868209
1956 0.0017168803851868209
1957 0.0017168803851868209
1958 0.0017168803851868209
1959 0.002640257297929933
1960 0.002640257297929933
1961 0.0017168803851868209
1962 0.0017168803851868209
1963 0.0017168803851868209
1964 0.0017168803851868209
1965 0.002640257297929933
1966 0.002640257297929933
1967 0.0017168803851868209
1968 0.0017168803851868209
1969 0.0017168803851868209
1970 0.0017168803851868209
1971 0.002640257297929933
1972 0.002640257297929933
1973 0.0017168803851868209
1974 0.0017168803851868209
1975 0.0017168803851868209
1976 0.0017168803851868209
1977 0.002640257297929933
1978 0.002640257297929933
1979 0.0017168803851868209
1980 0.0017168803851868209
1981 0.0017168803851868209
1982 0.0017168803851868209
1983 0.002640257297929933
1984 0.002640257297929933
1985 0.0017168803851868209
1986 0.0017168803851868209
1987 0.0017168803851868209
1988 0.0017168803851868209
1989 0.002640257297929933
1990 0.002640257297929933
1991 0.0017168803851868209
1992 0.0017168803851868209
1993 0.0017168803851868209
1994 0.0017168803851868209
1995 0.002640257297929933
1996 0.002640257297929933
1997 0.0017168803851868209
1998 0.0017168803851868209
1999 0.0017168803851868209
2000 0.0017168803851868209
2001 0.002640257297929933
2002 0.0017168803851868209
2003 0.0017168803851868209
2004 0.0017168803851868209
2005 0.0017168803851868209
2006 0.002640257297929933
2007 0.002640257297929933
2008 0.0017168803851868209
2009 0.0017168803851868209
2010 0.0017168803851868209
2011 0.0017168803851868209
2012 0.002640257297929933
2013 0.002640257297929933
2014 0.0017168803851868209
2015 0.0017168803851868209
2016 0.0017168803851868209
2017 0.0017168803851868209
2018 0.002640257297929933
2019 0.002640257297929933
2020 0.0017168803851868209
2021 0.0017168803851868209
2022 0.0017168803851868209
2023 0.0017168803851868209
2024 0.002640257297929933
2025 0.002640257297929933
2026 0.0017168803851868209
2027 0.0017168803851868209
2028 0.0017168803851868209
2029 0.0017168803851868209
2030 0.002640257297929933
2031 0.002640257297929933
2032 0.0017168803851868209
2033 0.0017168803851868209
2034 0.0017168803851868209
2035 0.0017168803851868209
2036 0.002640257297929933
2037 0.002640257297929933
2038 0.0017168803851868209
2039 0.0017168803851868209
2040 0.0017168803851868209
2041 0.0017168803851868209
2042 0.002640257297929933
2043 0.002640257297929933
2044 0.0017168803851868209
2045 0.0017168803851868209
2046 0.0017168803851868209
2047 0.0017168803851868209
2048 0.002640257297929933
2049 0.002640257297929933
2050 0.0017168803851868209
2051 0.0017168803851868209
2052 0.0017168803851868209
2053 0.0017168803851868209
2054 0.002640257297929933
2055 0.002640257297929933
2056 0.0017168803851868209
2057 0.0017168803851868209
2058 0.0017168803851868209
2059 0.0017168803851868209
2060 0.002640257297929933
2061 0.002640257297929933
2062 0.0017168803851868209
2063 0.0017168803851868209
2064 0.0017168803851868209
2065 0.0017168803851868209
2066 0.002640257297929933
2067 0.002640257297929933
2068 0.0017168803851868209
2069 0.0017168803851868209
2070 0.0017168803851868209
2071 0.0017168803851868209
2072 0.002640257297929933
2073 0.0017168803851868209
2074 0.0017168803851868209
2075 0.0017168803851868209
2076 0.0017168803851868209
2077 0.002640257297929933
2078 0.002640257297929933
2079 0.0017168803851868209
2080 0.0017168803851868209
2081 0.0017168803851868209
2082 0.0017168803851868209
2083 0.002640257297929933
2084 0.002640257297929933
2085 0.0017168803851868209
2086 0.0017168803851868209
2087 0.0017168803851868209
2088 0.0017168803851868209
2089 0.002640257297929933
2090 0.002640257297929933
2091 0.0017168803851868209
2092 0.0017168803851868209
2093 0.0017168803851868209
2094 0.0017168803851868209
2095 0.002640257297929933
2096 0.002640257297929933
2097 0.0017168803851868209
2098 0.0017168803851868209
2099 0.0017168803851868209
2100 0.0017168803851868209
2101 0.002640257297929933
2102 0.002640257297929933
2103 0.0017168803851868209
2104 0.0017168803851868209
2105 0.0017168803851868209
2106 0.0017168803851868209
2107 0.002640257297929933
2108 0.002640257297929933
2109 0.0017168803851868209
2110 0.0017168803851868209
2111 0.0017168803851868209
2112 0.0017168803851868209
2113 0.002640257297929933
2114 0.002640257297929933
2115 0.0017168803851868209
2116 0.0017168803851868209
2117 0.0017168803851868209
2118 0.0017168803851868209
2119 0.002640257297929933
2120 0.002640257297929933
2121 0.0017168803851868209
2122 0.0017168803851868209
2123 0.0017168803851868209
2124 0.0017168803851868209
2125 0.002640257297929933
2126 0.002640257297929933
2127 0.0017168803851868209
2128 0.0017168803851868209
2129 0.0017168803851868209
2130 0.0017168803851868209
2131 0.002640257297929933
2132 0.002640257297929933
2133 0.0017168803851868209
2134 0.0017168803851868209
2135 0.0017168803851868209
2136 0.0017168803851868209
2137 0.002640257297929933
2138 0.002640257297929933
2139 0.0017168803851868209
2140 0.0017168803851868209
2141 0.0017168803851868209
2142 0.0017168803851868209
2143 0.002640257297929933
2144 0.0017168803851868209
2145 0.0017168803851868209
2146 0.0017168803851868209
2147 0.0017168803851868209
2148 0.002640257297929933
2149 0.002640257297929933
2150 0.0017168803851868209
2151 0.0017168803851868209
2152 0.0017168803851868209
2153 0.0017168803851868209
2154 0.002640257297929933
2155 0.002640257297929933
2156 0.0017168803851868209
2157 0.0017168803851868209
2158 0.0017168803851868209
2159 0.0017168803851868209
2160 0.002640257297929933
2161 0.002640257297929933
2162 0.0017168803851868209
2163 0.0017168803851868209
2164 0.0017168803851868209
2165 0.0017168803851868209
2166 0.002640257297929933
2167 0.002640257297929933
2168 0.0017168803851868209
2169 0.0017168803851868209
2170 0.0017168803851868209
2171 0.0017168803851868209
2172 0.002640257297929933
2173 0.002640257297929933
2174 0.0017168803851868209
2175 0.0017168803851868209
2176 0.0017168803851868209
2177 0.0017168803851868209
2178 0.002640257297929933
2179 0.002640257297929933
2180 0.0017168803851868209
2181 0.0017168803851868209
2182 0.0017168803851868209
2183 0.0017168803851868209
2184 0.002640257297929933
2185 0.002640257297929933
2186 0.0017168803851868209
2187 0.0017168803851868209
2188 0.0017168803851868209
2189 0.0017168803851868209
2190 0.002640257297929933
2191 0.002640257297929933
2192 0.0017168803851868209
2193 0.0017168803851868209
2194 0.0017168803851868209
2195 0.0017168803851868209
2196 0.002640257297929933
2197 0.002640257297929933
2198 0.0017168803851868209
2199 0.0017168803851868209
2200 0.0017168803851868209
2201 0.0017168803851868209
2202 0.002640257297929933
2203 0.002640257297929933
2204 0.0017168803851868209
2205 0.0017168803851868209
2206 0.0017168803851868209
2207 0.0017168803851868209
2208 0.002640257297929933
2209 0.002640257297929933
2210 0.0017168803851868209
2211 0.0017168803851868209
2212 0.0017168803851868209
2213 0.0017168803851868209
2214 0.002640257297929933
2215 0.0017168803851868209
2216 0.0017168803851868209
2217 0.0017168803851868209
2218 0.0017168803851868209
2219 0.002640257297929933
2220 0.002640257297929933
2221 0.0017168803851868209
2222 0.0017168803851868209
2223 0.0017168803851868209
2224 0.0017168803851868209
2225 0.002640257297929933
2226 0.002640257297929933
2227 0.0017168803851868209
2228 0.0017168803851868209
2229 0.0017168803851868209
2230 0.0017168803851868209
2231 0.002640257297929933
2232 0.002640257297929933
2233 0.0017168803851868209
2234 0.0017168803851868209
2235 0.0017168803851868209
2236 0.0017168803851868209
2237 0.002640257297929933
2238 0.002640257297929933
2239 0.0017168803851868209
2240 0.0017168803851868209
2241 0.0017168803851868209
2242 0.0017168803851868209
2243 0.002640257297929933
2244 0.002640257297929933
2245 0.0017168803851868209
2246 0.0017168803851868209
2247 0.0017168803851868209
2248 0.0017168803851868209
2249 0.002640257297929933
2250 0.002640257297929933
2251 0.0017168803851868209
2252 0.0017168803851868209
2253 0.0017168803851868209
2254 0.0017168803851868209
2255 0.002640257297929933
2256 0.002640257297929933
2257 0.0017168803851868209
2258 0.0017168803851868209
2259 0.0017168803851868209
2260 0.0017168803851868209
2261 0.002640257297929933
2262 0.002640257297929933
2263 0.0017168803851868209
2264 0.0017168803851868209
2265 0.0017168803851868209
2266 0.0017168803851868209
2267 0.002640257297929933
2268 0.002640257297929933
2269 0.0017168803851868209
2270 0.0017168803851868209
2271 0.0017168803851868209
2272 0.0017168803851868209
2273 0.002640257297929933
2274 0.002640257297929933
2275 0.0017168803851868209
2276 0.0017168803851868209
2277 0.0017168803851868209
2278 0.0017168803851868209
2279 0.002640257297929933
2280 0.002640257297929933
2281 0.0017168803851868209
2282 0.0017168803851868209
2283 0.0017168803851868209
2284 0.0017168803851868209
2285 0.002640257297929933
2286 0.0017168803851868209
2287 0.0017168803851868209
2288 0.0017168803851868209
2289 0.0017168803851868209
2290 0.002640257297929933
2291 0.002640257297929933
2292 0.0017168803851868209
2293 0.0017168803851868209
2294 0.0017168803851868209
2295 0.0017168803851868209
2296 0.002640257297929933
2297 0.002640257297929933
2298 0.0017168803851868209
2299 0.0017168803851868209
2300 0.0017168803851868209
2301 0.0017168803851868209
2302 0.002640257297929933
2303 0.002640257297929933
2304 0.0017168803851868209
2305 0.0017168803851868209
2306 0.0017168803851868209
2307 0.0017168803851868209
2308 0.002640257297929933
2309 0.002640257297929933
2310 0.0017168803851868209
2311 0.0017168803851868209
2312 0.0017168803851868209
2313 0.0017168803851868209
2314 0.002640257297929933
2315 0.002640257297929933
2316 0.0017168803851868209
2317 0.0017168803851868209
2318 0.0017168803851868209
2319 0.0017168803851868209
2320 0.002640257297929933
2321 0.002640257297929933
2322 0.0017168803851868209
2323 0.0017168803851868209
2324 0.0017168803851868209
2325 0.0017168803851868209
2326 0.002640257297929933
2327 0.002640257297929933
2328 0.0017168803851868209
2329 0.0017168803851868209
2330 0.0017168803851868209
2331 0.0017168803851868209
2332 0.002640257297929933
2333 0.002640257297929933
2334 0.0017168803851868209
2335 0.0017168803851868209
2336 0.0017168803851868209
2337 0.0017168803851868209
2338 0.002640257297929933
2339 0.002640257297929933
2340 0.0017168803851868209
2341 0.0017168803851868209
2342 0.0017168803851868209
2343 0.0017168803851868209
2344 0.002640257297929933
2345 0.002640257297929933
2346 0.0017168803851868209
2347 0.0017168803851868209
2348 0.0017168803851868209
2349 0.0017168803851868209
2350 0.002640257297929933
2351 0.002640257297929933
2352 0.0017168803851868209
2353 0.0017168803851868209
2354 0.0017168803851868209
2355 0.0017168803851868209
2356 0.002640257297929933
2357 0.0017168803851868209
2358 0.0017168803851868209
2359 0.0017168803851868209
2360 0.0017168803851868209
2361 0.002640257297929933
2362 0.002640257297929933
2363 0.0017168803851868209
2364 0.0017168803851868209
2365 0.0017168803851868209
2366 0.0017168803851868209
2367 0.002640257297929933
2368 0.002640257297929933
2369 0.0017168803851868209
2370 0.0017168803851868209
2371 0.0017168803851868209
2372 0.0017168803851868209
2373 0.002640257297929933
2374 0.002640257297929933
2375 0.0017168803851868209
2376 0.0017168803851868209
2377 0.0017168803851868209
2378 0.0017168803851868209
2379 0.002640257297929933
2380 0.002640257297929933
2381 0.0017168803851868209
2382 0.0017168803851868209
2383 0.0017168803851868209
2384 0.0017168803851868209
2385 0.002640257297929933
2386 0.002640257297929933
2387 0.0017168803851868209
2388 0.0017168803851868209
2389 0.0017168803851868209
2390 0.0017168803851868209
2391 0.002640257297929933
2392 0.002640257297929933
2393 0.0017168803851868209
2394 0.0017168803851868209
2395 0.0017168803851868209
2396 0.0017168803851868209
2397 0.002640257297929933
2398 0.002640257297929933
2399 0.0017168803851868209
2400 0.0017168803851868209
2401 0.0017168803851868209
2402 0.0017168803851868209
2403 0.002640257297929933
2404 0.002640257297929933
2405 0.0017168803851868209
2406 0.0017168803851868209
2407 0.0017168803851868209
2408 0.0017168803851868209
2409 0.002640257297929933
2410 0.002640257297929933
2411 0.0017168803851868209
2412 0.0017168803851868209
2413 0.0017168803851868209
2414 0.0017168803851868209
2415 0.002640257297929933
2416 0.002640257297929933
2417 0.0017168803851868209
2418 0.0017168803851868209
2419 0.0017168803851868209
2420 0.0017168803851868209
2421 0.002640257297929933
2422 0.002640257297929933
2423 0.0017168803851868209
2424 0.0017168803851868209
2425 0.0017168803851868209
2426 0.0017168803851868209
2427 0.002640257297929933
2428 0.0017168803851868209
2429 0.0017168803851868209
2430 0.0017168803851868209
2431 0.0017168803851868209
2432 0.002640257297929933
2433 0.002640257297929933
2434 0.0017168803851868209
2435 0.0017168803851868209
2436 0.0017168803851868209
2437 0.0017168803851868209
2438 0.002640257297929933
2439 0.002640257297929933
2440 0.0017168803851868209
2441 0.0017168803851868209
2442 0.0017168803851868209
2443 0.0017168803851868209
2444 0.002640257297929933
2445 0.002640257297929933
2446 0.0017168803851868209
2447 0.0017168803851868209
2448 0.0017168803851868209
2449 0.0017168803851868209
2450 0.002640257297929933
2451 0.002640257297929933
2452 0.0017168803851868209
2453 0.0017168803851868209
2454 0.0017168803851868209
2455 0.0017168803851868209
2456 0.002640257297929933
2457 0.002640257297929933
2458 0.0017168803851868209
2459 0.0017168803851868209
2460 0.0017168803851868209
2461 0.0017168803851868209
2462 0.002640257297929933
2463 0.002640257297929933
2464 0.0017168803851868209
2465 0.0017168803851868209
2466 0.0017168803851868209
2467 0.0017168803851868209
2468 0.002640257297929933
2469 0.002640257297929933
2470 0.0017168803851868209
2471 0.0017168803851868209
2472 0.0017168803851868209
2473 0.0017168803851868209
2474 0.002640257297929933
2475 0.002640257297929933
2476 0.0017168803851868209
2477 0.0017168803851868209
2478 0.0017168803851868209
2479 0.0017168803851868209
2480 0.002640257297929933
2481 0.002640257297929933
2482 0.0017168803851868209
2483 0.0017168803851868209
2484 0.0017168803851868209
2485 0.0017168803851868209
2486 0.002640257297929933
2487 0.002640257297929933
2488 0.0017168803851868209
2489 0.0017168803851868209
2490 0.0017168803851868209
2491 0.0017168803851868209
2492 0.002640257297929933
2493 0.002640257297929933
2494 0.0017168803851868209
2495 0.0017168803851868209
2496 0.0017168803851868209
2497 0.0017168803851868209
2498 0.002640257297929933
2499 0.0017168803851868209
2500 0.0017168803851868209
2501 0.0017168803851868209
2502 0.0017168803851868209
2503 0.002640257297929933
2504 0.002640257297929933
2505 0.0017168803851868209
2506 0.0017168803851868209
2507 0.0017168803851868209
2508 0.0017168803851868209
2509 0.002640257297929933
2510 0.002640257297929933
2511 0.0017168803851868209
2512 0.0017168803851868209
2513 0.0017168803851868209
2514 0.0017168803851868209
2515 0.002640257297929933
2516 0.002640257297929933
2517 0.0017168803851868209
2518 0.0017168803851868209
2519 0.0017168803851868209
2520 0.0017168803851868209
2521 0.002640257297929933
2522 0.002640257297929933
2523 0.0017168803851868209
2524 0.0017168803851868209
2525 0.0017168803851868209
2526 0.0017168803851868209
2527 0.002640257297929933
2528 0.002640257297929933
2529 0.0017168803851868209
2530 0.0017168803851868209
2531 0.0017168803851868209
2532 0.0017168803851868209
2533 0.002640257297929933
2534 0.002640257297929933
2535 0.0017168803851868209
2536 0.0017168803851868209
2537 0.0017168803851868209
2538 0.0017168803851868209
2539 0.002640257297929933
2540 0.002640257297929933
2541 0.0017168803851868209
2542 0.0017168803851868209
2543 0.0017168803851868209
2544 0.0017168803851868209
2545 0.002640257297929933
2546 0.002640257297929933
2547 0.0017168803851868209
2548 0.0017168803851868209
2549 0.0017168803851868209
2550 0.0017168803851868209
2551 0.002640257297929933
2552 0.002640257297929933
2553 0.0017168803851868209
2554 0.0017168803851868209
2555 0.0017168803851868209
2556 0.0017168803851868209
2557 0.002640257297929933
2558 0.002640257297929933
2559 0.0017168803851868209
2560 0.0017168803851868209
2561 0.0017168803851868209
2562 0.0017168803851868209
2563 0.002640257297929933
2564 0.002640257297929933
2565 0.0017168803851868209
2566 0.0017168803851868209
2567 0.0017168803851868209
2568 0.0017168803851868209
2569 0.002640257297929933
2570 0.0017168803851868209
2571 0.0017168803851868209
2572 0.0017168803851868209
2573 0.0017168803851868209
2574 0.002640257297929933
2575 0.002640257297929933
2576 0.0017168803851868209
2577 0.0017168803851868209
2578 0.0017168803851868209
2579 0.0017168803851868209
2580 0.002640257297929933
2581 0.002640257297929933
2582 0.0017168803851868209
2583 0.0017168803851868209
2584 0.0017168803851868209
2585 0.0017168803851868209
2586 0.002640257297929933
2587 0.002640257297929933
2588 0.0017168803851868209
2589 0.0017168803851868209
2590 0.0017168803851868209
2591 0.0017168803851868209
2592 0.002640257297929933
2593 0.002640257297929933
2594 0.0017168803851868209
2595 0.0017168803851868209
2596 0.0017168803851868209
2597 0.0017168803851868209
2598 0.002640257297929933
2599 0.002640257297929933
2600 0.0017168803851868209
2601 0.0017168803851868209
2602 0.0017168803851868209
2603 0.0017168803851868209
2604 0.002640257297929933
2605 0.002640257297929933
2606 0.0017168803851868209
2607 0.0017168803851868209
2608 0.0017168803851868209
2609 0.0017168803851868209
2610 0.002640257297929933
2611 0.002640257297929933
2612 0.0017168803851868209
2613 0.0017168803851868209
2614 0.0017168803851868209
2615 0.0017168803851868209
2616 0.002640257297929933
2617 0.002640257297929933
2618 0.0017168803851868209
2619 0.0017168803851868209
2620 0.0017168803851868209
2621 0.0017168803851868209
2622 0.002640257297929933
2623 0.002640257297929933
2624 0.0017168803851868209
2625 0.0017168803851868209
2626 0.0017168803851868209
2627 0.0017168803851868209
2628 0.002640257297929933
2629 0.002640257297929933
2630 0.0017168803851868209
2631 0.0017168803851868209
2632 0.0017168803851868209
2633 0.0017168803851868209
2634 0.002640257297929933
2635 0.002640257297929933
2636 0.0017168803851868209
2637 0.0017168803851868209
2638 0.0017168803851868209
2639 0.0017168803851868209
2640 0.002640257297929933
2641 0.0017168803851868209
2642 0.0017168803851868209
2643 0.0017168803851868209
2644 0.0017168803851868209
2645 0.002640257297929933
2646 0.002640257297929933
2647 0.0017168803851868209
2648 0.0017168803851868209
2649 0.0017168803851868209
2650 0.0017168803851868209
2651 0.002640257297929933
2652 0.002640257297929933
2653 0.0017168803851868209
2654 0.0017168803851868209
2655 0.0017168803851868209
2656 0.0017168803851868209
2657 0.002640257297929933
2658 0.002640257297929933
2659 0.0017168803851868209
2660 0.0017168803851868209
2661 0.0017168803851868209
2662 0.0017168803851868209
2663 0.002640257297929933
2664 0.002640257297929933
2665 0.0017168803851868209
2666 0.0017168803851868209
2667 0.0017168803851868209
2668 0.0017168803851868209
2669 0.002640257297929933
2670 0.002640257297929933
2671 0.0017168803851868209
2672 0.0017168803851868209
2673 0.0017168803851868209
2674 0.0017168803851868209
2675 0.002640257297929933
2676 0.002640257297929933
2677 0.0017168803851868209
2678 0.0017168803851868209
2679 0.0017168803851868209
2680 0.0017168803851868209
2681 0.002640257297929933
2682 0.002640257297929933
2683 0.0017168803851868209
2684 0.0017168803851868209
2685 0.0017168803851868209
2686 0.0017168803851868209
2687 0.002640257297929933
2688 0.002640257297929933
2689 0.0017168803851868209
2690 0.0017168803851868209
2691 0.0017168803851868209
2692 0.0017168803851868209
2693 0.002640257297929933
2694 0.002640257297929933
2695 0.0017168803851868209
2696 0.0017168803851868209
2697 0.0017168803851868209
2698 0.0017168803851868209
2699 0.002640257297929933
2700 0.002640257297929933
2701 0.0017168803851868209
2702 0.0017168803851868209
2703 0.0017168803851868209
2704 0.0017168803851868209
2705 0.002640257297929933
2706 0.002640257297929933
2707 0.0017168803851868209
2708 0.0017168803851868209
2709 0.0017168803851868209
2710 0.0017168803851868209
2711 0.002640257297929933
2712 0.0017168803851868209
2713 0.0017168803851868209
2714 0.0017168803851868209
2715 0.0017168803851868209
2716 0.002640257297929933
2717 0.002640257297929933
2718 0.0017168803851868209
2719 0.0017168803851868209
2720 0.0017168803851868209
2721 0.0017168803851868209
2722 0.002640257297929933
2723 0.002640257297929933
2724 0.0017168803851868209
2725 0.0017168803851868209
2726 0.0017168803851868209
2727 0.0017168803851868209
2728 0.002640257297929933
2729 0.002640257297929933
2730 0.0017168803851868209
2731 0.0017168803851868209
2732 0.0017168803851868209
2733 0.0017168803851868209
2734 0.002640257297929933
2735 0.002640257297929933
2736 0.0017168803851868209
2737 0.0017168803851868209
2738 0.0017168803851868209
2739 0.0017168803851868209
2740 0.002640257297929933
2741 0.002640257297929933
2742 0.0017168803851868209
2743 0.0017168803851868209
2744 0.0017168803851868209
2745 0.0017168803851868209
2746 0.002640257297929933
2747 0.002640257297929933
2748 0.0017168803851868209
2749 0.0017168803851868209
2750 0.0017168803851868209
2751 0.0017168803851868209
2752 0.002640257297929933
2753 0.002640257297929933
2754 0.0017168803851868209
2755 0.0017168803851868209
2756 0.0017168803851868209
2757 0.0017168803851868209
2758 0.002640257297929933
2759 0.002640257297929933
2760 0.0017168803851868209
2761 0.0017168803851868209
2762 0.0017168803851868209
2763 0.0017168803851868209
2764 0.002640257297929933
2765 0.002640257297929933
2766 0.0017168803851868209
2767 0.0017168803851868209
2768 0.0017168803851868209
2769 0.0017168803851868209
2770 0.002640257297929933
2771 0.002640257297929933
2772 0.0017168803851868209
2773 0.0017168803851868209
2774 0.0017168803851868209
2775 0.0017168803851868209
2776 0.002640257297929933
2777 0.002640257297929933
2778 0.0017168803851868209
2779 0.0017168803851868209
2780 0.0017168803851868209
2781 0.0017168803851868209
2782 0.002640257297929933
2783 0.0017168803851868209
2784 0.0017168803851868209
2785 0.0017168803851868209
2786 0.0017168803851868209
2787 0.002640257297929933
2788 0.002640257297929933
2789 0.0017168803851868209
2790 0.0017168803851868209
2791 0.0017168803851868209
2792 0.0017168803851868209
2793 0.002640257297929933
2794 0.002640257297929933
2795 0.0017168803851868209
2796 0.0017168803851868209
2797 0.0017168803851868209
2798 0.0017168803851868209
2799 0.002640257297929933
2800 0.002640257297929933
2801 0.0017168803851868209
2802 0.0017168803851868209
2803 0.0017168803851868209
2804 0.0017168803851868209
2805 0.002640257297929933
2806 0.002640257297929933
2807 0.0017168803851868209
2808 0.0017168803851868209
2809 0.0017168803851868209
2810 0.0017168803851868209
2811 0.002640257297929933
2812 0.002640257297929933
2813 0.0017168803851868209
2814 0.0017168803851868209
2815 0.0017168803851868209
2816 0.0017168803851868209
2817 0.002640257297929933
2818 0.002640257297929933
2819 0.0017168803851868209
2820 0.0017168803851868209
2821 0.0017168803851868209
2822 0.0017168803851868209
2823 0.002640257297929933
2824 0.002640257297929933
2825 0.0017168803851868209
2826 0.0017168803851868209
2827 0.0017168803851868209
2828 0.0017168803851868209
2829 0.002640257297929933
2830 0.002640257297929933
2831 0.0017168803851868209
2832 0.0017168803851868209
2833 0.0017168803851868209
2834 0.0017168803851868209
2835 0.002640257297929933
2836 0.002640257297929933
2837 0.0017168803851868209
2838 0.0017168803851868209
2839 0.0017168803851868209
2840 0.0017168803851868209
2841 0.002640257297929933
2842 0.002640257297929933
2843 0.0017168803851868209
2844 0.0017168803851868209
2845 0.0017168803851868209
2846 0.0017168803851868209
2847 0.002640257297929933
2848 0.002640257297929933
2849 0.0017168803851868209
2850 0.0017168803851868209
2851 0.0017168803851868209
2852 0.0017168803851868209
2853 0.002640257297929933
2854 0.0017168803851868209
2855 0.0017168803851868209
2856 0.0017168803851868209
2857 0.0017168803851868209
2858 0.002640257297929933
2859 0.0017168803851868209
2860 0.0017168803851868209
2861 0.0017168803851868209
2862 0.0017168803851868209
2863 0.002640257297929933
2864 0.0017168803851868209
2865 0.0017168803851868209
2866 0.0017168803851868209
2867 0.0017168803851868209
2868 0.002640257297929933
2869 0.0017168803851868209
2870 0.0017168803851868209
2871 0.0017168803851868209
2872 0.0017168803851868209
2873 0.002640257297929933
2874 0.0017168803851868209
2875 0.0017168803851868209
2876 0.0017168803851868209
2877 0.0017168803851868209
2878 0.002640257297929933
2879 0.0017168803851868209
2880 0.0017168803851868209
2881 0.0017168803851868209
2882 0.0017168803851868209
2883 0.002640257297929933
2884 0.0017168803851868209
2885 0.0017168803851868209
2886 0.0017168803851868209
2887 0.0017168803851868209
2888 0.002640257297929933
2889 0.0017168803851868209
2890 0.0017168803851868209
2891 0.0017168803851868209
2892 0.0017168803851868209
2893 0.002640257297929933
2894 0.0017168803851868209
2895 0.0017168803851868209
2896 0.0017168803851868209
2897 0.0017168803851868209
2898 0.002640257297929933
2899 0.0017168803851868209
2900 0.0017168803851868209
2901 0.0017168803851868209
2902 0.0017168803851868209
2903 0.002640257297929933
2904 0.0017168803851868209
2905 0.0017168803851868209
2906 0.0017168803851868209
2907 0.0017168803851868209
2908 0.002640257297929933
2909 0.0017168803851868209
2910 0.0017168803851868209
2911 0.0017168803851868209
2912 0.0017168803851868209
2913 0.0017168803851868209
2914 0.0017168803851868209
2915 0.0017168803851868209
2916 0.0017168803851868209
2917 0.019777778955533034
2918 0.01222864940409828
2919 0.019777778955533034
2920 0.01222864940409828
2921 0.019777778955533034
2922 0.01222864940409828
2923 0.019777778955533034
2924 0.01222864940409828
2925 0.019777778955533034
2926 0.01222864940409828
2927 0.019777778955533034
2928 0.01222864940409828
2929 0.019777778955533034
2930 0.01222864940409828
2931 0.019777778955533034
2932 0.01222864940409828
2933 0.019777778955533034
2934 0.01222864940409828
2935 0.019777778955533034
2936 0.01222864940409828
2937 0.019777778955533034
2938 0.01222864940409828
2939 0.019777778955533034
2940 0.01222864940409828
2941 0.019777778955533034
2942 0.01222864940409828
2943 0.019777778955533034
2944 0.01222864940409828
2945 0.019777778955533034
2946 0.01222864940409828
2947 0.019777778955533034
2948 0.01222864940409828
2949 0.019777778955533034
2950 0.01222864940409828
2951 0.019777778955533034
2952 0.01222864940409828
2953 0.019777778955533034
2954 0.01222864940409828
2955 0.019777778955533034
2956 0.01222864940409828
2957 0.019777778955533034
2958 0.01222864940409828
2959 0.019777778955533034
2960 0.01222864940409828
2961 0.019777778955533034
2962 0.01222864940409828
2963 0.019777778955533034
2964 0.01222864940409828
2965 0.019777778955533034
2966 0.01222864940409828
2967 0.019777778955533034
2968 0.01222864940409828
2969 0.019777778955533034
2970 0.01222864940409828
2971 0.019777778955533034
2972 0.01222864940409828
2973 0.019777778955533034
2974 0.01222864940409828
2975 0.019777778955533034
2976 0.01222864940409828
2977 0.019777778955533034
2978 0.01222864940409828
2979 0.019777778955533034
2980 0.01222864940409828
2981 0.019777778955533034
2982 0.01222864940409828
2983 0.019777778955533034
2984 0.01222864940409828
2985 0.019777778955533034
2986 0.01222864940409828
2987 0.019777778955533034
2988 0.01222864940409828
2989 0.019777778955533034
2990 0.01222864940409828
2991 0.019777778955533034
2992 0.01222864940409828
2993 0.019777778955533034
2994 0.01222864940409828
2995 0.019777778955533034
2996 0.01222864940409828
2997 0.019777778955533034
2998 0.01222864940409828
2999 0.019777778955533034
3000 0.01222864940409828
3001 0.019777778955533034
3002 0.01222864940409828
3003 0.019777778955533034
3004 0.01222864940409828
3005 0.019777778955533034
3006 0.01222864940409828
3007 0.019777778955533034
3008 0.01222864940409828
3009 0.019777778955533034
3010 0.01222864940409828
3011 0.019777778955533034
3012 0.01222864940409828
3013 0.019777778955533034
3014 0.01222864940409828
3015 0.019777778955533034
3016 0.01222864940409828
3017 0.019777778955533034
3018 0.01222864940409828
3019 0.019777778955533034
3020 0.01222864940409828
3021 0.019777778955533034
3022 0.01222864940409828
3023 0.019777778955533034
3024 0.01222864940409828
3025 0.019777778955533034
3026 0.01222864940409828
3027 0.019777778955533034
3028 0.01222864940409828
3029 0.019777778955533034
3030 0.01222864940409828
3031 0.019777778955533034
3032 0.01222864940409828
3033 0.019777778955533034
3034 0.01222864940409828
3035 0.019777778955533034
3036 0.01222864940409828
3037 0.019777778955533034
3038 0.01222864940409828
3039 0.019777778955533034
3040 0.01222864940409828
3041 0.019777778955533034
3042 0.01222864940409828
3043 0.019777778955533034
3044 0.01222864940409828
3045 0.019777778955533034
3046 0.01222864940409828
3047 0.019777778955533034
3048 0.01222864940409828
3049 0.019777778955533034
3050 0.01222864940409828
3051 0.019777778955533034
3052 0.01222864940409828
3053 0.019777778955533034
3054 0.01222864940409828
3055 0.019777778955533034
3056 0.01222864940409828
3057 0.019777778955533034
3058 0.01222864940409828
3059 0.019777778955533034
3060 0.01222864940409828
3061 0.019777778955533034
3062 0.01222864940409828
3063 0.019777778955533034
3064 0.01222864940409828
3065 0.019777778955533034
3066 0.01222864940409828
3067 0.019777778955533034
3068 0.01222864940409828
3069 0.019777778955533034
3070 0.01222864940409828
3071 0.019777778955533034
3072 0.01222864940409828
3073 0.019777778955533034
3074 0.01222864940409828
3075 0.019777778955533034
3076 0.01222864940409828
3077 0.019777778955533034
3078 0.01222864940409828
3079 0.019777778955533034
3080 0.01222864940409828
3081 0.019777778955533034
3082 0.01222864940409828
3083 0.019777778955533034
3084 0.01222864940409828
3085 0.019777778955533034
3086 0.01222864940409828
3087 0.019777778955533034
3088 0.01222864940409828
3089 0.019777778955533034
3090 0.01222864940409828
3091 0.019777778955533034
3092 0.01222864940409828
3093 0.019777778955533034
3094 0.01222864940409828
3095 0.019777778955533034
3096 0.01222864940409828
3097 0.019777778955533034
3098 0.01222864940409828
$EndElementData
$ElementData
1
"Attribute:ElementFormulation"
1
0
3
0
1
3098
1 1
2 1
3 1
4 1
5 1
6 1
7 1
8 1
9 1
10 1
11 1
12 1
13 1
14 1
15 1
16 1
17 1
18 1
19 1
20 1
21 1
22 1
23 1
24 1
25 1
26 1
27 1
28 1
29 1
30 1
31 1
32 1
33 1
34 1
35 1
36 1
37 1
38 1
39 1
40 1
41 1
42 1
43 1
44 1
45 1
46 1
47 1
48 1
49 1
50 1
51 1
52 1
53 1
54 1
55 1
56 1
57 1
58 1
59 1
60 1
61 1
62 1
63 1
64 1
65 1
66 1
67 1
68 1
69 1
70 1
71 1
72 1
73 1
74 1
75 1
76 1
77 1
78 1
79 1
80 1
81 1
82 1
83 1
84 1
85 1
86 1
87 1
88 1
89 1
90 1
91 1
92 1
93 1
94 1
95 1
96 1
97 1
98 1
99 1
100 1
101 1
102 1
103 1
104 1
105 1
106 1
107 1
108 1
109 1
110 1
111 1
112 1
113 1
114 1
115 1
116 1
117 1
118 1
119 1
120 1
121 1
122 1
123 1
124 1
125 1
126 1
127 1
128 1
129 1
130 1
131 1
132 1
133 1
134 1
135 1
136 1
137 1
138 1
139 1
140 1
141 1
142 1
143 1
144 1
145 1
146 1
147 1
148 1
149 1
150 1
151 1
152 1
153 1
154 1
155 1
156 1
157 1
158 1
159 1
160 1
161 1
162 1
163 1
164 1
165 1
166 1
167 1
168 1
169 1
170 1
171 1
172 1
173 1
174 1
175 1
176 1
177 1
178 1
179 1
180 1
181 1
182 1
183 1
184 1
185 1
186 1
187 1
188 1
189 1
190 1
191 1
192 1
193 1
194 1
195 1
196 1
197 1
198 1
199 1
200 1
201 1
202 1
203 1
204 1
205 1
206 1
207 1
208 1
209 1
210 1
211 1
212 1
213 1
214 1
215 1
216 1
217 1
218 1
219 1
220 1
221 1
222 1
223 1
224 1
225 1
226 1
227 1
228 1
229 1
230 1
231 1
232 1
233 1
234 1
235 1
236 1
237 1
238 1
239 1
240 1
241 1
242 1
243 1
244 1
245 1
246 1
247 1
248 1
249 1
250 1
251 1
252 1
253 1
254 1
255 1
256 1
257 1
258 1
259 1
260 1
261 1
262 1
263 1
264 1
265 1
266 1
267 1
268 1
269 1
270 1
271 1
272 1
273 1
274 1
275 1
276 1
277 1
278 1
279 1
280 1
281 1
282 1
283 1
284 1
285 1
286 1
287 1
288 1
289 1
290 1
291 1
292 1
293 1
294 1
295 1
296 1
297 1
298 1
299 1
300 1
301 1
302 1
303 1
304 1
305 1
306 1
307 1
308 1
309 1
310 1
311 1
312 1
313 1
314 1
315 1
316 1
317 1
318 1
319 1
320 1
321 1
322 1
323 1
324 1
325 1
326 1
327 1
328 1
329 1
330 1
331 1
332 1
333 1
334 1
335 1
336 1
337 1
338 1
339 1
340 1
341 1
342 1
343 1
344 1
345 1
346 1
347 1
348 1
349 1
350 1
351 1
352 1
353 1
354 1
355 1
356 1
357 1
358 1
359 1
360 1
361 1
362 1
363 1
364 1
365 1
366 1
367 1
368 1
369 1
370 1
371 1
372 1
373 1
374 1
375 1
376 1
377 1
378 1
379 1
380 1
381 1
382 1
383 1
384 1
385 1
386 1
387 1
388 1
389 1
390 1
391 1
392 1
393 1
394 1
395 1
396 1
397 1
398 1
399 1
400 1
401 1
402 1
403 1
404 1
405 1
406 1
407 1
408 1
409 1
410 1
411 1
412 1
413 1
414 1
415 1
416 1
417 1
418 1
419 1
420 1
421 1
422 1
423 1
424 1
425 1
426 1
427 1
428 1
429 1
430 1
431 1
432 1
433 1
434 1
435 1
436 1
437 1
438 1
439 1
440 1
441 1
442 1
443 1
444 1
445 1
446 1
447 1
448 1
449 1
450 1
451 1
452 1
453 1
454 1
455 1
456 1
457 1
458 1
459 1
460 1
461 1
462 1
463 1
464 1
465 1
466 1
467 1
468 1
469 1
470 1
471 1
472 1
473 1
474 1
475 1
476 1
477 1
478 1
479 1
480 1
481 1
482 1
483 1
484 1
485 1
486 1
487 1
488 1
489 1
490 1
491 1
492 1
493 1
494 1
495 1
496 1
497 1
498 1
499 1
500 1
501 1
502 1
503 1
504 1
505 1
506 1
507 1
508 1
509 1
510 1
511 1
512 1
513 1
514 1
515 1
516 1
517 1
518 1
519 1
520 1
521 1
522 1
523 1
524 1
525 1
526 1
527 1
528 1
529 1
530 1
531 1
532 1
533 1
534 1
535 1
536 1
537 1
538 1
539 1
540 1
541 1
542 1
543 1
544 1
545 1
546 1
547 1
548 1
549 1
550 1
551 1
552 1
553 1
554 1
555 1
556 1
557 1
558 1
559 1
560 1
561 1
562 1
563 1
564 1
565 1
566 1
567 1
568 1
569 1
570 1
571 1
572 1
573 1
574 1
575 1
576 1
577 1
578 1
579 1
580 1
581 1
582 1
583 1
584 1
585 1
586 1
587 1
588 1
589 1
590 1
591 1
592 1
593 1
594 1
595 1
596 1
597 1
598 1
599 1
600 1
601 1
602 1
603 1
604 1
605 1
606 1
607 1
608 1
609 1
610 1
611 1
612 1
613 1
614 1
615 1
616 1
617 1
618 1
619 1
620 1
621 1
622 1
623 1
624 1
625 1
626 1
627 1
628 1
629 1
630 1
631 1
632 1
633 1
634 1
635 1
636 1
637 1
638 1
639 1
640 1
641 1
642 1
643 1
644 1
645 1
646 1
647 1
648 1
649 1
650 1
651 1
652 1
653 1
654 1
655 1
656 1
657 1
658 1
659 1
660 1
661 1
662 1
663 1
664 1
665 1
666 1
667 1
668 1
669 1
670 1
671 1
672 1
673 1
674 1
675 1
676 1
677 1
678 1
679 1
680 1
681 1
682 1
683 1
684 1
685 1
686 1
687 1
688 1
689 1
690 1
691 1
692 1
693 1
694 1
695 1
696 1
697 1
698 1
699 1
700 1
701 1
702 1
703 1
704 1
705 1
706 1
707 1
708 1
709 1
710 1
711 1
712 1
713 1
714 1
715 1
716 1
717 1
718 1
719 1
720 1
721 1
722 1
723 1
724 1
725 1
726 1
727 1
728 1
729 1
730 1
731 1
732 1
733 1
734 1
735 1
736 1
737 1
738 1
739 1
740 1
741 1
742 1
743 1
744 1
745 1
746 1
747 1
748 1
749 1
750 1
751 1
752 1
753 1
754 1
755 1
756 1
757 1
758 1
759 1
760 1
761 1
762 1
763 1
764 1
765 1
766 1
767 1
768 1
769 1
770 1
771 1
772 1
773 1
774 1
775 1
776 1
777 1
778 1
779 1
780 1
781 1
782 1
783 1
784 1
785 1
786 1
787 1
788 1
789 1
790 1
791 1
792 1
793 1
794 1
795 1
796 1
797 1
798 1
799 1
800 1
801 1
802 1
803 1
804 1
805 1
806 1
807 1
808 1
809 1
810 1
811 1
812 1
813 1
814 1
815 1
816 1
817 1
818 1
819 1
820 1
821 1
822 1
823 1
824 1
825 1
826 1
827 1
828 1
829 1
830 1
831 1
832 1
833 1
834 1
835 1
836 1
837 1
838 1
839 1
840 1
841 1
842 1
843 1
844 1
845 1
846 1
847 1
848 1
849 1
850 1
851 1
852 1
853 1
854 1
855 1
856 1
857 1
858 1
859 1
860 1
861 1
862 1
863 1
864 1
865 1
866 1
867 1
868 1
869 1
870 1
871 1
872 1
873 1
874 1
875 1
876 1
877 1
878 1
879 1
880 1
881 1
882 1
883 1
884 1
885 1
886 1
887 1
888 1
889 1
890 1
891 1
892 1
893 1
894 1
895 1
896 1
897 1
898 1
899 1
900 1
901 1
902 1
903 1
904 1
905 1
906 1
907 1
908 1
909 1
910 1
911 1
912 1
913 1
914 1
915 1
916 1
917 1
918 1
919 1
920 1
921 1
922 1
923 1
924 1
925 1
926 1
927 1
928 1
929 1
930 1
931 1
932 1
933 1
934 1
935 1
936 1
937 1
938 1
939 1
940 1
941 1
942 1
943 1
944 1
945 1
946 1
947 1
948 1
949 1
950 1
951 1
952 1
953 1
954 1
955 1
956 1
957 1
958 1
959 1
960 1
961 1
962 1
963 1
964 1
965 1
966 1
967 1
968 1
969 1
970 1
971 1
972 1
973 1
974 1
975 1
976 1
977 1
978 1
979 1
980 1
981 1
982 1
983 1
984 1
985 1
986 1
987 1
988 1
989 1
990 1
991 1
992 1
993 1
994 1
995 1
996 1
997 1
998 1
999 1
1000 1
1001 1
1002 1
1003 1
1004 1
1005 1
1006 1
1007 1
1008 1
1009 1
1010 1
1011 1
1012 1
1013 1
1014 1
1015 1
1016 1
1017 1
1018 1
1019 1
1020 1
1021 1
1022 1
1023 1
1024 1
1025 1
1026 1
1027 1
1028 1
1029 1
1030 1
1031 1
1032 1
1033 1
1034 1
1035 1
1036 1
1037 1
1038 1
1039 1
1040 1
1041 1
1042 1
1043 1
1044 1
1045 1
1046 1
1047 1
1048 1
1049 1
1050 1
1051 1
1052 1
1053 1
1054 1
1055 1
1056 1
1057 1
1058 1
1059 1
1060 1
1061 1
1062 1
1063 1
1064 1
1065 1
1066 1
1067 1
1068 1
1069 1
1070 1
1071 1
1072 1
1073 1
1074 1
1075 1
1076 1
1077 1
1078 1
1079 1
1080 1
1081 1
1082 1
1083 1
1084 1
1085 1
1086 1
1087 1
1088 1
1089 1
1090 1
1091 1
1092 1
1093 1
1094 1
1095 1
1096 1
1097 1
1098 1
1099 1
1100 1
1101 1
1102 1
1103 1
1104 1
1105 1
1106 1
1107 1
1108 1
1109 1
1110 1
1111 1
1112 1
1113 1
1114 1
1115 1
1116 1
1117 1
1118 1
1119 1
1120 1
1121 1
1122 1
1123 1
1124 1
1125 1
1126 1
1127 1
1128 1
1129 1
1130 1
1131 1
1132 1
1133 1
1134 1
1135 1
1136 1
1137 1
1138 1
1139 1
1140 1
1141 1
1142 1
1143 1
1144 1
1145 1
1146 1
1147 1
1148 1
1149 1
1150 1
1151 1
1152 1
1153 1
1154 1
1155 1
1156 1
1157 1
1158 1
1159 1
1160 1
1161 1
1162 1
1163 1
1164 1
1165 1
1166 1
1167 1
1168 1
1169 1
1170 1
1171 1
1172 1
1173 1
1174 1
1175 1
1176 1
1177 1
1178 1
1179 1
1180 1
1181 1
1182 1
1183 1
1184 1
1185 1
1186 1
1187 1
1188 1
1189 1
1190 1
1191 1
1192 1
1193 1
1194 1
1195 1
1196 1
1197 1
1198 1
1199 1
1200 1
1201 1
1202 1
1203 1
1204 1
1205 1
1206 1
1207 1
1208 1
1209 1
1210 1
1211 1
1212 1
1213 1
1214 1
1215 1
1216 1
1217 1
1218 1
1219 1
1220 1
1221 1
1222 1
1223 1
1224 1
1225 1
1226 1
1227 1
1228 1
1229 1
1230 1
1231 1
1232 1
1233 1
1234 1
1235 1
1236 1
1237 1
1238 1
1239 1
1240 1
1241 1
1242 1
1243 1
1244 1
1245 1
1246 1
1247 1
1248 1
1249 1
1250 1
1251 1
1252 1
1253 1
1254 1
1255 1
1256 1
1257 1
1258 1
1259 1
1260 1
1261 1
1262 1
1263 1
1264 1
1265 1
1266 1
1267 1
1268 1
1269 1
1270 1
1271 1
1272 1
1273 1
1274 1
1275 1
1276 1
1277 1
1278 1
1279 1
1280 1
1281 1
1282 1
1283 1
1284 1
1285 1
1286 1
1287 1
1288 1
1289 1
1290 1
1291 1
1292 1
1293 1
1294 1
1295 1
1296 1
1297 1
1298 1
1299 1
1300 1
1301 1
1302 1
1303 1
1304 1
1305 1
1306 1
1307 1
1308 1
1309 1
1310 1
1311 1
1312 1
1313 1
1314 1
1315 1
1316 1
1317 1
1318 1
1319 1
1320 1
1321 1
1322 1
1323 1
1324 1
1325 1
1326 1
1327 1
1328 1
1329 1
1330 1
1331 1
1332 1
1333 1
1334 1
1335 1
1336 1
1337 1
1338 1
1339 1
1340 1
1341 1
1342 1
1343 1
1344 1
1345 1
1346 1
1347 1
1348 1
1349 1
1350 1
1351 1
1352 1
1353 1
1354 1
1355 1
1356 1
1357 1
1358 1
1359 1
1360 1
1361 1
1362 1
1363 1
1364 1
1365 1
1366 1
1367 1
1368 1
1369 1
1370 1
1371 1
1372 1
1373 1
1374 1
1375 1
1376 1
1377 1
1378 1
1379 1
1380 1
1381 1
1382 1
1383 1
1384 1
1385 1
1386 1
1387 1
1388 1
1389 1
1390 1
1391 1
1392 1
1393 1
1394 1
1395 1
1396 1
1397 1
1398 1
1399 1
1400 1
1401 1
1402 1
1403 1
1404 1
1405 1
1406 1
1407 1
1408 1
1409 1
1410 1
1411 1
1412 1
1413 1
1414 1
1415 1
1416 1
1417 1
1418 1
1419 1
1420 1
1421 1
1422 1
1423 1
1424 1
1425 1
1426 1
1427 1
1428 1
1429 1
1430 1
1431 1
1432 1
1433 1
1434 1
1435 1
1436 1
1437 1
1438 1
1439 1
1440 1
1441 1
1442 1
1443 1
1444 1
1445 1
1446 1
1447 1
1448 1
1449 1
1450 1
1451 1
1452 1
1453 1
1454 1
1455 1
1456 1
1457 1
1458 1
1459 1
1460 1
1461 1
1462 1
1463 1
1464 1
1465 1
1466 1
1467 1
1468 1
1469 1
1470 1
1471 1
1472 1
1473 1
1474 1
1475 1
1476 1
1477 1
1478 1
1479 1
1480 1
1481 1
1482 1
1483 1
1484 1
1485 1
1486 1
1487 1
1488 1
1489 1
1490 1
1491 1
1492 1
1493 1
1494 1
1495 1
1496 1
1497 1
1498 1
1499 1
1500 1
1501 1
1502 1
1503 1
1504 1
1505 1
1506 1
1507 1
1508 1
1509 1
1510 1
1511 1
1512 1
1513 1
1514 1
1515 1
1516 1
1517 1
1518 1
1519 1
1520 1
1521 1
1522 1
1523 1
1524 1
1525 1
1526 1
1527 1
1528 1
1529 1
1530 1
1531 1
1532 1
1533 1
1534 1
1535 1
1536 1
1537 1
1538 1
1539 1
1540 1
1541 1
1542 1
1543 1
1544 1
1545 1
1546 1
1547 1
1548 1
1549 1
1550 1
1551 1
1552 1
1553 1
1554 1
1555 1
1556 1
1557 1
1558 1
1559 1
1560 1
1561 1
1562 1
1563 1
1564 1
1565 1
1566 1
1567 1
1568 1
1569 1
1570 1
1571 1
1572 1
1573 1
1574 1
1575 1
1576 1
1577 1
1578 1
1579 1
1580 1
1581 1
1582 1
1583 1
1584 1
1585 1
1586 1
1587 1
1588 1
1589 1
1590 1
1591 1
1592 1
1593 1
1594 1
1595 1
1596 1
1597 1
1598 1
1599 1
1600 1
1601 1
1602 1
1603 1
1604 1
1605 1
1606 1
1607 1
1608 1
1609 1
1610 1
1611 1
1612 1
1613 1
1614 1
1615 1
1616 1
1617 1
1618 1
1619 1
1620 1
1621 1
1622 1
1623 1
1624 1
1625 1
1626 1
1627 1
1628 1
1629 1
1630 1
1631 1
1632 1
1633 1
1634 1
1635 1
1636 1
1637 1
1638 1
1639 1
1640 1
1641 1
1642 1
1643 1
1644 1
1645 1
1646 1
1647 1
1648 1
1649 1
1650 1
1651 1
1652 1
1653 1
1654 1
1655 1
1656 1
1657 1
1658 1
1659 1
1660 1
1661 1
1662 1
1663 1
1664 1
1665 1
1666 1
1667 1
1668 1
1669 1
1670 1
1671 1
1672 1
1673 1
1674 1
1675 1
1676 1
1677 1
1678 1
1679 1
1680 1
1681 1
1682 1
1683 1
1684 1
1685 1
1686 1
1687 1
1688 1
1689 1
1690 1
1691 1
1692 1
1693 1
1694 1
1695 1
1696 1
1697 1
1698 1
1699 1
1700 1
1701 1
1702 1
1703 1
1704 1
1705 1
1706 1
1707 1
1708 1
1709 1
1710 1
1711 1
1712 1
1713 1
1714 1
1715 1
1716 1
1717 1
1718 1
1719 1
1720 1
1721 1
1722 1
1723 1
1724 1
1725 1
1726 1
1727 1
1728 1
1729 1
1730 1
1731 1
1732 1
1733 1
1734 1
1735 1
1736 1
1737 1
1738 1
1739 1
1740 1
1741 1
1742 1
1743 1
1744 1
1745 1
1746 1
1747 1
1748 1
1749 1
1750 1
1751 1
1752 1
1753 1
1754 1
1755 1
1756 1
1757 1
1758 1
1759 1
1760 1
1761 1
1762 1
1763 1
1764 1
1765 1
1766 1
1767 1
1768 1
1769 1
1770 1
1771 1
1772 1
1773 1
1774 1
1775 1
1776 1
1777 1
1778 1
1779 1
1780 1
1781 1
1782 1
1783 1
1784 1
1785 1
1786 1
1787 1
1788 1
1789 1
1790 1
1791 1
1792 1
1793 1
1794 1
1795 1
1796 1
1797 1
1798 1
1799 1
1800 1
1801 1
1802 1
1803 1
1804 1
1805 1
1806 1
1807 1
1808 1
1809 1
1810 1
1811 1
1812 1
1813 1
1814 1
1815 1
1816 1
1817 1
1818 1
1819 1
1820 1
1821 1
1822 1
1823 1
1824 1
1825 1
1826 1
1827 1
1828 1
1829 1
1830 1
1831 1
1832 1
1833 1
1834 1
1835 1
1836 1
1837 1
1838 1
1839 1
1840 1
1841 1
1842 1
1843 1
1844 1
1845 1
1846 1
1847 1
1848 1
1849 1
1850 1
1851 1
1852 1
1853 1
1854 1
1855 1
1856 1
1857 1
1858 1
1859 1
1860 1
1861 1
1862 1
1863 1
1864 1
1865 1
1866 1
1867 1
1868 1
1869 1
1870 1
1871 1
1872 1
1873 1
1874 1
1875 1
1876 1
1877 1
1878 1
1879 1
1880 1
1881 1
1882 1
1883 1
1884 1
1885 1
1886 1
1887 1
1888 1
1889 1
1890 1
1891 1
1892 1
1893 1
1894 1
1895 1
1896 1
1897 1
1898 1
1899 1
1900 1
1901 1
1902 1
1903 1
1904 1
1905 1
1906 1
1907 1
1908 1
1909 1
1910 1
1911 1
1912 1
1913 1
1914 1
1915 1
1916 1
1917 1
1918 1
1919 1
1920 1
1921 1
1922 1
1923 1
1924 1
1925 1
1926 1
1927 1
1928 1
1929 1
1930 1
1931 1
1932 1
1933 1
1934 1
1935 1
1936 1
1937 1
1938 1
1939 1
1940 1
1941 1
1942 1
1943 1
1944 1
1945 1
1946 1
1947 1
1948 1
1949 1
1950 1
1951 1
1952 1
1953 1
1954 1
1955 1
1956 1
1957 1
1958 1
1959 1
1960 1
1961 1
1962 1
1963 1
1964 1
1965 1
1966 1
1967 1
1968 1
1969 1
1970 1
1971 1
1972 1
1973 1
1974 1
1975 1
1976 1
1977 1
1978 1
1979 1
1980 1
1981 1
1982 1
1983 1
1984 1
1985 1
1986 1
1987 1
1988 1
1989 1
1990 1
1991 1
1992 1
1993 1
1994 1
1995 1
1996 1
1997 1
1998 1
1999 1
2000 1
2001 1
2002 1
2003 1
2004 1
2005 1
2006 1
2007 1
2008 1
2009 1
2010 1
2011 1
2012 1
2013 1
2014 1
2015 1
2016 1
2017 1
2018 1
2019 1
2020 1
2021 1
2022 1
2023 1
2024 1
2025 1
2026 1
2027 1
2028 1
2029 1
2030 1
2031 1
2032 1
2033 1
2034 1
2035 1
2036 1
2037 1
2038 1
2039 1
2040 1
2041 1
2042 1
2043 1
2044 1
2045 1
2046 1
2047 1
2048 1
2049 1
2050 1
2051 1
2052 1
2053 1
2054 1
2055 1
2056 1
2057 1
2058 1
2059 1
2060 1
2061 1
2062 1
2063 1
2064 1
2065 1
2066 1
2067 1
2068 1
2069 1
2070 1
2071 1
2072 1
2073 1
2074 1
2075 1
2076 1
2077 1
2078 1
2079 1
2080 1
2081 1
2082 1
2083 1
2084 1
2085 1
2086 1
2087 1
2088 1
2089 1
2090 1
2091 1
2092 1
2093 1
2094 1
2095 1
2096 1
2097 1
2098 1
2099 1
2100 1
2101 1
2102 1
2103 1
2104 1
2105 1
2106 1
2107 1
2108 1
2109 1
2110 1
2111 1
2112 1
2113 1
2114 1
2115 1
2116 1
2117 1
2118 1
2119 1
2120 1
2121 1
2122 1
2123 1
2124 1
2125 1
2126 1
2127 1
2128 1
2129 1
2130 1
2131 1
2132 1
2133 1
2134 1
2135 1
2136 1
2137 1
2138 1
2139 1
2140 1
2141 1
2142 1
2143 1
2144 1
2145 1
2146 1
2147 1
2148 1
2149 1
2150 1
2151 1
2152 1
2153 1
2154 1
2155 1
2156 1
2157 1
2158 1
2159 1
2160 1
2161 1
2162 1
2163 1
2164 1
2165 1
2166 1
2167 1
2168 1
2169 1
2170 1
2171 1
2172 1
2173 1
2174 1
2175 1
2176 1
2177 1
2178 1
2179 1
2180 1
2181 1
2182 1
2183 1
2184 1
2185 1
2186 1
2187 1
2188 1
2189 1
2190 1
2191 1
2192 1
2193 1
2194 1
2195 1
2196 1
2197 1
2198 1
2199 1
2200 1
2201 1
2202 1
2203 1
2204 1
2205 1
2206 1
2207 1
2208 1
2209 1
2210 1
2211 1
2212 1
2213 1
2214 1
2215 1
2216 1
2217 1
2218 1
2219 1
2220 1
2221 1
2222 1
2223 1
2224 1
2225 1
2226 1
2227 1
2228 1
2229 1
2230 1
2231 1
2232 1
2233 1
2234 1
2235 1
2236 1
2237 1
2238 1
2239 1
2240 1
2241 1
2242 1
2243 1
2244 1
2245 1
2246 1
2247 1
2248 1
2249 1
2250 1
2251 1
2252 1
2253 1
2254 1
2255 1
2256 1
2257 1
2258 1
2259 1
2260 1
2261 1
2262 1
2263 1
2264 1
2265 1
2266 1
2267 1
2268 1
2269 1
2270 1
2271 1
2272 1
2273 1
2274 1
2275 1
2276 1
2277 1
2278 1
2279 1
2280 1
2281 1
2282 1
2283 1
2284 1
2285 1
2286 1
2287 1
2288 1
2289 1
2290 1
2291 1
2292 1
2293 1
2294 1
2295 1
2296 1
2297 1
2298 1
2299 1
2300 1
2301 1
2302 1
2303 1
2304 1
2305 1
2306 1
2307 1
2308 1
2309 1
2310 1
2311 1
2312 1
2313 1
2314 1
2315 1
2316 1
2317 1
2318 1
2319 1
2320 1
2321 1
2322 1
2323 1
2324 1
2325 1
2326 1
2327 1
2328 1
2329 1
2330 1
2331 1
2332 1
2333 1
2334 1
2335 1
2336 1
2337 1
2338 1
2339 1
2340 1
2341 1
2342 1
2343 1
2344 1
2345 1
2346 1
2347 1
2348 1
2349 1
2350 1
2351 1
2352 1
2353 1
2354 1
2355 1
2356 1
2357 1
2358 1
2359 1
2360 1
2361 1
2362 1
2363 1
2364 1
2365 1
2366 1
2367 1
2368 1
2369 1
2370 1
2371 1
2372 1
2373 1
2374 1
2375 1
2376 1
2377 1
2378 1
2379 1
2380 1
2381 1
2382 1
2383 1
2384 1
2385 1
2386 1
2387 1
2388 1
2389 1
2390 1
2391 1
2392 1
2393 1
2394 1
2395 1
2396 1
2397 1
2398 1
2399 1
2400 1
2401 1
2402 1
2403 1
2404 1
2405 1
2406 1
2407 1
2408 1
2409 1
2410 1
2411 1
2412 1
2413 1
2414 1
2415 1
2416 1
2417 1
2418 1
2419 1
2420 1
2421 1
2422 1
2423 1
2424 1
2425 1
2426 1
2427 1
2428 1
2429 1
2430 1
2431 1
2432 1
2433 1
2434 1
2435 1
2436 1
2437 1
2438 1
2439 1
2440 1
2441 1
2442 1
2443 1
2444 1
2445 1
2446 1
2447 1
2448 1
2449 1
2450 1
2451 1
2452 1
2453 1
2454 1
2455 1
2456 1
2457 1
2458 1
2459 1
2460 1
2461 1
2462 1
2463 1
2464 1
2465 1
2466 1
2467 1
2468 1
2469 1
2470 1
2471 1
2472 1
2473 1
2474 1
2475 1
2476 1
2477 1
2478 1
2479 1
2480 1
2481 1
2482 1
2483 1
2484 1
2485 1
2486 1
2487 1
2488 1
2489 1
2490 1
2491 1
2492 1
2493 1
2494 1
2495 1
2496 1
2497 1
2498 1
2499 1
2500 1
2501 1
2502 1
2503 1
2504 1
2505 1
2506 1
2507 1
2508 1
2509 1
2510 1
2511 1
2512 1
2513 1
2514 1
2515 1
2516 1
2517 1
2518 1
2519 1
2520 1
2521 1
2522 1
2523 1
2524 1
2525 1
2526 1
2527 1
2528 1
2529 1
2530 1
2531 1
2532 1
2533 1
2534 1
2535 1
2536 1
2537 1
2538 1
2539 1
2540 1
2541 1
2542 1
2543 1
2544 1
2545 1
2546 1
2547 1
2548 1
2549 1
2550 1
2551 1
2552 1
2553 1
2554 1
2555 1
2556 1
2557 1
2558 1
2559 1
2560 1
2561 1
2562 1
2563 1
2564 1
2565 1
2566 1
2567 1
2568 1
2569 1
2570 1
2571 1
2572 1
2573 1
2574 1
2575 1
2576 1
2577 1
2578 1
2579 1
2580 1
2581 1
2582 1
2583 1
2584 1
2585 1
2586 1
2587 1
2588 1
2589 1
2590 1
2591 1
2592 1
2593 1
2594 1
2595 1
2596 1
2597 1
2598 1
2599 1
2600 1
2601 1
2602 1
2603 1
2604 1
2605 1
2606 1
2607 1
2608 1
2609 1
2610 1
2611 1
2612 1
2613 1
2614 1
2615 1
2616 1
2617 1
2618 1
2619 1
2620 1
2621 1
2622 1
2623 1
2624 1
2625 1
2626 1
2627 1
2628 1
2629 1
2630 1
2631 1
2632 1
2633 1
2634 1
2635 1
2636 1
2637 1
2638 1
2639 1
2640 1
2641 1
2642 1
2643 1
2644 1
2645 1
2646 1
2647 1
2648 1
2649 1
2650 1
2651 1
2652 1
2653 1
2654 1
2655 1
2656 1
2657 1
2658 1
2659 1
2660 1
2661 1
2662 1
2663 1
2664 1
2665 1
2666 1
2667 1
2668 1
2669 1
2670 1
2671 1
2672 1
2673 1
2674 1
2675 1
2676 1
2677 1
2678 1
2679 1
2680 1
2681 1
2682 1
2683 1
2684 1
2685 1
2686 1
2687 1
2688 1
2689 1
2690 1
2691 1
2692 1
2693 1
2694 1
2695 1
2696 1
2697 1
2698 1
2699 1
2700 1
2701 1
2702 1
2703 1
2704 1
2705 1
2706 1
2707 1
2708 1
2709 1
2710 1
2711 1
2712 1
2713 1
2714 1
2715 1
2716 1
2717 1
2718 1
2719 1
2720 1
2721 1
2722 1
2723 1
2724 1
2725 1
2726 1
2727 1
2728 1
2729 1
2730 1
2731 1
2732 1
2733 1
2734 1
2735 1
2736 1
2737 1
2738 1
2739 1
2740 1
2741 1
2742 1
2743 1
2744 1
2745 1
2746 1
2747 1
2748 1
2749 1
2750 1
2751 1
2752 1
2753 1
2754 1
2755 1
2756 1
2757 1
2758 1
2759 1
2760 1
2761 1
2762 1
2763 1
2764 1
2765 1
2766 1
2767 1
2768 1
2769 1
2770 1
2771 1
2772 1
2773 1
2774 1
2775 1
2776 1
2777 1
2778 1
2779 1
2780 1
2781 1
2782 1
2783 1
2784 1
2785 1
2786 1
2787 1
2788 1
2789 1
2790 1
2791 1
2792 1
2793 1
2794 1
2795 1
2796 1
2797 1
2798 1
2799 1
2800 1
2801 1
2802 1
2803 1
2804 1
2805 1
2806 1
2807 1
2808 1
2809 1
2810 1
2811 1
2812 1
2813 1
2814 1
2815 1
2816 1
2817 1
2818 1
2819 1
2820 1
2821 1
2822 1
2823 1
2824 1
2825 1
2826 1
2827 1
2828 1
2829 1
2830 1
2831 1
2832 1
2833 1
2834 1
2835 1
2836 1
2837 1
2838 1
2839 1
2840 1
2841 1
2842 1
2843 1
2844 1
2845 1
2846 1
2847 1
2848 1
2849 1
2850 1
2851 1
2852 1
2853 1
2854 1
2855 1
2856 1
2857 1
2858 1
2859 1
2860 1
2861 1
2862 1
2863 1
2864 1
2865 1
2866 1
2867 1
2868 1
2869 1
2870 1
2871 1
2872 1
2873 1
2874 1
2875 1
2876 1
2877 1
2878 1
2879 1
2880 1
2881 1
2882 1
2883 1
2884 1
2885 1
2886 1
2887 1
2888 1
2889 1
2890 1
2891 1
2892 1
2893 1
2894 1
2895 1
2896 1
2897 1
2898 1
2899 1
2900 1
2901 1
2902 1
2903 1
2904 1
2905 1
2906 1
2907 1
2908 1
2909 1
2910 1
2911 1
2912 1
2913 1
2914 1
2915 1
2916 1
2917 1
2918 1
2919 1
2920 1
2921 1
2922 1
2923 1
2924 1
2925 1
2926 1
2927 1
2928 1
2929 1
2930 1
2931 1
2932 1
2933 1
2934 1
2935 1
2936 1
2937 1
2938 1
2939 1
2940 1
2941 1
2942 1
2943 1
2944 1
2945 1
2946 1
2947 1
2948 1
2949 1
2950 1
2951 1
2952 1
2953 1
2954 1
2955 1
2956 1
2957 1
2958 1
2959 1
2960 1
2961 1
2962 1
2963 1
2964 1
2965 1
2966 1
2967 1
2968 1
2969 1
2970 1
2971 1
2972 1
2973 1
2974 1
2975 1
2976 1
2977 1
2978 1
2979 1
2980 1
2981 1
2982 1
2983 1
2984 1
2985 1
2986 1
2987 1
2988 1
2989 1
2990 1
2991 1
2992 1
2993 1
2994 1
2995 1
2996 1
2997 1
2998 1
2999 1
3000 1
3001 1
3002 1
3003 1
3004 1
3005 1
3006 1
3007 1
3008 1
3009 1
3010 1
3011 1
3012 1
3013 1
3014 1
3015 1
3016 1
3017 1
3018 1
3019 1
3020 1
3021 1
3022 1
3023 1
3024 1
3025 1
3026 1
3027 1
3028 1
3029 1
3030 1
3031 1
3032 1
3033 1
3034 1
3035 1
3036 1
3037 1
3038 1
3039 1
3040 1
3041 1
3042 1
3043 1
3044 1
3045 1
3046 1
3047 1
3048 1
3049 1
3050 1
3051 1
3052 1
3053 1
3054 1
3055 1
3056 1
3057 1
3058 1
3059 1
3060 1
3061 1
3062 1
3063 1
3064 1
3065 1
3066 1
3067 1
3068 1
3069 1
3070 1
3071 1
3072 1
3073 1
3074 1
3075 1
3076 1
3077 1
3078 1
3079 1
3080 1
3081 1
3082 1
3083 1
3084 1
3085 1
3086 1
3087 1
3088 1
3089 1
3090 1
3091 1
3092 1
3093 1
3094 1
3095 1
3096 1
3097 1
3098 1
$EndElementData
$ElementData
1
"MaterialID"
1
0
3
0
1
3098
1 3
2 3
3 3
4 3
5 3
6 3
7 3
8 3
9 3
10 3
11 3
12 3
13 3
14 3
15 3
16 3
17 3
18 3
19 3
20 3
21 3
22 3
23 3
24 3
25 3
26 3
27 3
28 3
29 3
30 3
31 3
32 3
33 3
34 3
35 3
36 3
37 3
38 3
39 3
40 3
41 3
42 3
43 3
44 3
45 3
46 3
47 3
48 3
49 3
50 3
51 3
52 3
53 3
54 3
55 3
56 3
57 3
58 3
59 3
60 3
61 3
62 3
63 3
64 3
65 3
66 3
67 3
68 3
69 3
70 3
71 3
72 3
73 3
74 3
75 3
76 3
77 3
78 3
79 3
80 3
81 3
82 3
83 3
84 3
85 3
86 3
87 3
88 3
89 3
90 3
91 3
92 3
93 3
94 3
95 3
96 3
97 3
98 3
99 3
100 3
101 3
102 3
103 3
104 3
105 3
106 3
107 3
108 3
109 3
110 3
111 3
112 3
113 3
114 3
115 3
116 3
117 3
118 3
119 3
120 3
121 3
122 3
123 3
124 3
125 3
126 3
127 3
128 3
129 3
130 3
131 3
132 3
133 3
134 3
135 3
136 3
137 3
138 3
139 3
140 3
141 3
142 3
143 3
144 3
145 3
146 3
147 3
148 3
149 3
150 3
151 3
152 3
153 3
154 3
155 3
156 3
157 3
158 3
159 3
160 3
161 3
162 3
163 3
164 3
165 3
166 3
167 3
168 3
169 3
170 3
171 3
172 3
173 3
174 3
175 3
176 3
177 3
178 3
179 3
180 3
181 3
182 3
183 3
184 3
185 3
186 3
187 3
188 3
189 3
190 3
191 3
192 3
193 3
194 3
195 3
196 3
197 3
198 3
199 3
200 3
201 3
202 3
203 3
204 3
205 3
206 3
207 3
208 3
209 3
210 3
211 3
212 3
213 3
214 3
215 3
216 3
217 3
218 3
219 3
220 3
221 3
222 3
223 3
224 3
225 3
226 3
227 3
228 3
229 3
230 3
231 3
232 3
233 3
234 3
235 3
236 3
237 3
238 3
239 3
240 3
241 3
242 3
243 3
244 3
245 3
246 3
247 3
248 3
249 3
250 3
251 3
252 3
253 3
254 3
255 3
256 3
257 3
258 3
259 3
260 3
261 3
262 3
263 3
264 3
265 3
266 3
267 3
268 3
269 3
270 3
271 3
272 3
273 3
274 3
275 3
276 3
277 3
278 3
279 3
280 3
281 3
282 3
283 3
284 3
285 3
286 3
287 3
288 3
289 3
290 3
291 3
292 3
293 3
294 3
295 3
296 3
297 3
298 3
299 3
300 3
301 3
302 3
303 3
304 3
305 3
306 3
307 3
308 3
309 3
310 3
311 3
312 3
313 3
314 3
315 3
316 3
317 3
318 3
319 3
320 3
321 3
322 3
323 3
324 3
325 3
326 3
327 3
328 3
329 3
330 3
331 3
332 3
333 3
334 3
335 3
336 3
337 3
338 3
339 3
340 3
341 3
342 3
343 3
344 3
345 3
346 3
347 3
348 3
349 3
350 3
351 3
352 3
353 3
354 3
355 3
356 3
357 3
358 3
359 3
360 3
361 3
362 3
363 3
364 3
365 3
366 3
367 3
368 3
369 3
370 3
371 3
372 3
373 3
374 3
375 3
376 3
377 3
378 3
379 3
380 3
381 3
382 3
383 3
384 3
385 3
386 3
387 3
388 3
389 3
390 3
391 3
392 3
393 3
394 3
395 3
396 3
397 3
398 3
399 3
400 3
401 3
402 3
403 3
404 3
405 3
406 3
407 3
408 3
409 3
410 3
411 3
412 3
413 3
414 3
415 3
416 3
417 3
418 3
419 3
420 3
421 3
422 3
423 3
424 3
425 3
426 3
427 3
428 3
429 3
430 3
431 3
432 3
433 3
434 3
435 3
436 3
437 3
438 3
439 3
440 3
441 3
442 3
443 3
444 3
445 3
446 3
447 3
448 3
449 3
450 3
451 3
452 3
453 3
454 3
455 3
456 3
457 3
458 3
459 3
460 3
461 3
462 3
463 3
464 3
465 3
466 3
467 3
468 3
469 3
470 3
471 3
472 3
473 3
474 3
475 3
476 3
477 3
478 3
479 3
480 3
481 3
482 3
483 3
484 3
485 3
486 3
487 3
488 3
489 3
490 3
491 3
492 3
493 3
494 3
495 3
496 3
497 3
498 3
499 3
500 3
501 3
502 3
503 3
504 3
505 3
506 3
507 3
508 3
509 3
510 3
511 3
512 3
513 3
514 3
515 3
516 3
517 3
518 3
519 3
520 3
521 3
522 3
523 3
524 3
525 3
526 3
527 3
528 3
529 3
530 3
531 3
532 3
533 3
534 3
535 3
536 3
537 3
538 3
539 3
540 3
541 3
542 3
543 3
544 3
545 3
546 3
547 3
548 3
549 3
550 3
551 3
552 3
553 3
554 3
555 3
556 3
557 3
558 3
559 3
560 3
561 3
562 3
563 3
564 3
565 3
566 3
567 3
568 3
569 3
570 3
571 3
572 3
573 3
574 3
575 3
576 3
577 3
578 3
579 3
580 3
581 3
582 3
583 3
584 3
585 3
586 3
587 3
588 3
589 3
590 3
591 3
592 3
593 3
594 3
595 3
596 3
597 3
598 3
599 3
600 3
601 3
602 3
603 3
604 3
605 3
606 3
607 3
608 3
609 3
610 3
611 3
612 3
613 3
614 3
615 3
616 3
617 3
618 3
619 3
620 3
621 3
622 3
623 3
624 3
625 3
626 3
627 3
628 3
629 3
630 3
631 3
632 3
633 3
634 3
635 3
636 3
637 3
638 3
639 3
640 3
641 3
642 3
643 3
644 3
645 3
646 3
647 3
648 3
649 3
650 3
651 3
652 3
653 3
654 3
655 3
656 3
657 3
658 3
659 3
660 3
661 3
662 3
663 3
664 3
665 3
666 3
667 3
668 3
669 3
670 3
671 3
672 3
673 3
674 3
675 3
676 3
677 3
678 3
679 3
680 3
681 3
682 3
683 3
684 3
685 3
686 3
687 3
688 3
689 3
690 3
691 3
692 3
693 3
694 3
695 3
696 3
697 3
698 3
699 3
700 3
701 3
702 3
703 3
704 3
705 3
706 3
707 3
708 3
709 3
710 3
711 3
712 3
713 3
714 3
715 3
716 3
717 3
718 3
719 3
720 3
721 3
722 3
723 3
724 3
725 3
726 3
727 3
728 3
729 3
730 3
731 3
732 3
733 3
734 3
735 3
736 3
737 3
738 3
739 3
740 3
741 3
742 3
743 3
744 3
745 3
746 3
747 3
748 3
749 3
750 3
751 3
752 3
753 3
754 3
755 3
756 3
757 3
758 3
759 3
760 3
761 3
762 3
763 3
764 3
765 3
766 3
767 3
768 3
769 3
770 3
771 3
772 3
773 3
774 3
775 3
776 3
777 3
778 3
779 3
780 3
781 3
782 3
783 3
784 3
785 3
786 3
787 3
788 3
789 3
790 3
791 3
792 3
793 3
794 3
795 3
796 3
797 3
798 3
799 3
800 3
801 3
802 3
803 3
804 3
805 3
806 3
807 3
808 3
809 3
810 3
811 3
812 3
813 3
814 3
815 3
816 3
817 3
818 3
819 3
820 3
821 3
822 3
823 3
824 3
825 3
826 3
827 3
828 3
829 3
830 3
831 3
832 3
833 3
834 3
835 3
836 3
837 3
838 3
839 3
840 3
841 3
842 3
843 3
844 3
845 3
846 3
847 3
848 3
849 3
850 3
851 3
852 3
853 3
854 3
855 3
856 3
857 3
858 3
859 3
860 3
861 3
862 3
863 3
864 3
865 3
866 3
867 3
868 3
869 3
870 3
871 3
872 3
873 3
874 3
875 3
876 3
877 3
878 3
879 3
880 3
881 3
882 3
883 3
884 3
885 3
886 3
887 3
888 3
889 3
890 3
891 3
892 3
893 3
894 3
895 3
896 3
897 3
898 3
899 3
900 3
901 3
902 3
903 3
904 3
905 3
906 3
907 3
908 3
909 3
910 3
911 3
912 3
913 3
914 3
915 3
916 3
917 3
918 3
919 3
920 3
921 3
922 3
923 3
924 3
925 3
926 3
927 3
928 3
929 3
930 3
931 3
932 3
933 3
934 3
935 3
936 3
937 3
938 3
939 3
940 3
941 3
942 3
943 3
944 3
945 3
946 3
947 3
948 3
949 3
950 3
951 3
952 3
953 3
954 3
955 3
956 3
957 3
958 3
959 3
960 3
961 3
962 3
963 3
964 3
965 3
966 3
967 3
968 3
969 3
970 3
971 3
972 3
973 3
974 3
975 3
976 3
977 3
978 3
979 3
980 3
981 3
982 3
983 3
984 3
985 3
986 3
987 3
988 3
989 3
990 3
991 3
992 3
993 3
994 3
995 3
996 3
997 3
998 3
999 3
1000 3
1001 3
1002 3
1003 3
1004 3
1005 3
1006 3
1007 3
1008 3
1009 3
1010 3
1011 3
1012 3
1013 3
1014 3
1015 3
1016 3
1017 3
1018 3
1019 3
1020 3
1021 3
1022 3
1023 3
1024 3
1025 3
1026 3
1027 3
1028 3
1029 3
1030 3
1031 3
1032 3
1033 3
1034 3
1035 3
1036 3
1037 3
1038 3
1039 3
1040 3
1041 3
1042 3
1043 3
1044 3
1045 3
1046 3
1047 3
1048 3
1049 3
1050 3
1051 3
1052 3
1053 3
1054 3
1055 3
1056 3
1057 3
1058 3
1059 3
1060 3
1061 3
1062 3
1063 3
1064 3
1065 3
1066 3
1067 3
1068 3
1069 3
1070 3
1071 3
1072 3
1073 3
1074 3
1075 3
1076 3
1077 3
1078 3
1079 3
1080 3
1081 3
1082 3
1083 3
1084 3
1085 3
1086 3
1087 3
1088 3
1089 3
1090 3
1091 3
1092 3
1093 3
1094 3
1095 3
1096 3
1097 3
1098 3
1099 3
1100 3
1101 3
1102 3
1103 3
1104 3
1105 3
1106 3
1107 3
1108 3
1109 3
1110 3
1111 3
1112 3
1113 3
1114 3
1115 3
1116 3
1117 3
1118 3
1119 3
1120 3
1121 3
1122 3
1123 3
1124 3
1125 3
1126 3
1127 3
1128 3
1129 3
1130 3
1131 3
1132 3
1133 3
1134 3
1135 3
1136 3
1137 3
1138 3
1139 3
1140 3
1141 3
1142 3
1143 3
1144 3
1145 3
1146 3
1147 3
1148 3
1149 3
1150 3
1151 3
1152 3
1153 3
1154 3
1155 3
1156 3
1157 3
1158 3
1159 3
1160 3
1161 3
1162 3
1163 3
1164 3
1165 3
1166 3
1167 3
1168 3
1169 3
1170 3
1171 3
1172 3
1173 3
1174 3
1175 3
1176 3
1177 3
1178 3
1179 3
1180 3
1181 3
1182 3
1183 3
1184 3
1185 3
1186 3
1187 3
1188 3
1189 3
1190 3
1191 3
1192 3
1193 3
1194 3
1195 3
1196 3
1197 3
1198 3
1199 3
1200 3
1201 3
1202 3
1203 3
1204 3
1205 3
1206 3
1207 3
1208 3
1209 3
1210 3
1211 3
1212 3
1213 3
1214 3
1215 3
1216 3
1217 3
1218 3
1219 3
1220 3
1221 3
1222 3
1223 3
1224 3
1225 3
1226 3
1227 3
1228 3
1229 3
1230 3
1231 3
1232 3
1233 3
1234 3
1235 3
1236 3
1237 3
1238 3
1239 3
1240 3
1241 3
1242 3
1243 3
1244 3
1245 3
1246 3
1247 3
1248 3
1249 3
1250 3
1251 3
1252 3
1253 3
1254 3
1255 3
1256 3
1257 3
1258 3
1259 3
1260 3
1261 3
1262 3
1263 3
1264 3
1265 3
1266 3
1267 3
1268 3
1269 3
1270 3
1271 3
1272 3
1273 3
1274 3
1275 3
1276 3
1277 3
1278 3
1279 3
1280 3
1281 3
1282 3
1283 3
1284 3
1285 3
1286 3
1287 3
1288 3
1289 3
1290 3
1291 3
1292 3
1293 3
1294 3
1295 3
1296 3
1297 3
1298 3
1299 3
1300 3
1301 3
1302 3
1303 3
1304 3
1305 3
1306 3
1307 3
1308 3
1309 3
1310 3
1311 3
1312 3
1313 3
1314 3
1315 3
1316 3
1317 3
1318 3
1319 3
1320 3
1321 3
1322 3
1323 3
1324 3
1325 3
1326 3
1327 3
1328 3
1329 3
1330 3
1331 3
1332 3
1333 3
1334 3
1335 3
1336 3
1337 3
1338 3
1339 3
1340 3
1341 3
1342 3
1343 3
1344 3
1345 3
1346 3
1347 3
1348 3
1349 3
1350 3
1351 3
1352 3
1353 3
1354 3
1355 3
1356 3
1357 3
1358 3
1359 3
1360 3
1361 3
1362 3
1363 3
1364 3
1365 3
1366 3
1367 3
1368 3
1369 3
1370 3
1371 3
1372 3
1373 3
1374 3
1375 3
1376 3
1377 3
1378 3
1379 3
1380 3
1381 3
1382 3
1383 3
1384 3
1385 3
1386 3
1387 3
1388 3
1389 3
1390 3
1391 3
1392 3
1393 3
1394 3
1395 3
1396 3
1397 3
1398 3
1399 3
1400 3
1401 3
1402 3
1403 3
1404 3
1405 3
1406 3
1407 3
1408 3
1409 3
1410 3
1411 3
1412 3
1413 3
1414 3
1415 3
1416 3
1417 3
1418 3
1419 3
1420 3
1421 3
1422 3
1423 3
1424 3
1425 3
1426 3
1427 3
1428 3
1429 3
1430 3
1431 3
1432 3
1433 3
1434 3
1435 3
1436 3
1437 3
1438 3
1439 3
1440 3
1441 3
1442 3
1443 3
1444 3
1445 3
1446 3
1447 3
1448 3
1449 3
1450 3
1451 3
1452 3
1453 3
1454 3
1455 3
1456 3
1457 3
1458 3
1459 3
1460 3
1461 3
1462 3
1463 3
1464 3
1465 3
1466 3
1467 3
1468 3
1469 3
1470 3
1471 3
1472 3
1473 3
1474 3
1475 3
1476 3
1477 3
1478 3
1479 3
1480 3
1481 3
1482 3
1483 3
1484 3
1485 3
1486 3
1487 3
1488 3
1489 3
1490 3
1491 3
1492 3
1493 3
1494 3
1495 3
1496 3
1497 3
1498 3
1499 3
1500 3
1501 3
1502 3
1503 3
1504 3
1505 3
1506 3
1507 3
1508 3
1509 3
1510 3
1511 3
1512 3
1513 3
1514 3
1515 3
1516 3
1517 3
1518 3
1519 3
1520 3
1521 3
1522 3
1523 3
1524 3
1525 3
1526 3
1527 3
1528 3
1529 3
1530 3
1531 3
1532 3
1533 3
1534 3
1535 3
1536 3
1537 3
1538 3
1539 3
1540 3
1541 3
1542 3
1543 3
1544 3
1545 3
1546 3
1547 3
1548 3
1549 3
1550 3
1551 3
1552 3
1553 3
1554 3
1555 3
1556 3
1557 3
1558 3
1559 3
1560 3
1561 3
1562 3
1563 3
1564 3
1565 3
1566 3
1567 3
1568 3
1569 3
1570 3
1571 3
1572 3
1573 3
1574 3
1575 3
1576 3
1577 3
1578 3
1579 3
1580 3
1581 3
1582 3
1583 3
1584 3
1585 3
1586 3
1587 3
1588 3
1589 3
1590 3
1591 3
1592 3
1593 3
1594 3
1595 3
1596 3
1597 3
1598 3
1599 3
1600 3
1601 3
1602 3
1603 3
1604 3
1605 3
1606 3
1607 3
1608 3
1609 3
1610 3
1611 3
1612 3
1613 3
1614 3
1615 3
1616 3
1617 3
1618 3
1619 3
1620 3
1621 3
1622 3
1623 3
1624 3
1625 3
1626 3
1627 3
1628 3
1629 3
1630 3
1631 3
1632 3
1633 3
1634 3
1635 3
1636 3
1637 3
1638 3
1639 3
1640 3
1641 3
1642 3
1643 3
1644 3
1645 3
1646 3
1647 3
1648 3
1649 3
1650 3
1651 3
1652 3
1653 3
1654 3
1655 3
1656 3
1657 3
1658 3
1659 3
1660 3
1661 3
1662 3
1663 3
1664 3
1665 3
1666 3
1667 3
1668 3
1669 3
1670 3
1671 3
1672 3
1673 3
1674 3
1675 3
1676 3
1677 3
1678 3
1679 3
1680 3
1681 3
1682 3
1683 3
1684 3
1685 3
1686 3
1687 3
1688 3
1689 3
1690 3
1691 3
1692 3
1693 3
1694 3
1695 3
1696 3
1697 3
1698 3
1699 3
1700 3
1701 3
1702 3
1703 3
1704 3
1705 3
1706 3
1707 3
1708 3
1709 3
1710 3
1711 3
1712 3
1713 3
1714 3
1715 3
1716 3
1717 3
1718 3
1719 3
1720 3
1721 3
1722 3
1723 3
1724 3
1725 3
1726 3
1727 3
1728 3
1729 3
1730 3
1731 3
1732 3
1733 3
1734 3
1735 3
1736 3
1737 3
1738 3
1739 3
1740 3
1741 3
1742 3
1743 3
1744 3
1745 3
1746 3
1747 3
1748 3
1749 3
1750 3
1751 3
1752 3
1753 3
1754 3
1755 3
1756 3
1757 3
1758 3
1759 3
1760 3
1761 3
1762 3
1763 3
1764 3
1765 3
1766 3
1767 3
1768 3
1769 3
1770 3
1771 3
1772 3
1773 3
1774 3
1775 3
1776 3
1777 3
1778 3
1779 3
1780 3
1781 3
1782 3
1783 3
1784 3
1785 3
1786 3
1787 3
1788 3
1789 3
1790 3
1791 3
1792 3
1793 3
1794 3
1795 3
1796 3
1797 3
1798 3
1799 3
1800 3
1801 3
1802 3
1803 3
1804 3
1805 3
1806 3
1807 3
1808 3
1809 3
1810 3
1811 3
1812 3
1813 3
1814 3
1815 3
1816 3
1817 3
1818 3
1819 3
1820 3
1821 3
1822 3
1823 3
1824 3
1825 3
1826 3
1827 3
1828 3
1829 3
1830 3
1831 3
1832 3
1833 3
1834 3
1835 3
1836 3
1837 3
1838 3
1839 3
1840 3
1841 3
1842 3
1843 3
1844 3
1845 3
1846 3
1847 3
1848 3
1849 3
1850 3
1851 3
1852 3
1853 3
1854 3
1855 3
1856 3
1857 3
1858 3
1859 3
1860 3
1861 3
1862 3
1863 3
1864 3
1865 3
1866 3
1867 3
1868 3
1869 3
1870 3
1871 3
1872 3
1873 3
1874 3
1875 3
1876 3
1877 3
1878 3
1879 3
1880 3
1881 3
1882 3
1883 3
1884 3
1885 3
1886 3
1887 3
1888 3
1889 3
1890 3
1891 3
1892 3
1893 3
1894 3
1895 3
1896 3
1897 3
1898 3
1899 3
1900 3
1901 3
1902 3
1903 3
1904 3
1905 3
1906 3
1907 3
1908 3
1909 3
1910 3
1911 3
1912 3
1913 3
1914 3
1915 3
1916 3
1917 3
1918 3
1919 3
1920 3
1921 3
1922 3
1923 3
1924 3
1925 3
1926 3
1927 3
1928 3
1929 3
1930 3
1931 3
1932 3
1933 3
1934 3
1935 3
1936 3
1937 3
1938 3
1939 3
1940 3
1941 3
1942 3
1943 3
1944 3
1945 3
1946 3
1947 3
1948 3
1949 3
1950 3
1951 3
1952 3
1953 3
1954 3
1955 3
1956 3
1957 3
1958 3
1959 3
1960 3
1961 3
1962 3
1963 3
1964 3
1965 3
1966 3
1967 3
1968 3
1969 3
1970 3
1971 3
1972 3
1973 3
1974 3
1975 3
1976 3
1977 3
1978 3
1979 3
1980 3
1981 3
1982 3
1983 3
1984 3
1985 3
1986 3
1987 3
1988 3
1989 3
1990 3
1991 3
1992 3
1993 3
1994 3
1995 3
1996 3
1997 3
1998 3
1999 3
2000 3
2001 3
2002 3
2003 3
2004 3
2005 3
2006 3
2007 3
2008 3
2009 3
2010 3
2011 3
2012 3
2013 3
2014 3
2015 3
2016 3
2017 3
2018 3
2019 3
2020 3
2021 3
2022 3
2023 3
2024 3
2025 3
2026 3
2027 3
2028 3
2029 3
2030 3
2031 3
2032 3
2033 3
2034 3
2035 3
2036 3
2037 3
2038 3
2039 3
2040 3
2041 3
2042 3
2043 3
2044 3
2045 3
2046 3
2047 3
2048 3
2049 3
2050 3
2051 3
2052 3
2053 3
2054 3
2055 3
2056 3
2057 3
2058 3
2059 3
2060 3
2061 3
2062 3
2063 3
2064 3
2065 3
2066 3
2067 3
2068 3
2069 3
2070 3
2071 3
2072 3
2073 3
2074 3
2075 3
2076 3
2077 3
2078 3
2079 3
2080 3
2081 3
2082 3
2083 3
2084 3
2085 3
2086 3
2087 3
2088 3
2089 3
2090 3
2091 3
2092 3
2093 3
2094 3
2095 3
2096 3
2097 3
2098 3
2099 3
2100 3
2101 3
2102 3
2103 3
2104 3
2105 3
2106 3
2107 3
2108 3
2109 3
2110 3
2111 3
2112 3
2113 3
2114 3
2115 3
2116 3
2117 3
2118 3
2119 3
2120 3
2121 3
2122 3
2123 3
2124 3
2125 3
2126 3
2127 3
2128 3
2129 3
2130 3
2131 3
2132 3
2133 3
2134 3
2135 3
2136 3
2137 3
2138 3
2139 3
2140 3
2141 3
2142 3
2143 3
2144 3
2145 3
2146 3
2147 3
2148 3
2149 3
2150 3
2151 3
2152 3
2153 3
2154 3
2155 3
2156 3
2157 3
2158 3
2159 3
2160 3
2161 3
2162 3
2163 3
2164 3
2165 3
2166 3
2167 3
2168 3
2169 3
2170 3
2171 3
2172 3
2173 3
2174 3
2175 3
2176 3
2177 3
2178 3
2179 3
2180 3
2181 3
2182 3
2183 3
2184 3
2185 3
2186 3
2187 3
2188 3
2189 3
2190 3
2191 3
2192 3
2193 3
2194 3
2195 3
2196 3
2197 3
2198 3
2199 3
2200 3
2201 3
2202 3
2203 3
2204 3
2205 3
2206 3
2207 3
2208 3
2209 3
2210 3
2211 3
2212 3
2213 3
2214 3
2215 3
2216 3
2217 3
2218 3
2219 3
2220 3
2221 3
2222 3
2223 3
2224 3
2225 3
2226 3
2227 3
2228 3
2229 3
2230 3
2231 3
2232 3
2233 3
2234 3
2235 3
2236 3
2237 3
2238 3
2239 3
2240 3
2241 3
2242 3
2243 3
2244 3
2245 3
2246 3
2247 3
2248 3
2249 3
2250 3
2251 3
2252 3
2253 3
2254 3
2255 3
2256 3
2257 3
2258 3
2259 3
2260 3
2261 3
2262 3
2263 3
2264 3
2265 3
2266 3
2267 3
2268 3
2269 3
2270 3
2271 3
2272 3
2273 3
2274 3
2275 3
2276 3
2277 3
2278 3
2279 3
2280 3
2281 3
2282 3
2283 3
2284 3
2285 3
2286 3
2287 3
2288 3
2289 3
2290 3
2291 3
2292 3
2293 3
2294 3
2295 3
2296 3
2297 3
2298 3
2299 3
2300 3
2301 3
2302 3
2303 3
2304 3
2305 3
2306 3
2307 3
2308 3
2309 3
2310 3
2311 3
2312 3
2313 3
2314 3
2315 3
2316 3
2317 3
2318 3
2319 3
2320 3
2321 3
2322 3
2323 3
2324 3
2325 3
2326 3
2327 3
2328 3
2329 3
2330 3
2331 3
2332 3
2333 3
2334 3
2335 3
2336 3
2337 3
2338 3
2339 3
2340 3
2341 3
2342 3
2343 3
2344 3
2345 3
2346 3
2347 3
2348 3
2349 3
2350 3
2351 3
2352 3
2353 3
2354 3
2355 3
2356 3
2357 3
2358 3
2359 3
2360 3
2361 3
2362 3
2363 3
2364 3
2365 3
2366 3
2367 3
2368 3
2369 3
2370 3
2371 3
2372 3
2373 3
2374 3
2375 3
2376 3
2377 3
2378 3
2379 3
2380 3
2381 3
2382 3
2383 3
2384 3
2385 3
2386 3
2387 3
2388 3
2389 3
2390 3
2391 3
2392 3
2393 3
2394 3
2395 3
2396 3
2397 3
2398 3
2399 3
2400 3
2401 3
2402 3
2403 3
2404 3
2405 3
2406 3
2407 3
2408 3
2409 3
2410 3
2411 3
2412 3
2413 3
2414 3
2415 3
2416 3
2417 3
2418 3
2419 3
2420 3
2421 3
2422 3
2423 3
2424 3
2425 3
2426 3
2427 3
2428 3
2429 3
2430 3
2431 3
2432 3
2433 3
2434 3
2435 3
2436 3
2437 3
2438 3
2439 3
2440 3
2441 3
2442 3
2443 3
2444 3
2445 3
2446 3
2447 3
2448 3
2449 3
2450 3
2451 3
2452 3
2453 3
2454 3
2455 3
2456 3
2457 3
2458 3
2459 3
2460 3
2461 3
2462 3
2463 3
2464 3
2465 3
2466 3
2467 3
2468 3
2469 3
2470 3
2471 3
2472 3
2473 3
2474 3
2475 3
2476 3
2477 3
2478 3
2479 3
2480 3
2481 3
2482 3
2483 3
2484 3
2485 3
2486 3
2487 3
2488 3
2489 3
2490 3
2491 3
2492 3
2493 3
2494 3
2495 3
2496 3
2497 3
2498 3
2499 3
2500 3
2501 3
2502 3
2503 3
2504 3
2505 3
2506 3
2507 3
2508 3
2509 3
2510 3
2511 3
2512 3
2513 3
2514 3
2515 3
2516 3
2517 3
2518 3
2519 3
2520 3
2521 3
2522 3
2523 3
2524 3
2525 3
2526 3
2527 3
2528 3
2529 3
2530 3
2531 3
2532 3
2533 3
2534 3
2535 3
2536 3
2537 3
2538 3
2539 3
2540 3
2541 3
2542 3
2543 3
2544 3
2545 3
2546 3
2547 3
2548 3
2549 3
2550 3
2551 3
2552 3
2553 3
2554 3
2555 3
2556 3
2557 3
2558 3
2559 3
2560 3
2561 3
2562 3
2563 3
2564 3
2565 3
2566 3
2567 3
2568 3
2569 3
2570 3
2571 3
2572 3
2573 3
2574 3
2575 3
2576 3
2577 3
2578 3
2579 3
2580 3
2581 3
2582 3
2583 3
2584 3
2585 3
2586 3
2587 3
2588 3
2589 3
2590 3
2591 3
2592 3
2593 3
2594 3
2595 3
2596 3
2597 3
2598 3
2599 3
2600 3
2601 3
2602 3
2603 3
2604 3
2605 3
2606 3
2607 3
2608 3
2609 3
2610 3
2611 3
2612 3
2613 3
2614 3
2615 3
2616 3
2617 3
2618 3
2619 3
2620 3
2621 3
2622 3
2623 3
2624 3
2625 3
2626 3
2627 3
2628 3
2629 3
2630 3
2631 3
2632 3
2633 3
2634 3
2635 3
2636 3
2637 3
2638 3
2639 3
2640 3
2641 3
2642 3
2643 3
2644 3
2645 3
2646 3
2647 3
2648 3
2649 3
2650 3
2651 3
2652 3
2653 3
2654 3
2655 3
2656 3
2657 3
2658 3
2659 3
2660 3
2661 3
2662 3
2663 3
2664 3
2665 3
2666 3
2667 3
2668 3
2669 3
2670 3
2671 3
2672 3
2673 3
2674 3
2675 3
2676 3
2677 3
2678 3
2679 3
2680 3
2681 3
2682 3
2683 3
2684 3
2685 3
2686 3
2687 3
2688 3
2689 3
2690 3
2691 3
2692 3
2693 3
2694 3
2695 3
2696 3
2697 3
2698 3
2699 3
2700 3
2701 3
2702 3
2703 3
2704 3
2705 3
2706 3
2707 3
2708 3
2709 3
2710 3
2711 3
2712 3
2713 3
2714 3
2715 3
2716 3
2717 3
2718 3
2719 3
2720 3
2721 3
2722 3
2723 3
2724 3
2725 3
2726 3
2727 3
2728 3
2729 3
2730 3
2731 3
2732 3
2733 3
2734 3
2735 3
2736 3
2737 3
2738 3
2739 3
2740 3
2741 3
2742 3
2743 3
2744 3
2745 3
2746 3
2747 3
2748 3
2749 3
2750 3
2751 3
2752 3
2753 3
2754 3
2755 3
2756 3
2757 3
2758 3
2759 3
2760 3
2761 3
2762 3
2763 3
2764 3
2765 3
2766 3
2767 3
2768 3
2769 3
2770 3
2771 3
2772 3
2773 3
2774 3
2775 3
2776 3
2777 3
2778 3
2779 3
2780 3
2781 3
2782 3
2783 3
2784 3
2785 3
2786 3
2787 3
2788 3
2789 3
2790 3
2791 3
2792 3
2793 3
2794 3
2795 3
2796 3
2797 3
2798 3
2799 3
2800 3
2801 3
2802 3
2803 3
2804 3
2805 3
2806 3
2807 3
2808 3
2809 3
2810 3
2811 3
2812 3
2813 3
2814 3
2815 3
2816 3
2817 3
2818 3
2819 3
2820 3
2821 3
2822 3
2823 3
2824 3
2825 3
2826 3
2827 3
2828 3
2829 3
2830 3
2831 3
2832 3
2833 3
2834 3
2835 3
2836 3
2837 3
2838 3
2839 3
2840 3
2841 3
2842 3
2843 3
2844 3
2845 3
2846 3
2847 3
2848 3
2849 3
2850 3
2851 3
2852 3
2853 3
2854 3
2855 3
2856 3
2857 3
2858 3
2859 3
2860 3
2861 3
2862 3
2863 3
2864 3
2865 3
2866 3
2867 3
2868 3
2869 3
2870 3
2871 3
2872 3
2873 3
2874 3
2875 3
2876 3
2877 3
2878 3
2879 3
2880 3
2881 3
2882 3
2883 3
2884 3
2885 3
2886 3
2887 3
2888 3
2889 3
2890 3
2891 3
2892 3
2893 3
2894 3
2895 3
2896 3
2897 3
2898 3
2899 3
2900 3
2901 3
2902 3
2903 3
2904 3
2905 3
2906 3
2907 3
2908 3
2909 3
2910 3
2911 3
2912 3
2913 3
2914 3
2915 3
2916 3
2917 3
2918 3
2919 3
2920 3
2921 3
2922 3
2923 3
2924 3
2925 3
2926 3
2927 3
2928 3
2929 3
2930 3
2931 3
2932 3
2933 3
2934 3
2935 3
2936 3
2937 3
2938 3
2939 3
2940 3
2941 3
2942 3
2943 3
2944 3
2945 3
2946 3
2947 3
2948 3
2949 3
2950 3
2951 3
2952 3
2953 3
2954 3
2955 3
2956 3
2957 3
2958 3
2959 3
2960 3
2961 3
2962 3
2963 3
2964 3
2965 3
2966 3
2967 3
2968 3
2969 3
2970 3
2971 3
2972 3
2973 3
2974 3
2975 3
2976 3
2977 3
2978 3
2979 3
2980 3
2981 3
2982 3
2983 3
2984 3
2985 3
2986 3
2987 3
2988 3
2989 3
2990 3
2991 3
2992 3
2993 3
2994 3
2995 3
2996 3
2997 3
2998 3
2999 3
3000 3
3001 3
3002 3
3003 3
3004 3
3005 3
3006 3
3007 3
3008 3
3009 3
3010 3
3011 3
3012 3
3013 3
3014 3
3015 3
3016 3
3017 3
3018 3
3019 3
3020 3
3021 3
3022 3
3023 3
3024 3
3025 3
3026 3
3027 3
3028 3
3029 3
3030 3
3031 3
3032 3
3033 3
3034 3
3035 3
3036 3
3037 3
3038 3
3039 3
3040 3
3041 3
3042 3
3043 3
3044 3
3045 3
3046 3
3047 3
3048 3
3049 3
3050 3
3051 3
3052 3
3053 3
3054 3
3055 3
3056 3
3057 3
3058 3
3059 3
3060 3
3061 3
3062 3
3063 3
3064 3
3065 3
3066 3
3067 3
3068 3
3069 3
3070 3
3071 3
3072 3
3073 3
3074 3
3075 3
3076 3
3077 3
3078 3
3079 3
3080 3
3081 3
3082 3
3083 3
3084 3
3085 3
3086 3
3087 3
3088 3
3089 3
3090 3
3091 3
3092 3
3093 3
3094 3
3095 3
3096 3
3097 3
3098 3
$EndElementData
$ElementData
1
"Attribute:SecondMomentY"
1
0
3
0
1
3098
1 0.00013530245778963672
2 0.00013530245778963672
3 0.00013530245778963672
4 0.00013530245778963672
5 0.00013530245778963672
6 0.00013530245778963672
7 0.00013530245778963672
8 0.00013530245778963672
9 0.00013530245778963672
10 0.00013530245778963672
11 0.00013530245778963672
12 0.00013530245778963672
13 0.00013530245778963672
14 0.00013530245778963672
15 0.00013530245778963672
16 0.00013530245778963672
17 0.00013530245778963672
18 0.00013530245778963672
19 0.00013530245778963672
20 0.00013530245778963672
21 0.00013530245778963672
22 0.00013530245778963672
23 0.00013530245778963672
24 0.00013530245778963672
25 0.0001262392151656709
26 0.0001262392151656709
27 0.0001262392151656709
28 0.0001262392151656709
29 0.0001262392151656709
30 0.0001262392151656709
31 0.0001262392151656709
32 0.0001262392151656709
33 0.0001262392151656709
34 0.0001262392151656709
35 0.0001262392151656709
36 0.0001262392151656709
37 0.0001262392151656709
38 0.0001262392151656709
39 0.0001262392151656709
40 0.0001262392151656709
41 0.0001262392151656709
42 0.0001262392151656709
43 0.0001262392151656709
44 0.0001262392151656709
45 0.0001262392151656709
46 0.0001262392151656709
47 0.0001262392151656709
48 0.0001262392151656709
49 0.00013530245778963672
50 0.00013530245778963672
51 0.00013530245778963672
52 0.00013530245778963672
53 0.00013530245778963672
54 0.00013530245778963672
55 0.00013530245778963672
56 0.00013530245778963672
57 0.00013530245778963672
58 0.00013530245778963672
59 0.00013530245778963672
60 0.00013530245778963672
61 0.00013530245778963672
62 0.00013530245778963672
63 0.00013530245778963672
64 0.00013530245778963672
65 0.00013530245778963672
66 0.00013530245778963672
67 0.00013530245778963672
68 0.00013530245778963672
69 0.00013530245778963672
70 0.00013530245778963672
71 0.00013530245778963672
72 0.00013530245778963672
73 0.0001262392151656709
74 0.0001262392151656709
75 0.0001262392151656709
76 0.0001262392151656709
77 0.0001262392151656709
78 0.0001262392151656709
79 0.0001262392151656709
80 0.0001262392151656709
81 0.0001262392151656709
82 0.0001262392151656709
83 0.0001262392151656709
84 0.0001262392151656709
85 0.0001262392151656709
86 0.0001262392151656709
87 0.0001262392151656709
88 0.0001262392151656709
89 0.0001262392151656709
90 0.0001262392151656709
91 0.0001262392151656709
92 0.0001262392151656709
93 0.0001262392151656709
94 0.0001262392151656709
95 0.0001262392151656709
96 0.0001262392151656709
97 0.00013530245778963672
98 0.00013530245778963672
99 0.00013530245778963672
100 0.00013530245778963672
101 0.00013530245778963672
102 0.00013530245778963672
103 0.00013530245778963672
104 0.00013530245778963672
105 0.00013530245778963672
106 0.00013530245778963672
107 0.00013530245778963672
108 0.00013530245778963672
109 0.00013530245778963672
110 0.00013530245778963672
111 0.00013530245778963672
112 0.00013530245778963672
113 0.00013530245778963672
114 0.00013530245778963672
115 0.00013530245778963672
116 0.00013530245778963672
117 0.00013530245778963672
118 0.00013530245778963672
119 0.00013530245778963672
120 0.00013530245778963672
121 0.0001262392151656709
122 0.0001262392151656709
123 0.0001262392151656709
124 0.0001262392151656709
125 0.0001262392151656709
126 0.0001262392151656709
127 0.0001262392151656709
128 0.0001262392151656709
129 0.0001262392151656709
130 0.0001262392151656709
131 0.0001262392151656709
132 0.0001262392151656709
133 0.0001262392151656709
134 0.0001262392151656709
135 0.0001262392151656709
136 0.0001262392151656709
137 0.0001262392151656709
138 0.0001262392151656709
139 0.0001262392151656709
140 0.0001262392151656709
141 0.0001262392151656709
142 0.0001262392151656709
143 0.0001262392151656709
144 0.0001262392151656709
145 0.00013530245778963672
146 0.00013530245778963672
147 0.00013530245778963672
148 0.00013530245778963672
149 0.00013530245778963672
150 0.00013530245778963672
151 0.00013530245778963672
152 0.00013530245778963672
153 0.00013530245778963672
154 0.00013530245778963672
155 0.00013530245778963672
156 0.00013530245778963672
157 0.00013530245778963672
158 0.00013530245778963672
159 0.00013530245778963672
160 0.00013530245778963672
161 0.00013530245778963672
162 0.00013530245778963672
163 0.00013530245778963672
164 0.00013530245778963672
165 0.00013530245778963672
166 0.00013530245778963672
167 0.00013530245778963672
168 0.00013530245778963672
169 0.0001262392151656709
170 0.0001262392151656709
171 0.0001262392151656709
172 0.0001262392151656709
173 0.0001262392151656709
174 0.0001262392151656709
175 0.0001262392151656709
176 0.0001262392151656709
177 0.0001262392151656709
178 0.0001262392151656709
179 0.0001262392151656709
180 0.0001262392151656709
181 0.0001262392151656709
182 0.0001262392151656709
183 0.0001262392151656709
184 0.0001262392151656709
185 0.0001262392151656709
186 0.0001262392151656709
187 0.0001262392151656709
188 0.0001262392151656709
189 0.0001262392151656709
190 0.0001262392151656709
191 0.0001262392151656709
192 0.0001262392151656709
193 0.00013530245778963672
194 0.00013530245778963672
195 0.00013530245778963672
196 0.00013530245778963672
197 0.00013530245778963672
198 0.00013530245778963672
199 0.00013530245778963672
200 0.00013530245778963672
201 0.00013530245778963672
202 0.00013530245778963672
203 0.00013530245778963672
204 0.00013530245778963672
205 0.00013530245778963672
206 0.00013530245778963672
207 0.00013530245778963672
208 0.00013530245778963672
209 0.00013530245778963672
210 0.00013530245778963672
211 0.00013530245778963672
212 0.00013530245778963672
213 0.00013530245778963672
214 0.00013530245778963672
215 0.00013530245778963672
216 0.00013530245778963672
217 0.0001262392151656709
218 0.0001262392151656709
219 0.0001262392151656709
220 0.0001262392151656709
221 0.0001262392151656709
222 0.0001262392151656709
223 0.0001262392151656709
224 0.0001262392151656709
225 0.0001262392151656709
226 0.0001262392151656709
227 0.0001262392151656709
228 0.0001262392151656709
229 0.0001262392151656709
230 0.0001262392151656709
231 0.0001262392151656709
232 0.0001262392151656709
233 0.0001262392151656709
234 0.0001262392151656709
235 0.0001262392151656709
236 0.0001262392151656709
237 0.0001262392151656709
238 0.0001262392151656709
239 0.0001262392151656709
240 0.0001262392151656709
241 0.00013530245778963672
242 0.00013530245778963672
243 0.00013530245778963672
244 0.00013530245778963672
245 0.00013530245778963672
246 0.00013530245778963672
247 0.00013530245778963672
248 0.00013530245778963672
249 0.00013530245778963672
250 0.00013530245778963672
251 0.00013530245778963672
252 0.00013530245778963672
253 0.00013530245778963672
254 0.00013530245778963672
255 0.00013530245778963672
256 0.00013530245778963672
257 0.00013530245778963672
258 0.00013530245778963672
259 0.00013530245778963672
260 0.00013530245778963672
261 0.00013530245778963672
262 0.00013530245778963672
263 0.00013530245778963672
264 0.00013530245778963672
265 0.0001262392151656709
266 0.0001262392151656709
267 0.0001262392151656709
268 0.0001262392151656709
269 0.0001262392151656709
270 0.0001262392151656709
271 0.0001262392151656709
272 0.0001262392151656709
273 0.0001262392151656709
274 0.0001262392151656709
275 0.0001262392151656709
276 0.0001262392151656709
277 0.0001262392151656709
278 0.0001262392151656709
279 0.0001262392151656709
280 0.0001262392151656709
281 0.0001262392151656709
282 0.0001262392151656709
283 0.0001262392151656709
284 0.0001262392151656709
285 0.0001262392151656709
286 0.0001262392151656709
287 0.0001262392151656709
288 0.0001262392151656709
289 0.00013530245778963672
290 0.00013530245778963672
291 0.00013530245778963672
292 0.00013530245778963672
293 0.00013530245778963672
294 0.00013530245778963672
295 0.00013530245778963672
296 0.00013530245778963672
297 0.00013530245778963672
298 0.00013530245778963672
299 0.00013530245778963672
300 0.00013530245778963672
301 0.00013530245778963672
302 0.00013530245778963672
303 0.00013530245778963672
304 0.00013530245778963672
305 0.00013530245778963672
306 0.00013530245778963672
307 0.00013530245778963672
308 0.00013530245778963672
309 0.00013530245778963672
310 0.00013530245778963672
311 0.00013530245778963672
312 0.00013530245778963672
313 0.00013530245778963672
314 0.00013530245778963672
315 0.00013530245778963672
316 0.00013530245778963672
317 0.00013530245778963672
318 0.00013530245778963672
319 0.00013530245778963672
320 0.00013530245778963672
321 0.00013530245778963672
322 0.00013530245778963672
323 0.00013530245778963672
324 0.00013530245778963672
325 0.0001262392151656709
326 0.0001262392151656709
327 0.0001262392151656709
328 0.0001262392151656709
329 0.0001262392151656709
330 0.0001262392151656709
331 0.0001262392151656709
332 0.0001262392151656709
333 0.0001262392151656709
334 0.0001262392151656709
335 0.0001262392151656709
336 0.0001262392151656709
337 0.00013530245778963672
338 0.00013530245778963672
339 0.00013530245778963672
340 0.00013530245778963672
341 0.00013530245778963672
342 0.00013530245778963672
343 0.00013530245778963672
344 0.00013530245778963672
345 0.00013530245778963672
346 0.00013530245778963672
347 0.00013530245778963672
348 0.00013530245778963672
349 0.0001262392151656709
350 0.0001262392151656709
351 0.0001262392151656709
352 0.0001262392151656709
353 0.0001262392151656709
354 0.0001262392151656709
355 0.0001262392151656709
356 0.0001262392151656709
357 0.0001262392151656709
358 0.0001262392151656709
359 0.0001262392151656709
360 0.0001262392151656709
361 0.00013530245778963672
362 0.00013530245778963672
363 0.00013530245778963672
364 0.00013530245778963672
365 0.00013530245778963672
366 0.00013530245778963672
367 0.00013530245778963672
368 0.00013530245778963672
369 0.00013530245778963672
370 0.00013530245778963672
371 0.00013530245778963672
372 0.00013530245778963672
373 0.0001262392151656709
374 0.0001262392151656709
375 0.0001262392151656709
376 0.0001262392151656709
377 0.0001262392151656709
378 0.0001262392151656709
379 0.0001262392151656709
380 0.0001262392151656709
381 0.0001262392151656709
382 0.0001262392151656709
383 0.0001262392151656709
384 0.0001262392151656709
385 0.00013530245778963672
386 0.00013530245778963672
387 0.00013530245778963672
388 0.00013530245778963672
389 0.00013530245778963672
390 0.00013530245778963672
391 0.00013530245778963672
392 0.00013530245778963672
393 0.00013530245778963672
394 0.00013530245778963672
395 0.00013530245778963672
396 0.00013530245778963672
397 0.0001262392151656709
398 0.0001262392151656709
399 0.0001262392151656709
400 0.0001262392151656709
401 0.0001262392151656709
402 0.0001262392151656709
403 0.0001262392151656709
404 0.0001262392151656709
405 0.0001262392151656709
406 0.0001262392151656709
407 0.0001262392151656709
408 0.0001262392151656709
409 0.00013530245778963672
410 0.00013530245778963672
411 0.00013530245778963672
412 0.00013530245778963672
413 0.00013530245778963672
414 0.00013530245778963672
415 0.00013530245778963672
416 0.00013530245778963672
417 0.00013530245778963672
418 0.00013530245778963672
419 0.00013530245778963672
420 0.00013530245778963672
421 0.0001262392151656709
422 0.0001262392151656709
423 0.0001262392151656709
424 0.0001262392151656709
425 0.0001262392151656709
426 0.0001262392151656709
427 0.0001262392151656709
428 0.0001262392151656709
429 0.0001262392151656709
430 0.0001262392151656709
431 0.0001262392151656709
432 0.0001262392151656709
433 0.00013530245778963672
434 0.00013530245778963672
435 0.00013530245778963672
436 0.00013530245778963672
437 0.00013530245778963672
438 0.00013530245778963672
439 0.00013530245778963672
440 0.00013530245778963672
441 0.00013530245778963672
442 0.00013530245778963672
443 0.00013530245778963672
444 0.00013530245778963672
445 0.0001262392151656709
446 0.0001262392151656709
447 0.0001262392151656709
448 0.0001262392151656709
449 0.0001262392151656709
450 0.0001262392151656709
451 0.0001262392151656709
452 0.0001262392151656709
453 0.0001262392151656709
454 0.0001262392151656709
455 0.0001262392151656709
456 0.0001262392151656709
457 0.00013530245778963672
458 0.00013530245778963672
459 0.00013530245778963672
460 0.00013530245778963672
461 0.00013530245778963672
462 0.00013530245778963672
463 0.00013530245778963672
464 0.00013530245778963672
465 0.00013530245778963672
466 0.00013530245778963672
467 0.00013530245778963672
468 0.00013530245778963672
469 0.0001262392151656709
470 0.0001262392151656709
471 0.0001262392151656709
472 0.0001262392151656709
473 0.0001262392151656709
474 0.0001262392151656709
475 0.0001262392151656709
476 0.0001262392151656709
477 0.0001262392151656709
478 0.0001262392151656709
479 0.0001262392151656709
480 0.0001262392151656709
481 0.00013530245778963672
482 0.00013530245778963672
483 0.00013530245778963672
484 0.00013530245778963672
485 0.00013530245778963672
486 0.00013530245778963672
487 0.00013530245778963672
488 0.00013530245778963672
489 0.00013530245778963672
490 0.00013530245778963672
491 0.00013530245778963672
492 0.00013530245778963672
493 0.0001262392151656709
494 0.0001262392151656709
495 0.0001262392151656709
496 0.0001262392151656709
497 0.0001262392151656709
498 0.0001262392151656709
499 0.0001262392151656709
500 0.0001262392151656709
501 0.0001262392151656709
502 0.0001262392151656709
503 0.0001262392151656709
504 0.0001262392151656709
505 0.00013530245778963672
506 0.00013530245778963672
507 0.00013530245778963672
508 0.00013530245778963672
509 0.00013530245778963672
510 0.00013530245778963672
511 0.00013530245778963672
512 0.00013530245778963672
513 0.00013530245778963672
514 0.00013530245778963672
515 0.00013530245778963672
516 0.00013530245778963672
517 0.0001262392151656709
518 0.0001262392151656709
519 0.0001262392151656709
520 0.0001262392151656709
521 0.0001262392151656709
522 0.0001262392151656709
523 0.0001262392151656709
524 0.0001262392151656709
525 0.0001262392151656709
526 0.0001262392151656709
527 0.0001262392151656709
528 0.0001262392151656709
529 0.00013530245778963672
530 0.00013530245778963672
531 0.00013530245778963672
532 0.00013530245778963672
533 0.00013530245778963672
534 0.00013530245778963672
535 0.00013530245778963672
536 0.00013530245778963672
537 0.00013530245778963672
538 0.00013530245778963672
539 0.00013530245778963672
540 0.00013530245778963672
541 0.0001262392151656709
542 0.0001262392151656709
543 0.0001262392151656709
544 0.0001262392151656709
545 0.0001262392151656709
546 0.0001262392151656709
547 0.0001262392151656709
548 0.0001262392151656709
549 0.0001262392151656709
550 0.0001262392151656709
551 0.0001262392151656709
552 0.0001262392151656709
553 0.00013530245778963672
554 0.00013530245778963672
555 0.00013530245778963672
556 0.00013530245778963672
557 0.00013530245778963672
558 0.00013530245778963672
559 0.00013530245778963672
560 0.00013530245778963672
561 0.00013530245778963672
562 0.00013530245778963672
563 0.00013530245778963672
564 0.00013530245778963672
565 0.0001262392151656709
566 0.0001262392151656709
567 0.0001262392151656709
568 0.0001262392151656709
569 0.0001262392151656709
570 0.0001262392151656709
571 0.0001262392151656709
572 0.0001262392151656709
573 0.0001262392151656709
574 0.0001262392151656709
575 0.0001262392151656709
576 0.0001262392151656709
577 0.00013530245778963672
578 0.00013530245778963672
579 0.00013530245778963672
580 0.00013530245778963672
581 0.00013530245778963672
582 0.00013530245778963672
583 0.00013530245778963672
584 0.00013530245778963672
585 0.00013530245778963672
586 0.00013530245778963672
587 0.00013530245778963672
588 0.00013530245778963672
589 0.0001262392151656709
590 0.0001262392151656709
591 0.0001262392151656709
592 0.0001262392151656709
593 0.0001262392151656709
594 0.0001262392151656709
595 0.0001262392151656709
596 0.0001262392151656709
597 0.0001262392151656709
598 0.0001262392151656709
599 0.0001262392151656709
600 0.0001262392151656709
601 0.00013530245778963672
602 0.00013530245778963672
603 0.00013530245778963672
604 0.00013530245778963672
605 0.00013530245778963672
606 0.00013530245778963672
607 0.00013530245778963672
608 0.00013530245778963672
609 0.00013530245778963672
610 0.00013530245778963672
611 0.00013530245778963672
612 0.00013530245778963672
613 5.8862061216131055e-06
614 5.8862061216131055e-06
615 5.8862061216131055e-06
616 5.8862061216131055e-06
617 5.8862061216131055e-06
618 5.8862061216131055e-06
619 5.8862061216131055e-06
620 5.8862061216131055e-06
621 5.8862061216131055e-06
622 5.8862061216131055e-06
623 5.8862061216131055e-06
624 5.8862061216131055e-06
625 5.8862061216131055e-06
626 5.8862061216131055e-06
627 5.8862061216131055e-06
628 5.8862061216131055e-06
629 5.8862061216131055e-06
630 5.8862061216131055e-06
631 5.8862061216131055e-06
632 5.8862061216131055e-06
633 5.8862061216131055e-06
634 5.8862061216131055e-06
635 5.8862061216131055e-06
636 5.8862061216131055e-06
637 5.8862061216131055e-06
638 5.8862061216131055e-06
639 5.8862061216131055e-06
640 5.8862061216131055e-06
641 5.8862061216131055e-06
642 5.8862061216131055e-06
643 5.8862061216131055e-06
644 5.8862061216131055e-06
645 5.8862061216131055e-06
646 5.8862061216131055e-06
647 5.8862061216131055e-06
648 5.8862061216131055e-06
649 5.8862061216131055e-06
650 5.8862061216131055e-06
651 5.8862061216131055e-06
652 5.8862061216131055e-06
653 5.8862061216131055e-06
654 5.8862061216131055e-06
655 5.8862061216131055e-06
656 5.8862061216131055e-06
657 5.8862061216131055e-06
658 5.8862061216131055e-06
659 5.8862061216131055e-06
660 5.8862061216131055e-06
661 5.8862061216131055e-06
662 5.8862061216131055e-06
663 5.8862061216131055e-06
664 5.8862061216131055e-06
665 5.8862061216131055e-06
666 5.8862061216131055e-06
667 5.8862061216131055e-06
668 5.8862061216131055e-06
669 5.8862061216131055e-06
670 5.8862061216131055e-06
671 5.8862061216131055e-06
672 5.8862061216131055e-06
673 5.8862061216131055e-06
674 5.8862061216131055e-06
675 5.8862061216131055e-06
676 5.8862061216131055e-06
677 5.8862061216131055e-06
678 5.8862061216131055e-06
679 5.8862061216131055e-06
680 5.8862061216131055e-06
681 5.8862061216131055e-06
682 5.8862061216131055e-06
683 5.8862061216131055e-06
684 5.8862061216131055e-06
685 5.8862061216131055e-06
686 5.8862061216131055e-06
687 5.8862061216131055e-06
688 5.8862061216131055e-06
689 5.8862061216131055e-06
690 5.8862061216131055e-06
691 5.8862061216131055e-06
692 5.8862061216131055e-06
693 5.8862061216131055e-06
694 5.8862061216131055e-06
695 5.8862061216131055e-06
696 5.8862061216131055e-06
697 5.8862061216131055e-06
698 5.8862061216131055e-06
699 5.8862061216131055e-06
700 5.8862061216131055e-06
701 5.8862061216131055e-06
702 5.8862061216131055e-06
703 5.8862061216131055e-06
704 5.8862061216131055e-06
705 5.8862061216131055e-06
706 5.8862061216131055e-06
707 5.8862061216131055e-06
708 5.8862061216131055e-06
709 5.8862061216131055e-06
710 5.8862061216131055e-06
711 5.8862061216131055e-06
712 5.8862061216131055e-06
713 5.8862061216131055e-06
714 5.8862061216131055e-06
715 5.8862061216131055e-06
716 5.8862061216131055e-06
717 5.8862061216131055e-06
718 5.8862061216131055e-06
719 5.8862061216131055e-06
720 5.8862061216131055e-06
721 5.8862061216131055e-06
722 5.8862061216131055e-06
723 5.8862061216131055e-06
724 5.8862061216131055e-06
725 5.8862061216131055e-06
726 5.8862061216131055e-06
727 5.8862061216131055e-06
728 5.8862061216131055e-06
729 5.8862061216131055e-06
730 5.8862061216131055e-06
731 5.8862061216131055e-06
732 5.8862061216131055e-06
733 5.8862061216131055e-06
734 5.8862061216131055e-06
735 5.8862061216131055e-06
736 5.8862061216131055e-06
737 5.8862061216131055e-06
738 5.8862061216131055e-06
739 5.8862061216131055e-06
740 5.8862061216131055e-06
741 5.8862061216131055e-06
742 5.8862061216131055e-06
743 5.8862061216131055e-06
744 5.8862061216131055e-06
745 5.8862061216131055e-06
746 5.8862061216131055e-06
747 5.8862061216131055e-06
748 5.8862061216131055e-06
749 5.8862061216131055e-06
750 5.8862061216131055e-06
751 5.8862061216131055e-06
752 5.8862061216131055e-06
753 5.8862061216131055e-06
754 5.8862061216131055e-06
755 5.8862061216131055e-06
756 5.8862061216131055e-06
757 5.8862061216131055e-06
758 5.8862061216131055e-06
759 5.8862061216131055e-06
760 5.8862061216131055e-06
761 5.8862061216131055e-06
762 5.8862061216131055e-06
763 5.8862061216131055e-06
764 5.8862061216131055e-06
765 5.8862061216131055e-06
766 5.8862061216131055e-06
767 5.8862061216131055e-06
768 5.8862061216131055e-06
769 5.8862061216131055e-06
770 5.8862061216131055e-06
771 5.8862061216131055e-06
772 5.8862061216131055e-06
773 5.8862061216131055e-06
774 5.8862061216131055e-06
775 5.8862061216131055e-06
776 5.8862061216131055e-06
777 5.8862061216131055e-06
778 5.8862061216131055e-06
779 5.8862061216131055e-06
780 5.8862061216131055e-06
781 5.8862061216131055e-06
782 5.8862061216131055e-06
783 5.8862061216131055e-06
784 5.8862061216131055e-06
785 5.8862061216131055e-06
786 5.8862061216131055e-06
787 5.8862061216131055e-06
788 5.8862061216131055e-06
789 5.8862061216131055e-06
790 5.8862061216131055e-06
791 5.8862061216131055e-06
792 5.8862061216131055e-06
793 5.8862061216131055e-06
794 5.8862061216131055e-06
795 5.8862061216131055e-06
796 5.8862061216131055e-06
797 5.8862061216131055e-06
798 5.8862061216131055e-06
799 5.8862061216131055e-06
800 5.8862061216131055e-06
801 5.8862061216131055e-06
802 5.8862061216131055e-06
803 5.8862061216131055e-06
804 5.8862061216131055e-06
805 5.8862061216131055e-06
806 5.8862061216131055e-06
807 5.8862061216131055e-06
808 5.8862061216131055e-06
809 5.8862061216131055e-06
810 5.8862061216131055e-06
811 5.8862061216131055e-06
812 5.8862061216131055e-06
813 5.8862061216131055e-06
814 5.8862061216131055e-06
815 5.8862061216131055e-06
816 5.8862061216131055e-06
817 5.8862061216131055e-06
818 5.8862061216131055e-06
819 5.8862061216131055e-06
820 5.8862061216131055e-06
821 5.8862061216131055e-06
822 5.8862061216131055e-06
823 5.8862061216131055e-06
824 5.8862061216131055e-06
825 5.8862061216131055e-06
826 5.8862061216131055e-06
827 5.8862061216131055e-06
828 5.8862061216131055e-06
829 5.8862061216131055e-06
830 5.8862061216131055e-06
831 5.8862061216131055e-06
832 5.8862061216131055e-06
833 5.8862061216131055e-06
834 5.8862061216131055e-06
835 5.8862061216131055e-06
836 5.8862061216131055e-06
837 5.8862061216131055e-06
838 5.8862061216131055e-06
839 5.8862061216131055e-06
840 5.8862061216131055e-06
841 5.8862061216131055e-06
842 5.8862061216131055e-06
843 5.8862061216131055e-06
844 5.8862061216131055e-06
845 5.8862061216131055e-06
846 5.8862061216131055e-06
847 5.8862061216131055e-06
848 5.8862061216131055e-06
849 5.8862061216131055e-06
850 5.8862061216131055e-06
851 5.8862061216131055e-06
852 5.8862061216131055e-06
853 5.8862061216131055e-06
854 5.8862061216131055e-06
855 5.8862061216131055e-06
856 5.8862061216131055e-06
857 5.8862061216131055e-06
858 5.8862061216131055e-06
859 5.8862061216131055e-06
860 5.8862061216131055e-06
861 5.8862061216131055e-06
862 5.8862061216131055e-06
863 5.8862061216131055e-06
864 5.8862061216131055e-06
865 5.8862061216131055e-06
866 5.8862061216131055e-06
867 5.8862061216131055e-06
868 5.8862061216131055e-06
869 5.8862061216131055e-06
870 5.8862061216131055e-06
871 5.8862061216131055e-06
872 5.8862061216131055e-06
873 5.8862061216131055e-06
874 5.8862061216131055e-06
875 5.8862061216131055e-06
876 5.8862061216131055e-06
877 5.8862061216131055e-06
878 5.8862061216131055e-06
879 5.8862061216131055e-06
880 5.8862061216131055e-06
881 5.8862061216131055e-06
882 5.8862061216131055e-06
883 5.8862061216131055e-06
884 5.8862061216131055e-06
885 5.8862061216131055e-06
886 5.8862061216131055e-06
887 5.8862061216131055e-06
888 5.8862061216131055e-06
889 5.8862061216131055e-06
890 5.8862061216131055e-06
891 5.8862061216131055e-06
892 5.8862061216131055e-06
893 5.8862061216131055e-06
894 5.8862061216131055e-06
895 5.8862061216131055e-06
896 5.8862061216131055e-06
897 5.8862061216131055e-06
898 5.8862061216131055e-06
899 5.8862061216131055e-06
900 5.8862061216131055e-06
901 5.8862061216131055e-06
902 5.8862061216131055e-06
903 5.8862061216131055e-06
904 5.8862061216131055e-06
905 5.8862061216131055e-06
906 5.8862061216131055e-06
907 5.8862061216131055e-06
908 5.8862061216131055e-06
909 5.8862061216131055e-06
910 5.8862061216131055e-06
911 5.8862061216131055e-06
912 5.8862061216131055e-06
913 5.8862061216131055e-06
914 5.8862061216131055e-06
915 5.8862061216131055e-06
916 5.8862061216131055e-06
917 5.8862061216131055e-06
918 5.8862061216131055e-06
919 5.8862061216131055e-06
920 5.8862061216131055e-06
921 5.8862061216131055e-06
922 5.8862061216131055e-06
923 5.8862061216131055e-06
924 5.8862061216131055e-06
925 5.8862061216131055e-06
926 5.8862061216131055e-06
927 5.8862061216131055e-06
928 5.8862061216131055e-06
929 5.8862061216131055e-06
930 5.8862061216131055e-06
931 5.8862061216131055e-06
932 5.8862061216131055e-06
933 5.8862061216131055e-06
934 5.8862061216131055e-06
935 5.8862061216131055e-06
936 5.8862061216131055e-06
937 5.8862061216131055e-06
938 5.8862061216131055e-06
939 5.8862061216131055e-06
940 5.8862061216131055e-06
941 5.8862061216131055e-06
942 5.8862061216131055e-06
943 5.8862061216131055e-06
944 5.8862061216131055e-06
945 5.8862061216131055e-06
946 5.8862061216131055e-06
947 5.8862061216131055e-06
948 5.8862061216131055e-06
949 5.8862061216131055e-06
950 5.8862061216131055e-06
951 5.8862061216131055e-06
952 5.8862061216131055e-06
953 5.8862061216131055e-06
954 5.8862061216131055e-06
955 5.8862061216131055e-06
956 5.8862061216131055e-06
957 5.8862061216131055e-06
958 5.8862061216131055e-06
959 5.8862061216131055e-06
960 5.8862061216131055e-06
961 5.8862061216131055e-06
962 5.8862061216131055e-06
963 5.8862061216131055e-06
964 5.8862061216131055e-06
965 5.8862061216131055e-06
966 5.8862061216131055e-06
967 5.8862061216131055e-06
968 5.8862061216131055e-06
969 5.8862061216131055e-06
970 5.8862061216131055e-06
971 5.8862061216131055e-06
972 5.8862061216131055e-06
973 5.8862061216131055e-06
974 5.8862061216131055e-06
975 5.8862061216131055e-06
976 5.8862061216131055e-06
977 5.8862061216131055e-06
978 5.8862061216131055e-06
979 5.8862061216131055e-06
980 5.8862061216131055e-06
981 5.8862061216131055e-06
982 5.8862061216131055e-06
983 5.8862061216131055e-06
984 5.8862061216131055e-06
985 5.8862061216131055e-06
986 5.8862061216131055e-06
987 5.8862061216131055e-06
988 5.8862061216131055e-06
989 5.8862061216131055e-06
990 5.8862061216131055e-06
991 5.8862061216131055e-06
992 5.8862061216131055e-06
993 5.8862061216131055e-06
994 5.8862061216131055e-06
995 5.8862061216131055e-06
996 5.8862061216131055e-06
997 5.8862061216131055e-06
998 5.8862061216131055e-06
999 5.8862061216131055e-06
1000 5.8862061216131055e-06
1001 5.8862061216131055e-06
1002 5.8862061216131055e-06
1003 5.8862061216131055e-06
1004 5.8862061216131055e-06
1005 5.8862061216131055e-06
1006 5.8862061216131055e-06
1007 5.8862061216131055e-06
1008 5.8862061216131055e-06
1009 5.8862061216131055e-06
1010 5.8862061216131055e-06
1011 5.8862061216131055e-06
1012 5.8862061216131055e-06
1013 5.8862061216131055e-06
1014 5.8862061216131055e-06
1015 5.8862061216131055e-06
1016 5.8862061216131055e-06
1017 5.8862061216131055e-06
1018 5.8862061216131055e-06
1019 5.8862061216131055e-06
1020 5.8862061216131055e-06
1021 5.8862061216131055e-06
1022 5.8862061216131055e-06
1023 5.8862061216131055e-06
1024 5.8862061216131055e-06
1025 5.8862061216131055e-06
1026 5.8862061216131055e-06
1027 5.8862061216131055e-06
1028 5.8862061216131055e-06
1029 5.8862061216131055e-06
1030 5.8862061216131055e-06
1031 5.8862061216131055e-06
1032 5.8862061216131055e-06
1033 5.8862061216131055e-06
1034 5.8862061216131055e-06
1035 5.8862061216131055e-06
1036 5.8862061216131055e-06
1037 5.8862061216131055e-06
1038 5.8862061216131055e-06
1039 5.8862061216131055e-06
1040 5.8862061216131055e-06
1041 5.8862061216131055e-06
1042 5.8862061216131055e-06
1043 5.8862061216131055e-06
1044 5.8862061216131055e-06
1045 5.8862061216131055e-06
1046 5.8862061216131055e-06
1047 5.8862061216131055e-06
1048 5.8862061216131055e-06
1049 5.8862061216131055e-06
1050 5.8862061216131055e-06
1051 5.8862061216131055e-06
1052 5.8862061216131055e-06
1053 5.8862061216131055e-06
1054 5.8862061216131055e-06
1055 5.8862061216131055e-06
1056 5.8862061216131055e-06
1057 5.8862061216131055e-06
1058 5.8862061216131055e-06
1059 5.8862061216131055e-06
1060 5.8862061216131055e-06
1061 5.8862061216131055e-06
1062 5.8862061216131055e-06
1063 5.8862061216131055e-06
1064 5.8862061216131055e-06
1065 5.8862061216131055e-06
1066 5.8862061216131055e-06
1067 5.8862061216131055e-06
1068 5.8862061216131055e-06
1069 5.8862061216131055e-06
1070 5.8862061216131055e-06
1071 5.8862061216131055e-06
1072 5.8862061216131055e-06
1073 5.8862061216131055e-06
1074 5.8862061216131055e-06
1075 5.8862061216131055e-06
1076 5.8862061216131055e-06
1077 5.8862061216131055e-06
1078 5.8862061216131055e-06
1079 5.8862061216131055e-06
1080 5.8862061216131055e-06
1081 5.8862061216131055e-06
1082 5.8862061216131055e-06
1083 5.8862061216131055e-06
1084 5.8862061216131055e-06
1085 5.8862061216131055e-06
1086 5.8862061216131055e-06
1087 5.8862061216131055e-06
1088 5.8862061216131055e-06
1089 5.8862061216131055e-06
1090 5.8862061216131055e-06
1091 5.8862061216131055e-06
1092 5.8862061216131055e-06
1093 5.8862061216131055e-06
1094 5.8862061216131055e-06
1095 5.8862061216131055e-06
1096 5.8862061216131055e-06
1097 5.8862061216131055e-06
1098 5.8862061216131055e-06
1099 5.8862061216131055e-06
1100 5.8862061216131055e-06
1101 5.8862061216131055e-06
1102 5.8862061216131055e-06
1103 5.8862061216131055e-06
1104 5.8862061216131055e-06
1105 5.8862061216131055e-06
1106 5.8862061216131055e-06
1107 5.8862061216131055e-06
1108 5.8862061216131055e-06
1109 5.8862061216131055e-06
1110 5.8862061216131055e-06
1111 5.8862061216131055e-06
1112 5.8862061216131055e-06
1113 5.8862061216131055e-06
1114 5.8862061216131055e-06
1115 5.8862061216131055e-06
1116 5.8862061216131055e-06
1117 5.8862061216131055e-06
1118 5.8862061216131055e-06
1119 5.8862061216131055e-06
1120 5.8862061216131055e-06
1121 5.8862061216131055e-06
1122 5.8862061216131055e-06
1123 5.8862061216131055e-06
1124 5.8862061216131055e-06
1125 5.8862061216131055e-06
1126 5.8862061216131055e-06
1127 5.8862061216131055e-06
1128 5.8862061216131055e-06
1129 5.8862061216131055e-06
1130 5.8862061216131055e-06
1131 5.8862061216131055e-06
1132 5.8862061216131055e-06
1133 5.8862061216131055e-06
1134 5.8862061216131055e-06
1135 5.8862061216131055e-06
1136 5.8862061216131055e-06
1137 5.8862061216131055e-06
1138 5.8862061216131055e-06
1139 5.8862061216131055e-06
1140 5.8862061216131055e-06
1141 5.8862061216131055e-06
1142 5.8862061216131055e-06
1143 5.8862061216131055e-06
1144 5.8862061216131055e-06
1145 5.8862061216131055e-06
1146 5.8862061216131055e-06
1147 5.8862061216131055e-06
1148 5.8862061216131055e-06
1149 5.8862061216131055e-06
1150 5.8862061216131055e-06
1151 5.8862061216131055e-06
1152 5.8862061216131055e-06
1153 5.8862061216131055e-06
1154 5.8862061216131055e-06
1155 5.8862061216131055e-06
1156 5.8862061216131055e-06
1157 5.8862061216131055e-06
1158 5.8862061216131055e-06
1159 5.8862061216131055e-06
1160 5.8862061216131055e-06
1161 5.8862061216131055e-06
1162 5.8862061216131055e-06
1163 5.8862061216131055e-06
1164 5.8862061216131055e-06
1165 5.8862061216131055e-06
1166 5.8862061216131055e-06
1167 5.8862061216131055e-06
1168 5.8862061216131055e-06
1169 5.8862061216131055e-06
1170 5.8862061216131055e-06
1171 5.8862061216131055e-06
1172 5.8862061216131055e-06
1173 5.8862061216131055e-06
1174 5.8862061216131055e-06
1175 5.8862061216131055e-06
1176 5.8862061216131055e-06
1177 5.8862061216131055e-06
1178 5.8862061216131055e-06
1179 5.8862061216131055e-06
1180 5.8862061216131055e-06
1181 5.8862061216131055e-06
1182 5.8862061216131055e-06
1183 5.8862061216131055e-06
1184 5.8862061216131055e-06
1185 5.8862061216131055e-06
1186 5.8862061216131055e-06
1187 5.8862061216131055e-06
1188 5.8862061216131055e-06
1189 5.8862061216131055e-06
1190 5.8862061216131055e-06
1191 5.8862061216131055e-06
1192 5.8862061216131055e-06
1193 5.8862061216131055e-06
1194 5.8862061216131055e-06
1195 5.8862061216131055e-06
1196 5.8862061216131055e-06
1197 5.8862061216131055e-06
1198 5.8862061216131055e-06
1199 5.8862061216131055e-06
1200 5.8862061216131055e-06
1201 5.8862061216131055e-06
1202 5.8862061216131055e-06
1203 5.8862061216131055e-06
1204 5.8862061216131055e-06
1205 5.8862061216131055e-06
1206 5.8862061216131055e-06
1207 5.8862061216131055e-06
1208 5.8862061216131055e-06
1209 5.8862061216131055e-06
1210 5.8862061216131055e-06
1211 5.8862061216131055e-06
1212 5.8862061216131055e-06
1213 5.8862061216131055e-06
1214 5.8862061216131055e-06
1215 5.8862061216131055e-06
1216 5.8862061216131055e-06
1217 5.8862061216131055e-06
1218 5.8862061216131055e-06
1219 5.8862061216131055e-06
1220 5.8862061216131055e-06
1221 5.8862061216131055e-06
1222 5.8862061216131055e-06
1223 5.8862061216131055e-06
1224 5.8862061216131055e-06
1225 5.8862061216131055e-06
1226 5.8862061216131055e-06
1227 2.569202045307523e-06
1228 2.569202045307523e-06
1229 2.569202045307523e-06
1230 2.569202045307523e-06
1231 5.8862061216131055e-06
1232 5.8862061216131055e-06
1233 2.569202045307523e-06
1234 2.569202045307523e-06
1235 2.569202045307523e-06
1236 2.569202045307523e-06
1237 5.8862061216131055e-06
1238 5.8862061216131055e-06
1239 2.569202045307523e-06
1240 2.569202045307523e-06
1241 2.569202045307523e-06
1242 2.569202045307523e-06
1243 5.8862061216131055e-06
1244 5.8862061216131055e-06
1245 2.569202045307523e-06
1246 2.569202045307523e-06
1247 2.569202045307523e-06
1248 2.569202045307523e-06
1249 5.8862061216131055e-06
1250 5.8862061216131055e-06
1251 2.569202045307523e-06
1252 2.569202045307523e-06
1253 2.569202045307523e-06
1254 2.569202045307523e-06
1255 5.8862061216131055e-06
1256 5.8862061216131055e-06
1257 2.569202045307523e-06
1258 2.569202045307523e-06
1259 2.569202045307523e-06
1260 2.569202045307523e-06
1261 5.8862061216131055e-06
1262 5.8862061216131055e-06
1263 2.569202045307523e-06
1264 2.569202045307523e-06
1265 2.569202045307523e-06
1266 2.569202045307523e-06
1267 5.8862061216131055e-06
1268 5.8862061216131055e-06
1269 2.569202045307523e-06
1270 2.569202045307523e-06
1271 2.569202045307523e-06
1272 2.569202045307523e-06
1273 5.8862061216131055e-06
1274 5.8862061216131055e-06
1275 2.569202045307523e-06
1276 2.569202045307523e-06
1277 2.569202045307523e-06
1278 2.569202045307523e-06
1279 5.8862061216131055e-06
1280 5.8862061216131055e-06
1281 2.569202045307523e-06
1282 2.569202045307523e-06
1283 2.569202045307523e-06
1284 2.569202045307523e-06
1285 5.8862061216131055e-06
1286 5.8862061216131055e-06
1287 2.569202045307523e-06
1288 2.569202045307523e-06
1289 2.569202045307523e-06
1290 2.569202045307523e-06
1291 5.8862061216131055e-06
1292 2.569202045307523e-06
1293 2.569202045307523e-06
1294 2.569202045307523e-06
1295 2.569202045307523e-06
1296 5.8862061216131055e-06
1297 5.8862061216131055e-06
1298 2.569202045307523e-06
1299 2.569202045307523e-06
1300 2.569202045307523e-06
1301 2.569202045307523e-06
1302 5.8862061216131055e-06
1303 5.8862061216131055e-06
1304 2.569202045307523e-06
1305 2.569202045307523e-06
1306 2.569202045307523e-06
1307 2.569202045307523e-06
1308 5.8862061216131055e-06
1309 5.8862061216131055e-06
1310 2.569202045307523e-06
1311 2.569202045307523e-06
1312 2.569202045307523e-06
1313 2.569202045307523e-06
1314 5.8862061216131055e-06
1315 5.8862061216131055e-06
1316 2.569202045307523e-06
1317 2.569202045307523e-06
1318 2.569202045307523e-06
1319 2.569202045307523e-06
1320 5.8862061216131055e-06
1321 5.8862061216131055e-06
1322 2.569202045307523e-06
1323 2.569202045307523e-06
1324 2.569202045307523e-06
1325 2.569202045307523e-06
1326 5.8862061216131055e-06
1327 5.8862061216131055e-06
1328 2.569202045307523e-06
1329 2.569202045307523e-06
1330 2.569202045307523e-06
1331 2.569202045307523e-06
1332 5.8862061216131055e-06
1333 5.8862061216131055e-06
1334 2.569202045307523e-06
1335 2.569202045307523e-06
1336 2.569202045307523e-06
1337 2.569202045307523e-06
1338 5.8862061216131055e-06
1339 5.8862061216131055e-06
1340 2.569202045307523e-06
1341 2.569202045307523e-06
1342 2.569202045307523e-06
1343 2.569202045307523e-06
1344 5.8862061216131055e-06
1345 5.8862061216131055e-06
1346 2.569202045307523e-06
1347 2.569202045307523e-06
1348 2.569202045307523e-06
1349 2.569202045307523e-06
1350 5.8862061216131055e-06
1351 5.8862061216131055e-06
1352 2.569202045307523e-06
1353 2.569202045307523e-06
1354 2.569202045307523e-06
1355 2.569202045307523e-06
1356 5.8862061216131055e-06
1357 5.8862061216131055e-06
1358 2.569202045307523e-06
1359 2.569202045307523e-06
1360 2.569202045307523e-06
1361 2.569202045307523e-06
1362 5.8862061216131055e-06
1363 2.569202045307523e-06
1364 2.569202045307523e-06
1365 2.569202045307523e-06
1366 2.569202045307523e-06
1367 5.8862061216131055e-06
1368 5.8862061216131055e-06
1369 2.569202045307523e-06
1370 2.569202045307523e-06
1371 2.569202045307523e-06
1372 2.569202045307523e-06
1373 5.8862061216131055e-06
1374 5.8862061216131055e-06
1375 2.569202045307523e-06
1376 2.569202045307523e-06
1377 2.569202045307523e-06
1378 2.569202045307523e-06
1379 5.8862061216131055e-06
1380 5.8862061216131055e-06
1381 2.569202045307523e-06
1382 2.569202045307523e-06
1383 2.569202045307523e-06
1384 2.569202045307523e-06
1385 5.8862061216131055e-06
1386 5.8862061216131055e-06
1387 2.569202045307523e-06
1388 2.569202045307523e-06
1389 2.569202045307523e-06
1390 2.569202045307523e-06
1391 5.8862061216131055e-06
1392 5.8862061216131055e-06
1393 2.569202045307523e-06
1394 2.569202045307523e-06
1395 2.569202045307523e-06
1396 2.569202045307523e-06
1397 5.8862061216131055e-06
1398 5.8862061216131055e-06
1399 2.569202045307523e-06
1400 2.569202045307523e-06
1401 2.569202045307523e-06
1402 2.569202045307523e-06
1403 5.8862061216131055e-06
1404 5.8862061216131055e-06
1405 2.569202045307523e-06
1406 2.569202045307523e-06
1407 2.569202045307523e-06
1408 2.569202045307523e-06
1409 5.8862061216131055e-06
1410 5.8862061216131055e-06
1411 2.569202045307523e-06
1412 2.569202045307523e-06
1413 2.569202045307523e-06
1414 2.569202045307523e-06
1415 5.8862061216131055e-06
1416 5.8862061216131055e-06
1417 2.569202045307523e-06
1418 2.569202045307523e-06
1419 2.569202045307523e-06
1420 2.569202045307523e-06
1421 5.8862061216131055e-06
1422 5.8862061216131055e-06
1423 2.569202045307523e-06
1424 2.569202045307523e-06
1425 2.569202045307523e-06
1426 2.569202045307523e-06
1427 5.8862061216131055e-06
1428 5.8862061216131055e-06
1429 2.569202045307523e-06
1430 2.569202045307523e-06
1431 2.569202045307523e-06
1432 2.569202045307523e-06
1433 5.8862061216131055e-06
1434 2.569202045307523e-06
1435 2.569202045307523e-06
1436 2.569202045307523e-06
1437 2.569202045307523e-06
1438 5.8862061216131055e-06
1439 5.8862061216131055e-06
1440 2.569202045307523e-06
1441 2.569202045307523e-06
1442 2.569202045307523e-06
1443 2.569202045307523e-06
1444 5.8862061216131055e-06
1445 5.8862061216131055e-06
1446 2.569202045307523e-06
1447 2.569202045307523e-06
1448 2.569202045307523e-06
1449 2.569202045307523e-06
1450 5.8862061216131055e-06
1451 5.8862061216131055e-06
1452 2.569202045307523e-06
1453 2.569202045307523e-06
1454 2.569202045307523e-06
1455 2.569202045307523e-06
1456 5.8862061216131055e-06
1457 5.8862061216131055e-06
1458 2.569202045307523e-06
1459 2.569202045307523e-06
1460 2.569202045307523e-06
1461 2.569202045307523e-06
1462 5.8862061216131055e-06
1463 5.8862061216131055e-06
1464 2.569202045307523e-06
1465 2.569202045307523e-06
1466 2.569202045307523e-06
1467 2.569202045307523e-06
1468 5.8862061216131055e-06
1469 5.8862061216131055e-06
1470 2.569202045307523e-06
1471 2.569202045307523e-06
1472 2.569202045307523e-06
1473 2.569202045307523e-06
1474 5.8862061216131055e-06
1475 5.8862061216131055e-06
1476 2.569202045307523e-06
1477 2.569202045307523e-06
1478 2.569202045307523e-06
1479 2.569202045307523e-06
1480 5.8862061216131055e-06
1481 5.8862061216131055e-06
1482 2.569202045307523e-06
1483 2.569202045307523e-06
1484 2.569202045307523e-06
1485 2.569202045307523e-06
1486 5.8862061216131055e-06
1487 5.8862061216131055e-06
1488 2.569202045307523e-06
1489 2.569202045307523e-06
1490 2.569202045307523e-06
1491 2.569202045307523e-06
1492 5.8862061216131055e-06
1493 5.8862061216131055e-06
1494 2.569202045307523e-06
1495 2.569202045307523e-06
1496 2.569202045307523e-06
1497 2.569202045307523e-06
1498 5.8862061216131055e-06
1499 5.8862061216131055e-06
1500 2.569202045307523e-06
1501 2.569202045307523e-06
1502 2.569202045307523e-06
1503 2.569202045307523e-06
1504 5.8862061216131055e-06
1505 2.569202045307523e-06
1506 2.569202045307523e-06
1507 2.569202045307523e-06
1508 2.569202045307523e-06
1509 5.8862061216131055e-06
1510 5.8862061216131055e-06
1511 2.569202045307523e-06
1512 2.569202045307523e-06
1513 2.569202045307523e-06
1514 2.569202045307523e-06
1515 5.8862061216131055e-06
1516 5.8862061216131055e-06
1517 2.569202045307523e-06
1518 2.569202045307523e-06
1519 2.569202045307523e-06
1520 2.569202045307523e-06
1521 5.8862061216131055e-06
1522 5.8862061216131055e-06
1523 2.569202045307523e-06
1524 2.569202045307523e-06
1525 2.569202045307523e-06
1526 2.569202045307523e-06
1527 5.8862061216131055e-06
1528 5.8862061216131055e-06
1529 2.569202045307523e-06
1530 2.569202045307523e-06
1531 2.569202045307523e-06
1532 2.569202045307523e-06
1533 5.8862061216131055e-06
1534 5.8862061216131055e-06
1535 2.569202045307523e-06
1536 2.569202045307523e-06
1537 2.569202045307523e-06
1538 2.569202045307523e-06
1539 5.8862061216131055e-06
1540 5.8862061216131055e-06
1541 2.569202045307523e-06
1542 2.569202045307523e-06
1543 2.569202045307523e-06
1544 2.569202045307523e-06
1545 5.8862061216131055e-06
1546 5.8862061216131055e-06
1547 2.569202045307523e-06
1548 2.569202045307523e-06
1549 2.569202045307523e-06
1550 2.569202045307523e-06
1551 5.8862061216131055e-06
1552 5.8862061216131055e-06
1553 2.569202045307523e-06
1554 2.569202045307523e-06
1555 2.569202045307523e-06
1556 2.569202045307523e-06
1557 5.8862061216131055e-06
1558 5.8862061216131055e-06
1559 2.569202045307523e-06
1560 2.569202045307523e-06
1561 2.569202045307523e-06
1562 2.569202045307523e-06
1563 5.8862061216131055e-06
1564 5.8862061216131055e-06
1565 2.569202045307523e-06
1566 2.569202045307523e-06
1567 2.569202045307523e-06
1568 2.569202045307523e-06
1569 5.8862061216131055e-06
1570 5.8862061216131055e-06
1571 2.569202045307523e-06
1572 2.569202045307523e-06
1573 2.569202045307523e-06
1574 2.569202045307523e-06
1575 5.8862061216131055e-06
1576 2.569202045307523e-06
1577 2.569202045307523e-06
1578 2.569202045307523e-06
1579 2.569202045307523e-06
1580 5.8862061216131055e-06
1581 5.8862061216131055e-06
1582 2.569202045307523e-06
1583 2.569202045307523e-06
1584 2.569202045307523e-06
1585 2.569202045307523e-06
1586 5.8862061216131055e-06
1587 5.8862061216131055e-06
1588 2.569202045307523e-06
1589 2.569202045307523e-06
1590 2.569202045307523e-06
1591 2.569202045307523e-06
1592 5.8862061216131055e-06
1593 5.8862061216131055e-06
1594 2.569202045307523e-06
1595 2.569202045307523e-06
1596 2.569202045307523e-06
1597 2.569202045307523e-06
1598 5.8862061216131055e-06
1599 5.8862061216131055e-06
1600 2.569202045307523e-06
1601 2.569202045307523e-06
1602 2.569202045307523e-06
1603 2.569202045307523e-06
1604 5.8862061216131055e-06
1605 5.8862061216131055e-06
1606 2.569202045307523e-06
1607 2.569202045307523e-06
1608 2.569202045307523e-06
1609 2.569202045307523e-06
1610 5.8862061216131055e-06
1611 5.8862061216131055e-06
1612 2.569202045307523e-06
1613 2.569202045307523e-06
1614 2.569202045307523e-06
1615 2.569202045307523e-06
1616 5.8862061216131055e-06
1617 5.8862061216131055e-06
1618 2.569202045307523e-06
1619 2.569202045307523e-06
1620 2.569202045307523e-06
1621 2.569202045307523e-06
1622 5.8862061216131055e-06
1623 5.8862061216131055e-06
1624 2.569202045307523e-06
1625 2.569202045307523e-06
1626 2.569202045307523e-06
1627 2.569202045307523e-06
1628 5.8862061216131055e-06
1629 5.8862061216131055e-06
1630 2.569202045307523e-06
1631 2.569202045307523e-06
1632 2.569202045307523e-06
1633 2.569202045307523e-06
1634 5.8862061216131055e-06
1635 5.8862061216131055e-06
1636 2.569202045307523e-06
1637 2.569202045307523e-06
1638 2.569202045307523e-06
1639 2.569202045307523e-06
1640 5.8862061216131055e-06
1641 5.8862061216131055e-06
1642 2.569202045307523e-06
1643 2.569202045307523e-06
1644 2.569202045307523e-06
1645 2.569202045307523e-06
1646 5.8862061216131055e-06
1647 2.569202045307523e-06
1648 2.569202045307523e-06
1649 2.569202045307523e-06
1650 2.569202045307523e-06
1651 5.8862061216131055e-06
1652 5.8862061216131055e-06
1653 2.569202045307523e-06
1654 2.569202045307523e-06
1655 2.569202045307523e-06
1656 2.569202045307523e-06
1657 5.8862061216131055e-06
1658 5.8862061216131055e-06
1659 2.569202045307523e-06
1660 2.569202045307523e-06
1661 2.569202045307523e-06
1662 2.569202045307523e-06
1663 5.8862061216131055e-06
1664 5.8862061216131055e-06
1665 2.569202045307523e-06
1666 2.569202045307523e-06
1667 2.569202045307523e-06
1668 2.569202045307523e-06
1669 5.8862061216131055e-06
1670 5.8862061216131055e-06
1671 2.569202045307523e-06
1672 2.569202045307523e-06
1673 2.569202045307523e-06
1674 2.569202045307523e-06
1675 5.8862061216131055e-06
1676 5.8862061216131055e-06
1677 2.569202045307523e-06
1678 2.569202045307523e-06
1679 2.569202045307523e-06
1680 2.569202045307523e-06
1681 5.8862061216131055e-06
1682 5.8862061216131055e-06
1683 2.569202045307523e-06
1684 2.569202045307523e-06
1685 2.569202045307523e-06
1686 2.569202045307523e-06
1687 5.8862061216131055e-06
1688 5.8862061216131055e-06
1689 2.569202045307523e-06
1690 2.569202045307523e-06
1691 2.569202045307523e-06
1692 2.569202045307523e-06
1693 5.8862061216131055e-06
1694 5.8862061216131055e-06
1695 2.569202045307523e-06
1696 2.569202045307523e-06
1697 2.569202045307523e-06
1698 2.569202045307523e-06
1699 5.8862061216131055e-06
1700 5.8862061216131055e-06
1701 2.569202045307523e-06
1702 2.569202045307523e-06
1703 2.569202045307523e-06
1704 2.569202045307523e-06
1705 5.8862061216131055e-06
1706 5.8862061216131055e-06
1707 2.569202045307523e-06
1708 2.569202045307523e-06
1709 2.569202045307523e-06
1710 2.569202045307523e-06
1711 5.8862061216131055e-06
1712 5.8862061216131055e-06
1713 2.569202045307523e-06
1714 2.569202045307523e-06
1715 2.569202045307523e-06
1716 2.569202045307523e-06
1717 5.8862061216131055e-06
1718 2.569202045307523e-06
1719 2.569202045307523e-06
1720 2.569202045307523e-06
1721 2.569202045307523e-06
1722 5.8862061216131055e-06
1723 5.8862061216131055e-06
1724 2.569202045307523e-06
1725 2.569202045307523e-06
1726 2.569202045307523e-06
1727 2.569202045307523e-06
1728 5.8862061216131055e-06
1729 5.8862061216131055e-06
1730 2.569202045307523e-06
1731 2.569202045307523e-06
1732 2.569202045307523e-06
1733 2.569202045307523e-06
1734 5.8862061216131055e-06
1735 5.8862061216131055e-06
1736 2.569202045307523e-06
1737 2.569202045307523e-06
1738 2.569202045307523e-06
1739 2.569202045307523e-06
1740 5.8862061216131055e-06
1741 5.8862061216131055e-06
1742 2.569202045307523e-06
1743 2.569202045307523e-06
1744 2.569202045307523e-06
1745 2.569202045307523e-06
1746 5.8862061216131055e-06
1747 5.8862061216131055e-06
1748 2.569202045307523e-06
1749 2.569202045307523e-06
1750 2.569202045307523e-06
1751 2.569202045307523e-06
1752 5.8862061216131055e-06
1753 5.8862061216131055e-06
1754 2.569202045307523e-06
1755 2.569202045307523e-06
1756 2.569202045307523e-06
1757 2.569202045307523e-06
1758 5.8862061216131055e-06
1759 5.8862061216131055e-06
1760 2.569202045307523e-06
1761 2.569202045307523e-06
1762 2.569202045307523e-06
1763 2.569202045307523e-06
1764 5.8862061216131055e-06
1765 5.8862061216131055e-06
1766 2.569202045307523e-06
1767 2.569202045307523e-06
1768 2.569202045307523e-06
1769 2.569202045307523e-06
1770 5.8862061216131055e-06
1771 5.8862061216131055e-06
1772 2.569202045307523e-06
1773 2.569202045307523e-06
1774 2.569202045307523e-06
1775 2.569202045307523e-06
1776 5.8862061216131055e-06
1777 5.8862061216131055e-06
1778 2.569202045307523e-06
1779 2.569202045307523e-06
1780 2.569202045307523e-06
1781 2.569202045307523e-06
1782 5.8862061216131055e-06
1783 5.8862061216131055e-06
1784 2.569202045307523e-06
1785 2.569202045307523e-06
1786 2.569202045307523e-06
1787 2.569202045307523e-06
1788 5.8862061216131055e-06
1789 2.569202045307523e-06
1790 2.569202045307523e-06
1791 2.569202045307523e-06
1792 2.569202045307523e-06
1793 5.8862061216131055e-06
1794 5.8862061216131055e-06
1795 2.569202045307523e-06
1796 2.569202045307523e-06
1797 2.569202045307523e-06
1798 2.569202045307523e-06
1799 5.8862061216131055e-06
1800 5.8862061216131055e-06
1801 2.569202045307523e-06
1802 2.569202045307523e-06
1803 2.569202045307523e-06
1804 2.569202045307523e-06
1805 5.8862061216131055e-06
1806 5.8862061216131055e-06
1807 2.569202045307523e-06
1808 2.569202045307523e-06
1809 2.569202045307523e-06
1810 2.569202045307523e-06
1811 5.8862061216131055e-06
1812 5.8862061216131055e-06
1813 2.569202045307523e-06
1814 2.569202045307523e-06
1815 2.569202045307523e-06
1816 2.569202045307523e-06
1817 5.8862061216131055e-06
1818 5.8862061216131055e-06
1819 2.569202045307523e-06
1820 2.569202045307523e-06
1821 2.569202045307523e-06
1822 2.569202045307523e-06
1823 5.8862061216131055e-06
1824 5.8862061216131055e-06
1825 2.569202045307523e-06
1826 2.569202045307523e-06
1827 2.569202045307523e-06
1828 2.569202045307523e-06
1829 5.8862061216131055e-06
1830 5.8862061216131055e-06
1831 2.569202045307523e-06
1832 2.569202045307523e-06
1833 2.569202045307523e-06
1834 2.569202045307523e-06
1835 5.8862061216131055e-06
1836 5.8862061216131055e-06
1837 2.569202045307523e-06
1838 2.569202045307523e-06
1839 2.569202045307523e-06
1840 2.569202045307523e-06
1841 5.8862061216131055e-06
1842 5.8862061216131055e-06
1843 2.569202045307523e-06
1844 2.569202045307523e-06
1845 2.569202045307523e-06
1846 2.569202045307523e-06
1847 5.8862061216131055e-06
1848 5.8862061216131055e-06
1849 2.569202045307523e-06
1850 2.569202045307523e-06
1851 2.569202045307523e-06
1852 2.569202045307523e-06
1853 5.8862061216131055e-06
1854 5.8862061216131055e-06
1855 2.569202045307523e-06
1856 2.569202045307523e-06
1857 2.569202045307523e-06
1858 2.569202045307523e-06
1859 5.8862061216131055e-06
1860 2.569202045307523e-06
1861 2.569202045307523e-06
1862 2.569202045307523e-06
1863 2.569202045307523e-06
1864 5.8862061216131055e-06
1865 5.8862061216131055e-06
1866 2.569202045307523e-06
1867 2.569202045307523e-06
1868 2.569202045307523e-06
1869 2.569202045307523e-06
1870 5.8862061216131055e-06
1871 5.8862061216131055e-06
1872 2.569202045307523e-06
1873 2.569202045307523e-06
1874 2.569202045307523e-06
1875 2.569202045307523e-06
1876 5.8862061216131055e-06
1877 5.8862061216131055e-06
1878 2.569202045307523e-06
1879 2.569202045307523e-06
1880 2.569202045307523e-06
1881 2.569202045307523e-06
1882 5.8862061216131055e-06
1883 5.8862061216131055e-06
1884 2.569202045307523e-06
1885 2.569202045307523e-06
1886 2.569202045307523e-06
1887 2.569202045307523e-06
1888 5.8862061216131055e-06
1889 5.8862061216131055e-06
1890 2.569202045307523e-06
1891 2.569202045307523e-06
1892 2.569202045307523e-06
1893 2.569202045307523e-06
1894 5.8862061216131055e-06
1895 5.8862061216131055e-06
1896 2.569202045307523e-06
1897 2.569202045307523e-06
1898 2.569202045307523e-06
1899 2.569202045307523e-06
1900 5.8862061216131055e-06
1901 5.8862061216131055e-06
1902 2.569202045307523e-06
1903 2.569202045307523e-06
1904 2.569202045307523e-06
1905 2.569202045307523e-06
1906 5.8862061216131055e-06
1907 5.8862061216131055e-06
1908 2.569202045307523e-06
1909 2.569202045307523e-06
1910 2.569202045307523e-06
1911 2.569202045307523e-06
1912 5.8862061216131055e-06
1913 5.8862061216131055e-06
1914 2.569202045307523e-06
1915 2.569202045307523e-06
1916 2.569202045307523e-06
1917 2.569202045307523e-06
1918 5.8862061216131055e-06
1919 5.8862061216131055e-06
1920 2.569202045307523e-06
1921 2.569202045307523e-06
1922 2.569202045307523e-06
1923 2.569202045307523e-06
1924 5.8862061216131055e-06
1925 5.8862061216131055e-06
1926 2.569202045307523e-06
1927 2.569202045307523e-06
1928 2.569202045307523e-06
1929 2.569202045307523e-06
1930 5.8862061216131055e-06
1931 2.569202045307523e-06
1932 2.569202045307523e-06
1933 2.569202045307523e-06
1934 2.569202045307523e-06
1935 5.8862061216131055e-06
1936 5.8862061216131055e-06
1937 2.569202045307523e-06
1938 2.569202045307523e-06
1939 2.569202045307523e-06
1940 2.569202045307523e-06
1941 5.8862061216131055e-06
1942 5.8862061216131055e-06
1943 2.569202045307523e-06
1944 2.569202045307523e-06
1945 2.569202045307523e-06
1946 2.569202045307523e-06
1947 5.8862061216131055e-06
1948 5.8862061216131055e-06
1949 2.569202045307523e-06
1950 2.569202045307523e-06
1951 2.569202045307523e-06
1952 2.569202045307523e-06
1953 5.8862061216131055e-06
1954 5.8862061216131055e-06
1955 2.569202045307523e-06
1956 2.569202045307523e-06
1957 2.569202045307523e-06
1958 2.569202045307523e-06
1959 5.8862061216131055e-06
1960 5.8862061216131055e-06
1961 2.569202045307523e-06
1962 2.569202045307523e-06
1963 2.569202045307523e-06
1964 2.569202045307523e-06
1965 5.8862061216131055e-06
1966 5.8862061216131055e-06
1967 2.569202045307523e-06
1968 2.569202045307523e-06
1969 2.569202045307523e-06
1970 2.569202045307523e-06
1971 5.8862061216131055e-06
1972 5.8862061216131055e-06
1973 2.569202045307523e-06
1974 2.569202045307523e-06
1975 2.569202045307523e-06
1976 2.569202045307523e-06
1977 5.8862061216131055e-06
1978 5.8862061216131055e-06
1979 2.569202045307523e-06
1980 2.569202045307523e-06
1981 2.569202045307523e-06
1982 2.569202045307523e-06
1983 5.8862061216131055e-06
1984 5.8862061216131055e-06
1985 2.569202045307523e-06
1986 2.569202045307523e-06
1987 2.569202045307523e-06
1988 2.569202045307523e-06
1989 5.8862061216131055e-06
1990 5.8862061216131055e-06
1991 2.569202045307523e-06
1992 2.569202045307523e-06
1993 2.569202045307523e-06
1994 2.569202045307523e-06
1995 5.8862061216131055e-06
1996 5.8862061216131055e-06
1997 2.569202045307523e-06
1998 2.569202045307523e-06
1999 2.569202045307523e-06
2000 2.569202045307523e-06
2001 5.8862061216131055e-06
2002 2.569202045307523e-06
2003 2.569202045307523e-06
2004 2.569202045307523e-06
2005 2.569202045307523e-06
2006 5.8862061216131055e-06
2007 5.8862061216131055e-06
2008 2.569202045307523e-06
2009 2.569202045307523e-06
2010 2.569202045307523e-06
2011 2.569202045307523e-06
2012 5.8862061216131055e-06
2013 5.8862061216131055e-06
2014 2.569202045307523e-06
2015 2.569202045307523e-06
2016 2.569202045307523e-06
2017 2.569202045307523e-06
2018 5.8862061216131055e-06
2019 5.8862061216131055e-06
2020 2.569202045307523e-06
2021 2.569202045307523e-06
2022 2.569202045307523e-06
2023 2.569202045307523e-06
2024 5.8862061216131055e-06
2025 5.8862061216131055e-06
2026 2.569202045307523e-06
2027 2.569202045307523e-06
2028 2.569202045307523e-06
2029 2.569202045307523e-06
2030 5.8862061216131055e-06
2031 5.8862061216131055e-06
2032 2.569202045307523e-06
2033 2.569202045307523e-06
2034 2.569202045307523e-06
2035 2.569202045307523e-06
2036 5.8862061216131055e-06
2037 5.8862061216131055e-06
2038 2.569202045307523e-06
2039 2.569202045307523e-06
2040 2.569202045307523e-06
2041 2.569202045307523e-06
2042 5.8862061216131055e-06
2043 5.8862061216131055e-06
2044 2.569202045307523e-06
2045 2.569202045307523e-06
2046 2.569202045307523e-06
2047 2.569202045307523e-06
2048 5.8862061216131055e-06
2049 5.8862061216131055e-06
2050 2.569202045307523e-06
2051 2.569202045307523e-06
2052 2.569202045307523e-06
2053 2.569202045307523e-06
2054 5.8862061216131055e-06
2055 5.8862061216131055e-06
2056 2.569202045307523e-06
2057 2.569202045307523e-06
2058 2.569202045307523e-06
2059 2.569202045307523e-06
2060 5.8862061216131055e-06
2061 5.8862061216131055e-06
2062 2.569202045307523e-06
2063 2.569202045307523e-06
2064 2.569202045307523e-06
2065 2.569202045307523e-06
2066 5.8862061216131055e-06
2067 5.8862061216131055e-06
2068 2.569202045307523e-06
2069 2.569202045307523e-06
2070 2.569202045307523e-06
2071 2.569202045307523e-06
2072 5.8862061216131055e-06
2073 2.569202045307523e-06
2074 2.569202045307523e-06
2075 2.569202045307523e-06
2076 2.569202045307523e-06
2077 5.8862061216131055e-06
2078 5.8862061216131055e-06
2079 2.569202045307523e-06
2080 2.569202045307523e-06
2081 2.569202045307523e-06
2082 2.569202045307523e-06
2083 5.8862061216131055e-06
2084 5.8862061216131055e-06
2085 2.569202045307523e-06
2086 2.569202045307523e-06
2087 2.569202045307523e-06
2088 2.569202045307523e-06
2089 5.8862061216131055e-06
2090 5.8862061216131055e-06
2091 2.569202045307523e-06
2092 2.569202045307523e-06
2093 2.569202045307523e-06
2094 2.569202045307523e-06
2095 5.8862061216131055e-06
2096 5.8862061216131055e-06
2097 2.569202045307523e-06
2098 2.569202045307523e-06
2099 2.569202045307523e-06
2100 2.569202045307523e-06
2101 5.8862061216131055e-06
2102 5.8862061216131055e-06
2103 2.569202045307523e-06
2104 2.569202045307523e-06
2105 2.569202045307523e-06
2106 2.569202045307523e-06
2107 5.8862061216131055e-06
2108 5.8862061216131055e-06
2109 2.569202045307523e-06
2110 2.569202045307523e-06
2111 2.569202045307523e-06
2112 2.569202045307523e-06
2113 5.8862061216131055e-06
2114 5.8862061216131055e-06
2115 2.569202045307523e-06
2116 2.569202045307523e-06
2117 2.569202045307523e-06
2118 2.569202045307523e-06
2119 5.8862061216131055e-06
2120 5.8862061216131055e-06
2121 2.569202045307523e-06
2122 2.569202045307523e-06
2123 2.569202045307523e-06
2124 2.569202045307523e-06
2125 5.8862061216131055e-06
2126 5.8862061216131055e-06
2127 2.569202045307523e-06
2128 2.569202045307523e-06
2129 2.569202045307523e-06
2130 2.569202045307523e-06
2131 5.8862061216131055e-06
2132 5.8862061216131055e-06
2133 2.569202045307523e-06
2134 2.569202045307523e-06
2135 2.569202045307523e-06
2136 2.569202045307523e-06
2137 5.8862061216131055e-06
2138 5.8862061216131055e-06
2139 2.569202045307523e-06
2140 2.569202045307523e-06
2141 2.569202045307523e-06
2142 2.569202045307523e-06
2143 5.8862061216131055e-06
2144 2.569202045307523e-06
2145 2.569202045307523e-06
2146 2.569202045307523e-06
2147 2.569202045307523e-06
2148 5.8862061216131055e-06
2149 5.8862061216131055e-06
2150 2.569202045307523e-06
2151 2.569202045307523e-06
2152 2.569202045307523e-06
2153 2.569202045307523e-06
2154 5.8862061216131055e-06
2155 5.8862061216131055e-06
2156 2.569202045307523e-06
2157 2.569202045307523e-06
2158 2.569202045307523e-06
2159 2.569202045307523e-06
2160 5.8862061216131055e-06
2161 5.8862061216131055e-06
2162 2.569202045307523e-06
2163 2.569202045307523e-06
2164 2.569202045307523e-06
2165 2.569202045307523e-06
2166 5.8862061216131055e-06
2167 5.8862061216131055e-06
2168 2.569202045307523e-06
2169 2.569202045307523e-06
2170 2.569202045307523e-06
2171 2.569202045307523e-06
2172 5.8862061216131055e-06
2173 5.8862061216131055e-06
2174 2.569202045307523e-06
2175 2.569202045307523e-06
2176 2.569202045307523e-06
2177 2.569202045307523e-06
2178 5.8862061216131055e-06
2179 5.8862061216131055e-06
2180 2.569202045307523e-06
2181 2.569202045307523e-06
2182 2.569202045307523e-06
2183 2.569202045307523e-06
2184 5.8862061216131055e-06
2185 5.8862061216131055e-06
2186 2.569202045307523e-06
2187 2.569202045307523e-06
2188 2.569202045307523e-06
2189 2.569202045307523e-06
2190 5.8862061216131055e-06
2191 5.8862061216131055e-06
2192 2.569202045307523e-06
2193 2.569202045307523e-06
2194 2.569202045307523e-06
2195 2.569202045307523e-06
2196 5.8862061216131055e-06
2197 5.8862061216131055e-06
2198 2.569202045307523e-06
2199 2.569202045307523e-06
2200 2.569202045307523e-06
2201 2.569202045307523e-06
2202 5.8862061216131055e-06
2203 5.8862061216131055e-06
2204 2.569202045307523e-06
2205 2.569202045307523e-06
2206 2.569202045307523e-06
2207 2.569202045307523e-06
2208 5.8862061216131055e-06
2209 5.8862061216131055e-06
2210 2.569202045307523e-06
2211 2.569202045307523e-06
2212 2.569202045307523e-06
2213 2.569202045307523e-06
2214 5.8862061216131055e-06
2215 2.569202045307523e-06
2216 2.569202045307523e-06
2217 2.569202045307523e-06
2218 2.569202045307523e-06
2219 5.8862061216131055e-06
2220 5.8862061216131055e-06
2221 2.569202045307523e-06
2222 2.569202045307523e-06
2223 2.569202045307523e-06
2224 2.569202045307523e-06
2225 5.8862061216131055e-06
2226 5.8862061216131055e-06
2227 2.569202045307523e-06
2228 2.569202045307523e-06
2229 2.569202045307523e-06
2230 2.569202045307523e-06
2231 5.8862061216131055e-06
2232 5.8862061216131055e-06
2233 2.569202045307523e-06
2234 2.569202045307523e-06
2235 2.569202045307523e-06
2236 2.569202045307523e-06
2237 5.8862061216131055e-06
2238 5.8862061216131055e-06
2239 2.569202045307523e-06
2240 2.569202045307523e-06
2241 2.569202045307523e-06
2242 2.569202045307523e-06
2243 5.8862061216131055e-06
2244 5.8862061216131055e-06
2245 2.569202045307523e-06
2246 2.569202045307523e-06
2247 2.569202045307523e-06
2248 2.569202045307523e-06
2249 5.8862061216131055e-06
2250 5.8862061216131055e-06
2251 2.569202045307523e-06
2252 2.569202045307523e-06
2253 2.569202045307523e-06
2254 2.569202045307523e-06
2255 5.8862061216131055e-06
2256 5.8862061216131055e-06
2257 2.569202045307523e-06
2258 2.569202045307523e-06
2259 2.569202045307523e-06
2260 2.569202045307523e-06
2261 5.8862061216131055e-06
2262 5.8862061216131055e-06
2263 2.569202045307523e-06
2264 2.569202045307523e-06
2265 2.569202045307523e-06
2266 2.569202045307523e-06
2267 5.8862061216131055e-06
2268 5.8862061216131055e-06
2269 2.569202045307523e-06
2270 2.569202045307523e-06
2271 2.569202045307523e-06
2272 2.569202045307523e-06
2273 5.8862061216131055e-06
2274 5.8862061216131055e-06
2275 2.569202045307523e-06
2276 2.569202045307523e-06
2277 2.569202045307523e-06
2278 2.569202045307523e-06
2279 5.8862061216131055e-06
2280 5.8862061216131055e-06
2281 2.569202045307523e-06
2282 2.569202045307523e-06
2283 2.569202045307523e-06
2284 2.569202045307523e-06
2285 5.8862061216131055e-06
2286 2.569202045307523e-06
2287 2.569202045307523e-06
2288 2.569202045307523e-06
2289 2.569202045307523e-06
2290 5.8862061216131055e-06
2291 5.8862061216131055e-06
2292 2.569202045307523e-06
2293 2.569202045307523e-06
2294 2.569202045307523e-06
2295 2.569202045307523e-06
2296 5.8862061216131055e-06
2297 5.8862061216131055e-06
2298 2.569202045307523e-06
2299 2.569202045307523e-06
2300 2.569202045307523e-06
2301 2.569202045307523e-06
2302 5.8862061216131055e-06
2303 5.8862061216131055e-06
2304 2.569202045307523e-06
2305 2.569202045307523e-06
2306 2.569202045307523e-06
2307 2.569202045307523e-06
2308 5.8862061216131055e-06
2309 5.8862061216131055e-06
2310 2.569202045307523e-06
2311 2.569202045307523e-06
2312 2.569202045307523e-06
2313 2.569202045307523e-06
2314 5.8862061216131055e-06
2315 5.8862061216131055e-06
2316 2.569202045307523e-06
2317 2.569202045307523e-06
2318 2.569202045307523e-06
2319 2.569202045307523e-06
2320 5.8862061216131055e-06
2321 5.8862061216131055e-06
2322 2.569202045307523e-06
2323 2.569202045307523e-06
2324 2.569202045307523e-06
2325 2.569202045307523e-06
2326 5.8862061216131055e-06
2327 5.8862061216131055e-06
2328 2.569202045307523e-06
2329 2.569202045307523e-06
2330 2.569202045307523e-06
2331 2.569202045307523e-06
2332 5.8862061216131055e-06
2333 5.8862061216131055e-06
2334 2.569202045307523e-06
2335 2.569202045307523e-06
2336 2.569202045307523e-06
2337 2.569202045307523e-06
2338 5.8862061216131055e-06
2339 5.8862061216131055e-06
2340 2.569202045307523e-06
2341 2.569202045307523e-06
2342 2.569202045307523e-06
2343 2.569202045307523e-06
2344 5.8862061216131055e-06
2345 5.8862061216131055e-06
2346 2.569202045307523e-06
2347 2.569202045307523e-06
2348 2.569202045307523e-06
2349 2.569202045307523e-06
2350 5.8862061216131055e-06
2351 5.8862061216131055e-06
2352 2.569202045307523e-06
2353 2.569202045307523e-06
2354 2.569202045307523e-06
2355 2.569202045307523e-06
2356 5.8862061216131055e-06
2357 2.569202045307523e-06
2358 2.569202045307523e-06
2359 2.569202045307523e-06
2360 2.569202045307523e-06
2361 5.8862061216131055e-06
2362 5.8862061216131055e-06
2363 2.569202045307523e-06
2364 2.569202045307523e-06
2365 2.569202045307523e-06
2366 2.569202045307523e-06
2367 5.8862061216131055e-06
2368 5.8862061216131055e-06
2369 2.569202045307523e-06
2370 2.569202045307523e-06
2371 2.569202045307523e-06
2372 2.569202045307523e-06
2373 5.8862061216131055e-06
2374 5.8862061216131055e-06
2375 2.569202045307523e-06
2376 2.569202045307523e-06
2377 2.569202045307523e-06
2378 2.569202045307523e-06
2379 5.8862061216131055e-06
2380 5.8862061216131055e-06
2381 2.569202045307523e-06
2382 2.569202045307523e-06
2383 2.569202045307523e-06
2384 2.569202045307523e-06
2385 5.8862061216131055e-06
2386 5.8862061216131055e-06
2387 2.569202045307523e-06
2388 2.569202045307523e-06
2389 2.569202045307523e-06
2390 2.569202045307523e-06
2391 5.8862061216131055e-06
2392 5.8862061216131055e-06
2393 2.569202045307523e-06
2394 2.569202045307523e-06
2395 2.569202045307523e-06
2396 2.569202045307523e-06
2397 5.8862061216131055e-06
2398 5.8862061216131055e-06
2399 2.569202045307523e-06
2400 2.569202045307523e-06
2401 2.569202045307523e-06
2402 2.569202045307523e-06
2403 5.8862061216131055e-06
2404 5.8862061216131055e-06
2405 2.569202045307523e-06
2406 2.569202045307523e-06
2407 2.569202045307523e-06
2408 2.569202045307523e-06
2409 5.8862061216131055e-06
2410 5.8862061216131055e-06
2411 2.569202045307523e-06
2412 2.569202045307523e-06
2413 2.569202045307523e-06
2414 2.569202045307523e-06
2415 5.8862061216131055e-06
2416 5.8862061216131055e-06
2417 2.569202045307523e-06
2418 2.569202045307523e-06
2419 2.569202045307523e-06
2420 2.569202045307523e-06
2421 5.8862061216131055e-06
2422 5.8862061216131055e-06
2423 2.569202045307523e-06
2424 2.569202045307523e-06
2425 2.569202045307523e-06
2426 2.569202045307523e-06
2427 5.8862061216131055e-06
2428 2.569202045307523e-06
2429 2.569202045307523e-06
2430 2.569202045307523e-06
2431 2.569202045307523e-06
2432 5.8862061216131055e-06
2433 5.8862061216131055e-06
2434 2.569202045307523e-06
2435 2.569202045307523e-06
2436 2.569202045307523e-06
2437 2.569202045307523e-06
2438 5.8862061216131055e-06
2439 5.8862061216131055e-06
2440 2.569202045307523e-06
2441 2.569202045307523e-06
2442 2.569202045307523e-06
2443 2.569202045307523e-06
2444 5.8862061216131055e-06
2445 5.8862061216131055e-06
2446 2.569202045307523e-06
2447 2.569202045307523e-06
2448 2.569202045307523e-06
2449 2.569202045307523e-06
2450 5.8862061216131055e-06
2451 5.8862061216131055e-06
2452 2.569202045307523e-06
2453 2.569202045307523e-06
2454 2.569202045307523e-06
2455 2.569202045307523e-06
2456 5.8862061216131055e-06
2457 5.8862061216131055e-06
2458 2.569202045307523e-06
2459 2.569202045307523e-06
2460 2.569202045307523e-06
2461 2.569202045307523e-06
2462 5.8862061216131055e-06
2463 5.8862061216131055e-06
2464 2.569202045307523e-06
2465 2.569202045307523e-06
2466 2.569202045307523e-06
2467 2.569202045307523e-06
2468 5.8862061216131055e-06
2469 5.8862061216131055e-06
2470 2.569202045307523e-06
2471 2.569202045307523e-06
2472 2.569202045307523e-06
2473 2.569202045307523e-06
2474 5.8862061216131055e-06
2475 5.8862061216131055e-06
2476 2.569202045307523e-06
2477 2.569202045307523e-06
2478 2.569202045307523e-06
2479 2.569202045307523e-06
2480 5.8862061216131055e-06
2481 5.8862061216131055e-06
2482 2.569202045307523e-06
2483 2.569202045307523e-06
2484 2.569202045307523e-06
2485 2.569202045307523e-06
2486 5.8862061216131055e-06
2487 5.8862061216131055e-06
2488 2.569202045307523e-06
2489 2.569202045307523e-06
2490 2.569202045307523e-06
2491 2.569202045307523e-06
2492 5.8862061216131055e-06
2493 5.8862061216131055e-06
2494 2.569202045307523e-06
2495 2.569202045307523e-06
2496 2.569202045307523e-06
2497 2.569202045307523e-06
2498 5.8862061216131055e-06
2499 2.569202045307523e-06
2500 2.569202045307523e-06
2501 2.569202045307523e-06
2502 2.569202045307523e-06
2503 5.8862061216131055e-06
2504 5.8862061216131055e-06
2505 2.569202045307523e-06
2506 2.569202045307523e-06
2507 2.569202045307523e-06
2508 2.569202045307523e-06
2509 5.8862061216131055e-06
2510 5.8862061216131055e-06
2511 2.569202045307523e-06
2512 2.569202045307523e-06
2513 2.569202045307523e-06
2514 2.569202045307523e-06
2515 5.8862061216131055e-06
2516 5.8862061216131055e-06
2517 2.569202045307523e-06
2518 2.569202045307523e-06
2519 2.569202045307523e-06
2520 2.569202045307523e-06
2521 5.8862061216131055e-06
2522 5.8862061216131055e-06
2523 2.569202045307523e-06
2524 2.569202045307523e-06
2525 2.569202045307523e-06
2526 2.569202045307523e-06
2527 5.8862061216131055e-06
2528 5.8862061216131055e-06
2529 2.569202045307523e-06
2530 2.569202045307523e-06
2531 2.569202045307523e-06
2532 2.569202045307523e-06
2533 5.8862061216131055e-06
2534 5.8862061216131055e-06
2535 2.569202045307523e-06
2536 2.569202045307523e-06
2537 2.569202045307523e-06
2538 2.569202045307523e-06
2539 5.8862061216131055e-06
2540 5.8862061216131055e-06
2541 2.569202045307523e-06
2542 2.569202045307523e-06
2543 2.569202045307523e-06
2544 2.569202045307523e-06
2545 5.8862061216131055e-06
2546 5.8862061216131055e-06
2547 2.569202045307523e-06
2548 2.569202045307523e-06
2549 2.569202045307523e-06
2550 2.569202045307523e-06
2551 5.8862061216131055e-06
2552 5.8862061216131055e-06
2553 2.569202045307523e-06
2554 2.569202045307523e-06
2555 2.569202045307523e-06
2556 2.569202045307523e-06
2557 5.8862061216131055e-06
2558 5.8862061216131055e-06
2559 2.569202045307523e-06
2560 2.569202045307523e-06
2561 2.569202045307523e-06
2562 2.569202045307523e-06
2563 5.8862061216131055e-06
2564 5.8862061216131055e-06
2565 2.569202045307523e-06
2566 2.569202045307523e-06
2567 2.569202045307523e-06
2568 2.569202045307523e-06
2569 5.8862061216131055e-06
2570 2.569202045307523e-06
2571 2.569202045307523e-06
2572 2.569202045307523e-06
2573 2.569202045307523e-06
2574 5.8862061216131055e-06
2575 5.8862061216131055e-06
2576 2.569202045307523e-06
2577 2.569202045307523e-06
2578 2.569202045307523e-06
2579 2.569202045307523e-06
2580 5.8862061216131055e-06
2581 5.8862061216131055e-06
2582 2.569202045307523e-06
2583 2.569202045307523e-06
2584 2.569202045307523e-06
2585 2.569202045307523e-06
2586 5.8862061216131055e-06
2587 5.8862061216131055e-06
2588 2.569202045307523e-06
2589 2.569202045307523e-06
2590 2.569202045307523e-06
2591 2.569202045307523e-06
2592 5.8862061216131055e-06
2593 5.8862061216131055e-06
2594 2.569202045307523e-06
2595 2.569202045307523e-06
2596 2.569202045307523e-06
2597 2.569202045307523e-06
2598 5.8862061216131055e-06
2599 5.8862061216131055e-06
2600 2.569202045307523e-06
2601 2.569202045307523e-06
2602 2.569202045307523e-06
2603 2.569202045307523e-06
2604 5.8862061216131055e-06
2605 5.8862061216131055e-06
2606 2.569202045307523e-06
2607 2.569202045307523e-06
2608 2.569202045307523e-06
2609 2.569202045307523e-06
2610 5.8862061216131055e-06
2611 5.8862061216131055e-06
2612 2.569202045307523e-06
2613 2.569202045307523e-06
2614 2.569202045307523e-06
2615 2.569202045307523e-06
2616 5.8862061216131055e-06
2617 5.8862061216131055e-06
2618 2.569202045307523e-06
2619 2.569202045307523e-06
2620 2.569202045307523e-06
2621 2.569202045307523e-06
2622 5.8862061216131055e-06
2623 5.8862061216131055e-06
2624 2.569202045307523e-06
2625 2.569202045307523e-06
2626 2.569202045307523e-06
2627 2.569202045307523e-06
2628 5.8862061216131055e-06
2629 5.8862061216131055e-06
2630 2.569202045307523e-06
2631 2.569202045307523e-06
2632 2.569202045307523e-06
2633 2.569202045307523e-06
2634 5.8862061216131055e-06
2635 5.8862061216131055e-06
2636 2.569202045307523e-06
2637 2.569202045307523e-06
2638 2.569202045307523e-06
2639 2.569202045307523e-06
2640 5.8862061216131055e-06
2641 2.569202045307523e-06
2642 2.569202045307523e-06
2643 2.569202045307523e-06
2644 2.569202045307523e-06
2645 5.8862061216131055e-06
2646 5.8862061216131055e-06
2647 2.569202045307523e-06
2648 2.569202045307523e-06
2649 2.569202045307523e-06
2650 2.569202045307523e-06
2651 5.8862061216131055e-06
2652 5.8862061216131055e-06
2653 2.569202045307523e-06
2654 2.569202045307523e-06
2655 2.569202045307523e-06
2656 2.569202045307523e-06
2657 5.8862061216131055e-06
2658 5.8862061216131055e-06
2659 2.569202045307523e-06
2660 2.569202045307523e-06
2661 2.569202045307523e-06
2662 2.569202045307523e-06
2663 5.8862061216131055e-06
2664 5.8862061216131055e-06
2665 2.569202045307523e-06
2666 2.569202045307523e-06
2667 2.569202045307523e-06
2668 2.569202045307523e-06
2669 5.8862061216131055e-06
2670 5.8862061216131055e-06
2671 2.569202045307523e-06
2672 2.569202045307523e-06
2673 2.569202045307523e-06
2674 2.569202045307523e-06
2675 5.8862061216131055e-06
2676 5.8862061216131055e-06
2677 2.569202045307523e-06
2678 2.569202045307523e-06
2679 2.569202045307523e-06
2680 2.569202045307523e-06
2681 5.8862061216131055e-06
2682 5.8862061216131055e-06
2683 2.569202045307523e-06
2684 2.569202045307523e-06
2685 2.569202045307523e-06
2686 2.569202045307523e-06
2687 5.8862061216131055e-06
2688 5.8862061216131055e-06
2689 2.569202045307523e-06
2690 2.569202045307523e-06
2691 2.569202045307523e-06
2692 2.569202045307523e-06
2693 5.8862061216131055e-06
2694 5.8862061216131055e-06
2695 2.569202045307523e-06
2696 2.569202045307523e-06
2697 2.569202045307523e-06
2698 2.569202045307523e-06
2699 5.8862061216131055e-06
2700 5.8862061216131055e-06
2701 2.569202045307523e-06
2702 2.569202045307523e-06
2703 2.569202045307523e-06
2704 2.569202045307523e-06
2705 5.8862061216131055e-06
2706 5.8862061216131055e-06
2707 2.569202045307523e-06
2708 2.569202045307523e-06
2709 2.569202045307523e-06
2710 2.569202045307523e-06
2711 5.8862061216131055e-06
2712 2.569202045307523e-06
2713 2.569202045307523e-06
2714 2.569202045307523e-06
2715 2.569202045307523e-06
2716 5.8862061216131055e-06
2717 5.8862061216131055e-06
2718 2.569202045307523e-06
2719 2.569202045307523e-06
2720 2.569202045307523e-06
2721 2.569202045307523e-06
2722 5.8862061216131055e-06
2723 5.8862061216131055e-06
2724 2.569202045307523e-06
2725 2.569202045307523e-06
2726 2.569202045307523e-06
2727 2.569202045307523e-06
2728 5.8862061216131055e-06
2729 5.8862061216131055e-06
2730 2.569202045307523e-06
2731 2.569202045307523e-06
2732 2.569202045307523e-06
2733 2.569202045307523e-06
2734 5.8862061216131055e-06
2735 5.8862061216131055e-06
2736 2.569202045307523e-06
2737 2.569202045307523e-06
2738 2.569202045307523e-06
2739 2.569202045307523e-06
2740 5.8862061216131055e-06
2741 5.8862061216131055e-06
2742 2.569202045307523e-06
2743 2.569202045307523e-06
2744 2.569202045307523e-06
2745 2.569202045307523e-06
2746 5.8862061216131055e-06
2747 5.8862061216131055e-06
2748 2.569202045307523e-06
2749 2.569202045307523e-06
2750 2.569202045307523e-06
2751 2.569202045307523e-06
2752 5.8862061216131055e-06
2753 5.8862061216131055e-06
2754 2.569202045307523e-06
2755 2.569202045307523e-06
2756 2.569202045307523e-06
2757 2.569202045307523e-06
2758 5.8862061216131055e-06
2759 5.8862061216131055e-06
2760 2.569202045307523e-06
2761 2.569202045307523e-06
2762 2.569202045307523e-06
2763 2.569202045307523e-06
2764 5.8862061216131055e-06
2765 5.8862061216131055e-06
2766 2.569202045307523e-06
2767 2.569202045307523e-06
2768 2.569202045307523e-06
2769 2.569202045307523e-06
2770 5.8862061216131055e-06
2771 5.8862061216131055e-06
2772 2.569202045307523e-06
2773 2.569202045307523e-06
2774 2.569202045307523e-06
2775 2.569202045307523e-06
2776 5.8862061216131055e-06
2777 5.8862061216131055e-06
2778 2.569202045307523e-06
2779 2.569202045307523e-06
2780 2.569202045307523e-06
2781 2.569202045307523e-06
2782 5.8862061216131055e-06
2783 2.569202045307523e-06
2784 2.569202045307523e-06
2785 2.569202045307523e-06
2786 2.569202045307523e-06
2787 5.8862061216131055e-06
2788 5.8862061216131055e-06
2789 2.569202045307523e-06
2790 2.569202045307523e-06
2791 2.569202045307523e-06
2792 2.569202045307523e-06
2793 5.8862061216131055e-06
2794 5.8862061216131055e-06
2795 2.569202045307523e-06
2796 2.569202045307523e-06
2797 2.569202045307523e-06
2798 2.569202045307523e-06
2799 5.8862061216131055e-06
2800 5.8862061216131055e-06
2801 2.569202045307523e-06
2802 2.569202045307523e-06
2803 2.569202045307523e-06
2804 2.569202045307523e-06
2805 5.8862061216131055e-06
2806 5.8862061216131055e-06
2807 2.569202045307523e-06
2808 2.569202045307523e-06
2809 2.569202045307523e-06
2810 2.569202045307523e-06
2811 5.8862061216131055e-06
2812 5.8862061216131055e-06
2813 2.569202045307523e-06
2814 2.569202045307523e-06
2815 2.569202045307523e-06
2816 2.569202045307523e-06
2817 5.8862061216131055e-06
2818 5.8862061216131055e-06
2819 2.569202045307523e-06
2820 2.569202045307523e-06
2821 2.569202045307523e-06
2822 2.569202045307523e-06
2823 5.8862061216131055e-06
2824 5.8862061216131055e-06
2825 2.569202045307523e-06
2826 2.569202045307523e-06
2827 2.569202045307523e-06
2828 2.569202045307523e-06
2829 5.8862061216131055e-06
2830 5.8862061216131055e-06
2831 2.569202045307523e-06
2832 2.569202045307523e-06
2833 2.569202045307523e-06
2834 2.569202045307523e-06
2835 5.8862061216131055e-06
2836 5.8862061216131055e-06
2837 2.569202045307523e-06
2838 2.569202045307523e-06
2839 2.569202045307523e-06
2840 2.569202045307523e-06
2841 5.8862061216131055e-06
2842 5.8862061216131055e-06
2843 2.569202045307523e-06
2844 2.569202045307523e-06
2845 2.569202045307523e-06
2846 2.569202045307523e-06
2847 5.8862061216131055e-06
2848 5.8862061216131055e-06
2849 2.569202045307523e-06
2850 2.569202045307523e-06
2851 2.569202045307523e-06
2852 2.569202045307523e-06
2853 5.8862061216131055e-06
2854 2.569202045307523e-06
2855 2.569202045307523e-06
2856 2.569202045307523e-06
2857 2.569202045307523e-06
2858 5.8862061216131055e-06
2859 2.569202045307523e-06
2860 2.569202045307523e-06
2861 2.569202045307523e-06
2862 2.569202045307523e-06
2863 5.8862061216131055e-06
2864 2.569202045307523e-06
2865 2.569202045307523e-06
2866 2.569202045307523e-06
2867 2.569202045307523e-06
2868 5.8862061216131055e-06
2869 2.569202045307523e-06
2870 2.569202045307523e-06
2871 2.569202045307523e-06
2872 2.569202045307523e-06
2873 5.8862061216131055e-06
2874 2.569202045307523e-06
2875 2.569202045307523e-06
2876 2.569202045307523e-06
2877 2.569202045307523e-06
2878 5.8862061216131055e-06
2879 2.569202045307523e-06
2880 2.569202045307523e-06
2881 2.569202045307523e-06
2882 2.569202045307523e-06
2883 5.8862061216131055e-06
2884 2.569202045307523e-06
2885 2.569202045307523e-06
2886 2.569202045307523e-06
2887 2.569202045307523e-06
2888 5.8862061216131055e-06
2889 2.569202045307523e-06
2890 2.569202045307523e-06
2891 2.569202045307523e-06
2892 2.569202045307523e-06
2893 5.8862061216131055e-06
2894 2.569202045307523e-06
2895 2.569202045307523e-06
2896 2.569202045307523e-06
2897 2.569202045307523e-06
2898 5.8862061216131055e-06
2899 2.569202045307523e-06
2900 2.569202045307523e-06
2901 2.569202045307523e-06
2902 2.569202045307523e-06
2903 5.8862061216131055e-06
2904 2.569202045307523e-06
2905 2.569202045307523e-06
2906 2.569202045307523e-06
2907 2.569202045307523e-06
2908 5.8862061216131055e-06
2909 2.569202045307523e-06
2910 2.569202045307523e-06
2911 2.569202045307523e-06
2912 2.569202045307523e-06
2913 2.569202045307523e-06
2914 2.569202045307523e-06
2915 2.569202045307523e-06
2916 2.569202045307523e-06
2917 0.00010819043255618277
2918 0.00014846529625485306
2919 0.00010819043255618277
2920 0.00014846529625485306
2921 0.00010819043255618277
2922 0.00014846529625485306
2923 0.00010819043255618277
2924 0.00014846529625485306
2925 0.00010819043255618277
2926 0.00014846529625485306
2927 0.00010819043255618277
2928 0.00014846529625485306
2929 0.00010819043255618277
2930 0.00014846529625485306
2931 0.00010819043255618277
2932 0.00014846529625485306
2933 0.00010819043255618277
2934 0.00014846529625485306
2935 0.00010819043255618277
2936 0.00014846529625485306
2937 0.00010819043255618277
2938 0.00014846529625485306
2939 0.00010819043255618277
2940 0.00014846529625485306
2941 0.00010819043255618277
2942 0.00014846529625485306
2943 0.00010819043255618277
2944 0.00014846529625485306
2945 0.00010819043255618277
2946 0.00014846529625485306
2947 0.00010819043255618277
2948 0.00014846529625485306
2949 0.00010819043255618277
2950 0.00014846529625485306
2951 0.00010819043255618277
2952 0.00014846529625485306
2953 0.00010819043255618277
2954 0.00014846529625485306
2955 0.00010819043255618277
2956 0.00014846529625485306
2957 0.00010819043255618277
2958 0.00014846529625485306
2959 0.00010819043255618277
2960 0.00014846529625485306
2961 0.00010819043255618277
2962 0.00014846529625485306
2963 0.00010819043255618277
2964 0.00014846529625485306
2965 0.00010819043255618277
2966 0.00014846529625485306
2967 0.00010819043255618277
2968 0.00014846529625485306
2969 0.00010819043255618277
2970 0.00014846529625485306
2971 0.00010819043255618277
2972 0.00014846529625485306
2973 0.00010819043255618277
2974 0.00014846529625485306
2975 0.00010819043255618277
2976 0.00014846529625485306
2977 0.00010819043255618277
2978 0.00014846529625485306
2979 0.00010819043255618277
2980 0.00014846529625485306
2981 0.00010819043255618277
2982 0.00014846529625485306
2983 0.00010819043255618277
2984 0.00014846529625485306
2985 0.00010819043255618277
2986 0.00014846529625485306
2987 0.00010819043255618277
2988 0.00014846529625485306
2989 0.00010819043255618277
2990 0.00014846529625485306
2991 0.00010819043255618277
2992 0.00014846529625485306
2993 0.00010819043255618277
2994 0.00014846529625485306
2995 0.00010819043255618277
2996 0.00014846529625485306
2997 0.00010819043255618277
2998 0.00014846529625485306
2999 0.00010819043255618277
3000 0.00014846529625485306
3001 0.00010819043255618277
3002 0.00014846529625485306
3003 0.00010819043255618277
3004 0.00014846529625485306
3005 0.00010819043255618277
3006 0.00014846529625485306
3007 0.00010819043255618277
3008 0.00014846529625485306
3009 0.00010819043255618277
3010 0.00014846529625485306
3011 0.00010819043255618277
3012 0.00014846529625485306
3013 0.00010819043255618277
3014 0.00014846529625485306
3015 0.00010819043255618277
3016 0.00014846529625485306
3017 0.00010819043255618277
3018 0.00014846529625485306
3019 0.00010819043255618277
3020 0.00014846529625485306
3021 0.00010819043255618277
3022 0.00014846529625485306
3023 0.00010819043255618277
3024 0.00014846529625485306
3025 0.00010819043255618277
3026 0.00014846529625485306
3027 0.00010819043255618277
3028 0.00014846529625485306
3029 0.00010819043255618277
3030 0.00014846529625485306
3031 0.00010819043255618277
3032 0.00014846529625485306
3033 0.00010819043255618277
3034 0.00014846529625485306
3035 0.00010819043255618277
3036 0.00014846529625485306
3037 0.00010819043255618277
3038 0.00014846529625485306
3039 0.00010819043255618277
3040 0.00014846529625485306
3041 0.00010819043255618277
3042 0.00014846529625485306
3043 0.00010819043255618277
3044 0.00014846529625485306
3045 0.00010819043255618277
3046 0.00014846529625485306
3047 0.00010819043255618277
3048 0.00014846529625485306
3049 0.00010819043255618277
3050 0.00014846529625485306
3051 0.00010819043255618277
3052 0.00014846529625485306
3053 0.00010819043255618277
3054 0.00014846529625485306
3055 0.00010819043255618277
3056 0.00014846529625485306
3057 0.00010819043255618277
3058 0.00014846529625485306
3059 0.00010819043255618277
3060 0.00014846529625485306
3061 0.00010819043255618277
3062 0.00014846529625485306
3063 0.00010819043255618277
3064 0.00014846529625485306
3065 0.00010819043255618277
3066 0.00014846529625485306
3067 0.00010819043255618277
3068 0.00014846529625485306
3069 0.00010819043255618277
3070 0.00014846529625485306
3071 0.00010819043255618277
3072 0.00014846529625485306
3073 0.00010819043255618277
3074 0.00014846529625485306
3075 0.00010819043255618277
3076 0.00014846529625485306
3077 0.00010819043255618277
3078 0.00014846529625485306
3079 0.00010819043255618277
3080 0.00014846529625485306
3081 0.00010819043255618277
3082 0.00014846529625485306
3083 0.00010819043255618277
3084 0.00014846529625485306
3085 0.00010819043255618277
3086 0.00014846529625485306
3087 0.00010819043255618277
3088 0.00014846529625485306
3089 0.00010819043255618277
3090 0.00014846529625485306
3091 0.00010819043255618277
3092 0.00014846529625485306
3093 0.00010819043255618277
3094 0.00014846529625485306
3095 0.00010819043255618277
3096 0.00014846529625485306
3097 0.00010819043255618277
3098 0.00014846529625485306
$EndElementData
$ElementData
1
"Attribute:SecondMomentZ"
1
0
3
0
1
3098
1 0.001710411108759916
2 0.001710411108759916
3 0.001710411108759916
4 0.001710411108759916
5 0.001710411108759916
6 0.001710411108759916
7 0.001710411108759916
8 0.001710411108759916
9 0.001710411108759916
10 0.001710411108759916
11 0.001710411108759916
12 0.001710411108759916
13 0.001710411108759916
14 0.001710411108759916
15 0.001710411108759916
16 0.001710411108759916
17 0.001710411108759916
18 0.001710411108759916
19 0.001710411108759916
20 0.001710411108759916
21 0.001710411108759916
22 0.001710411108759916
23 0.001710411108759916
24 0.001710411108759916
25 0.0010717578839987893
26 0.0010717578839987893
27 0.0010717578839987893
28 0.0010717578839987893
29 0.0010717578839987893
30 0.0010717578839987893
31 0.0010717578839987893
32 0.0010717578839987893
33 0.0010717578839987893
34 0.0010717578839987893
35 0.0010717578839987893
36 0.0010717578839987893
37 0.0010717578839987893
38 0.0010717578839987893
39 0.0010717578839987893
40 0.0010717578839987893
41 0.0010717578839987893
42 0.0010717578839987893
43 0.0010717578839987893
44 0.0010717578839987893
45 0.0010717578839987893
46 0.0010717578839987893
47 0.0010717578839987893
48 0.0010717578839987893
49 0.001710411108759916
50 0.001710411108759916
51 0.001710411108759916
52 0.001710411108759916
53 0.001710411108759916
54 0.001710411108759916
55 0.001710411108759916
56 0.001710411108759916
57 0.001710411108759916
58 0.001710411108759916
59 0.001710411108759916
60 0.001710411108759916
61 0.001710411108759916
62 0.001710411108759916
63 0.001710411108759916
64 0.001710411108759916
65 0.001710411108759916
66 0.001710411108759916
67 0.001710411108759916
68 0.001710411108759916
69 0.001710411108759916
70 0.001710411108759916
71 0.001710411108759916
72 0.001710411108759916
73 0.0010717578839987893
74 0.0010717578839987893
75 0.0010717578839987893
76 0.0010717578839987893
77 0.0010717578839987893
78 0.0010717578839987893
79 0.0010717578839987893
80 0.0010717578839987893
81 0.0010717578839987893
82 0.0010717578839987893
83 0.0010717578839987893
84 0.0010717578839987893
85 0.0010717578839987893
86 0.0010717578839987893
87 0.0010717578839987893
88 0.0010717578839987893
89 0.0010717578839987893
90 0.0010717578839987893
91 0.0010717578839987893
92 0.0010717578839987893
93 0.0010717578839987893
94 0.0010717578839987893
95 0.0010717578839987893
96 0.0010717578839987893
97 0.001710411108759916
98 0.001710411108759916
99 0.001710411108759916
100 0.001710411108759916
101 0.001710411108759916
102 0.001710411108759916
103 0.001710411108759916
104 0.001710411108759916
105 0.001710411108759916
106 0.001710411108759916
107 0.001710411108759916
108 0.001710411108759916
109 0.001710411108759916
110 0.001710411108759916
111 0.001710411108759916
112 0.001710411108759916
113 0.001710411108759916
114 0.001710411108759916
115 0.001710411108759916
116 0.001710411108759916
117 0.001710411108759916
118 0.001710411108759916
119 0.001710411108759916
120 0.001710411108759916
121 0.0010717578839987893
122 0.0010717578839987893
123 0.0010717578839987893
124 0.0010717578839987893
125 0.0010717578839987893
126 0.0010717578839987893
127 0.0010717578839987893
128 0.0010717578839987893
129 0.0010717578839987893
130 0.0010717578839987893
131 0.0010717578839987893
132 0.0010717578839987893
133 0.0010717578839987893
134 0.0010717578839987893
135 0.0010717578839987893
136 0.0010717578839987893
137 0.0010717578839987893
138 0.0010717578839987893
139 0.0010717578839987893
140 0.0010717578839987893
141 0.0010717578839987893
142 0.0010717578839987893
143 0.0010717578839987893
144 0.0010717578839987893
145 0.001710411108759916
146 0.001710411108759916
147 0.001710411108759916
148 0.001710411108759916
149 0.001710411108759916
150 0.001710411108759916
151 0.001710411108759916
152 0.001710411108759916
153 0.001710411108759916
154 0.001710411108759916
155 0.001710411108759916
156 0.001710411108759916
157 0.001710411108759916
158 0.001710411108759916
159 0.001710411108759916
160 0.001710411108759916
161 0.001710411108759916
162 0.001710411108759916
163 0.001710411108759916
164 0.001710411108759916
165 0.001710411108759916
166 0.001710411108759916
167 0.001710411108759916
168 0.001710411108759916
169 0.0010717578839987893
170 0.0010717578839987893
171 0.0010717578839987893
172 0.0010717578839987893
173 0.0010717578839987893
174 0.0010717578839987893
175 0.0010717578839987893
176 0.0010717578839987893
177 0.0010717578839987893
178 0.0010717578839987893
179 0.0010717578839987893
180 0.0010717578839987893
181 0.0010717578839987893
182 0.0010717578839987893
183 0.0010717578839987893
184 0.0010717578839987893
185 0.0010717578839987893
186 0.0010717578839987893
187 0.0010717578839987893
188 0.0010717578839987893
189 0.0010717578839987893
190 0.0010717578839987893
191 0.0010717578839987893
192 0.0010717578839987893
193 0.001710411108759916
194 0.001710411108759916
195 0.001710411108759916
196 0.001710411108759916
197 0.001710411108759916
198 0.001710411108759916
199 0.001710411108759916
200 0.001710411108759916
201 0.001710411108759916
202 0.001710411108759916
203 0.001710411108759916
204 0.001710411108759916
205 0.001710411108759916
206 0.001710411108759916
207 0.001710411108759916
208 0.001710411108759916
209 0.001710411108759916
210 0.001710411108759916
211 0.001710411108759916
212 0.001710411108759916
213 0.001710411108759916
214 0.001710411108759916
215 0.001710411108759916
216 0.001710411108759916
217 0.0010717578839987893
218 0.0010717578839987893
219 0.0010717578839987893
220 0.0010717578839987893
221 0.0010717578839987893
222 0.0010717578839987893
223 0.0010717578839987893
224 0.0010717578839987893
225 0.0010717578839987893
226 0.0010717578839987893
227 0.0010717578839987893
228 0.0010717578839987893
229 0.0010717578839987893
230 0.0010717578839987893
231 0.0010717578839987893
232 0.0010717578839987893
233 0.0010717578839987893
234 0.0010717578839987893
235 0.0010717578839987893
236 0.0010717578839987893
237 0.0010717578839987893
238 0.0010717578839987893
239 0.0010717578839987893
240 0.0010717578839987893
241 0.001710411108759916
242 0.001710411108759916
243 0.001710411108759916
244 0.001710411108759916
245 0.001710411108759916
246 0.001710411108759916
247 0.001710411108759916
248 0.001710411108759916
249 0.001710411108759916
250 0.001710411108759916
251 0.001710411108759916
252 0.001710411108759916
253 0.001710411108759916
254 0.001710411108759916
255 0.001710411108759916
256 0.001710411108759916
257 0.001710411108759916
258 0.001710411108759916
259 0.001710411108759916
260 0.001710411108759916
261 0.001710411108759916
262 0.001710411108759916
263 0.001710411108759916
264 0.001710411108759916
265 0.0010717578839987893
266 0.0010717578839987893
267 0.0010717578839987893
268 0.0010717578839987893
269 0.0010717578839987893
270 0.0010717578839987893
271 0.0010717578839987893
272 0.0010717578839987893
273 0.0010717578839987893
274 0.0010717578839987893
275 0.0010717578839987893
276 0.0010717578839987893
277 0.0010717578839987893
278 0.0010717578839987893
279 0.0010717578839987893
280 0.0010717578839987893
281 0.0010717578839987893
282 0.0010717578839987893
283 0.0010717578839987893
284 0.0010717578839987893
285 0.0010717578839987893
286 0.0010717578839987893
287 0.0010717578839987893
288 0.0010717578839987893
289 0.001710411108759916
290 0.001710411108759916
291 0.001710411108759916
292 0.001710411108759916
293 0.001710411108759916
294 0.001710411108759916
295 0.001710411108759916
296 0.001710411108759916
297 0.001710411108759916
298 0.001710411108759916
299 0.001710411108759916
300 0.001710411108759916
301 0.001710411108759916
302 0.001710411108759916
303 0.001710411108759916
304 0.001710411108759916
305 0.001710411108759916
306 0.001710411108759916
307 0.001710411108759916
308 0.001710411108759916
309 0.001710411108759916
310 0.001710411108759916
311 0.001710411108759916
312 0.001710411108759916
313 0.001710411108759916
314 0.001710411108759916
315 0.001710411108759916
316 0.001710411108759916
317 0.001710411108759916
318 0.001710411108759916
319 0.001710411108759916
320 0.001710411108759916
321 0.001710411108759916
322 0.001710411108759916
323 0.001710411108759916
324 0.001710411108759916
325 0.0010717578839987893
326 0.0010717578839987893
327 0.0010717578839987893
328 0.0010717578839987893
329 0.0010717578839987893
330 0.0010717578839987893
331 0.0010717578839987893
332 0.0010717578839987893
333 0.0010717578839987893
334 0.0010717578839987893
335 0.0010717578839987893
336 0.0010717578839987893
337 0.001710411108759916
338 0.001710411108759916
339 0.001710411108759916
340 0.001710411108759916
341 0.001710411108759916
342 0.001710411108759916
343 0.001710411108759916
344 0.001710411108759916
345 0.001710411108759916
346 0.001710411108759916
347 0.001710411108759916
348 0.001710411108759916
349 0.0010717578839987893
350 0.0010717578839987893
351 0.0010717578839987893
352 0.0010717578839987893
353 0.0010717578839987893
354 0.0010717578839987893
355 0.0010717578839987893
356 0.0010717578839987893
357 0.0010717578839987893
358 0.0010717578839987893
359 0.0010717578839987893
360 0.0010717578839987893
361 0.001710411108759916
362 0.001710411108759916
363 0.001710411108759916
364 0.001710411108759916
365 0.001710411108759916
366 0.001710411108759916
367 0.001710411108759916
368 0.001710411108759916
369 0.001710411108759916
370 0.001710411108759916
371 0.001710411108759916
372 0.001710411108759916
373 0.0010717578839987893
374 0.0010717578839987893
375 0.0010717578839987893
376 0.0010717578839987893
377 0.0010717578839987893
378 0.0010717578839987893
379 0.0010717578839987893
380 0.0010717578839987893
381 0.0010717578839987893
382 0.0010717578839987893
383 0.0010717578839987893
384 0.0010717578839987893
385 0.001710411108759916
386 0.001710411108759916
387 0.001710411108759916
388 0.001710411108759916
389 0.001710411108759916
390 0.001710411108759916
391 0.001710411108759916
392 0.001710411108759916
393 0.001710411108759916
394 0.001710411108759916
395 0.001710411108759916
396 0.001710411108759916
397 0.0010717578839987893
398 0.0010717578839987893
399 0.0010717578839987893
400 0.0010717578839987893
401 0.0010717578839987893
402 0.0010717578839987893
403 0.0010717578839987893
404 0.0010717578839987893
405 0.0010717578839987893
406 0.0010717578839987893
407 0.0010717578839987893
408 0.0010717578839987893
409 0.001710411108759916
410 0.001710411108759916
411 0.001710411108759916
412 0.001710411108759916
413 0.001710411108759916
414 0.001710411108759916
415 0.001710411108759916
416 0.001710411108759916
417 0.001710411108759916
418 0.001710411108759916
419 0.001710411108759916
420 0.001710411108759916
421 0.0010717578839987893
422 0.0010717578839987893
423 0.0010717578839987893
424 0.0010717578839987893
425 0.0010717578839987893
426 0.0010717578839987893
427 0.0010717578839987893
428 0.0010717578839987893
429 0.0010717578839987893
430 0.0010717578839987893
431 0.0010717578839987893
432 0.0010717578839987893
433 0.001710411108759916
434 0.001710411108759916
435 0.001710411108759916
436 0.001710411108759916
437 0.001710411108759916
438 0.001710411108759916
439 0.001710411108759916
440 0.001710411108759916
441 0.001710411108759916
442 0.001710411108759916
443 0.001710411108759916
444 0.001710411108759916
445 0.0010717578839987893
446 0.0010717578839987893
447 0.0010717578839987893
448 0.0010717578839987893
449 0.0010717578839987893
450 0.0010717578839987893
451 0.0010717578839987893
452 0.0010717578839987893
453 0.0010717578839987893
454 0.0010717578839987893
455 0.0010717578839987893
456 0.0010717578839987893
457 0.001710411108759916
458 0.001710411108759916
459 0.001710411108759916
460 0.001710411108759916
461 0.001710411108759916
462 0.001710411108759916
463 0.001710411108759916
464 0.001710411108759916
465 0.001710411108759916
466 0.001710411108759916
467 0.001710411108759916
468 0.001710411108759916
469 0.0010717578839987893
470 0.0010717578839987893
471 0.0010717578839987893
472 0.0010717578839987893
473 0.0010717578839987893
474 0.0010717578839987893
475 0.0010717578839987893
476 0.0010717578839987893
477 0.0010717578839987893
478 0.0010717578839987893
479 0.0010717578839987893
480 0.0010717578839987893
481 0.001710411108759916
482 0.001710411108759916
483 0.001710411108759916
484 0.001710411108759916
485 0.001710411108759916
486 0.001710411108759916
487 0.001710411108759916
488 0.001710411108759916
489 0.001710411108759916
490 0.001710411108759916
491 0.001710411108759916
492 0.001710411108759916
493 0.0010717578839987893
494 0.0010717578839987893
495 0.0010717578839987893
496 0.0010717578839987893
497 0.0010717578839987893
498 0.0010717578839987893
499 0.0010717578839987893
500 0.0010717578839987893
501 0.0010717578839987893
502 0.0010717578839987893
503 0.0010717578839987893
504 0.0010717578839987893
505 0.001710411108759916
506 0.001710411108759916
507 0.001710411108759916
508 0.001710411108759916
509 0.001710411108759916
510 0.001710411108759916
511 0.001710411108759916
512 0.001710411108759916
513 0.001710411108759916
514 0.001710411108759916
515 0.001710411108759916
516 0.001710411108759916
517 0.0010717578839987893
518 0.0010717578839987893
519 0.0010717578839987893
520 0.0010717578839987893
521 0.0010717578839987893
522 0.0010717578839987893
523 0.0010717578839987893
524 0.0010717578839987893
525 0.0010717578839987893
526 0.0010717578839987893
527 0.0010717578839987893
528 0.0010717578839987893
529 0.001710411108759916
530 0.001710411108759916
531 0.001710411108759916
532 0.001710411108759916
533 0.001710411108759916
534 0.001710411108759916
535 0.001710411108759916
536 0.001710411108759916
537 0.001710411108759916
538 0.001710411108759916
539 0.001710411108759916
540 0.001710411108759916
541 0.0010717578839987893
542 0.0010717578839987893
543 0.0010717578839987893
544 0.0010717578839987893
545 0.0010717578839987893
546 0.0010717578839987893
547 0.0010717578839987893
548 0.0010717578839987893
549 0.0010717578839987893
550 0.0010717578839987893
551 0.0010717578839987893
552 0.0010717578839987893
553 0.001710411108759916
554 0.001710411108759916
555 0.001710411108759916
556 0.001710411108759916
557 0.001710411108759916
558 0.001710411108759916
559 0.001710411108759916
560 0.001710411108759916
561 0.001710411108759916
562 0.001710411108759916
563 0.001710411108759916
564 0.001710411108759916
565 0.0010717578839987893
566 0.0010717578839987893
567 0.0010717578839987893
568 0.0010717578839987893
569 0.0010717578839987893
570 0.0010717578839987893
571 0.0010717578839987893
572 0.0010717578839987893
573 0.0010717578839987893
574 0.0010717578839987893
575 0.0010717578839987893
576 0.0010717578839987893
577 0.001710411108759916
578 0.001710411108759916
579 0.001710411108759916
580 0.001710411108759916
581 0.001710411108759916
582 0.001710411108759916
583 0.001710411108759916
584 0.001710411108759916
585 0.001710411108759916
586 0.001710411108759916
587 0.001710411108759916
588 0.001710411108759916
589 0.0010717578839987893
590 0.0010717578839987893
591 0.0010717578839987893
592 0.0010717578839987893
593 0.0010717578839987893
594 0.0010717578839987893
595 0.0010717578839987893
596 0.0010717578839987893
597 0.0010717578839987893
598 0.0010717578839987893
599 0.0010717578839987893
600 0.0010717578839987893
601 0.001710411108759916
602 0.001710411108759916
603 0.001710411108759916
604 0.001710411108759916
605 0.001710411108759916
606 0.001710411108759916
607 0.001710411108759916
608 0.001710411108759916
609 0.001710411108759916
610 0.001710411108759916
611 0.001710411108759916
612 0.001710411108759916
613 5.8862061216131055e-06
614 5.8862061216131055e-06
615 5.8862061216131055e-06
616 5.8862061216131055e-06
617 5.8862061216131055e-06
618 5.8862061216131055e-06
619 5.8862061216131055e-06
620 5.8862061216131055e-06
621 5.8862061216131055e-06
622 5.8862061216131055e-06
623 5.8862061216131055e-06
624 5.8862061216131055e-06
625 5.8862061216131055e-06
626 5.8862061216131055e-06
627 5.8862061216131055e-06
628 5.8862061216131055e-06
629 5.8862061216131055e-06
630 5.8862061216131055e-06
631 5.8862061216131055e-06
632 5.8862061216131055e-06
633 5.8862061216131055e-06
634 5.8862061216131055e-06
635 5.8862061216131055e-06
636 5.8862061216131055e-06
637 5.8862061216131055e-06
638 5.8862061216131055e-06
639 5.8862061216131055e-06
640 5.8862061216131055e-06
641 5.8862061216131055e-06
642 5.8862061216131055e-06
643 5.8862061216131055e-06
644 5.8862061216131055e-06
645 5.8862061216131055e-06
646 5.8862061216131055e-06
647 5.8862061216131055e-06
648 5.8862061216131055e-06
649 5.8862061216131055e-06
650 5.8862061216131055e-06
651 5.8862061216131055e-06
652 5.8862061216131055e-06
653 5.8862061216131055e-06
654 5.8862061216131055e-06
655 5.8862061216131055e-06
656 5.8862061216131055e-06
657 5.8862061216131055e-06
658 5.8862061216131055e-06
659 5.8862061216131055e-06
660 5.8862061216131055e-06
661 5.8862061216131055e-06
662 5.8862061216131055e-06
663 5.8862061216131055e-06
664 5.8862061216131055e-06
665 5.8862061216131055e-06
666 5.8862061216131055e-06
667 5.8862061216131055e-06
668 5.8862061216131055e-06
669 5.8862061216131055e-06
670 5.8862061216131055e-06
671 5.8862061216131055e-06
672 5.8862061216131055e-06
673 5.8862061216131055e-06
674 5.8862061216131055e-06
675 5.8862061216131055e-06
676 5.8862061216131055e-06
677 5.8862061216131055e-06
678 5.8862061216131055e-06
679 5.8862061216131055e-06
680 5.8862061216131055e-06
681 5.8862061216131055e-06
682 5.8862061216131055e-06
683 5.8862061216131055e-06
684 5.8862061216131055e-06
685 5.8862061216131055e-06
686 5.8862061216131055e-06
687 5.8862061216131055e-06
688 5.8862061216131055e-06
689 5.8862061216131055e-06
690 5.8862061216131055e-06
691 5.8862061216131055e-06
692 5.8862061216131055e-06
693 5.8862061216131055e-06
694 5.8862061216131055e-06
695 5.8862061216131055e-06
696 5.8862061216131055e-06
697 5.8862061216131055e-06
698 5.8862061216131055e-06
699 5.8862061216131055e-06
700 5.8862061216131055e-06
701 5.8862061216131055e-06
702 5.8862061216131055e-06
703 5.8862061216131055e-06
704 5.8862061216131055e-06
705 5.8862061216131055e-06
706 5.8862061216131055e-06
707 5.8862061216131055e-06
708 5.8862061216131055e-06
709 5.8862061216131055e-06
710 5.8862061216131055e-06
711 5.8862061216131055e-06
712 5.8862061216131055e-06
713 5.8862061216131055e-06
714 5.8862061216131055e-06
715 5.8862061216131055e-06
716 5.8862061216131055e-06
717 5.8862061216131055e-06
718 5.8862061216131055e-06
719 5.8862061216131055e-06
720 5.8862061216131055e-06
721 5.8862061216131055e-06
722 5.8862061216131055e-06
723 5.8862061216131055e-06
724 5.8862061216131055e-06
725 5.8862061216131055e-06
726 5.8862061216131055e-06
727 5.8862061216131055e-06
728 5.8862061216131055e-06
729 5.8862061216131055e-06
730 5.8862061216131055e-06
731 5.8862061216131055e-06
732 5.8862061216131055e-06
733 5.8862061216131055e-06
734 5.8862061216131055e-06
735 5.8862061216131055e-06
736 5.8862061216131055e-06
737 5.8862061216131055e-06
738 5.8862061216131055e-06
739 5.8862061216131055e-06
740 5.8862061216131055e-06
741 5.8862061216131055e-06
742 5.8862061216131055e-06
743 5.8862061216131055e-06
744 5.8862061216131055e-06
745 5.8862061216131055e-06
746 5.8862061216131055e-06
747 5.8862061216131055e-06
748 5.8862061216131055e-06
749 5.8862061216131055e-06
750 5.8862061216131055e-06
751 5.8862061216131055e-06
752 5.8862061216131055e-06
753 5.8862061216131055e-06
754 5.8862061216131055e-06
755 5.8862061216131055e-06
756 5.8862061216131055e-06
757 5.8862061216131055e-06
758 5.8862061216131055e-06
759 5.8862061216131055e-06
760 5.8862061216131055e-06
761 5.8862061216131055e-06
762 5.8862061216131055e-06
763 5.8862061216131055e-06
764 5.8862061216131055e-06
765 5.8862061216131055e-06
766 5.8862061216131055e-06
767 5.8862061216131055e-06
768 5.8862061216131055e-06
769 5.8862061216131055e-06
770 5.8862061216131055e-06
771 5.8862061216131055e-06
772 5.8862061216131055e-06
773 5.8862061216131055e-06
774 5.8862061216131055e-06
775 5.8862061216131055e-06
776 5.8862061216131055e-06
777 5.8862061216131055e-06
778 5.8862061216131055e-06
779 5.8862061216131055e-06
780 5.8862061216131055e-06
781 5.8862061216131055e-06
782 5.8862061216131055e-06
783 5.8862061216131055e-06
784 5.8862061216131055e-06
785 5.8862061216131055e-06
786 5.8862061216131055e-06
787 5.8862061216131055e-06
788 5.8862061216131055e-06
789 5.8862061216131055e-06
790 5.8862061216131055e-06
791 5.8862061216131055e-06
792 5.8862061216131055e-06
793 5.8862061216131055e-06
794 5.8862061216131055e-06
795 5.8862061216131055e-06
796 5.8862061216131055e-06
797 5.8862061216131055e-06
798 5.8862061216131055e-06
799 5.8862061216131055e-06
800 5.8862061216131055e-06
801 5.8862061216131055e-06
802 5.8862061216131055e-06
803 5.8862061216131055e-06
804 5.8862061216131055e-06
805 5.8862061216131055e-06
806 5.8862061216131055e-06
807 5.8862061216131055e-06
808 5.8862061216131055e-06
809 5.8862061216131055e-06
810 5.8862061216131055e-06
811 5.8862061216131055e-06
812 5.8862061216131055e-06
813 5.8862061216131055e-06
814 5.8862061216131055e-06
815 5.8862061216131055e-06
816 5.8862061216131055e-06
817 5.8862061216131055e-06
818 5.8862061216131055e-06
819 5.8862061216131055e-06
820 5.8862061216131055e-06
821 5.8862061216131055e-06
822 5.8862061216131055e-06
823 5.8862061216131055e-06
824 5.8862061216131055e-06
825 5.8862061216131055e-06
826 5.8862061216131055e-06
827 5.8862061216131055e-06
828 5.8862061216131055e-06
829 5.8862061216131055e-06
830 5.8862061216131055e-06
831 5.8862061216131055e-06
832 5.8862061216131055e-06
833 5.8862061216131055e-06
834 5.8862061216131055e-06
835 5.8862061216131055e-06
836 5.8862061216131055e-06
837 5.8862061216131055e-06
838 5.8862061216131055e-06
839 5.8862061216131055e-06
840 5.8862061216131055e-06
841 5.8862061216131055e-06
842 5.8862061216131055e-06
843 5.8862061216131055e-06
844 5.8862061216131055e-06
845 5.8862061216131055e-06
846 5.8862061216131055e-06
847 5.8862061216131055e-06
848 5.8862061216131055e-06
849 5.8862061216131055e-06
850 5.8862061216131055e-06
851 5.8862061216131055e-06
852 5.8862061216131055e-06
853 5.8862061216131055e-06
854 5.8862061216131055e-06
855 5.8862061216131055e-06
856 5.8862061216131055e-06
857 5.8862061216131055e-06
858 5.8862061216131055e-06
859 5.8862061216131055e-06
860 5.8862061216131055e-06
861 5.8862061216131055e-06
862 5.8862061216131055e-06
863 5.8862061216131055e-06
864 5.8862061216131055e-06
865 5.8862061216131055e-06
866 5.8862061216131055e-06
867 5.8862061216131055e-06
868 5.8862061216131055e-06
869 5.8862061216131055e-06
870 5.8862061216131055e-06
871 5.8862061216131055e-06
872 5.8862061216131055e-06
873 5.8862061216131055e-06
874 5.8862061216131055e-06
875 5.8862061216131055e-06
876 5.8862061216131055e-06
877 5.8862061216131055e-06
878 5.8862061216131055e-06
879 5.8862061216131055e-06
880 5.8862061216131055e-06
881 5.8862061216131055e-06
882 5.8862061216131055e-06
883 5.8862061216131055e-06
884 5.8862061216131055e-06
885 5.8862061216131055e-06
886 5.8862061216131055e-06
887 5.8862061216131055e-06
888 5.8862061216131055e-06
889 5.8862061216131055e-06
890 5.8862061216131055e-06
891 5.8862061216131055e-06
892 5.8862061216131055e-06
893 5.8862061216131055e-06
894 5.8862061216131055e-06
895 5.8862061216131055e-06
896 5.8862061216131055e-06
897 5.8862061216131055e-06
898 5.8862061216131055e-06
899 5.8862061216131055e-06
900 5.8862061216131055e-06
901 5.8862061216131055e-06
902 5.8862061216131055e-06
903 5.8862061216131055e-06
904 5.8862061216131055e-06
905 5.8862061216131055e-06
906 5.8862061216131055e-06
907 5.8862061216131055e-06
908 5.8862061216131055e-06
909 5.8862061216131055e-06
910 5.8862061216131055e-06
911 5.8862061216131055e-06
912 5.8862061216131055e-06
913 5.8862061216131055e-06
914 5.8862061216131055e-06
915 5.8862061216131055e-06
916 5.8862061216131055e-06
917 5.8862061216131055e-06
918 5.8862061216131055e-06
919 5.8862061216131055e-06
920 5.8862061216131055e-06
921 5.8862061216131055e-06
922 5.8862061216131055e-06
923 5.8862061216131055e-06
924 5.8862061216131055e-06
925 5.8862061216131055e-06
926 5.8862061216131055e-06
927 5.8862061216131055e-06
928 5.8862061216131055e-06
929 5.8862061216131055e-06
930 5.8862061216131055e-06
931 5.8862061216131055e-06
932 5.8862061216131055e-06
933 5.8862061216131055e-06
934 5.8862061216131055e-06
935 5.8862061216131055e-06
936 5.8862061216131055e-06
937 5.8862061216131055e-06
938 5.8862061216131055e-06
939 5.8862061216131055e-06
940 5.8862061216131055e-06
941 5.8862061216131055e-06
942 5.8862061216131055e-06
943 5.8862061216131055e-06
944 5.8862061216131055e-06
945 5.8862061216131055e-06
946 5.8862061216131055e-06
947 5.8862061216131055e-06
948 5.8862061216131055e-06
949 5.8862061216131055e-06
950 5.8862061216131055e-06
951 5.8862061216131055e-06
952 5.8862061216131055e-06
953 5.8862061216131055e-06
954 5.8862061216131055e-06
955 5.8862061216131055e-06
956 5.8862061216131055e-06
957 5.8862061216131055e-06
958 5.8862061216131055e-06
959 5.8862061216131055e-06
960 5.8862061216131055e-06
961 5.8862061216131055e-06
962 5.8862061216131055e-06
963 5.8862061216131055e-06
964 5.8862061216131055e-06
965 5.8862061216131055e-06
966 5.8862061216131055e-06
967 5.8862061216131055e-06
968 5.8862061216131055e-06
969 5.8862061216131055e-06
970 5.8862061216131055e-06
971 5.8862061216131055e-06
972 5.8862061216131055e-06
973 5.8862061216131055e-06
974 5.8862061216131055e-06
975 5.8862061216131055e-06
976 5.8862061216131055e-06
977 5.8862061216131055e-06
978 5.8862061216131055e-06
979 5.8862061216131055e-06
980 5.8862061216131055e-06
981 5.8862061216131055e-06
982 5.8862061216131055e-06
983 5.8862061216131055e-06
984 5.8862061216131055e-06
985 5.8862061216131055e-06
986 5.8862061216131055e-06
987 5.8862061216131055e-06
988 5.8862061216131055e-06
989 5.8862061216131055e-06
990 5.8862061216131055e-06
991 5.8862061216131055e-06
992 5.8862061216131055e-06
993 5.8862061216131055e-06
994 5.8862061216131055e-06
995 5.8862061216131055e-06
996 5.8862061216131055e-06
997 5.8862061216131055e-06
998 5.8862061216131055e-06
999 5.8862061216131055e-06
1000 5.8862061216131055e-06
1001 5.8862061216131055e-06
1002 5.8862061216131055e-06
1003 5.8862061216131055e-06
1004 5.8862061216131055e-06
1005 5.8862061216131055e-06
1006 5.8862061216131055e-06
1007 5.8862061216131055e-06
1008 5.8862061216131055e-06
1009 5.8862061216131055e-06
1010 5.8862061216131055e-06
1011 5.8862061216131055e-06
1012 5.8862061216131055e-06
1013 5.8862061216131055e-06
1014 5.8862061216131055e-06
1015 5.8862061216131055e-06
1016 5.8862061216131055e-06
1017 5.8862061216131055e-06
1018 5.8862061216131055e-06
1019 5.8862061216131055e-06
1020 5.8862061216131055e-06
1021 5.8862061216131055e-06
1022 5.8862061216131055e-06
1023 5.8862061216131055e-06
1024 5.8862061216131055e-06
1025 5.8862061216131055e-06
1026 5.8862061216131055e-06
1027 5.8862061216131055e-06
1028 5.8862061216131055e-06
1029 5.8862061216131055e-06
1030 5.8862061216131055e-06
1031 5.8862061216131055e-06
1032 5.8862061216131055e-06
1033 5.8862061216131055e-06
1034 5.8862061216131055e-06
1035 5.8862061216131055e-06
1036 5.8862061216131055e-06
1037 5.8862061216131055e-06
1038 5.8862061216131055e-06
1039 5.8862061216131055e-06
1040 5.8862061216131055e-06
1041 5.8862061216131055e-06
1042 5.8862061216131055e-06
1043 5.8862061216131055e-06
1044 5.8862061216131055e-06
1045 5.8862061216131055e-06
1046 5.8862061216131055e-06
1047 5.8862061216131055e-06
1048 5.8862061216131055e-06
1049 5.8862061216131055e-06
1050 5.8862061216131055e-06
1051 5.8862061216131055e-06
1052 5.8862061216131055e-06
1053 5.8862061216131055e-06
1054 5.8862061216131055e-06
1055 5.8862061216131055e-06
1056 5.8862061216131055e-06
1057 5.8862061216131055e-06
1058 5.8862061216131055e-06
1059 5.8862061216131055e-06
1060 5.8862061216131055e-06
1061 5.8862061216131055e-06
1062 5.8862061216131055e-06
1063 5.8862061216131055e-06
1064 5.8862061216131055e-06
1065 5.8862061216131055e-06
1066 5.8862061216131055e-06
1067 5.8862061216131055e-06
1068 5.8862061216131055e-06
1069 5.8862061216131055e-06
1070 5.8862061216131055e-06
1071 5.8862061216131055e-06
1072 5.8862061216131055e-06
1073 5.8862061216131055e-06
1074 5.8862061216131055e-06
1075 5.8862061216131055e-06
1076 5.8862061216131055e-06
1077 5.8862061216131055e-06
1078 5.8862061216131055e-06
1079 5.8862061216131055e-06
1080 5.8862061216131055e-06
1081 5.8862061216131055e-06
1082 5.8862061216131055e-06
1083 5.8862061216131055e-06
1084 5.8862061216131055e-06
1085 5.8862061216131055e-06
1086 5.8862061216131055e-06
1087 5.8862061216131055e-06
1088 5.8862061216131055e-06
1089 5.8862061216131055e-06
1090 5.8862061216131055e-06
1091 5.8862061216131055e-06
1092 5.8862061216131055e-06
1093 5.8862061216131055e-06
1094 5.8862061216131055e-06
1095 5.8862061216131055e-06
1096 5.8862061216131055e-06
1097 5.8862061216131055e-06
1098 5.8862061216131055e-06
1099 5.8862061216131055e-06
1100 5.8862061216131055e-06
1101 5.8862061216131055e-06
1102 5.8862061216131055e-06
1103 5.8862061216131055e-06
1104 5.8862061216131055e-06
1105 5.8862061216131055e-06
1106 5.8862061216131055e-06
1107 5.8862061216131055e-06
1108 5.8862061216131055e-06
1109 5.8862061216131055e-06
1110 5.8862061216131055e-06
1111 5.8862061216131055e-06
1112 5.8862061216131055e-06
1113 5.8862061216131055e-06
1114 5.8862061216131055e-06
1115 5.8862061216131055e-06
1116 5.8862061216131055e-06
1117 5.8862061216131055e-06
1118 5.8862061216131055e-06
1119 5.8862061216131055e-06
1120 5.8862061216131055e-06
1121 5.8862061216131055e-06
1122 5.8862061216131055e-06
1123 5.8862061216131055e-06
1124 5.8862061216131055e-06
1125 5.8862061216131055e-06
1126 5.8862061216131055e-06
1127 5.8862061216131055e-06
1128 5.8862061216131055e-06
1129 5.8862061216131055e-06
1130 5.8862061216131055e-06
1131 5.8862061216131055e-06
1132 5.8862061216131055e-06
1133 5.8862061216131055e-06
1134 5.8862061216131055e-06
1135 5.8862061216131055e-06
1136 5.8862061216131055e-06
1137 5.8862061216131055e-06
1138 5.8862061216131055e-06
1139 5.8862061216131055e-06
1140 5.8862061216131055e-06
1141 5.8862061216131055e-06
1142 5.8862061216131055e-06
1143 5.8862061216131055e-06
1144 5.8862061216131055e-06
1145 5.8862061216131055e-06
1146 5.8862061216131055e-06
1147 5.8862061216131055e-06
1148 5.8862061216131055e-06
1149 5.8862061216131055e-06
1150 5.8862061216131055e-06
1151 5.8862061216131055e-06
1152 5.8862061216131055e-06
1153 5.8862061216131055e-06
1154 5.8862061216131055e-06
1155 5.8862061216131055e-06
1156 5.8862061216131055e-06
1157 5.8862061216131055e-06
1158 5.8862061216131055e-06
1159 5.8862061216131055e-06
1160 5.8862061216131055e-06
1161 5.8862061216131055e-06
1162 5.8862061216131055e-06
1163 5.8862061216131055e-06
1164 5.8862061216131055e-06
1165 5.8862061216131055e-06
1166 5.8862061216131055e-06
1167 5.8862061216131055e-06
1168 5.8862061216131055e-06
1169 5.8862061216131055e-06
1170 5.8862061216131055e-06
1171 5.8862061216131055e-06
1172 5.8862061216131055e-06
1173 5.8862061216131055e-06
1174 5.8862061216131055e-06
1175 5.8862061216131055e-06
1176 5.8862061216131055e-06
1177 5.8862061216131055e-06
1178 5.8862061216131055e-06
1179 5.8862061216131055e-06
1180 5.8862061216131055e-06
1181 5.8862061216131055e-06
1182 5.8862061216131055e-06
1183 5.8862061216131055e-06
1184 5.8862061216131055e-06
1185 5.8862061216131055e-06
1186 5.8862061216131055e-06
1187 5.8862061216131055e-06
1188 5.8862061216131055e-06
1189 5.8862061216131055e-06
1190 5.8862061216131055e-06
1191 5.8862061216131055e-06
1192 5.8862061216131055e-06
1193 5.8862061216131055e-06
1194 5.8862061216131055e-06
1195 5.8862061216131055e-06
1196 5.8862061216131055e-06
1197 5.8862061216131055e-06
1198 5.8862061216131055e-06
1199 5.8862061216131055e-06
1200 5.8862061216131055e-06
1201 5.8862061216131055e-06
1202 5.8862061216131055e-06
1203 5.8862061216131055e-06
1204 5.8862061216131055e-06
1205 5.8862061216131055e-06
1206 5.8862061216131055e-06
1207 5.8862061216131055e-06
1208 5.8862061216131055e-06
1209 5.8862061216131055e-06
1210 5.8862061216131055e-06
1211 5.8862061216131055e-06
1212 5.8862061216131055e-06
1213 5.8862061216131055e-06
1214 5.8862061216131055e-06
1215 5.8862061216131055e-06
1216 5.8862061216131055e-06
1217 5.8862061216131055e-06
1218 5.8862061216131055e-06
1219 5.8862061216131055e-06
1220 5.8862061216131055e-06
1221 5.8862061216131055e-06
1222 5.8862061216131055e-06
1223 5.8862061216131055e-06
1224 5.8862061216131055e-06
1225 5.8862061216131055e-06
1226 5.8862061216131055e-06
1227 2.569202045307523e-06
1228 2.569202045307523e-06
1229 2.569202045307523e-06
1230 2.569202045307523e-06
1231 5.8862061216131055e-06
1232 5.8862061216131055e-06
1233 2.569202045307523e-06
1234 2.569202045307523e-06
1235 2.569202045307523e-06
1236 2.569202045307523e-06
1237 5.8862061216131055e-06
1238 5.8862061216131055e-06
1239 2.569202045307523e-06
1240 2.569202045307523e-06
1241 2.569202045307523e-06
1242 2.569202045307523e-06
1243 5.8862061216131055e-06
1244 5.8862061216131055e-06
1245 2.569202045307523e-06
1246 2.569202045307523e-06
1247 2.569202045307523e-06
1248 2.569202045307523e-06
1249 5.8862061216131055e-06
1250 5.8862061216131055e-06
1251 2.569202045307523e-06
1252 2.569202045307523e-06
1253 2.569202045307523e-06
1254 2.569202045307523e-06
1255 5.8862061216131055e-06
1256 5.8862061216131055e-06
1257 2.569202045307523e-06
1258 2.569202045307523e-06
1259 2.569202045307523e-06
1260 2.569202045307523e-06
1261 5.8862061216131055e-06
1262 5.8862061216131055e-06
1263 2.569202045307523e-06
1264 2.569202045307523e-06
1265 2.569202045307523e-06
1266 2.569202045307523e-06
1267 5.8862061216131055e-06
1268 5.8862061216131055e-06
1269 2.569202045307523e-06
1270 2.569202045307523e-06
1271 2.569202045307523e-06
1272 2.569202045307523e-06
1273 5.8862061216131055e-06
1274 5.8862061216131055e-06
1275 2.569202045307523e-06
1276 2.569202045307523e-06
1277 2.569202045307523e-06
1278 2.569202045307523e-06
1279 5.8862061216131055e-06
1280 5.8862061216131055e-06
1281 2.569202045307523e-06
1282 2.569202045307523e-06
1283 2.569202045307523e-06
1284 2.569202045307523e-06
1285 5.8862061216131055e-06
1286 5.8862061216131055e-06
1287 2.569202045307523e-06
1288 2.569202045307523e-06
1289 2.569202045307523e-06
1290 2.569202045307523e-06
1291 5.8862061216131055e-06
1292 2.569202045307523e-06
1293 2.569202045307523e-06
1294 2.569202045307523e-06
1295 2.569202045307523e-06
1296 5.8862061216131055e-06
1297 5.8862061216131055e-06
1298 2.569202045307523e-06
1299 2.569202045307523e-06
1300 2.569202045307523e-06
1301 2.569202045307523e-06
1302 5.8862061216131055e-06
1303 5.8862061216131055e-06
1304 2.569202045307523e-06
1305 2.569202045307523e-06
1306 2.569202045307523e-06
1307 2.569202045307523e-06
1308 5.8862061216131055e-06
1309 5.8862061216131055e-06
1310 2.569202045307523e-06
1311 2.569202045307523e-06
1312 2.569202045307523e-06
1313 2.569202045307523e-06
1314 5.8862061216131055e-06
1315 5.8862061216131055e-06
1316 2.569202045307523e-06
1317 2.569202045307523e-06
1318 2.569202045307523e-06
1319 2.569202045307523e-06
1320 5.8862061216131055e-06
1321 5.8862061216131055e-06
1322 2.569202045307523e-06
1323 2.569202045307523e-06
1324 2.569202045307523e-06
1325 2.569202045307523e-06
1326 5.8862061216131055e-06
1327 5.8862061216131055e-06
1328 2.569202045307523e-06
1329 2.569202045307523e-06
1330 2.569202045307523e-06
1331 2.569202045307523e-06
1332 5.8862061216131055e-06
1333 5.8862061216131055e-06
1334 2.569202045307523e-06
1335 2.569202045307523e-06
1336 2.569202045307523e-06
1337 2.569202045307523e-06
1338 5.8862061216131055e-06
1339 5.8862061216131055e-06
1340 2.569202045307523e-06
1341 2.569202045307523e-06
1342 2.569202045307523e-06
1343 2.569202045307523e-06
1344 5.8862061216131055e-06
1345 5.8862061216131055e-06
1346 2.569202045307523e-06
1347 2.569202045307523e-06
1348 2.569202045307523e-06
1349 2.569202045307523e-06
1350 5.8862061216131055e-06
1351 5.8862061216131055e-06
1352 2.569202045307523e-06
1353 2.569202045307523e-06
1354 2.569202045307523e-06
1355 2.569202045307523e-06
1356 5.8862061216131055e-06
1357 5.8862061216131055e-06
1358 2.569202045307523e-06
1359 2.569202045307523e-06
1360 2.569202045307523e-06
1361 2.569202045307523e-06
1362 5.8862061216131055e-06
1363 2.569202045307523e-06
1364 2.569202045307523e-06
1365 2.569202045307523e-06
1366 2.569202045307523e-06
1367 5.8862061216131055e-06
1368 5.8862061216131055e-06
1369 2.569202045307523e-06
1370 2.569202045307523e-06
1371 2.569202045307523e-06
1372 2.569202045307523e-06
1373 5.8862061216131055e-06
1374 5.8862061216131055e-06
1375 2.569202045307523e-06
1376 2.569202045307523e-06
1377 2.569202045307523e-06
1378 2.569202045307523e-06
1379 5.8862061216131055e-06
1380 5.8862061216131055e-06
1381 2.569202045307523e-06
1382 2.569202045307523e-06
1383 2.569202045307523e-06
1384 2.569202045307523e-06
1385 5.8862061216131055e-06
1386 5.8862061216131055e-06
1387 2.569202045307523e-06
1388 2.569202045307523e-06
1389 2.569202045307523e-06
1390 2.569202045307523e-06
1391 5.8862061216131055e-06
1392 5.8862061216131055e-06
1393 2.569202045307523e-06
1394 2.569202045307523e-06
1395 2.569202045307523e-06
1396 2.569202045307523e-06
1397 5.8862061216131055e-06
1398 5.8862061216131055e-06
1399 2.569202045307523e-06
1400 2.569202045307523e-06
1401 2.569202045307523e-06
1402 2.569202045307523e-06
1403 5.8862061216131055e-06
1404 5.8862061216131055e-06
1405 2.569202045307523e-06
1406 2.569202045307523e-06
1407 2.569202045307523e-06
1408 2.569202045307523e-06
1409 5.8862061216131055e-06
1410 5.8862061216131055e-06
1411 2.569202045307523e-06
1412 2.569202045307523e-06
1413 2.569202045307523e-06
1414 2.569202045307523e-06
1415 5.8862061216131055e-06
1416 5.8862061216131055e-06
1417 2.569202045307523e-06
1418 2.569202045307523e-06
1419 2.569202045307523e-06
1420 2.569202045307523e-06
1421 5.8862061216131055e-06
1422 5.8862061216131055e-06
1423 2.569202045307523e-06
1424 2.569202045307523e-06
1425 2.569202045307523e-06
1426 2.569202045307523e-06
1427 5.8862061216131055e-06
1428 5.8862061216131055e-06
1429 2.569202045307523e-06
1430 2.569202045307523e-06
1431 2.569202045307523e-06
1432 2.569202045307523e-06
1433 5.8862061216131055e-06
1434 2.569202045307523e-06
1435 2.569202045307523e-06
1436 2.569202045307523e-06
1437 2.569202045307523e-06
1438 5.8862061216131055e-06
1439 5.8862061216131055e-06
1440 2.569202045307523e-06
1441 2.569202045307523e-06
1442 2.569202045307523e-06
1443 2.569202045307523e-06
1444 5.8862061216131055e-06
1445 5.8862061216131055e-06
1446 2.569202045307523e-06
1447 2.569202045307523e-06
1448 2.569202045307523e-06
1449 2.569202045307523e-06
1450 5.8862061216131055e-06
1451 5.8862061216131055e-06
1452 2.569202045307523e-06
1453 2.569202045307523e-06
1454 2.569202045307523e-06
1455 2.569202045307523e-06
1456 5.8862061216131055e-06
1457 5.8862061216131055e-06
1458 2.569202045307523e-06
1459 2.569202045307523e-06
1460 2.569202045307523e-06
1461 2.569202045307523e-06
1462 5.8862061216131055e-06
1463 5.8862061216131055e-06
1464 2.569202045307523e-06
1465 2.569202045307523e-06
1466 2.569202045307523e-06
1467 2.569202045307523e-06
1468 5.8862061216131055e-06
1469 5.8862061216131055e-06
1470 2.569202045307523e-06
1471 2.569202045307523e-06
1472 2.569202045307523e-06
1473 2.569202045307523e-06
1474 5.8862061216131055e-06
1475 5.8862061216131055e-06
1476 2.569202045307523e-06
1477 2.569202045307523e-06
1478 2.569202045307523e-06
1479 2.569202045307523e-06
1480 5.8862061216131055e-06
1481 5.8862061216131055e-06
1482 2.569202045307523e-06
1483 2.569202045307523e-06
1484 2.569202045307523e-06
1485 2.569202045307523e-06
1486 5.8862061216131055e-06
1487 5.8862061216131055e-06
1488 2.569202045307523e-06
1489 2.569202045307523e-06
1490 2.569202045307523e-06
1491 2.569202045307523e-06
1492 5.8862061216131055e-06
1493 5.8862061216131055e-06
1494 2.569202045307523e-06
1495 2.569202045307523e-06
1496 2.569202045307523e-06
1497 2.569202045307523e-06
1498 5.8862061216131055e-06
1499 5.8862061216131055e-06
1500 2.569202045307523e-06
1501 2.569202045307523e-06
1502 2.569202045307523e-06
1503 2.569202045307523e-06
1504 5.8862061216131055e-06
1505 2.569202045307523e-06
1506 2.569202045307523e-06
1507 2.569202045307523e-06
1508 2.569202045307523e-06
1509 5.8862061216131055e-06
1510 5.8862061216131055e-06
1511 2.569202045307523e-06
1512 2.569202045307523e-06
1513 2.569202045307523e-06
1514 2.569202045307523e-06
1515 5.8862061216131055e-06
1516 5.8862061216131055e-06
1517 2.569202045307523e-06
1518 2.569202045307523e-06
1519 2.569202045307523e-06
1520 2.569202045307523e-06
1521 5.8862061216131055e-06
1522 5.8862061216131055e-06
1523 2.569202045307523e-06
1524 2.569202045307523e-06
1525 2.569202045307523e-06
1526 2.569202045307523e-06
1527 5.8862061216131055e-06
1528 5.8862061216131055e-06
1529 2.569202045307523e-06
1530 2.569202045307523e-06
1531 2.569202045307523e-06
1532 2.569202045307523e-06
1533 5.8862061216131055e-06
1534 5.8862061216131055e-06
1535 2.569202045307523e-06
1536 2.569202045307523e-06
1537 2.569202045307523e-06
1538 2.569202045307523e-06
1539 5.8862061216131055e-06
1540 5.8862061216131055e-06
1541 2.569202045307523e-06
1542 2.569202045307523e-06
1543 2.569202045307523e-06
1544 2.569202045307523e-06
1545 5.8862061216131055e-06
1546 5.8862061216131055e-06
1547 2.569202045307523e-06
1548 2.569202045307523e-06
1549 2.569202045307523e-06
1550 2.569202045307523e-06
1551 5.8862061216131055e-06
1552 5.8862061216131055e-06
1553 2.569202045307523e-06
1554 2.569202045307523e-06
1555 2.569202045307523e-06
1556 2.569202045307523e-06
1557 5.8862061216131055e-06
1558 5.8862061216131055e-06
1559 2.569202045307523e-06
1560 2.569202045307523e-06
1561 2.569202045307523e-06
1562 2.569202045307523e-06
1563 5.8862061216131055e-06
1564 5.8862061216131055e-06
1565 2.569202045307523e-06
1566 2.569202045307523e-06
1567 2.569202045307523e-06
1568 2.569202045307523e-06
1569 5.8862061216131055e-06
1570 5.8862061216131055e-06
1571 2.569202045307523e-06
1572 2.569202045307523e-06
1573 2.569202045307523e-06
1574 2.569202045307523e-06
1575 5.8862061216131055e-06
1576 2.569202045307523e-06
1577 2.569202045307523e-06
1578 2.569202045307523e-06
1579 2.569202045307523e-06
1580 5.8862061216131055e-06
1581 5.8862061216131055e-06
1582 2.569202045307523e-06
1583 2.569202045307523e-06
1584 2.569202045307523e-06
1585 2.569202045307523e-06
1586 5.8862061216131055e-06
1587 5.8862061216131055e-06
1588 2.569202045307523e-06
1589 2.569202045307523e-06
1590 2.569202045307523e-06
1591 2.569202045307523e-06
1592 5.8862061216131055e-06
1593 5.8862061216131055e-06
1594 2.569202045307523e-06
1595 2.569202045307523e-06
1596 2.569202045307523e-06
1597 2.569202045307523e-06
1598 5.8862061216131055e-06
1599 5.8862061216131055e-06
1600 2.569202045307523e-06
1601 2.569202045307523e-06
1602 2.569202045307523e-06
1603 2.569202045307523e-06
1604 5.8862061216131055e-06
1605 5.8862061216131055e-06
1606 2.569202045307523e-06
1607 2.569202045307523e-06
1608 2.569202045307523e-06
1609 2.569202045307523e-06
1610 5.8862061216131055e-06
1611 5.8862061216131055e-06
1612 2.569202045307523e-06
1613 2.569202045307523e-06
1614 2.569202045307523e-06
1615 2.569202045307523e-06
1616 5.8862061216131055e-06
1617 5.8862061216131055e-06
1618 2.569202045307523e-06
1619 2.569202045307523e-06
1620 2.569202045307523e-06
1621 2.569202045307523e-06
1622 5.8862061216131055e-06
1623 5.8862061216131055e-06
1624 2.569202045307523e-06
1625 2.569202045307523e-06
1626 2.569202045307523e-06
1627 2.569202045307523e-06
1628 5.8862061216131055e-06
1629 5.8862061216131055e-06
1630 2.569202045307523e-06
1631 2.569202045307523e-06
1632 2.569202045307523e-06
1633 2.569202045307523e-06
1634 5.8862061216131055e-06
1635 5.8862061216131055e-06
1636 2.569202045307523e-06
1637 2.569202045307523e-06
1638 2.569202045307523e-06
1639 2.569202045307523e-06
1640 5.8862061216131055e-06
1641 5.8862061216131055e-06
1642 2.569202045307523e-06
1643 2.569202045307523e-06
1644 2.569202045307523e-06
1645 2.569202045307523e-06
1646 5.8862061216131055e-06
1647 2.569202045307523e-06
1648 2.569202045307523e-06
1649 2.569202045307523e-06
1650 2.569202045307523e-06
1651 5.8862061216131055e-06
1652 5.8862061216131055e-06
1653 2.569202045307523e-06
1654 2.569202045307523e-06
1655 2.569202045307523e-06
1656 2.569202045307523e-06
1657 5.8862061216131055e-06
1658 5.8862061216131055e-06
1659 2.569202045307523e-06
1660 2.569202045307523e-06
1661 2.569202045307523e-06
1662 2.569202045307523e-06
1663 5.8862061216131055e-06
1664 5.8862061216131055e-06
1665 2.569202045307523e-06
1666 2.569202045307523e-06
1667 2.569202045307523e-06
1668 2.569202045307523e-06
1669 5.8862061216131055e-06
1670 5.8862061216131055e-06
1671 2.569202045307523e-06
1672 2.569202045307523e-06
1673 2.569202045307523e-06
1674 2.569202045307523e-06
1675 5.8862061216131055e-06
1676 5.8862061216131055e-06
1677 2.569202045307523e-06
1678 2.569202045307523e-06
1679 2.569202045307523e-06
1680 2.569202045307523e-06
1681 5.8862061216131055e-06
1682 5.8862061216131055e-06
1683 2.569202045307523e-06
1684 2.569202045307523e-06
1685 2.569202045307523e-06
1686 2.569202045307523e-06
1687 5.8862061216131055e-06
1688 5.8862061216131055e-06
1689 2.569202045307523e-06
1690 2.569202045307523e-06
1691 2.569202045307523e-06
1692 2.569202045307523e-06
1693 5.8862061216131055e-06
1694 5.8862061216131055e-06
1695 2.569202045307523e-06
1696 2.569202045307523e-06
1697 2.569202045307523e-06
1698 2.569202045307523e-06
1699 5.8862061216131055e-06
1700 5.8862061216131055e-06
1701 2.569202045307523e-06
1702 2.569202045307523e-06
1703 2.569202045307523e-06
1704 2.569202045307523e-06
1705 5.8862061216131055e-06
1706 5.8862061216131055e-06
1707 2.569202045307523e-06
1708 2.569202045307523e-06
1709 2.569202045307523e-06
1710 2.569202045307523e-06
1711 5.8862061216131055e-06
1712 5.8862061216131055e-06
1713 2.569202045307523e-06
1714 2.569202045307523e-06
1715 2.569202045307523e-06
1716 2.569202045307523e-06
1717 5.8862061216131055e-06
1718 2.569202045307523e-06
1719 2.569202045307523e-06
1720 2.569202045307523e-06
1721 2.569202045307523e-06
1722 5.8862061216131055e-06
1723 5.8862061216131055e-06
1724 2.569202045307523e-06
1725 2.569202045307523e-06
1726 2.569202045307523e-06
1727 2.569202045307523e-06
1728 5.8862061216131055e-06
1729 5.8862061216131055e-06
1730 2.569202045307523e-06
1731 2.569202045307523e-06
1732 2.569202045307523e-06
1733 2.569202045307523e-06
1734 5.8862061216131055e-06
1735 5.8862061216131055e-06
1736 2.569202045307523e-06
1737 2.569202045307523e-06
1738 2.569202045307523e-06
1739 2.569202045307523e-06
1740 5.8862061216131055e-06
1741 5.8862061216131055e-06
1742 2.569202045307523e-06
1743 2.569202045307523e-06
1744 2.569202045307523e-06
1745 2.569202045307523e-06
1746 5.8862061216131055e-06
1747 5.8862061216131055e-06
1748 2.569202045307523e-06
1749 2.569202045307523e-06
1750 2.569202045307523e-06
1751 2.569202045307523e-06
1752 5.8862061216131055e-06
1753 5.8862061216131055e-06
1754 2.569202045307523e-06
1755 2.569202045307523e-06
1756 2.569202045307523e-06
1757 2.569202045307523e-06
1758 5.8862061216131055e-06
1759 5.8862061216131055e-06
1760 2.569202045307523e-06
1761 2.569202045307523e-06
1762 2.569202045307523e-06
1763 2.569202045307523e-06
1764 5.8862061216131055e-06
1765 5.8862061216131055e-06
1766 2.569202045307523e-06
1767 2.569202045307523e-06
1768 2.569202045307523e-06
1769 2.569202045307523e-06
1770 5.8862061216131055e-06
1771 5.8862061216131055e-06
1772 2.569202045307523e-06
1773 2.569202045307523e-06
1774 2.569202045307523e-06
1775 2.569202045307523e-06
1776 5.8862061216131055e-06
1777 5.8862061216131055e-06
1778 2.569202045307523e-06
1779 2.569202045307523e-06
1780 2.569202045307523e-06
1781 2.569202045307523e-06
1782 5.8862061216131055e-06
1783 5.8862061216131055e-06
1784 2.569202045307523e-06
1785 2.569202045307523e-06
1786 2.569202045307523e-06
1787 2.569202045307523e-06
1788 5.8862061216131055e-06
1789 2.569202045307523e-06
1790 2.569202045307523e-06
1791 2.569202045307523e-06
1792 2.569202045307523e-06
1793 5.8862061216131055e-06
1794 5.8862061216131055e-06
1795 2.569202045307523e-06
1796 2.569202045307523e-06
1797 2.569202045307523e-06
1798 2.569202045307523e-06
1799 5.8862061216131055e-06
1800 5.8862061216131055e-06
1801 2.569202045307523e-06
1802 2.569202045307523e-06
1803 2.569202045307523e-06
1804 2.569202045307523e-06
1805 5.8862061216131055e-06
1806 5.8862061216131055e-06
1807 2.569202045307523e-06
1808 2.569202045307523e-06
1809 2.569202045307523e-06
1810 2.569202045307523e-06
1811 5.8862061216131055e-06
1812 5.8862061216131055e-06
1813 2.569202045307523e-06
1814 2.569202045307523e-06
1815 2.569202045307523e-06
1816 2.569202045307523e-06
1817 5.8862061216131055e-06
1818 5.8862061216131055e-06
1819 2.569202045307523e-06
1820 2.569202045307523e-06
1821 2.569202045307523e-06
1822 2.569202045307523e-06
1823 5.8862061216131055e-06
1824 5.8862061216131055e-06
1825 2.569202045307523e-06
1826 2.569202045307523e-06
1827 2.569202045307523e-06
1828 2.569202045307523e-06
1829 5.8862061216131055e-06
1830 5.8862061216131055e-06
1831 2.569202045307523e-06
1832 2.569202045307523e-06
1833 2.569202045307523e-06
1834 2.569202045307523e-06
1835 5.8862061216131055e-06
1836 5.8862061216131055e-06
1837 2.569202045307523e-06
1838 2.569202045307523e-06
1839 2.569202045307523e-06
1840 2.569202045307523e-06
1841 5.8862061216131055e-06
1842 5.8862061216131055e-06
1843 2.569202045307523e-06
1844 2.569202045307523e-06
1845 2.569202045307523e-06
1846 2.569202045307523e-06
1847 5.8862061216131055e-06
1848 5.8862061216131055e-06
1849 2.569202045307523e-06
1850 2.569202045307523e-06
1851 2.569202045307523e-06
1852 2.569202045307523e-06
1853 5.8862061216131055e-06
1854 5.8862061216131055e-06
1855 2.569202045307523e-06
1856 2.569202045307523e-06
1857 2.569202045307523e-06
1858 2.569202045307523e-06
1859 5.8862061216131055e-06
1860 2.569202045307523e-06
1861 2.569202045307523e-06
1862 2.569202045307523e-06
1863 2.569202045307523e-06
1864 5.8862061216131055e-06
1865 5.8862061216131055e-06
1866 2.569202045307523e-06
1867 2.569202045307523e-06
1868 2.569202045307523e-06
1869 2.569202045307523e-06
1870 5.8862061216131055e-06
1871 5.8862061216131055e-06
1872 2.569202045307523e-06
1873 2.569202045307523e-06
1874 2.569202045307523e-06
1875 2.569202045307523e-06
1876 5.8862061216131055e-06
1877 5.8862061216131055e-06
1878 2.569202045307523e-06
1879 2.569202045307523e-06
1880 2.569202045307523e-06
1881 2.569202045307523e-06
1882 5.8862061216131055e-06
1883 5.8862061216131055e-06
1884 2.569202045307523e-06
1885 2.569202045307523e-06
1886 2.569202045307523e-06
1887 2.569202045307523e-06
1888 5.8862061216131055e-06
1889 5.8862061216131055e-06
1890 2.569202045307523e-06
1891 2.569202045307523e-06
1892 2.569202045307523e-06
1893 2.569202045307523e-06
1894 5.8862061216131055e-06
1895 5.8862061216131055e-06
1896 2.569202045307523e-06
1897 2.569202045307523e-06
1898 2.569202045307523e-06
1899 2.569202045307523e-06
1900 5.8862061216131055e-06
1901 5.8862061216131055e-06
1902 2.569202045307523e-06
1903 2.569202045307523e-06
1904 2.569202045307523e-06
1905 2.569202045307523e-06
1906 5.8862061216131055e-06
1907 5.8862061216131055e-06
1908 2.569202045307523e-06
1909 2.569202045307523e-06
1910 2.569202045307523e-06
1911 2.569202045307523e-06
1912 5.8862061216131055e-06
1913 5.8862061216131055e-06
1914 2.569202045307523e-06
1915 2.569202045307523e-06
1916 2.569202045307523e-06
1917 2.569202045307523e-06
1918 5.8862061216131055e-06
1919 5.8862061216131055e-06
1920 2.569202045307523e-06
1921 2.569202045307523e-06
1922 2.569202045307523e-06
1923 2.569202045307523e-06
1924 5.8862061216131055e-06
1925 5.8862061216131055e-06
1926 2.569202045307523e-06
1927 2.569202045307523e-06
1928 2.569202045307523e-06
1929 2.569202045307523e-06
1930 5.8862061216131055e-06
1931 2.569202045307523e-06
1932 2.569202045307523e-06
1933 2.569202045307523e-06
1934 2.569202045307523e-06
1935 5.8862061216131055e-06
1936 5.8862061216131055e-06
1937 2.569202045307523e-06
1938 2.569202045307523e-06
1939 2.569202045307523e-06
1940 2.569202045307523e-06
1941 5.8862061216131055e-06
1942 5.8862061216131055e-06
1943 2.569202045307523e-06
1944 2.569202045307523e-06
1945 2.569202045307523e-06
1946 2.569202045307523e-06
1947 5.8862061216131055e-06
1948 5.8862061216131055e-06
1949 2.569202045307523e-06
1950 2.569202045307523e-06
1951 2.569202045307523e-06
1952 2.569202045307523e-06
1953 5.8862061216131055e-06
1954 5.8862061216131055e-06
1955 2.569202045307523e-06
1956 2.569202045307523e-06
1957 2.569202045307523e-06
1958 2.569202045307523e-06
1959 5.8862061216131055e-06
1960 5.8862061216131055e-06
1961 2.569202045307523e-06
1962 2.569202045307523e-06
1963 2.569202045307523e-06
1964 2.569202045307523e-06
1965 5.8862061216131055e-06
1966 5.8862061216131055e-06
1967 2.569202045307523e-06
1968 2.569202045307523e-06
1969 2.569202045307523e-06
1970 2.569202045307523e-06
1971 5.8862061216131055e-06
1972 5.8862061216131055e-06
1973 2.569202045307523e-06
1974 2.569202045307523e-06
1975 2.569202045307523e-06
1976 2.569202045307523e-06
1977 5.8862061216131055e-06
1978 5.8862061216131055e-06
1979 2.569202045307523e-06
1980 2.569202045307523e-06
1981 2.569202045307523e-06
1982 2.569202045307523e-06
1983 5.8862061216131055e-06
1984 5.8862061216131055e-06
1985 2.569202045307523e-06
1986 2.569202045307523e-06
1987 2.569202045307523e-06
1988 2.569202045307523e-06
1989 5.8862061216131055e-06
1990 5.8862061216131055e-06
1991 2.569202045307523e-06
1992 2.569202045307523e-06
1993 2.569202045307523e-06
1994 2.569202045307523e-06
1995 5.8862061216131055e-06
1996 5.8862061216131055e-06
1997 2.569202045307523e-06
1998 2.569202045307523e-06
1999 2.569202045307523e-06
2000 2.569202045307523e-06
2001 5.8862061216131055e-06
2002 2.569202045307523e-06
2003 2.569202045307523e-06
2004 2.569202045307523e-06
2005 2.569202045307523e-06
2006 5.8862061216131055e-06
2007 5.8862061216131055e-06
2008 2.569202045307523e-06
2009 2.569202045307523e-06
2010 2.569202045307523e-06
2011 2.569202045307523e-06
2012 5.8862061216131055e-06
2013 5.8862061216131055e-06
2014 2.569202045307523e-06
2015 2.569202045307523e-06
2016 2.569202045307523e-06
2017 2.569202045307523e-06
2018 5.8862061216131055e-06
2019 5.8862061216131055e-06
2020 2.569202045307523e-06
2021 2.569202045307523e-06
2022 2.569202045307523e-06
2023 2.569202045307523e-06
2024 5.8862061216131055e-06
2025 5.8862061216131055e-06
2026 2.569202045307523e-06
2027 2.569202045307523e-06
2028 2.569202045307523e-06
2029 2.569202045307523e-06
2030 5.8862061216131055e-06
2031 5.8862061216131055e-06
2032 2.569202045307523e-06
2033 2.569202045307523e-06
2034 2.569202045307523e-06
2035 2.569202045307523e-06
2036 5.8862061216131055e-06
2037 5.8862061216131055e-06
2038 2.569202045307523e-06
2039 2.569202045307523e-06
2040 2.569202045307523e-06
2041 2.569202045307523e-06
2042 5.8862061216131055e-06
2043 5.8862061216131055e-06
2044 2.569202045307523e-06
2045 2.569202045307523e-06
2046 2.569202045307523e-06
2047 2.569202045307523e-06
2048 5.8862061216131055e-06
2049 5.8862061216131055e-06
2050 2.569202045307523e-06
2051 2.569202045307523e-06
2052 2.569202045307523e-06
2053 2.569202045307523e-06
2054 5.8862061216131055e-06
2055 5.8862061216131055e-06
2056 2.569202045307523e-06
2057 2.569202045307523e-06
2058 2.569202045307523e-06
2059 2.569202045307523e-06
2060 5.8862061216131055e-06
2061 5.8862061216131055e-06
2062 2.569202045307523e-06
2063 2.569202045307523e-06
2064 2.569202045307523e-06
2065 2.569202045307523e-06
2066 5.8862061216131055e-06
2067 5.8862061216131055e-06
2068 2.569202045307523e-06
2069 2.569202045307523e-06
2070 2.569202045307523e-06
2071 2.569202045307523e-06
2072 5.8862061216131055e-06
2073 2.569202045307523e-06
2074 2.569202045307523e-06
2075 2.569202045307523e-06
2076 2.569202045307523e-06
2077 5.8862061216131055e-06
2078 5.8862061216131055e-06
2079 2.569202045307523e-06
2080 2.569202045307523e-06
2081 2.569202045307523e-06
2082 2.569202045307523e-06
2083 5.8862061216131055e-06
2084 5.8862061216131055e-06
2085 2.569202045307523e-06
2086 2.569202045307523e-06
2087 2.569202045307523e-06
2088 2.569202045307523e-06
2089 5.8862061216131055e-06
2090 5.8862061216131055e-06
2091 2.569202045307523e-06
2092 2.569202045307523e-06
2093 2.569202045307523e-06
2094 2.569202045307523e-06
2095 5.8862061216131055e-06
2096 5.8862061216131055e-06
2097 2.569202045307523e-06
2098 2.569202045307523e-06
2099 2.569202045307523e-06
2100 2.569202045307523e-06
2101 5.8862061216131055e-06
2102 5.8862061216131055e-06
2103 2.569202045307523e-06
2104 2.569202045307523e-06
2105 2.569202045307523e-06
2106 2.569202045307523e-06
2107 5.8862061216131055e-06
2108 5.8862061216131055e-06
2109 2.569202045307523e-06
2110 2.569202045307523e-06
2111 2.569202045307523e-06
2112 2.569202045307523e-06
2113 5.8862061216131055e-06
2114 5.8862061216131055e-06
2115 2.569202045307523e-06
2116 2.569202045307523e-06
2117 2.569202045307523e-06
2118 2.569202045307523e-06
2119 5.8862061216131055e-06
2120 5.8862061216131055e-06
2121 2.569202045307523e-06
2122 2.569202045307523e-06
2123 2.569202045307523e-06
2124 2.569202045307523e-06
2125 5.8862061216131055e-06
2126 5.8862061216131055e-06
2127 2.569202045307523e-06
2128 2.569202045307523e-06
2129 2.569202045307523e-06
2130 2.569202045307523e-06
2131 5.8862061216131055e-06
2132 5.8862061216131055e-06
2133 2.569202045307523e-06
2134 2.569202045307523e-06
2135 2.569202045307523e-06
2136 2.569202045307523e-06
2137 5.8862061216131055e-06
2138 5.8862061216131055e-06
2139 2.569202045307523e-06
2140 2.569202045307523e-06
2141 2.569202045307523e-06
2142 2.569202045307523e-06
2143 5.8862061216131055e-06
2144 2.569202045307523e-06
2145 2.569202045307523e-06
2146 2.569202045307523e-06
2147 2.569202045307523e-06
2148 5.8862061216131055e-06
2149 5.8862061216131055e-06
2150 2.569202045307523e-06
2151 2.569202045307523e-06
2152 2.569202045307523e-06
2153 2.569202045307523e-06
2154 5.8862061216131055e-06
2155 5.8862061216131055e-06
2156 2.569202045307523e-06
2157 2.569202045307523e-06
2158 2.569202045307523e-06
2159 2.569202045307523e-06
2160 5.8862061216131055e-06
2161 5.8862061216131055e-06
2162 2.569202045307523e-06
2163 2.569202045307523e-06
2164 2.569202045307523e-06
2165 2.569202045307523e-06
2166 5.8862061216131055e-06
2167 5.8862061216131055e-06
2168 2.569202045307523e-06
2169 2.569202045307523e-06
2170 2.569202045307523e-06
2171 2.569202045307523e-06
2172 5.8862061216131055e-06
2173 5.8862061216131055e-06
2174 2.569202045307523e-06
2175 2.569202045307523e-06
2176 2.569202045307523e-06
2177 2.569202045307523e-06
2178 5.8862061216131055e-06
2179 5.8862061216131055e-06
2180 2.569202045307523e-06
2181 2.569202045307523e-06
2182 2.569202045307523e-06
2183 2.569202045307523e-06
2184 5.8862061216131055e-06
2185 5.8862061216131055e-06
2186 2.569202045307523e-06
2187 2.569202045307523e-06
2188 2.569202045307523e-06
2189 2.569202045307523e-06
2190 5.8862061216131055e-06
2191 5.8862061216131055e-06
2192 2.569202045307523e-06
2193 2.569202045307523e-06
2194 2.569202045307523e-06
2195 2.569202045307523e-06
2196 5.8862061216131055e-06
2197 5.8862061216131055e-06
2198 2.569202045307523e-06
2199 2.569202045307523e-06
2200 2.569202045307523e-06
2201 2.569202045307523e-06
2202 5.8862061216131055e-06
2203 5.8862061216131055e-06
2204 2.569202045307523e-06
2205 2.569202045307523e-06
2206 2.569202045307523e-06
2207 2.569202045307523e-06
2208 5.8862061216131055e-06
2209 5.8862061216131055e-06
2210 2.569202045307523e-06
2211 2.569202045307523e-06
2212 2.569202045307523e-06
2213 2.569202045307523e-06
2214 5.8862061216131055e-06
2215 2.569202045307523e-06
2216 2.569202045307523e-06
2217 2.569202045307523e-06
2218 2.569202045307523e-06
2219 5.8862061216131055e-06
2220 5.8862061216131055e-06
2221 2.569202045307523e-06
2222 2.569202045307523e-06
2223 2.569202045307523e-06
2224 2.569202045307523e-06
2225 5.8862061216131055e-06
2226 5.8862061216131055e-06
2227 2.569202045307523e-06
2228 2.569202045307523e-06
2229 2.569202045307523e-06
2230 2.569202045307523e-06
2231 5.8862061216131055e-06
2232 5.8862061216131055e-06
2233 2.569202045307523e-06
2234 2.569202045307523e-06
2235 2.569202045307523e-06
2236 2.569202045307523e-06
2237 5.8862061216131055e-06
2238 5.8862061216131055e-06
2239 2.569202045307523e-06
2240 2.569202045307523e-06
2241 2.569202045307523e-06
2242 2.569202045307523e-06
2243 5.8862061216131055e-06
2244 5.8862061216131055e-06
2245 2.569202045307523e-06
2246 2.569202045307523e-06
2247 2.569202045307523e-06
2248 2.569202045307523e-06
2249 5.8862061216131055e-06
2250 5.8862061216131055e-06
2251 2.569202045307523e-06
2252 2.569202045307523e-06
2253 2.569202045307523e-06
2254 2.569202045307523e-06
2255 5.8862061216131055e-06
2256 5.8862061216131055e-06
2257 2.569202045307523e-06
2258 2.569202045307523e-06
2259 2.569202045307523e-06
2260 2.569202045307523e-06
2261 5.8862061216131055e-06
2262 5.8862061216131055e-06
2263 2.569202045307523e-06
2264 2.569202045307523e-06
2265 2.569202045307523e-06
2266 2.569202045307523e-06
2267 5.8862061216131055e-06
2268 5.8862061216131055e-06
2269 2.569202045307523e-06
2270 2.569202045307523e-06
2271 2.569202045307523e-06
2272 2.569202045307523e-06
2273 5.8862061216131055e-06
2274 5.8862061216131055e-06
2275 2.569202045307523e-06
2276 2.569202045307523e-06
2277 2.569202045307523e-06
2278 2.569202045307523e-06
2279 5.8862061216131055e-06
2280 5.8862061216131055e-06
2281 2.569202045307523e-06
2282 2.569202045307523e-06
2283 2.569202045307523e-06
2284 2.569202045307523e-06
2285 5.8862061216131055e-06
2286 2.569202045307523e-06
2287 2.569202045307523e-06
2288 2.569202045307523e-06
2289 2.569202045307523e-06
2290 5.8862061216131055e-06
2291 5.8862061216131055e-06
2292 2.569202045307523e-06
2293 2.569202045307523e-06
2294 2.569202045307523e-06
2295 2.569202045307523e-06
2296 5.8862061216131055e-06
2297 5.8862061216131055e-06
2298 2.569202045307523e-06
2299 2.569202045307523e-06
2300 2.569202045307523e-06
2301 2.569202045307523e-06
2302 5.8862061216131055e-06
2303 5.8862061216131055e-06
2304 2.569202045307523e-06
2305 2.569202045307523e-06
2306 2.569202045307523e-06
2307 2.569202045307523e-06
2308 5.8862061216131055e-06
2309 5.8862061216131055e-06
2310 2.569202045307523e-06
2311 2.569202045307523e-06
2312 2.569202045307523e-06
2313 2.569202045307523e-06
2314 5.8862061216131055e-06
2315 5.8862061216131055e-06
2316 2.569202045307523e-06
2317 2.569202045307523e-06
2318 2.569202045307523e-06
2319 2.569202045307523e-06
2320 5.8862061216131055e-06
2321 5.8862061216131055e-06
2322 2.569202045307523e-06
2323 2.569202045307523e-06
2324 2.569202045307523e-06
2325 2.569202045307523e-06
2326 5.8862061216131055e-06
2327 5.8862061216131055e-06
2328 2.569202045307523e-06
2329 2.569202045307523e-06
2330 2.569202045307523e-06
2331 2.569202045307523e-06
2332 5.8862061216131055e-06
2333 5.8862061216131055e-06
2334 2.569202045307523e-06
2335 2.569202045307523e-06
2336 2.569202045307523e-06
2337 2.569202045307523e-06
2338 5.8862061216131055e-06
2339 5.8862061216131055e-06
2340 2.569202045307523e-06
2341 2.569202045307523e-06
2342 2.569202045307523e-06
2343 2.569202045307523e-06
2344 5.8862061216131055e-06
2345 5.8862061216131055e-06
2346 2.569202045307523e-06
2347 2.569202045307523e-06
2348 2.569202045307523e-06
2349 2.569202045307523e-06
2350 5.8862061216131055e-06
2351 5.8862061216131055e-06
2352 2.569202045307523e-06
2353 2.569202045307523e-06
2354 2.569202045307523e-06
2355 2.569202045307523e-06
2356 5.8862061216131055e-06
2357 2.569202045307523e-06
2358 2.569202045307523e-06
2359 2.569202045307523e-06
2360 2.569202045307523e-06
2361 5.8862061216131055e-06
2362 5.8862061216131055e-06
2363 2.569202045307523e-06
2364 2.569202045307523e-06
2365 2.569202045307523e-06
2366 2.569202045307523e-06
2367 5.8862061216131055e-06
2368 5.8862061216131055e-06
2369 2.569202045307523e-06
2370 2.569202045307523e-06
2371 2.569202045307523e-06
2372 2.569202045307523e-06
2373 5.8862061216131055e-06
2374 5.8862061216131055e-06
2375 2.569202045307523e-06
2376 2.569202045307523e-06
2377 2.569202045307523e-06
2378 2.569202045307523e-06
2379 5.8862061216131055e-06
2380 5.8862061216131055e-06
2381 2.569202045307523e-06
2382 2.569202045307523e-06
2383 2.569202045307523e-06
2384 2.569202045307523e-06
2385 5.8862061216131055e-06
2386 5.8862061216131055e-06
2387 2.569202045307523e-06
2388 2.569202045307523e-06
2389 2.569202045307523e-06
2390 2.569202045307523e-06
2391 5.8862061216131055e-06
2392 5.8862061216131055e-06
2393 2.569202045307523e-06
2394 2.569202045307523e-06
2395 2.569202045307523e-06
2396 2.569202045307523e-06
2397 5.8862061216131055e-06
2398 5.8862061216131055e-06
2399 2.569202045307523e-06
2400 2.569202045307523e-06
2401 2.569202045307523e-06
2402 2.569202045307523e-06
2403 5.8862061216131055e-06
2404 5.8862061216131055e-06
2405 2.569202045307523e-06
2406 2.569202045307523e-06
2407 2.569202045307523e-06
2408 2.569202045307523e-06
2409 5.8862061216131055e-06
2410 5.8862061216131055e-06
2411 2.569202045307523e-06
2412 2.569202045307523e-06
2413 2.569202045307523e-06
2414 2.569202045307523e-06
2415 5.8862061216131055e-06
2416 5.8862061216131055e-06
2417 2.569202045307523e-06
2418 2.569202045307523e-06
2419 2.569202045307523e-06
2420 2.569202045307523e-06
2421 5.8862061216131055e-06
2422 5.8862061216131055e-06
2423 2.569202045307523e-06
2424 2.569202045307523e-06
2425 2.569202045307523e-06
2426 2.569202045307523e-06
2427 5.8862061216131055e-06
2428 2.569202045307523e-06
2429 2.569202045307523e-06
2430 2.569202045307523e-06
2431 2.569202045307523e-06
2432 5.8862061216131055e-06
2433 5.8862061216131055e-06
2434 2.569202045307523e-06
2435 2.569202045307523e-06
2436 2.569202045307523e-06
2437 2.569202045307523e-06
2438 5.8862061216131055e-06
2439 5.8862061216131055e-06
2440 2.569202045307523e-06
2441 2.569202045307523e-06
2442 2.569202045307523e-06
2443 2.569202045307523e-06
2444 5.8862061216131055e-06
2445 5.8862061216131055e-06
2446 2.569202045307523e-06
2447 2.569202045307523e-06
2448 2.569202045307523e-06
2449 2.569202045307523e-06
2450 5.8862061216131055e-06
2451 5.8862061216131055e-06
2452 2.569202045307523e-06
2453 2.569202045307523e-06
2454 2.569202045307523e-06
2455 2.569202045307523e-06
2456 5.8862061216131055e-06
2457 5.8862061216131055e-06
2458 2.569202045307523e-06
2459 2.569202045307523e-06
2460 2.569202045307523e-06
2461 2.569202045307523e-06
2462 5.8862061216131055e-06
2463 5.8862061216131055e-06
2464 2.569202045307523e-06
2465 2.569202045307523e-06
2466 2.569202045307523e-06
2467 2.569202045307523e-06
2468 5.8862061216131055e-06
2469 5.8862061216131055e-06
2470 2.569202045307523e-06
2471 2.569202045307523e-06
2472 2.569202045307523e-06
2473 2.569202045307523e-06
2474 5.8862061216131055e-06
2475 5.8862061216131055e-06
2476 2.569202045307523e-06
2477 2.569202045307523e-06
2478 2.569202045307523e-06
2479 2.569202045307523e-06
2480 5.8862061216131055e-06
2481 5.8862061216131055e-06
2482 2.569202045307523e-06
2483 2.569202045307523e-06
2484 2.569202045307523e-06
2485 2.569202045307523e-06
2486 5.8862061216131055e-06
2487 5.8862061216131055e-06
2488 2.569202045307523e-06
2489 2.569202045307523e-06
2490 2.569202045307523e-06
2491 2.569202045307523e-06
2492 5.8862061216131055e-06
2493 5.8862061216131055e-06
2494 2.569202045307523e-06
2495 2.569202045307523e-06
2496 2.569202045307523e-06
2497 2.569202045307523e-06
2498 5.8862061216131055e-06
2499 2.569202045307523e-06
2500 2.569202045307523e-06
2501 2.569202045307523e-06
2502 2.569202045307523e-06
2503 5.8862061216131055e-06
2504 5.8862061216131055e-06
2505 2.569202045307523e-06
2506 2.569202045307523e-06
2507 2.569202045307523e-06
2508 2.569202045307523e-06
2509 5.8862061216131055e-06
2510 5.8862061216131055e-06
2511 2.569202045307523e-06
2512 2.569202045307523e-06
2513 2.569202045307523e-06
2514 2.569202045307523e-06
2515 5.8862061216131055e-06
2516 5.8862061216131055e-06
2517 2.569202045307523e-06
2518 2.569202045307523e-06
2519 2.569202045307523e-06
2520 2.569202045307523e-06
2521 5.8862061216131055e-06
2522 5.8862061216131055e-06
2523 2.569202045307523e-06
2524 2.569202045307523e-06
2525 2.569202045307523e-06
2526 2.569202045307523e-06
2527 5.8862061216131055e-06
2528 5.8862061216131055e-06
2529 2.569202045307523e-06
2530 2.569202045307523e-06
2531 2.569202045307523e-06
2532 2.569202045307523e-06
2533 5.8862061216131055e-06
2534 5.8862061216131055e-06
2535 2.569202045307523e-06
2536 2.569202045307523e-06
2537 2.569202045307523e-06
2538 2.569202045307523e-06
2539 5.8862061216131055e-06
2540 5.8862061216131055e-06
2541 2.569202045307523e-06
2542 2.569202045307523e-06
2543 2.569202045307523e-06
2544 2.569202045307523e-06
2545 5.8862061216131055e-06
2546 5.8862061216131055e-06
2547 2.569202045307523e-06
2548 2.569202045307523e-06
2549 2.569202045307523e-06
2550 2.569202045307523e-06
2551 5.8862061216131055e-06
2552 5.8862061216131055e-06
2553 2.569202045307523e-06
2554 2.569202045307523e-06
2555 2.569202045307523e-06
2556 2.569202045307523e-06
2557 5.8862061216131055e-06
2558 5.8862061216131055e-06
2559 2.569202045307523e-06
2560 2.569202045307523e-06
2561 2.569202045307523e-06
2562 2.569202045307523e-06
2563 5.8862061216131055e-06
2564 5.8862061216131055e-06
2565 2.569202045307523e-06
2566 2.569202045307523e-06
2567 2.569202045307523e-06
2568 2.569202045307523e-06
2569 5.8862061216131055e-06
2570 2.569202045307523e-06
2571 2.569202045307523e-06
2572 2.569202045307523e-06
2573 2.569202045307523e-06
2574 5.8862061216131055e-06
2575 5.8862061216131055e-06
2576 2.569202045307523e-06
2577 2.569202045307523e-06
2578 2.569202045307523e-06
2579 2.569202045307523e-06
2580 5.8862061216131055e-06
2581 5.8862061216131055e-06
2582 2.569202045307523e-06
2583 2.569202045307523e-06
2584 2.569202045307523e-06
2585 2.569202045307523e-06
2586 5.8862061216131055e-06
2587 5.8862061216131055e-06
2588 2.569202045307523e-06
2589 2.569202045307523e-06
2590 2.569202045307523e-06
2591 2.569202045307523e-06
2592 5.8862061216131055e-06
2593 5.8862061216131055e-06
2594 2.569202045307523e-06
2595 2.569202045307523e-06
2596 2.569202045307523e-06
2597 2.569202045307523e-06
2598 5.8862061216131055e-06
2599 5.8862061216131055e-06
2600 2.569202045307523e-06
2601 2.569202045307523e-06
2602 2.569202045307523e-06
2603 2.569202045307523e-06
2604 5.8862061216131055e-06
2605 5.8862061216131055e-06
2606 2.569202045307523e-06
2607 2.569202045307523e-06
2608 2.569202045307523e-06
2609 2.569202045307523e-06
2610 5.8862061216131055e-06
2611 5.8862061216131055e-06
2612 2.569202045307523e-06
2613 2.569202045307523e-06
2614 2.569202045307523e-06
2615 2.569202045307523e-06
2616 5.8862061216131055e-06
2617 5.8862061216131055e-06
2618 2.569202045307523e-06
2619 2.569202045307523e-06
2620 2.569202045307523e-06
2621 2.569202045307523e-06
2622 5.8862061216131055e-06
2623 5.8862061216131055e-06
2624 2.569202045307523e-06
2625 2.569202045307523e-06
2626 2.569202045307523e-06
2627 2.569202045307523e-06
2628 5.8862061216131055e-06
2629 5.8862061216131055e-06
2630 2.569202045307523e-06
2631 2.569202045307523e-06
2632 2.569202045307523e-06
2633 2.569202045307523e-06
2634 5.8862061216131055e-06
2635 5.8862061216131055e-06
2636 2.569202045307523e-06
2637 2.569202045307523e-06
2638 2.569202045307523e-06
2639 2.569202045307523e-06
2640 5.8862061216131055e-06
2641 2.569202045307523e-06
2642 2.569202045307523e-06
2643 2.569202045307523e-06
2644 2.569202045307523e-06
2645 5.8862061216131055e-06
2646 5.8862061216131055e-06
2647 2.569202045307523e-06
2648 2.569202045307523e-06
2649 2.569202045307523e-06
2650 2.569202045307523e-06
2651 5.8862061216131055e-06
2652 5.8862061216131055e-06
2653 2.569202045307523e-06
2654 2.569202045307523e-06
2655 2.569202045307523e-06
2656 2.569202045307523e-06
2657 5.8862061216131055e-06
2658 5.8862061216131055e-06
2659 2.569202045307523e-06
2660 2.569202045307523e-06
2661 2.569202045307523e-06
2662 2.569202045307523e-06
2663 5.8862061216131055e-06
2664 5.8862061216131055e-06
2665 2.569202045307523e-06
2666 2.569202045307523e-06
2667 2.569202045307523e-06
2668 2.569202045307523e-06
2669 5.8862061216131055e-06
2670 5.8862061216131055e-06
2671 2.569202045307523e-06
2672 2.569202045307523e-06
2673 2.569202045307523e-06
2674 2.569202045307523e-06
2675 5.8862061216131055e-06
2676 5.8862061216131055e-06
2677 2.569202045307523e-06
2678 2.569202045307523e-06
2679 2.569202045307523e-06
2680 2.569202045307523e-06
2681 5.8862061216131055e-06
2682 5.8862061216131055e-06
2683 2.569202045307523e-06
2684 2.569202045307523e-06
2685 2.569202045307523e-06
2686 2.569202045307523e-06
2687 5.8862061216131055e-06
2688 5.8862061216131055e-06
2689 2.569202045307523e-06
2690 2.569202045307523e-06
2691 2.569202045307523e-06
2692 2.569202045307523e-06
2693 5.8862061216131055e-06
2694 5.8862061216131055e-06
2695 2.569202045307523e-06
2696 2.569202045307523e-06
2697 2.569202045307523e-06
2698 2.569202045307523e-06
2699 5.8862061216131055e-06
2700 5.8862061216131055e-06
2701 2.569202045307523e-06
2702 2.569202045307523e-06
2703 2.569202045307523e-06
2704 2.569202045307523e-06
2705 5.8862061216131055e-06
2706 5.8862061216131055e-06
2707 2.569202045307523e-06
2708 2.569202045307523e-06
2709 2.569202045307523e-06
2710 2.569202045307523e-06
2711 5.8862061216131055e-06
2712 2.569202045307523e-06
2713 2.569202045307523e-06
2714 2.569202045307523e-06
2715 2.569202045307523e-06
2716 5.8862061216131055e-06
2717 5.8862061216131055e-06
2718 2.569202045307523e-06
2719 2.569202045307523e-06
2720 2.569202045307523e-06
2721 2.569202045307523e-06
2722 5.8862061216131055e-06
2723 5.8862061216131055e-06
2724 2.569202045307523e-06
2725 2.569202045307523e-06
2726 2.569202045307523e-06
2727 2.569202045307523e-06
2728 5.8862061216131055e-06
2729 5.8862061216131055e-06
2730 2.569202045307523e-06
2731 2.569202045307523e-06
2732 2.569202045307523e-06
2733 2.569202045307523e-06
2734 5.8862061216131055e-06
2735 5.8862061216131055e-06
2736 2.569202045307523e-06
2737 2.569202045307523e-06
2738 2.569202045307523e-06
2739 2.569202045307523e-06
2740 5.8862061216131055e-06
2741 5.8862061216131055e-06
2742 2.569202045307523e-06
2743 2.569202045307523e-06
2744 2.569202045307523e-06
2745 2.569202045307523e-06
2746 5.8862061216131055e-06
2747 5.8862061216131055e-06
2748 2.569202045307523e-06
2749 2.569202045307523e-06
2750 2.569202045307523e-06
2751 2.569202045307523e-06
2752 5.8862061216131055e-06
2753 5.8862061216131055e-06
2754 2.569202045307523e-06
2755 2.569202045307523e-06
2756 2.569202045307523e-06
2757 2.569202045307523e-06
2758 5.8862061216131055e-06
2759 5.8862061216131055e-06
2760 2.569202045307523e-06
2761 2.569202045307523e-06
2762 2.569202045307523e-06
2763 2.569202045307523e-06
2764 5.8862061216131055e-06
2765 5.8862061216131055e-06
2766 2.569202045307523e-06
2767 2.569202045307523e-06
2768 2.569202045307523e-06
2769 2.569202045307523e-06
2770 5.8862061216131055e-06
2771 5.8862061216131055e-06
2772 2.569202045307523e-06
2773 2.569202045307523e-06
2774 2.569202045307523e-06
2775 2.569202045307523e-06
2776 5.8862061216131055e-06
2777 5.8862061216131055e-06
2778 2.569202045307523e-06
2779 2.569202045307523e-06
2780 2.569202045307523e-06
2781 2.569202045307523e-06
2782 5.8862061216131055e-06
2783 2.569202045307523e-06
2784 2.569202045307523e-06
2785 2.569202045307523e-06
2786 2.569202045307523e-06
2787 5.8862061216131055e-06
2788 5.8862061216131055e-06
2789 2.569202045307523e-06
2790 2.569202045307523e-06
2791 2.569202045307523e-06
2792 2.569202045307523e-06
2793 5.8862061216131055e-06
2794 5.8862061216131055e-06
2795 2.569202045307523e-06
2796 2.569202045307523e-06
2797 2.569202045307523e-06
2798 2.569202045307523e-06
2799 5.8862061216131055e-06
2800 5.8862061216131055e-06
2801 2.569202045307523e-06
2802 2.569202045307523e-06
2803 2.569202045307523e-06
2804 2.569202045307523e-06
2805 5.8862061216131055e-06
2806 5.8862061216131055e-06
2807 2.569202045307523e-06
2808 2.569202045307523e-06
2809 2.569202045307523e-06
2810 2.569202045307523e-06
2811 5.8862061216131055e-06
2812 5.8862061216131055e-06
2813 2.569202045307523e-06
2814 2.569202045307523e-06
2815 2.569202045307523e-06
2816 2.569202045307523e-06
2817 5.8862061216131055e-06
2818 5.8862061216131055e-06
2819 2.569202045307523e-06
2820 2.569202045307523e-06
2821 2.569202045307523e-06
2822 2.569202045307523e-06
2823 5.8862061216131055e-06
2824 5.8862061216131055e-06
2825 2.569202045307523e-06
2826 2.569202045307523e-06
2827 2.569202045307523e-06
2828 2.569202045307523e-06
2829 5.8862061216131055e-06
2830 5.8862061216131055e-06
2831 2.569202045307523e-06
2832 2.569202045307523e-06
2833 2.569202045307523e-06
2834 2.569202045307523e-06
2835 5.8862061216131055e-06
2836 5.8862061216131055e-06
2837 2.569202045307523e-06
2838 2.569202045307523e-06
2839 2.569202045307523e-06
2840 2.569202045307523e-06
2841 5.8862061216131055e-06
2842 5.8862061216131055e-06
2843 2.569202045307523e-06
2844 2.569202045307523e-06
2845 2.569202045307523e-06
2846 2.569202045307523e-06
2847 5.8862061216131055e-06
2848 5.8862061216131055e-06
2849 2.569202045307523e-06
2850 2.569202045307523e-06
2851 2.569202045307523e-06
2852 2.569202045307523e-06
2853 5.8862061216131055e-06
2854 2.569202045307523e-06
2855 2.569202045307523e-06
2856 2.569202045307523e-06
2857 2.569202045307523e-06
2858 5.8862061216131055e-06
2859 2.569202045307523e-06
2860 2.569202045307523e-06
2861 2.569202045307523e-06
2862 2.569202045307523e-06
2863 5.8862061216131055e-06
2864 2.569202045307523e-06
2865 2.569202045307523e-06
2866 2.569202045307523e-06
2867 2.569202045307523e-06
2868 5.8862061216131055e-06
2869 2.569202045307523e-06
2870 2.569202045307523e-06
2871 2.569202045307523e-06
2872 2.569202045307523e-06
2873 5.8862061216131055e-06
2874 2.569202045307523e-06
2875 2.569202045307523e-06
2876 2.569202045307523e-06
2877 2.569202045307523e-06
2878 5.8862061216131055e-06
2879 2.569202045307523e-06
2880 2.569202045307523e-06
2881 2.569202045307523e-06
2882 2.569202045307523e-06
2883 5.8862061216131055e-06
2884 2.569202045307523e-06
2885 2.569202045307523e-06
2886 2.569202045307523e-06
2887 2.569202045307523e-06
2888 5.8862061216131055e-06
2889 2.569202045307523e-06
2890 2.569202045307523e-06
2891 2.569202045307523e-06
2892 2.569202045307523e-06
2893 5.8862061216131055e-06
2894 2.569202045307523e-06
2895 2.569202045307523e-06
2896 2.569202045307523e-06
2897 2.569202045307523e-06
2898 5.8862061216131055e-06
2899 2.569202045307523e-06
2900 2.569202045307523e-06
2901 2.569202045307523e-06
2902 2.569202045307523e-06
2903 5.8862061216131055e-06
2904 2.569202045307523e-06
2905 2.569202045307523e-06
2906 2.569202045307523e-06
2907 2.569202045307523e-06
2908 5.8862061216131055e-06
2909 2.569202045307523e-06
2910 2.569202045307523e-06
2911 2.569202045307523e-06
2912 2.569202045307523e-06
2913 2.569202045307523e-06
2914 2.569202045307523e-06
2915 2.569202045307523e-06
2916 2.569202045307523e-06
2917 0.0005768052538064349
2918 0.00014846529625485306
2919 0.0005768052538064349
2920 0.00014846529625485306
2921 0.0005768052538064349
2922 0.00014846529625485306
2923 0.0005768052538064349
2924 0.00014846529625485306
2925 0.0005768052538064349
2926 0.00014846529625485306
2927 0.0005768052538064349
2928 0.00014846529625485306
2929 0.0005768052538064349
2930 0.00014846529625485306
2931 0.0005768052538064349
2932 0.00014846529625485306
2933 0.0005768052538064349
2934 0.00014846529625485306
2935 0.0005768052538064349
2936 0.00014846529625485306
2937 0.0005768052538064349
2938 0.00014846529625485306
2939 0.0005768052538064349
2940 0.00014846529625485306
2941 0.0005768052538064349
2942 0.00014846529625485306
2943 0.0005768052538064349
2944 0.00014846529625485306
2945 0.0005768052538064349
2946 0.00014846529625485306
2947 0.0005768052538064349
2948 0.00014846529625485306
2949 0.0005768052538064349
2950 0.00014846529625485306
2951 0.0005768052538064349
2952 0.00014846529625485306
2953 0.0005768052538064349
2954 0.00014846529625485306
2955 0.0005768052538064349
2956 0.00014846529625485306
2957 0.0005768052538064349
2958 0.00014846529625485306
2959 0.0005768052538064349
2960 0.00014846529625485306
2961 0.0005768052538064349
2962 0.00014846529625485306
2963 0.0005768052538064349
2964 0.00014846529625485306
2965 0.0005768052538064349
2966 0.00014846529625485306
2967 0.0005768052538064349
2968 0.00014846529625485306
2969 0.0005768052538064349
2970 0.00014846529625485306
2971 0.0005768052538064349
2972 0.00014846529625485306
2973 0.0005768052538064349
2974 0.00014846529625485306
2975 0.0005768052538064349
2976 0.00014846529625485306
2977 0.0005768052538064349
2978 0.00014846529625485306
2979 0.0005768052538064349
2980 0.00014846529625485306
2981 0.0005768052538064349
2982 0.00014846529625485306
2983 0.0005768052538064349
2984 0.00014846529625485306
2985 0.0005768052538064349
2986 0.00014846529625485306
2987 0.0005768052538064349
2988 0.00014846529625485306
2989 0.0005768052538064349
2990 0.00014846529625485306
2991 0.0005768052538064349
2992 0.00014846529625485306
2993 0.0005768052538064349
2994 0.00014846529625485306
2995 0.0005768052538064349
2996 0.00014846529625485306
2997 0.0005768052538064349
2998 0.00014846529625485306
2999 0.0005768052538064349
3000 0.00014846529625485306
3001 0.0005768052538064349
3002 0.00014846529625485306
3003 0.0005768052538064349
3004 0.00014846529625485306
3005 0.0005768052538064349
3006 0.00014846529625485306
3007 0.0005768052538064349
3008 0.00014846529625485306
3009 0.0005768052538064349
3010 0.00014846529625485306
3011 0.0005768052538064349
3012 0.00014846529625485306
3013 0.0005768052538064349
3014 0.00014846529625485306
3015 0.0005768052538064349
3016 0.00014846529625485306
3017 0.0005768052538064349
3018 0.00014846529625485306
3019 0.0005768052538064349
3020 0.00014846529625485306
3021 0.0005768052538064349
3022 0.00014846529625485306
3023 0.0005768052538064349
3024 0.00014846529625485306
3025 0.0005768052538064349
3026 0.00014846529625485306
3027 0.0005768052538064349
3028 0.00014846529625485306
3029 0.0005768052538064349
3030 0.00014846529625485306
3031 0.0005768052538064349
3032 0.00014846529625485306
3033 0.0005768052538064349
3034 0.00014846529625485306
3035 0.0005768052538064349
3036 0.00014846529625485306
3037 0.0005768052538064349
3038 0.00014846529625485306
3039 0.0005768052538064349
3040 0.00014846529625485306
3041 0.0005768052538064349
3042 0.00014846529625485306
3043 0.0005768052538064349
3044 0.00014846529625485306
3045 0.0005768052538064349
3046 0.00014846529625485306
3047 0.0005768052538064349
3048 0.00014846529625485306
3049 0.0005768052538064349
3050 0.00014846529625485306
3051 0.0005768052538064349
3052 0.00014846529625485306
3053 0.0005768052538064349
3054 0.00014846529625485306
3055 0.0005768052538064349
3056 0.00014846529625485306
3057 0.0005768052538064349
3058 0.00014846529625485306
3059 0.0005768052538064349
3060 0.00014846529625485306
3061 0.0005768052538064349
3062 0.00014846529625485306
3063 0.0005768052538064349
3064 0.00014846529625485306
3065 0.0005768052538064349
3066 0.00014846529625485306
3067 0.0005768052538064349
3068 0.00014846529625485306
3069 0.0005768052538064349
3070 0.00014846529625485306
3071 0.0005768052538064349
3072 0.00014846529625485306
3073 0.0005768052538064349
3074 0.00014846529625485306
3075 0.0005768052538064349
3076 0.00014846529625485306
3077 0.0005768052538064349
3078 0.00014846529625485306
3079 0.0005768052538064349
3080 0.00014846529625485306
3081 0.0005768052538064349
3082 0.00014846529625485306
3083 0.0005768052538064349
3084 0.00014846529625485306
3085 0.0005768052538064349
3086 0.00014846529625485306
3087 0.0005768052538064349
3088 0.00014846529625485306
3089 0.0005768052538064349
3090 0.00014846529625485306
3091 0.0005768052538064349
3092 0.00014846529625485306
3093 0.0005768052538064349
3094 0.00014846529625485306
3095 0.0005768052538064349
3096 0.00014846529625485306
3097 0.0005768052538064349
3098 0.00014846529625485306
$EndElementData
$ElementData
1
"Attribute:SectionDimension1"
1
0
3
0
1
3098
1 0.6
2 0.6
3 0.6
4 0.6
5 0.6
6 0.6
7 0.6
8 0.6
9 0.6
10 0.6
11 0.6
12 0.6
13 0.6
14 0.6
15 0.6
16 0.6
17 0.6
18 0.6
19 0.6
20 0.6
21 0.6
22 0.6
23 0.6
24 0.6
25 0.5
26 0.5
27 0.5
28 0.5
29 0.5
30 0.5
31 0.5
32 0.5
33 0.5
34 0.5
35 0.5
36 0.5
37 0.5
38 0.5
39 0.5
40 0.5
41 0.5
42 0.5
43 0.5
44 0.5
45 0.5
46 0.5
47 0.5
48 0.5
49 0.6
50 0.6
51 0.6
52 0.6
53 0.6
54 0.6
55 0.6
56 0.6
57 0.6
58 0.6
59 0.6
60 0.6
61 0.6
62 0.6
63 0.6
64 0.6
65 0.6
66 0.6
67 0.6
68 0.6
69 0.6
70 0.6
71 0.6
72 0.6
73 0.5
74 0.5
75 0.5
76 0.5
77 0.5
78 0.5
79 0.5
80 0.5
81 0.5
82 0.5
83 0.5
84 0.5
85 0.5
86 0.5
87 0.5
88 0.5
89 0.5
90 0.5
91 0.5
92 0.5
93 0.5
94 0.5
95 0.5
96 0.5
97 0.6
98 0.6
99 0.6
100 0.6
101 0.6
102 0.6
103 0.6
104 0.6
105 0.6
106 0.6
107 0.6
108 0.6
109 0.6
110 0.6
111 0.6
112 0.6
113 0.6
114 0.6
115 0.6
116 0.6
117 0.6
118 0.6
119 0.6
120 0.6
121 0.5
122 0.5
123 0.5
124 0.5
125 0.5
126 0.5
127 0.5
128 0.5
129 0.5
130 0.5
131 0.5
132 0.5
133 0.5
134 0.5
135 0.5
136 0.5
137 0.5
138 0.5
139 0.5
140 0.5
141 0.5
142 0.5
143 0.5
144 0.5
145 0.6
146 0.6
147 0.6
148 0.6
149 0.6
150 0.6
151 0.6
152 0.6
153 0.6
154 0.6
155 0.6
156 0.6
157 0.6
158 0.6
159 0.6
160 0.6
161 0.6
162 0.6
163 0.6
164 0.6
165 0.6
166 0.6
167 0.6
168 0.6
169 0.5
170 0.5
171 0.5
172 0.5
173 0.5
174 0.5
175 0.5
176 0.5
177 0.5
178 0.5
179 0.5
180 0.5
181 0.5
182 0.5
183 0.5
184 0.5
185 0.5
186 0.5
187 0.5
188 0.5
189 0.5
190 0.5
191 0.5
192 0.5
193 0.6
194 0.6
195 0.6
196 0.6
197 0.6
198 0.6
199 0.6
200 0.6
201 0.6
202 0.6
203 0.6
204 0.6
205 0.6
206 0.6
207 0.6
208 0.6
209 0.6
210 0.6
211 0.6
212 0.6
213 0.6
214 0.6
215 0.6
216 0.6
217 0.5
218 0.5
219 0.5
220 0.5
221 0.5
222 0.5
223 0.5
224 0.5
225 0.5
226 0.5
227 0.5
228 0.5
229 0.5
230 0.5
231 0.5
232 0.5
233 0.5
234 0.5
235 0.5
236 0.5
237 0.5
238 0.5
239 0.5
240 0.5
241 0.6
242 0.6
243 0.6
244 0.6
245 0.6
246 0.6
247 0.6
248 0.6
249 0.6
250 0.6
251 0.6
252 0.6
253 0.6
254 0.6
255 0.6
256 0.6
257 0.6
258 0.6
259 0.6
260 0.6
261 0.6
262 0.6
263 0.6
264 0.6
265 0.5
266 0.5
267 0.5
268 0.5
269 0.5
270 0.5
271 0.5
272 0.5
273 0.5
274 0.5
275 0.5
276 0.5
277 0.5
278 0.5
279 0.5
280 0.5
281 0.5
282 0.5
283 0.5
284 0.5
285 0.5
286 0.5
287 0.5
288 0.5
289 0.6
290 0.6
291 0.6
292 0.6
293 0.6
294 0.6
295 0.6
296 0.6
297 0.6
298 0.6
299 0.6
300 0.6
301 0.6
302 0.6
303 0.6
304 0.6
305 0.6
306 0.6
307 0.6
308 0.6
309 0.6
310 0.6
311 0.6
312 0.6
313 0.6
314 0.6
315 0.6
316 0.6
317 0.6
318 0.6
319 0.6
320 0.6
321 0.6
322 0.6
323 0.6
324 0.6
325 0.5
326 0.5
327 0.5
328 0.5
329 0.5
330 0.5
331 0.5
332 0.5
333 0.5
334 0.5
335 0.5
336 0.5
337 0.6
338 0.6
339 0.6
340 0.6
341 0.6
342 0.6
343 0.6
344 0.6
345 0.6
346 0.6
347 0.6
348 0.6
349 0.5
350 0.5
351 0.5
352 0.5
353 0.5
354 0.5
355 0.5
356 0.5
357 0.5
358 0.5
359 0.5
360 0.5
361 0.6
362 0.6
363 0.6
364 0.6
365 0.6
366 0.6
367 0.6
368 0.6
369 0.6
370 0.6
371 0.6
372 0.6
373 0.5
374 0.5
375 0.5
376 0.5
377 0.5
378 0.5
379 0.5
380 0.5
381 0.5
382 0.5
383 0.5
384 0.5
385 0.6
386 0.6
387 0.6
388 0.6
389 0.6
390 0.6
391 0.6
392 0.6
393 0.6
394 0.6
395 0.6
396 0.6
397 0.5
398 0.5
399 0.5
400 0.5
401 0.5
402 0.5
403 0.5
404 0.5
405 0.5
406 0.5
407 0.5
408 0.5
409 0.6
410 0.6
411 0.6
412 0.6
413 0.6
414 0.6
415 0.6
416 0.6
417 0.6
418 0.6
419 0.6
420 0.6
421 0.5
422 0.5
423 0.5
424 0.5
425 0.5
426 0.5
427 0.5
428 0.5
429 0.5
430 0.5
431 0.5
432 0.5
433 0.6
434 0.6
435 0.6
436 0.6
437 0.6
438 0.6
439 0.6
440 0.6
441 0.6
442 0.6
443 0.6
444 0.6
445 0.5
446 0.5
447 0.5
448 0.5
449 0.5
450 0.5
451 0.5
452 0.5
453 0.5
454 0.5
455 0.5
456 0.5
457 0.6
458 0.6
459 0.6
460 0.6
461 0.6
462 0.6
463 0.6
464 0.6
465 0.6
466 0.6
467 0.6
468 0.6
469 0.5
470 0.5
471 0.5
472 0.5
473 0.5
474 0.5
475 0.5
476 0.5
477 0.5
478 0.5
479 0.5
480 0.5
481 0.6
482 0.6
483 0.6
484 0.6
485 0.6
486 0.6
487 0.6
488 0.6
489 0.6
490 0.6
491 0.6
492 0.6
493 0.5
494 0.5
495 0.5
496 0.5
497 0.5
498 0.5
499 0.5
500 0.5
501 0.5
502 0.5
503 0.5
504 0.5
505 0.6
506 0.6
507 0.6
508 0.6
509 0.6
510 0.6
511 0.6
512 0.6
513 0.6
514 0.6
515 0.6
516 0.6
517 0.5
518 0.5
519 0.5
520 0.5
521 0.5
522 0.5
523 0.5
524 0.5
525 0.5
526 0.5
527 0.5
528 0.5
529 0.6
530 0.6
531 0.6
532 0.6
533 0.6
534 0.6
535 0.6
536 0.6
537 0.6
538 0.6
539 0.6
540 0.6
541 0.5
542 0.5
543 0.5
544 0.5
545 0.5
546 0.5
547 0.5
548 0.5
549 0.5
550 0.5
551 0.5
552 0.5
553 0.6
554 0.6
555 0.6
556 0.6
557 0.6
558 0.6
559 0.6
560 0.6
561 0.6
562 0.6
563 0.6
564 0.6
565 0.5
566 0.5
567 0.5
568 0.5
569 0.5
570 0.5
571 0.5
572 0.5
573 0.5
574 0.5
575 0.5
576 0.5
577 0.6
578 0.6
579 0.6
580 0.6
581 0.6
582 0.6
583 0.6
584 0.6
585 0.6
586 0.6
587 0.6
588 0.6
589 0.5
590 0.5
591 0.5
592 0.5
593 0.5
594 0.5
595 0.5
596 0.5
597 0.5
598 0.5
599 0.5
600 0.5
601 0.6
602 0.6
603 0.6
604 0.6
605 0.6
606 0.6
607 0.6
608 0.6
609 0.6
610 0.6
611 0.6
612 0.6
613 0.1397
614 0.1397
615 0.1397
616 0.1397
617 0.1397
618 0.1397
619 0.1397
620 0.1397
621 0.1397
622 0.1397
623 0.1397
624 0.1397
625 0.1397
626 0.1397
627 0.1397
628 0.1397
629 0.1397
630 0.1397
631 0.1397
632 0.1397
633 0.1397
634 0.1397
635 0.1397
636 0.1397
637 0.1397
638 0.1397
639 0.1397
640 0.1397
641 0.1397
642 0.1397
643 0.1397
644 0.1397
645 0.1397
646 0.1397
647 0.1397
648 0.1397
649 0.1397
650 0.1397
651 0.1397
652 0.1397
653 0.1397
654 0.1397
655 0.1397
656 0.1397
657 0.1397
658 0.1397
659 0.1397
660 0.1397
661 0.1397
662 0.1397
663 0.1397
664 0.1397
665 0.1397
666 0.1397
667 0.1397
668 0.1397
669 0.1397
670 0.1397
671 0.1397
672 0.1397
673 0.1397
674 0.1397
675 0.1397
676 0.1397
677 0.1397
678 0.1397
679 0.1397
680 0.1397
681 0.1397
682 0.1397
683 0.1397
684 0.1397
685 0.1397
686 0.1397
687 0.1397
688 0.1397
689 0.1397
690 0.1397
691 0.1397
692 0.1397
693 0.1397
694 0.1397
695 0.1397
696 0.1397
697 0.1397
698 0.1397
699 0.1397
700 0.1397
701 0.1397
702 0.1397
703 0.1397
704 0.1397
705 0.1397
706 0.1397
707 0.1397
708 0.1397
709 0.1397
710 0.1397
711 0.1397
712 0.1397
713 0.1397
714 0.1397
715 0.1397
716 0.1397
717 0.1397
718 0.1397
719 0.1397
720 0.1397
721 0.1397
722 0.1397
723 0.1397
724 0.1397
725 0.1397
726 0.1397
727 0.1397
728 0.1397
729 0.1397
730 0.1397
731 0.1397
732 0.1397
733 0.1397
734 0.1397
735 0.1397
736 0.1397
737 0.1397
738 0.1397
739 0.1397
740 0.1397
741 0.1397
742 0.1397
743 0.1397
744 0.1397
745 0.1397
746 0.1397
747 0.1397
748 0.1397
749 0.1397
750 0.1397
751 0.1397
752 0.1397
753 0.1397
754 0.1397
755 0.1397
756 0.1397
757 0.1397
758 0.1397
759 0.1397
760 0.1397
761 0.1397
762 0.1397
763 0.1397
764 0.1397
765 0.1397
766 0.1397
767 0.1397
768 0.1397
769 0.1397
770 0.1397
771 0.1397
772 0.1397
773 0.1397
774 0.1397
775 0.1397
776 0.1397
777 0.1397
778 0.1397
779 0.1397
780 0.1397
781 0.1397
782 0.1397
783 0.1397
784 0.1397
785 0.1397
786 0.1397
787 0.1397
788 0.1397
789 0.1397
790 0.1397
791 0.1397
792 0.1397
793 0.1397
794 0.1397
795 0.1397
796 0.1397
797 0.1397
798 0.1397
799 0.1397
800 0.1397
801 0.1397
802 0.1397
803 0.1397
804 0.1397
805 0.1397
806 0.1397
807 0.1397
808 0.1397
809 0.1397
810 0.1397
811 0.1397
812 0.1397
813 0.1397
814 0.1397
815 0.1397
816 0.1397
817 0.1397
818 0.1397
819 0.1397
820 0.1397
821 0.1397
822 0.1397
823 0.1397
824 0.1397
825 0.1397
826 0.1397
827 0.1397
828 0.1397
829 0.1397
830 0.1397
831 0.1397
832 0.1397
833 0.1397
834 0.1397
835 0.1397
836 0.1397
837 0.1397
838 0.1397
839 0.1397
840 0.1397
841 0.1397
842 0.1397
843 0.1397
844 0.1397
845 0.1397
846 0.1397
847 0.1397
848 0.1397
849 0.1397
850 0.1397
851 0.1397
852 0.1397
853 0.1397
854 0.1397
855 0.1397
856 0.1397
857 0.1397
858 0.1397
859 0.1397
860 0.1397
861 0.1397
862 0.1397
863 0.1397
864 0.1397
865 0.1397
866 0.1397
867 0.1397
868 0.1397
869 0.1397
870 0.1397
871 0.1397
872 0.1397
873 0.1397
874 0.1397
875 0.1397
876 0.1397
877 0.1397
878 0.1397
879 0.1397
880 0.1397
881 0.1397
882 0.1397
883 0.1397
884 0.1397
885 0.1397
886 0.1397
887 0.1397
888 0.1397
889 0.1397
890 0.1397
891 0.1397
892 0.1397
893 0.1397
894 0.1397
895 0.1397
896 0.1397
897 0.1397
898 0.1397
899 0.1397
900 0.1397
901 0.1397
902 0.1397
903 0.1397
904 0.1397
905 0.1397
906 0.1397
907 0.1397
908 0.1397
909 0.1397
910 0.1397
911 0.1397
912 0.1397
913 0.1397
914 0.1397
915 0.1397
916 0.1397
917 0.1397
918 0.1397
919 0.1397
920 0.1397
921 0.1397
922 0.1397
923 0.1397
924 0.1397
925 0.1397
926 0.1397
927 0.1397
928 0.1397
929 0.1397
930 0.1397
931 0.1397
932 0.1397
933 0.1397
934 0.1397
935 0.1397
936 0.1397
937 0.1397
938 0.1397
939 0.1397
940 0.1397
941 0.1397
942 0.1397
943 0.1397
944 0.1397
945 0.1397
946 0.1397
947 0.1397
948 0.1397
949 0.1397
950 0.1397
951 0.1397
952 0.1397
953 0.1397
954 0.1397
955 0.1397
956 0.1397
957 0.1397
958 0.1397
959 0.1397
960 0.1397
961 0.1397
962 0.1397
963 0.1397
964 0.1397
965 0.1397
966 0.1397
967 0.1397
968 0.1397
969 0.1397
970 0.1397
971 0.1397
972 0.1397
973 0.1397
974 0.1397
975 0.1397
976 0.1397
977 0.1397
978 0.1397
979 0.1397
980 0.1397
981 0.1397
982 0.1397
983 0.1397
984 0.1397
985 0.1397
986 0.1397
987 0.1397
988 0.1397
989 0.1397
990 0.1397
991 0.1397
992 0.1397
993 0.1397
994 0.1397
995 0.1397
996 0.1397
997 0.1397
998 0.1397
999 0.1397
1000 0.1397
1001 0.1397
1002 0.1397
1003 0.1397
1004 0.1397
1005 0.1397
1006 0.1397
1007 0.1397
1008 0.1397
1009 0.1397
1010 0.1397
1011 0.1397
1012 0.1397
1013 0.1397
1014 0.1397
1015 0.1397
1016 0.1397
1017 0.1397
1018 0.1397
1019 0.1397
1020 0.1397
1021 0.1397
1022 0.1397
1023 0.1397
1024 0.1397
1025 0.1397
1026 0.1397
1027 0.1397
1028 0.1397
1029 0.1397
1030 0.1397
1031 0.1397
1032 0.1397
1033 0.1397
1034 0.1397
1035 0.1397
1036 0.1397
1037 0.1397
1038 0.1397
1039 0.1397
1040 0.1397
1041 0.1397
1042 0.1397
1043 0.1397
1044 0.1397
1045 0.1397
1046 0.1397
1047 0.1397
1048 0.1397
1049 0.1397
1050 0.1397
1051 0.1397
1052 0.1397
1053 0.1397
1054 0.1397
1055 0.1397
1056 0.1397
1057 0.1397
1058 0.1397
1059 0.1397
1060 0.1397
1061 0.1397
1062 0.1397
1063 0.1397
1064 0.1397
1065 0.1397
1066 0.1397
1067 0.1397
1068 0.1397
1069 0.1397
1070 0.1397
1071 0.1397
1072 0.1397
1073 0.1397
1074 0.1397
1075 0.1397
1076 0.1397
1077 0.1397
1078 0.1397
1079 0.1397
1080 0.1397
1081 0.1397
1082 0.1397
1083 0.1397
1084 0.1397
1085 0.1397
1086 0.1397
1087 0.1397
1088 0.1397
1089 0.1397
1090 0.1397
1091 0.1397
1092 0.1397
1093 0.1397
1094 0.1397
1095 0.1397
1096 0.1397
1097 0.1397
1098 0.1397
1099 0.1397
1100 0.1397
1101 0.1397
1102 0.1397
1103 0.1397
1104 0.1397
1105 0.1397
1106 0.1397
1107 0.1397
1108 0.1397
1109 0.1397
1110 0.1397
1111 0.1397
1112 0.1397
1113 0.1397
1114 0.1397
1115 0.1397
1116 0.1397
1117 0.1397
1118 0.1397
1119 0.1397
1120 0.1397
1121 0.1397
1122 0.1397
1123 0.1397
1124 0.1397
1125 0.1397
1126 0.1397
1127 0.1397
1128 0.1397
1129 0.1397
1130 0.1397
1131 0.1397
1132 0.1397
1133 0.1397
1134 0.1397
1135 0.1397
1136 0.1397
1137 0.1397
1138 0.1397
1139 0.1397
1140 0.1397
1141 0.1397
1142 0.1397
1143 0.1397
1144 0.1397
1145 0.1397
1146 0.1397
1147 0.1397
1148 0.1397
1149 0.1397
1150 0.1397
1151 0.1397
1152 0.1397
1153 0.1397
1154 0.1397
1155 0.1397
1156 0.1397
1157 0.1397
1158 0.1397
1159 0.1397
1160 0.1397
1161 0.1397
1162 0.1397
1163 0.1397
1164 0.1397
1165 0.1397
1166 0.1397
1167 0.1397
1168 0.1397
1169 0.1397
1170 0.1397
1171 0.1397
1172 0.1397
1173 0.1397
1174 0.1397
1175 0.1397
1176 0.1397
1177 0.1397
1178 0.1397
1179 0.1397
1180 0.1397
1181 0.1397
1182 0.1397
1183 0.1397
1184 0.1397
1185 0.1397
1186 0.1397
1187 0.1397
1188 0.1397
1189 0.1397
1190 0.1397
1191 0.1397
1192 0.1397
1193 0.1397
1194 0.1397
1195 0.1397
1196 0.1397
1197 0.1397
1198 0.1397
1199 0.1397
1200 0.1397
1201 0.1397
1202 0.1397
1203 0.1397
1204 0.1397
1205 0.1397
1206 0.1397
1207 0.1397
1208 0.1397
1209 0.1397
1210 0.1397
1211 0.1397
1212 0.1397
1213 0.1397
1214 0.1397
1215 0.1397
1216 0.1397
1217 0.1397
1218 0.1397
1219 0.1397
1220 0.1397
1221 0.1397
1222 0.1397
1223 0.1397
1224 0.1397
1225 0.1397
1226 0.1397
1227 0.1143
1228 0.1143
1229 0.1143
1230 0.1143
1231 0.1397
1232 0.1397
1233 0.1143
1234 0.1143
1235 0.1143
1236 0.1143
1237 0.1397
1238 0.1397
1239 0.1143
1240 0.1143
1241 0.1143
1242 0.1143
1243 0.1397
1244 0.1397
1245 0.1143
1246 0.1143
1247 0.1143
1248 0.1143
1249 0.1397
1250 0.1397
1251 0.1143
1252 0.1143
1253 0.1143
1254 0.1143
1255 0.1397
1256 0.1397
1257 0.1143
1258 0.1143
1259 0.1143
1260 0.1143
1261 0.1397
1262 0.1397
1263 0.1143
1264 0.1143
1265 0.1143
1266 0.1143
1267 0.1397
1268 0.1397
1269 0.1143
1270 0.1143
1271 0.1143
1272 0.1143
1273 0.1397
1274 0.1397
1275 0.1143
1276 0.1143
1277 0.1143
1278 0.1143
1279 0.1397
1280 0.1397
1281 0.1143
1282 0.1143
1283 0.1143
1284 0.1143
1285 0.1397
1286 0.1397
1287 0.1143
1288 0.1143
1289 0.1143
1290 0.1143
1291 0.1397
1292 0.1143
1293 0.1143
1294 0.1143
1295 0.1143
1296 0.1397
1297 0.1397
1298 0.1143
1299 0.1143
1300 0.1143
1301 0.1143
1302 0.1397
1303 0.1397
1304 0.1143
1305 0.1143
1306 0.1143
1307 0.1143
1308 0.1397
1309 0.1397
1310 0.1143
1311 0.1143
1312 0.1143
1313 0.1143
1314 0.1397
1315 0.1397
1316 0.1143
1317 0.1143
1318 0.1143
1319 0.1143
1320 0.1397
1321 0.1397
1322 0.1143
1323 0.1143
1324 0.1143
1325 0.1143
1326 0.1397
1327 0.1397
1328 0.1143
1329 0.1143
1330 0.1143
1331 0.1143
1332 0.1397
1333 0.1397
1334 0.1143
1335 0.1143
1336 0.1143
1337 0.1143
1338 0.1397
1339 0.1397
1340 0.1143
1341 0.1143
1342 0.1143
1343 0.1143
1344 0.1397
1345 0.1397
1346 0.1143
1347 0.1143
1348 0.1143
1349 0.1143
1350 0.1397
1351 0.1397
1352 0.1143
1353 0.1143
1354 0.1143
1355 0.1143
1356 0.1397
1357 0.1397
1358 0.1143
1359 0.1143
1360 0.1143
1361 0.1143
1362 0.1397
1363 0.1143
1364 0.1143
1365 0.1143
1366 0.1143
1367 0.1397
1368 0.1397
1369 0.1143
1370 0.1143
1371 0.1143
1372 0.1143
1373 0.1397
1374 0.1397
1375 0.1143
1376 0.1143
1377 0.1143
1378 0.1143
1379 0.1397
1380 0.1397
1381 0.1143
1382 0.1143
1383 0.1143
1384 0.1143
1385 0.1397
1386 0.1397
1387 0.1143
1388 0.1143
1389 0.1143
1390 0.1143
1391 0.1397
1392 0.1397
1393 0.1143
1394 0.1143
1395 0.1143
1396 0.1143
1397 0.1397
1398 0.1397
1399 0.1143
1400 0.1143
1401 0.1143
1402 0.1143
1403 0.1397
1404 0.1397
1405 0.1143
1406 0.1143
1407 0.1143
1408 0.1143
1409 0.1397
1410 0.1397
1411 0.1143
1412 0.1143
1413 0.1143
1414 0.1143
1415 0.1397
1416 0.1397
1417 0.1143
1418 0.1143
1419 0.1143
1420 0.1143
1421 0.1397
1422 0.1397
1423 0.1143
1424 0.1143
1425 0.1143
1426 0.1143
1427 0.1397
1428 0.1397
1429 0.1143
1430 0.1143
1431 0.1143
1432 0.1143
1433 0.1397
1434 0.1143
1435 0.1143
1436 0.1143
1437 0.1143
1438 0.1397
1439 0.1397
1440 0.1143
1441 0.1143
1442 0.1143
1443 0.1143
1444 0.1397
1445 0.1397
1446 0.1143
1447 0.1143
1448 0.1143
1449 0.1143
1450 0.1397
1451 0.1397
1452 0.1143
1453 0.1143
1454 0.1143
1455 0.1143
1456 0.1397
1457 0.1397
1458 0.1143
1459 0.1143
1460 0.1143
1461 0.1143
1462 0.1397
1463 0.1397
1464 0.1143
1465 0.1143
1466 0.1143
1467 0.1143
1468 0.1397
1469 0.1397
1470 0.1143
1471 0.1143
1472 0.1143
1473 0.1143
1474 0.1397
1475 0.1397
1476 0.1143
1477 0.1143
1478 0.1143
1479 0.1143
1480 0.1397
1481 0.1397
1482 0.1143
1483 0.1143
1484 0.1143
1485 0.1143
1486 0.1397
1487 0.1397
1488 0.1143
1489 0.1143
1490 0.1143
1491 0.1143
1492 0.1397
1493 0.1397
1494 0.1143
1495 0.1143
1496 0.1143
1497 0.1143
1498 0.1397
1499 0.1397
1500 0.1143
1501 0.1143
1502 0.1143
1503 0.1143
1504 0.1397
1505 0.1143
1506 0.1143
1507 0.1143
1508 0.1143
1509 0.1397
1510 0.1397
1511 0.1143
1512 0.1143
1513 0.1143
1514 0.1143
1515 0.1397
1516 0.1397
1517 0.1143
1518 0.1143
1519 0.1143
1520 0.1143
1521 0.1397
1522 0.1397
1523 0.1143
1524 0.1143
1525 0.1143
1526 0.1143
1527 0.1397
1528 0.1397
1529 0.1143
1530 0.1143
1531 0.1143
1532 0.1143
1533 0.1397
1534 0.1397
1535 0.1143
1536 0.1143
1537 0.1143
1538 0.1143
1539 0.1397
1540 0.1397
1541 0.1143
1542 0.1143
1543 0.1143
1544 0.1143
1545 0.1397
1546 0.1397
1547 0.1143
1548 0.1143
1549 0.1143
1550 0.1143
1551 0.1397
1552 0.1397
1553 0.1143
1554 0.1143
1555 0.1143
1556 0.1143
1557 0.1397
1558 0.1397
1559 0.1143
1560 0.1143
1561 0.1143
1562 0.1143
1563 0.1397
1564 0.1397
1565 0.1143
1566 0.1143
1567 0.1143
1568 0.1143
1569 0.1397
1570 0.1397
1571 0.1143
1572 0.1143
1573 0.1143
1574 0.1143
1575 0.1397
1576 0.1143
1577 0.1143
1578 0.1143
1579 0.1143
1580 0.1397
1581 0.1397
1582 0.1143
1583 0.1143
1584 0.1143
1585 0.1143
1586 0.1397
1587 0.1397
1588 0.1143
1589 0.1143
1590 0.1143
1591 0.1143
1592 0.1397
1593 0.1397
1594 0.1143
1595 0.1143
1596 0.1143
1597 0.1143
1598 0.1397
1599 0.1397
1600 0.1143
1601 0.1143
1602 0.1143
1603 0.1143
1604 0.1397
1605 0.1397
1606 0.1143
1607 0.1143
1608 0.1143
1609 0.1143
1610 0.1397
1611 0.1397
1612 0.1143
1613 0.1143
1614 0.1143
1615 0.1143
1616 0.1397
1617 0.1397
1618 0.1143
1619 0.1143
1620 0.1143
1621 0.1143
1622 0.1397
1623 0.1397
1624 0.1143
1625 0.1143
1626 0.1143
1627 0.1143
1628 0.1397
1629 0.1397
1630 0.1143
1631 0.1143
1632 0.1143
1633 0.1143
1634 0.1397
1635 0.1397
1636 0.1143
1637 0.1143
1638 0.1143
1639 0.1143
1640 0.1397
1641 0.1397
1642 0.1143
1643 0.1143
1644 0.1143
1645 0.1143
1646 0.1397
1647 0.1143
1648 0.1143
1649 0.1143
1650 0.1143
1651 0.1397
1652 0.1397
1653 0.1143
1654 0.1143
1655 0.1143
1656 0.1143
1657 0.1397
1658 0.1397
1659 0.1143
1660 0.1143
1661 0.1143
1662 0.1143
1663 0.1397
1664 0.1397
1665 0.1143
1666 0.1143
1667 0.1143
1668 0.1143
1669 0.1397
1670 0.1397
1671 0.1143
1672 0.1143
1673 0.1143
1674 0.1143
1675 0.1397
1676 0.1397
1677 0.1143
1678 0.1143
1679 0.1143
1680 0.1143
1681 0.1397
1682 0.1397
1683 0.1143
1684 0.1143
1685 0.1143
1686 0.1143
1687 0.1397
1688 0.1397
1689 0.1143
1690 0.1143
1691 0.1143
1692 0.1143
1693 0.1397
1694 0.1397
1695 0.1143
1696 0.1143
1697 0.1143
1698 0.1143
1699 0.1397
1700 0.1397
1701 0.1143
1702 0.1143
1703 0.1143
1704 0.1143
1705 0.1397
1706 0.1397
1707 0.1143
1708 0.1143
1709 0.1143
1710 0.1143
1711 0.1397
1712 0.1397
1713 0.1143
1714 0.1143
1715 0.1143
1716 0.1143
1717 0.1397
1718 0.1143
1719 0.1143
1720 0.1143
1721 0.1143
1722 0.1397
1723 0.1397
1724 0.1143
1725 0.1143
1726 0.1143
1727 0.1143
1728 0.1397
1729 0.1397
1730 0.1143
1731 0.1143
1732 0.1143
1733 0.1143
1734 0.1397
1735 0.1397
1736 0.1143
1737 0.1143
1738 0.1143
1739 0.1143
1740 0.1397
1741 0.1397
1742 0.1143
1743 0.1143
1744 0.1143
1745 0.1143
1746 0.1397
1747 0.1397
1748 0.1143
1749 0.1143
1750 0.1143
1751 0.1143
1752 0.1397
1753 0.1397
1754 0.1143
1755 0.1143
1756 0.1143
1757 0.1143
1758 0.1397
1759 0.1397
1760 0.1143
1761 0.1143
1762 0.1143
1763 0.1143
1764 0.1397
1765 0.1397
1766 0.1143
1767 0.1143
1768 0.1143
1769 0.1143
1770 0.1397
1771 0.1397
1772 0.1143
1773 0.1143
1774 0.1143
1775 0.1143
1776 0.1397
1777 0.1397
1778 0.1143
1779 0.1143
1780 0.1143
1781 0.1143
1782 0.1397
1783 0.1397
1784 0.1143
1785 0.1143
1786 0.1143
1787 0.1143
1788 0.1397
1789 0.1143
1790 0.1143
1791 0.1143
1792 0.1143
1793 0.1397
1794 0.1397
1795 0.1143
1796 0.1143
1797 0.1143
1798 0.1143
1799 0.1397
1800 0.1397
1801 0.1143
1802 0.1143
1803 0.1143
1804 0.1143
1805 0.1397
1806 0.1397
1807 0.1143
1808 0.1143
1809 0.1143
1810 0.1143
1811 0.1397
1812 0.1397
1813 0.1143
1814 0.1143
1815 0.1143
1816 0.1143
1817 0.1397
1818 0.1397
1819 0.1143
1820 0.1143
1821 0.1143
1822 0.1143
1823 0.1397
1824 0.1397
1825 0.1143
1826 0.1143
1827 0.1143
1828 0.1143
1829 0.1397
1830 0.1397
1831 0.1143
1832 0.1143
1833 0.1143
1834 0.1143
1835 0.1397
1836 0.1397
1837 0.1143
1838 0.1143
1839 0.1143
1840 0.1143
1841 0.1397
1842 0.1397
1843 0.1143
1844 0.1143
1845 0.1143
1846 0.1143
1847 0.1397
1848 0.1397
1849 0.1143
1850 0.1143
1851 0.1143
1852 0.1143
1853 0.1397
1854 0.1397
1855 0.1143
1856 0.1143
1857 0.1143
1858 0.1143
1859 0.1397
1860 0.1143
1861 0.1143
1862 0.1143
1863 0.1143
1864 0.1397
1865 0.1397
1866 0.1143
1867 0.1143
1868 0.1143
1869 0.1143
1870 0.1397
1871 0.1397
1872 0.1143
1873 0.1143
1874 0.1143
1875 0.1143
1876 0.1397
1877 0.1397
1878 0.1143
1879 0.1143
1880 0.1143
1881 0.1143
1882 0.1397
1883 0.1397
1884 0.1143
1885 0.1143
1886 0.1143
1887 0.1143
1888 0.1397
1889 0.1397
1890 0.1143
1891 0.1143
1892 0.1143
1893 0.1143
1894 0.1397
1895 0.1397
1896 0.1143
1897 0.1143
1898 0.1143
1899 0.1143
1900 0.1397
1901 0.1397
1902 0.1143
1903 0.1143
1904 0.1143
1905 0.1143
1906 0.1397
1907 0.1397
1908 0.1143
1909 0.1143
1910 0.1143
1911 0.1143
1912 0.1397
1913 0.1397
1914 0.1143
1915 0.1143
1916 0.1143
1917 0.1143
1918 0.1397
1919 0.1397
1920 0.1143
1921 0.1143
1922 0.1143
1923 0.1143
1924 0.1397
1925 0.1397
1926 0.1143
1927 0.1143
1928 0.1143
1929 0.1143
1930 0.1397
1931 0.1143
1932 0.1143
1933 0.1143
1934 0.1143
1935 0.1397
1936 0.1397
1937 0.1143
1938 0.1143
1939 0.1143
1940 0.1143
1941 0.1397
1942 0.1397
1943 0.1143
1944 0.1143
1945 0.1143
1946 0.1143
1947 0.1397
1948 0.1397
1949 0.1143
1950 0.1143
1951 0.1143
1952 0.1143
1953 0.1397
1954 0.1397
1955 0.1143
1956 0.1143
1957 0.1143
1958 0.1143
1959 0.1397
1960 0.1397
1961 0.1143
1962 0.1143
1963 0.1143
1964 0.1143
1965 0.1397
1966 0.1397
1967 0.1143
1968 0.1143
1969 0.1143
1970 0.1143
1971 0.1397
1972 0.1397
1973 0.1143
1974 0.1143
1975 0.1143
1976 0.1143
1977 0.1397
1978 0.1397
1979 0.1143
1980 0.1143
1981 0.1143
1982 0.1143
1983 0.1397
1984 0.1397
1985 0.1143
1986 0.1143
1987 0.1143
1988 0.1143
1989 0.1397
1990 0.1397
1991 0.1143
1992 0.1143
1993 0.1143
1994 0.1143
1995 0.1397
1996 0.1397
1997 0.1143
1998 0.1143
1999 0.1143
2000 0.1143
2001 0.1397
2002 0.1143
2003 0.1143
2004 0.1143
2005 0.1143
2006 0.1397
2007 0.1397
2008 0.1143
2009 0.1143
2010 0.1143
2011 0.1143
2012 0.1397
2013 0.1397
2014 0.1143
2015 0.1143
2016 0.1143
2017 0.1143
2018 0.1397
2019 0.1397
2020 0.1143
2021 0.1143
2022 0.1143
2023 0.1143
2024 0.1397
2025 0.1397
2026 0.1143
2027 0.1143
2028 0.1143
2029 0.1143
2030 0.1397
2031 0.1397
2032 0.1143
2033 0.1143
2034 0.1143
2035 0.1143
2036 0.1397
2037 0.1397
2038 0.1143
2039 0.1143
2040 0.1143
2041 0.1143
2042 0.1397
2043 0.1397
2044 0.1143
2045 0.1143
2046 0.1143
2047 0.1143
2048 0.1397
2049 0.1397
2050 0.1143
2051 0.1143
2052 0.1143
2053 0.1143
2054 0.1397
2055 0.1397
2056 0.1143
2057 0.1143
2058 0.1143
2059 0.1143
2060 0.1397
2061 0.1397
2062 0.1143
2063 0.1143
2064 0.1143
2065 0.1143
2066 0.1397
2067 0.1397
2068 0.1143
2069 0.1143
2070 0.1143
2071 0.1143
2072 0.1397
2073 0.1143
2074 0.1143
2075 0.1143
2076 0.1143
2077 0.1397
2078 0.1397
2079 0.1143
2080 0.1143
2081 0.1143
2082 0.1143
2083 0.1397
2084 0.1397
2085 0.1143
2086 0.1143
2087 0.1143
2088 0.1143
2089 0.1397
2090 0.1397
2091 0.1143
2092 0.1143
2093 0.1143
2094 0.1143
2095 0.1397
2096 0.1397
2097 0.1143
2098 0.1143
2099 0.1143
2100 0.1143
2101 0.1397
2102 0.1397
2103 0.1143
2104 0.1143
2105 0.1143
2106 0.1143
2107 0.1397
2108 0.1397
2109 0.1143
2110 0.1143
2111 0.1143
2112 0.1143
2113 0.1397
2114 0.1397
2115 0.1143
2116 0.1143
2117 0.1143
2118 0.1143
2119 0.1397
2120 0.1397
2121 0.1143
2122 0.1143
2123 0.1143
2124 0.1143
2125 0.1397
2126 0.1397
2127 0.1143
2128 0.1143
2129 0.1143
2130 0.1143
2131 0.1397
2132 0.1397
2133 0.1143
2134 0.1143
2135 0.1143
2136 0.1143
2137 0.1397
2138 0.1397
2139 0.1143
2140 0.1143
2141 0.1143
2142 0.1143
2143 0.1397
2144 0.1143
2145 0.1143
2146 0.1143
2147 0.1143
2148 0.1397
2149 0.1397
2150 0.1143
2151 0.1143
2152 0.1143
2153 0.1143
2154 0.1397
2155 0.1397
2156 0.1143
2157 0.1143
2158 0.1143
2159 0.1143
2160 0.1397
2161 0.1397
2162 0.1143
2163 0.1143
2164 0.1143
2165 0.1143
2166 0.1397
2167 0.1397
2168 0.1143
2169 0.1143
2170 0.1143
2171 0.1143
2172 0.1397
2173 0.1397
2174 0.1143
2175 0.1143
2176 0.1143
2177 0.1143
2178 0.1397
2179 0.1397
2180 0.1143
2181 0.1143
2182 0.1143
2183 0.1143
2184 0.1397
2185 0.1397
2186 0.1143
2187 0.1143
2188 0.1143
2189 0.1143
2190 0.1397
2191 0.1397
2192 0.1143
2193 0.1143
2194 0.1143
2195 0.1143
2196 0.1397
2197 0.1397
2198 0.1143
2199 0.1143
2200 0.1143
2201 0.1143
2202 0.1397
2203 0.1397
2204 0.1143
2205 0.1143
2206 0.1143
2207 0.1143
2208 0.1397
2209 0.1397
2210 0.1143
2211 0.1143
2212 0.1143
2213 0.1143
2214 0.1397
2215 0.1143
2216 0.1143
2217 0.1143
2218 0.1143
2219 0.1397
2220 0.1397
2221 0.1143
2222 0.1143
2223 0.1143
2224 0.1143
2225 0.1397
2226 0.1397
2227 0.1143
2228 0.1143
2229 0.1143
2230 0.1143
2231 0.1397
2232 0.1397
2233 0.1143
2234 0.1143
2235 0.1143
2236 0.1143
2237 0.1397
2238 0.1397
2239 0.1143
2240 0.1143
2241 0.1143
2242 0.1143
2243 0.1397
2244 0.1397
2245 0.1143
2246 0.1143
2247 0.1143
2248 0.1143
2249 0.1397
2250 0.1397
2251 0.1143
2252 0.1143
2253 0.1143
2254 0.1143
2255 0.1397
2256 0.1397
2257 0.1143
2258 0.1143
2259 0.1143
2260 0.1143
2261 0.1397
2262 0.1397
2263 0.1143
2264 0.1143
2265 0.1143
2266 0.1143
2267 0.1397
2268 0.1397
2269 0.1143
2270 0.1143
2271 0.1143
2272 0.1143
2273 0.1397
2274 0.1397
2275 0.1143
2276 0.1143
2277 0.1143
2278 0.1143
2279 0.1397
2280 0.1397
2281 0.1143
2282 0.1143
2283 0.1143
2284 0.1143
2285 0.1397
2286 0.1143
2287 0.1143
2288 0.1143
2289 0.1143
2290 0.1397
2291 0.1397
2292 0.1143
2293 0.1143
2294 0.1143
2295 0.1143
2296 0.1397
2297 0.1397
2298 0.1143
2299 0.1143
2300 0.1143
2301 0.1143
2302 0.1397
2303 0.1397
2304 0.1143
2305 0.1143
2306 0.1143
2307 0.1143
2308 0.1397
2309 0.1397
2310 0.1143
2311 0.1143
2312 0.1143
2313 0.1143
2314 0.1397
2315 0.1397
2316 0.1143
2317 0.1143
2318 0.1143
2319 0.1143
2320 0.1397
2321 0.1397
2322 0.1143
2323 0.1143
2324 0.1143
2325 0.1143
2326 0.1397
2327 0.1397
2328 0.1143
2329 0.1143
2330 0.1143
2331 0.1143
2332 0.1397
2333 0.1397
2334 0.1143
2335 0.1143
2336 0.1143
2337 0.1143
2338 0.1397
2339 0.1397
2340 0.1143
2341 0.1143
2342 0.1143
2343 0.1143
2344 0.1397
2345 0.1397
2346 0.1143
2347 0.1143
2348 0.1143
2349 0.1143
2350 0.1397
2351 0.1397
2352 0.1143
2353 0.1143
2354 0.1143
2355 0.1143
2356 0.1397
2357 0.1143
2358 0.1143
2359 0.1143
2360 0.1143
2361 0.1397
2362 0.1397
2363 0.1143
2364 0.1143
2365 0.1143
2366 0.1143
2367 0.1397
2368 0.1397
2369 0.1143
2370 0.1143
2371 0.1143
2372 0.1143
2373 0.1397
2374 0.1397
2375 0.1143
2376 0.1143
2377 0.1143
2378 0.1143
2379 0.1397
2380 0.1397
2381 0.1143
2382 0.1143
2383 0.1143
2384 0.1143
2385 0.1397
2386 0.1397
2387 0.1143
2388 0.1143
2389 0.1143
2390 0.1143
2391 0.1397
2392 0.1397
2393 0.1143
2394 0.1143
2395 0.1143
2396 0.1143
2397 0.1397
2398 0.1397
2399 0.1143
2400 0.1143
2401 0.1143
2402 0.1143
2403 0.1397
2404 0.1397
2405 0.1143
2406 0.1143
2407 0.1143
2408 0.1143
2409 0.1397
2410 0.1397
2411 0.1143
2412 0.1143
2413 0.1143
2414 0.1143
2415 0.1397
2416 0.1397
2417 0.1143
2418 0.1143
2419 0.1143
2420 0.1143
2421 0.1397
2422 0.1397
2423 0.1143
2424 0.1143
2425 0.1143
2426 0.1143
2427 0.1397
2428 0.1143
2429 0.1143
2430 0.1143
2431 0.1143
2432 0.1397
2433 0.1397
2434 0.1143
2435 0.1143
2436 0.1143
2437 0.1143
2438 0.1397
2439 0.1397
2440 0.1143
2441 0.1143
2442 0.1143
2443 0.1143
2444 0.1397
2445 0.1397
2446 0.1143
2447 0.1143
2448 0.1143
2449 0.1143
2450 0.1397
2451 0.1397
2452 0.1143
2453 0.1143
2454 0.1143
2455 0.1143
2456 0.1397
2457 0.1397
2458 0.1143
2459 0.1143
2460 0.1143
2461 0.1143
2462 0.1397
2463 0.1397
2464 0.1143
2465 0.1143
2466 0.1143
2467 0.1143
2468 0.1397
2469 0.1397
2470 0.1143
2471 0.1143
2472 0.1143
2473 0.1143
2474 0.1397
2475 0.1397
2476 0.1143
2477 0.1143
2478 0.1143
2479 0.1143
2480 0.1397
2481 0.1397
2482 0.1143
2483 0.1143
2484 0.1143
2485 0.1143
2486 0.1397
2487 0.1397
2488 0.1143
2489 0.1143
2490 0.1143
2491 0.1143
2492 0.1397
2493 0.1397
2494 0.1143
2495 0.1143
2496 0.1143
2497 0.1143
2498 0.1397
2499 0.1143
2500 0.1143
2501 0.1143
2502 0.1143
2503 0.1397
2504 0.1397
2505 0.1143
2506 0.1143
2507 0.1143
2508 0.1143
2509 0.1397
2510 0.1397
2511 0.1143
2512 0.1143
2513 0.1143
2514 0.1143
2515 0.1397
2516 0.1397
2517 0.1143
2518 0.1143
2519 0.1143
2520 0.1143
2521 0.1397
2522 0.1397
2523 0.1143
2524 0.1143
2525 0.1143
2526 0.1143
2527 0.1397
2528 0.1397
2529 0.1143
2530 0.1143
2531 0.1143
2532 0.1143
2533 0.1397
2534 0.1397
2535 0.1143
2536 0.1143
2537 0.1143
2538 0.1143
2539 0.1397
2540 0.1397
2541 0.1143
2542 0.1143
2543 0.1143
2544 0.1143
2545 0.1397
2546 0.1397
2547 0.1143
2548 0.1143
2549 0.1143
2550 0.1143
2551 0.1397
2552 0.1397
2553 0.1143
2554 0.1143
2555 0.1143
2556 0.1143
2557 0.1397
2558 0.1397
2559 0.1143
2560 0.1143
2561 0.1143
2562 0.1143
2563 0.1397
2564 0.1397
2565 0.1143
2566 0.1143
2567 0.1143
2568 0.1143
2569 0.1397
2570 0.1143
2571 0.1143
2572 0.1143
2573 0.1143
2574 0.1397
2575 0.1397
2576 0.1143
2577 0.1143
2578 0.1143
2579 0.1143
2580 0.1397
2581 0.1397
2582 0.1143
2583 0.1143
2584 0.1143
2585 0.1143
2586 0.1397
2587 0.1397
2588 0.1143
2589 0.1143
2590 0.1143
2591 0.1143
2592 0.1397
2593 0.1397
2594 0.1143
2595 0.1143
2596 0.1143
2597 0.1143
2598 0.1397
2599 0.1397
2600 0.1143
2601 0.1143
2602 0.1143
2603 0.1143
2604 0.1397
2605 0.1397
2606 0.1143
2607 0.1143
2608 0.1143
2609 0.1143
2610 0.1397
2611 0.1397
2612 0.1143
2613 0.1143
2614 0.1143
2615 0.1143
2616 0.1397
2617 0.1397
2618 0.1143
2619 0.1143
2620 0.1143
2621 0.1143
2622 0.1397
2623 0.1397
2624 0.1143
2625 0.1143
2626 0.1143
2627 0.1143
2628 0.1397
2629 0.1397
2630 0.1143
2631 0.1143
2632 0.1143
2633 0.1143
2634 0.1397
2635 0.1397
2636 0.1143
2637 0.1143
2638 0.1143
2639 0.1143
2640 0.1397
2641 0.1143
2642 0.1143
2643 0.1143
2644 0.1143
2645 0.1397
2646 0.1397
2647 0.1143
2648 0.1143
2649 0.1143
2650 0.1143
2651 0.1397
2652 0.1397
2653 0.1143
2654 0.1143
2655 0.1143
2656 0.1143
2657 0.1397
2658 0.1397
2659 0.1143
2660 0.1143
2661 0.1143
2662 0.1143
2663 0.1397
2664 0.1397
2665 0.1143
2666 0.1143
2667 0.1143
2668 0.1143
2669 0.1397
2670 0.1397
2671 0.1143
2672 0.1143
2673 0.1143
2674 0.1143
2675 0.1397
2676 0.1397
2677 0.1143
2678 0.1143
2679 0.1143
2680 0.1143
2681 0.1397
2682 0.1397
2683 0.1143
2684 0.1143
2685 0.1143
2686 0.1143
2687 0.1397
2688 0.1397
2689 0.1143
2690 0.1143
2691 0.1143
2692 0.1143
2693 0.1397
2694 0.1397
2695 0.1143
2696 0.1143
2697 0.1143
2698 0.1143
2699 0.1397
2700 0.1397
2701 0.1143
2702 0.1143
2703 0.1143
2704 0.1143
2705 0.1397
2706 0.1397
2707 0.1143
2708 0.1143
2709 0.1143
2710 0.1143
2711 0.1397
2712 0.1143
2713 0.1143
2714 0.1143
2715 0.1143
2716 0.1397
2717 0.1397
2718 0.1143
2719 0.1143
2720 0.1143
2721 0.1143
2722 0.1397
2723 0.1397
2724 0.1143
2725 0.1143
2726 0.1143
2727 0.1143
2728 0.1397
2729 0.1397
2730 0.1143
2731 0.1143
2732 0.1143
2733 0.1143
2734 0.1397
2735 0.1397
2736 0.1143
2737 0.1143
2738 0.1143
2739 0.1143
2740 0.1397
2741 0.1397
2742 0.1143
2743 0.1143
2744 0.1143
2745 0.1143
2746 0.1397
2747 0.1397
2748 0.1143
2749 0.1143
2750 0.1143
2751 0.1143
2752 0.1397
2753 0.1397
2754 0.1143
2755 0.1143
2756 0.1143
2757 0.1143
2758 0.1397
2759 0.1397
2760 0.1143
2761 0.1143
2762 0.1143
2763 0.1143
2764 0.1397
2765 0.1397
2766 0.1143
2767 0.1143
2768 0.1143
2769 0.1143
2770 0.1397
2771 0.1397
2772 0.1143
2773 0.1143
2774 0.1143
2775 0.1143
2776 0.1397
2777 0.1397
2778 0.1143
2779 0.1143
2780 0.1143
2781 0.1143
2782 0.1397
2783 0.1143
2784 0.1143
2785 0.1143
2786 0.1143
2787 0.1397
2788 0.1397
2789 0.1143
2790 0.1143
2791 0.1143
2792 0.1143
2793 0.1397
2794 0.1397
2795 0.1143
2796 0.1143
2797 0.1143
2798 0.1143
2799 0.1397
2800 0.1397
2801 0.1143
2802 0.1143
2803 0.1143
2804 0.1143
2805 0.1397
2806 0.1397
2807 0.1143
2808 0.1143
2809 0.1143
2810 0.1143
2811 0.1397
2812 0.1397
2813 0.1143
2814 0.1143
2815 0.1143
2816 0.1143
2817 0.1397
2818 0.1397
2819 0.1143
2820 0.1143
2821 0.1143
2822 0.1143
2823 0.1397
2824 0.1397
2825 0.1143
2826 0.1143
2827 0.1143
2828 0.1143
2829 0.1397
2830 0.1397
2831 0.1143
2832 0.1143
2833 0.1143
2834 0.1143
2835 0.1397
2836 0.1397
2837 0.1143
2838 0.1143
2839 0.1143
2840 0.1143
2841 0.1397
2842 0.1397
2843 0.1143
2844 0.1143
2845 0.1143
2846 0.1143
2847 0.1397
2848 0.1397
2849 0.1143
2850 0.1143
2851 0.1143
2852 0.1143
2853 0.1397
2854 0.1143
2855 0.1143
2856 0.1143
2857 0.1143
2858 0.1397
2859 0.1143
2860 0.1143
2861 0.1143
2862 0.1143
2863 0.1397
2864 0.1143
2865 0.1143
2866 0.1143
2867 0.1143
2868 0.1397
2869 0.1143
2870 0.1143
2871 0.1143
2872 0.1143
2873 0.1397
2874 0.1143
2875 0.1143
2876 0.1143
2877 0.1143
2878 0.1397
2879 0.1143
2880 0.1143
2881 0.1143
2882 0.1143
2883 0.1397
2884 0.1143
2885 0.1143
2886 0.1143
2887 0.1143
2888 0.1397
2889 0.1143
2890 0.1143
2891 0.1143
2892 0.1143
2893 0.1397
2894 0.1143
2895 0.1143
2896 0.1143
2897 0.1143
2898 0.1397
2899 0.1143
2900 0.1143
2901 0.1143
2902 0.1143
2903 0.1397
2904 0.1143
2905 0.1143
2906 0.1143
2907 0.1143
2908 0.1397
2909 0.1143
2910 0.1143
2911 0.1143
2912 0.1143
2913 0.1143
2914 0.1143
2915 0.1143
2916 0.1143
2917 0.4
2918 0.3239
2919 0.4
2920 0.3239
2921 0.4
2922 0.3239
2923 0.4
2924 0.3239
2925 0.4
2926 0.3239
2927 0.4
2928 0.3239
2929 0.4
2930 0.3239
2931 0.4
2932 0.3239
2933 0.4
2934 0.3239
2935 0.4
2936 0.3239
2937 0.4
2938 0.3239
2939 0.4
2940 0.3239
2941 0.4
2942 0.3239
2943 0.4
2944 0.3239
2945 0.4
2946 0.3239
2947 0.4
2948 0.3239
2949 0.4
2950 0.3239
2951 0.4
2952 0.3239
2953 0.4
2954 0.3239
2955 0.4
2956 0.3239
2957 0.4
2958 0.3239
2959 0.4
2960 0.3239
2961 0.4
2962 0.3239
2963 0.4
2964 0.3239
2965 0.4
2966 0.3239
2967 0.4
2968 0.3239
2969 0.4
2970 0.3239
2971 0.4
2972 0.3239
2973 0.4
2974 0.3239
2975 0.4
2976 0.3239
2977 0.4
2978 0.3239
2979 0.4
2980 0.3239
2981 0.4
2982 0.3239
2983 0.4
2984 0.3239
2985 0.4
2986 0.3239
2987 0.4
2988 0.3239
2989 0.4
2990 0.3239
2991 0.4
2992 0.3239
2993 0.4
2994 0.3239
2995 0.4
2996 0.3239
2997 0.4
2998 0.3239
2999 0.4
3000 0.3239
3001 0.4
3002 0.3239
3003 0.4
3004 0.3239
3005 0.4
3006 0.3239
3007 0.4
3008 0.3239
3009 0.4
3010 0.3239
3011 0.4
3012 0.3239
3013 0.4
3014 0.3239
3015 0.4
3016 0.3239
3017 0.4
3018 0.3239
3019 0.4
3020 0.3239
3021 0.4
3022 0.3239
3023 0.4
3024 0.3239
3025 0.4
3026 0.3239
3027 0.4
3028 0.3239
3029 0.4
3030 0.3239
3031 0.4
3032 0.3239
3033 0.4
3034 0.3239
3035 0.4
3036 0.3239
3037 0.4
3038 0.3239
3039 0.4
3040 0.3239
3041 0.4
3042 0.3239
3043 0.4
3044 0.3239
3045 0.4
3046 0.3239
3047 0.4
3048 0.3239
3049 0.4
3050 0.3239
3051 0.4
3052 0.3239
3053 0.4
3054 0.3239
3055 0.4
3056 0.3239
3057 0.4
3058 0.3239
3059 0.4
3060 0.3239
3061 0.4
3062 0.3239
3063 0.4
3064 0.3239
3065 0.4
3066 0.3239
3067 0.4
3068 0.3239
3069 0.4
3070 0.3239
3071 0.4
3072 0.3239
3073 0.4
3074 0.3239
3075 0.4
3076 0.3239
3077 0.4
3078 0.3239
3079 0.4
3080 0.3239
3081 0.4
3082 0.3239
3083 0.4
3084 0.3239
3085 0.4
3086 0.3239
3087 0.4
3088 0.3239
3089 0.4
3090 0.3239
3091 0.4
3092 0.3239
3093 0.4
3094 0.3239
3095 0.4
3096 0.3239
3097 0.4
3098 0.3239
$EndElementData
$ElementData
1
"Attribute:SectionDimension2"
1
0
3
0
1
3098
1 0.3
2 0.3
3 0.3
4 0.3
5 0.3
6 0.3
7 0.3
8 0.3
9 0.3
10 0.3
11 0.3
12 0.3
13 0.3
14 0.3
15 0.3
16 0.3
17 0.3
18 0.3
19 0.3
20 0.3
21 0.3
22 0.3
23 0.3
24 0.3
25 0.3
26 0.3
27 0.3
28 0.3
29 0.3
30 0.3
31 0.3
32 0.3
33 0.3
34 0.3
35 0.3
36 0.3
37 0.3
38 0.3
39 0.3
40 0.3
41 0.3
42 0.3
43 0.3
44 0.3
45 0.3
46 0.3
47 0.3
48 0.3
49 0.3
50 0.3
51 0.3
52 0.3
53 0.3
54 0.3
55 0.3
56 0.3
57 0.3
58 0.3
59 0.3
60 0.3
61 0.3
62 0.3
63 0.3
64 0.3
65 0.3
66 0.3
67 0.3
68 0.3
69 0.3
70 0.3
71 0.3
72 0.3
73 0.3
74 0.3
75 0.3
76 0.3
77 0.3
78 0.3
79 0.3
80 0.3
81 0.3
82 0.3
83 0.3
84 0.3
85 0.3
86 0.3
87 0.3
88 0.3
89 0.3
90 0.3
91 0.3
92 0.3
93 0.3
94 0.3
95 0.3
96 0.3
97 0.3
98 0.3
99 0.3
100 0.3
101 0.3
102 0.3
103 0.3
104 0.3
105 0.3
106 0.3
107 0.3
108 0.3
109 0.3
110 0.3
111 0.3
112 0.3
113 0.3
114 0.3
115 0.3
116 0.3
117 0.3
118 0.3
119 0.3
120 0.3
121 0.3
122 0.3
123 0.3
124 0.3
125 0.3
126 0.3
127 0.3
128 0.3
129 0.3
130 0.3
131 0.3
132 0.3
133 0.3
134 0.3
135 0.3
136 0.3
137 0.3
138 0.3
139 0.3
140 0.3
141 0.3
142 0.3
143 0.3
144 0.3
145 0.3
146 0.3
147 0.3
148 0.3
149 0.3
150 0.3
151 0.3
152 0.3
153 0.3
154 0.3
155 0.3
156 0.3
157 0.3
158 0.3
159 0.3
160 0.3
161 0.3
162 0.3
163 0.3
164 0.3
165 0.3
166 0.3
167 0.3
168 0.3
169 0.3
170 0.3
171 0.3
172 0.3
173 0.3
174 0.3
175 0.3
176 0.3
177 0.3
178 0.3
179 0.3
180 0.3
181 0.3
182 0.3
183 0.3
184 0.3
185 0.3
186 0.3
187 0.3
188 0.3
189 0.3
190 0.3
191 0.3
192 0.3
193 0.3
194 0.3
195 0.3
196 0.3
197 0.3
198 0.3
199 0.3
200 0.3
201 0.3
202 0.3
203 0.3
204 0.3
205 0.3
206 0.3
207 0.3
208 0.3
209 0.3
210 0.3
211 0.3
212 0.3
213 0.3
214 0.3
215 0.3
216 0.3
217 0.3
218 0.3
219 0.3
220 0.3
221 0.3
222 0.3
223 0.3
224 0.3
225 0.3
226 0.3
227 0.3
228 0.3
229 0.3
230 0.3
231 0.3
232 0.3
233 0.3
234 0.3
235 0.3
236 0.3
237 0.3
238 0.3
239 0.3
240 0.3
241 0.3
242 0.3
243 0.3
244 0.3
245 0.3
246 0.3
247 0.3
248 0.3
249 0.3
250 0.3
251 0.3
252 0.3
253 0.3
254 0.3
255 0.3
256 0.3
257 0.3
258 0.3
259 0.3
260 0.3
261 0.3
262 0.3
263 0.3
264 0.3
265 0.3
266 0.3
267 0.3
268 0.3
269 0.3
270 0.3
271 0.3
272 0.3
273 0.3
274 0.3
275 0.3
276 0.3
277 0.3
278 0.3
279 0.3
280 0.3
281 0.3
282 0.3
283 0.3
284 0.3
285 0.3
286 0.3
287 0.3
288 0.3
289 0.3
290 0.3
291 0.3
292 0.3
293 0.3
294 0.3
295 0.3
296 0.3
297 0.3
298 0.3
299 0.3
300 0.3
301 0.3
302 0.3
303 0.3
304 0.3
305 0.3
306 0.3
307 0.3
308 0.3
309 0.3
310 0.3
311 0.3
312 0.3
313 0.3
314 0.3
315 0.3
316 0.3
317 0.3
318 0.3
319 0.3
320 0.3
321 0.3
322 0.3
323 0.3
324 0.3
325 0.3
326 0.3
327 0.3
328 0.3
329 0.3
330 0.3
331 0.3
332 0.3
333 0.3
334 0.3
335 0.3
336 0.3
337 0.3
338 0.3
339 0.3
340 0.3
341 0.3
342 0.3
343 0.3
344 0.3
345 0.3
346 0.3
347 0.3
348 0.3
349 0.3
350 0.3
351 0.3
352 0.3
353 0.3
354 0.3
355 0.3
356 0.3
357 0.3
358 0.3
359 0.3
360 0.3
361 0.3
362 0.3
363 0.3
364 0.3
365 0.3
366 0.3
367 0.3
368 0.3
369 0.3
370 0.3
371 0.3
372 0.3
373 0.3
374 0.3
375 0.3
376 0.3
377 0.3
378 0.3
379 0.3
380 0.3
381 0.3
382 0.3
383 0.3
384 0.3
385 0.3
386 0.3
387 0.3
388 0.3
389 0.3
390 0.3
391 0.3
392 0.3
393 0.3
394 0.3
395 0.3
396 0.3
397 0.3
398 0.3
399 0.3
400 0.3
401 0.3
402 0.3
403 0.3
404 0.3
405 0.3
406 0.3
407 0.3
408 0.3
409 0.3
410 0.3
411 0.3
412 0.3
413 0.3
414 0.3
415 0.3
416 0.3
417 0.3
418 0.3
419 0.3
420 0.3
421 0.3
422 0.3
423 0.3
424 0.3
425 0.3
426 0.3
427 0.3
428 0.3
429 0.3
430 0.3
431 0.3
432 0.3
433 0.3
434 0.3
435 0.3
436 0.3
437 0.3
438 0.3
439 0.3
440 0.3
441 0.3
442 0.3
443 0.3
444 0.3
445 0.3
446 0.3
447 0.3
448 0.3
449 0.3
450 0.3
451 0.3
452 0.3
453 0.3
454 0.3
455 0.3
456 0.3
457 0.3
458 0.3
459 0.3
460 0.3
461 0.3
462 0.3
463 0.3
464 0.3
465 0.3
466 0.3
467 0.3
468 0.3
469 0.3
470 0.3
471 0.3
472 0.3
473 0.3
474 0.3
475 0.3
476 0.3
477 0.3
478 0.3
479 0.3
480 0.3
481 0.3
482 0.3
483 0.3
484 0.3
485 0.3
486 0.3
487 0.3
488 0.3
489 0.3
490 0.3
491 0.3
492 0.3
493 0.3
494 0.3
495 0.3
496 0.3
497 0.3
498 0.3
499 0.3
500 0.3
501 0.3
502 0.3
503 0.3
504 0.3
505 0.3
506 0.3
507 0.3
508 0.3
509 0.3
510 0.3
511 0.3
512 0.3
513 0.3
514 0.3
515 0.3
516 0.3
517 0.3
518 0.3
519 0.3
520 0.3
521 0.3
522 0.3
523 0.3
524 0.3
525 0.3
526 0.3
527 0.3
528 0.3
529 0.3
530 0.3
531 0.3
532 0.3
533 0.3
534 0.3
535 0.3
536 0.3
537 0.3
538 0.3
539 0.3
540 0.3
541 0.3
542 0.3
543 0.3
544 0.3
545 0.3
546 0.3
547 0.3
548 0.3
549 0.3
550 0.3
551 0.3
552 0.3
553 0.3
554 0.3
555 0.3
556 0.3
557 0.3
558 0.3
559 0.3
560 0.3
561 0.3
562 0.3
563 0.3
564 0.3
565 0.3
566 0.3
567 0.3
568 0.3
569 0.3
570 0.3
571 0.3
572 0.3
573 0.3
574 0.3
575 0.3
576 0.3
577 0.3
578 0.3
579 0.3
580 0.3
581 0.3
582 0.3
583 0.3
584 0.3
585 0.3
586 0.3
587 0.3
588 0.3
589 0.3
590 0.3
591 0.3
592 0.3
593 0.3
594 0.3
595 0.3
596 0.3
597 0.3
598 0.3
599 0.3
600 0.3
601 0.3
602 0.3
603 0.3
604 0.3
605 0.3
606 0.3
607 0.3
608 0.3
609 0.3
610 0.3
611 0.3
612 0.3
613 0.0063
614 0.0063
615 0.0063
616 0.0063
617 0.0063
618 0.0063
619 0.0063
620 0.0063
621 0.0063
622 0.0063
623 0.0063
624 0.0063
625 0.0063
626 0.0063
627 0.0063
628 0.0063
629 0.0063
630 0.0063
631 0.0063
632 0.0063
633 0.0063
634 0.0063
635 0.0063
636 0.0063
637 0.0063
638 0.0063
639 0.0063
640 0.0063
641 0.0063
642 0.0063
643 0.0063
644 0.0063
645 0.0063
646 0.0063
647 0.0063
648 0.0063
649 0.0063
650 0.0063
651 0.0063
652 0.0063
653 0.0063
654 0.0063
655 0.0063
656 0.0063
657 0.0063
658 0.0063
659 0.0063
660 0.0063
661 0.0063
662 0.0063
663 0.0063
664 0.0063
665 0.0063
666 0.0063
667 0.0063
668 0.0063
669 0.0063
670 0.0063
671 0.0063
672 0.0063
673 0.0063
674 0.0063
675 0.0063
676 0.0063
677 0.0063
678 0.0063
679 0.0063
680 0.0063
681 0.0063
682 0.0063
683 0.0063
684 0.0063
685 0.0063
686 0.0063
687 0.0063
688 0.0063
689 0.0063
690 0.0063
691 0.0063
692 0.0063
693 0.0063
694 0.0063
695 0.0063
696 0.0063
697 0.0063
698 0.0063
699 0.0063
700 0.0063
701 0.0063
702 0.0063
703 0.0063
704 0.0063
705 0.0063
706 0.0063
707 0.0063
708 0.0063
709 0.0063
710 0.0063
711 0.0063
712 0.0063
713 0.0063
714 0.0063
715 0.0063
716 0.0063
717 0.0063
718 0.0063
719 0.0063
720 0.0063
721 0.0063
722 0.0063
723 0.0063
724 0.0063
725 0.0063
726 0.0063
727 0.0063
728 0.0063
729 0.0063
730 0.0063
731 0.0063
732 0.0063
733 0.0063
734 0.0063
735 0.0063
736 0.0063
737 0.0063
738 0.0063
739 0.0063
740 0.0063
741 0.0063
742 0.0063
743 0.0063
744 0.0063
745 0.0063
746 0.0063
747 0.0063
748 0.0063
749 0.0063
750 0.0063
751 0.0063
752 0.0063
753 0.0063
754 0.0063
755 0.0063
756 0.0063
757 0.0063
758 0.0063
759 0.0063
760 0.0063
761 0.0063
762 0.0063
763 0.0063
764 0.0063
765 0.0063
766 0.0063
767 0.0063
768 0.0063
769 0.0063
770 0.0063
771 0.0063
772 0.0063
773 0.0063
774 0.0063
775 0.0063
776 0.0063
777 0.0063
778 0.0063
779 0.0063
780 0.0063
781 0.0063
782 0.0063
783 0.0063
784 0.0063
785 0.0063
786 0.0063
787 0.0063
788 0.0063
789 0.0063
790 0.0063
791 0.0063
792 0.0063
793 0.0063
794 0.0063
795 0.0063
796 0.0063
797 0.0063
798 0.0063
799 0.0063
800 0.0063
801 0.0063
802 0.0063
803 0.0063
804 0.0063
805 0.0063
806 0.0063
807 0.0063
808 0.0063
809 0.0063
810 0.0063
811 0.0063
812 0.0063
813 0.0063
814 0.0063
815 0.0063
816 0.0063
817 0.0063
818 0.0063
819 0.0063
820 0.0063
821 0.0063
822 0.0063
823 0.0063
824 0.0063
825 0.0063
826 0.0063
827 0.0063
828 0.0063
829 0.0063
830 0.0063
831 0.0063
832 0.0063
833 0.0063
834 0.0063
835 0.0063
836 0.0063
837 0.0063
838 0.0063
839 0.0063
840 0.0063
841 0.0063
842 0.0063
843 0.0063
844 0.0063
845 0.0063
846 0.0063
847 0.0063
848 0.0063
849 0.0063
850 0.0063
851 0.0063
852 0.0063
853 0.0063
854 0.0063
855 0.0063
856 0.0063
857 0.0063
858 0.0063
859 0.0063
860 0.0063
861 0.0063
862 0.0063
863 0.0063
864 0.0063
865 0.0063
866 0.0063
867 0.0063
868 0.0063
869 0.0063
870 0.0063
871 0.0063
872 0.0063
873 0.0063
874 0.0063
875 0.0063
876 0.0063
877 0.0063
878 0.0063
879 0.0063
880 0.0063
881 0.0063
882 0.0063
883 0.0063
884 0.0063
885 0.0063
886 0.0063
887 0.0063
888 0.0063
889 0.0063
890 0.0063
891 0.0063
892 0.0063
893 0.0063
894 0.0063
895 0.0063
896 0.0063
897 0.0063
898 0.0063
899 0.0063
900 0.0063
901 0.0063
902 0.0063
903 0.0063
904 0.0063
905 0.0063
906 0.0063
907 0.0063
908 0.0063
909 0.0063
910 0.0063
911 0.0063
912 0.0063
913 0.0063
914 0.0063
915 0.0063
916 0.0063
917 0.0063
918 0.0063
919 0.0063
920 0.0063
921 0.0063
922 0.0063
923 0.0063
924 0.0063
925 0.0063
926 0.0063
927 0.0063
928 0.0063
929 0.0063
930 0.0063
931 0.0063
932 0.0063
933 0.0063
934 0.0063
935 0.0063
936 0.0063
937 0.0063
938 0.0063
939 0.0063
940 0.0063
941 0.0063
942 0.0063
943 0.0063
944 0.0063
945 0.0063
946 0.0063
947 0.0063
948 0.0063
949 0.0063
950 0.0063
951 0.0063
952 0.0063
953 0.0063
954 0.0063
955 0.0063
956 0.0063
957 0.0063
958 0.0063
959 0.0063
960 0.0063
961 0.0063
962 0.0063
963 0.0063
964 0.0063
965 0.0063
966 0.0063
967 0.0063
968 0.0063
969 0.0063
970 0.0063
971 0.0063
972 0.0063
973 0.0063
974 0.0063
975 0.0063
976 0.0063
977 0.0063
978 0.0063
979 0.0063
980 0.0063
981 0.0063
982 0.0063
983 0.0063
984 0.0063
985 0.0063
986 0.0063
987 0.0063
988 0.0063
989 0.0063
990 0.0063
991 0.0063
992 0.0063
993 0.0063
994 0.0063
995 0.0063
996 0.0063
997 0.0063
998 0.0063
999 0.0063
1000 0.0063
1001 0.0063
1002 0.0063
1003 0.0063
1004 0.0063
1005 0.0063
1006 0.0063
1007 0.0063
1008 0.0063
1009 0.0063
1010 0.0063
1011 0.0063
1012 0.0063
1013 0.0063
1014 0.0063
1015 0.0063
1016 0.0063
1017 0.0063
1018 0.0063
1019 0.0063
1020 0.0063
1021 0.0063
1022 0.0063
1023 0.0063
1024 0.0063
1025 0.0063
1026 0.0063
1027 0.0063
1028 0.0063
1029 0.0063
1030 0.0063
1031 0.0063
1032 0.0063
1033 0.0063
1034 0.0063
1035 0.0063
1036 0.0063
1037 0.0063
1038 0.0063
1039 0.0063
1040 0.0063
1041 0.0063
1042 0.0063
1043 0.0063
1044 0.0063
1045 0.0063
1046 0.0063
1047 0.0063
1048 0.0063
1049 0.0063
1050 0.0063
1051 0.0063
1052 0.0063
1053 0.0063
1054 0.0063
1055 0.0063
1056 0.0063
1057 0.0063
1058 0.0063
1059 0.0063
1060 0.0063
1061 0.0063
1062 0.0063
1063 0.0063
1064 0.0063
1065 0.0063
1066 0.0063
1067 0.0063
1068 0.0063
1069 0.0063
1070 0.0063
1071 0.0063
1072 0.0063
1073 0.0063
1074 0.0063
1075 0.0063
1076 0.0063
1077 0.0063
1078 0.0063
1079 0.0063
1080 0.0063
1081 0.0063
1082 0.0063
1083 0.0063
1084 0.0063
1085 0.0063
1086 0.0063
1087 0.0063
1088 0.0063
1089 0.0063
1090 0.0063
1091 0.0063
1092 0.0063
1093 0.0063
1094 0.0063
1095 0.0063
1096 0.0063
1097 0.0063
1098 0.0063
1099 0.0063
1100 0.0063
1101 0.0063
1102 0.0063
1103 0.0063
1104 0.0063
1105 0.0063
1106 0.0063
1107 0.0063
1108 0.0063
1109 0.0063
1110 0.0063
1111 0.0063
1112 0.0063
1113 0.0063
1114 0.0063
1115 0.0063
1116 0.0063
1117 0.0063
1118 0.0063
1119 0.0063
1120 0.0063
1121 0.0063
1122 0.0063
1123 0.0063
1124 0.0063
1125 0.0063
1126 0.0063
1127 0.0063
1128 0.0063
1129 0.0063
1130 0.0063
1131 0.0063
1132 0.0063
1133 0.0063
1134 0.0063
1135 0.0063
1136 0.0063
1137 0.0063
1138 0.0063
1139 0.0063
1140 0.0063
1141 0.0063
1142 0.0063
1143 0.0063
1144 0.0063
1145 0.0063
1146 0.0063
1147 0.0063
1148 0.0063
1149 0.0063
1150 0.0063
1151 0.0063
1152 0.0063
1153 0.0063
1154 0.0063
1155 0.0063
1156 0.0063
1157 0.0063
1158 0.0063
1159 0.0063
1160 0.0063
1161 0.0063
1162 0.0063
1163 0.0063
1164 0.0063
1165 0.0063
1166 0.0063
1167 0.0063
1168 0.0063
1169 0.0063
1170 0.0063
1171 0.0063
1172 0.0063
1173 0.0063
1174 0.0063
1175 0.0063
1176 0.0063
1177 0.0063
1178 0.0063
1179 0.0063
1180 0.0063
1181 0.0063
1182 0.0063
1183 0.0063
1184 0.0063
1185 0.0063
1186 0.0063
1187 0.0063
1188 0.0063
1189 0.0063
1190 0.0063
1191 0.0063
1192 0.0063
1193 0.0063
1194 0.0063
1195 0.0063
1196 0.0063
1197 0.0063
1198 0.0063
1199 0.0063
1200 0.0063
1201 0.0063
1202 0.0063
1203 0.0063
1204 0.0063
1205 0.0063
1206 0.0063
1207 0.0063
1208 0.0063
1209 0.0063
1210 0.0063
1211 0.0063
1212 0.0063
1213 0.0063
1214 0.0063
1215 0.0063
1216 0.0063
1217 0.0063
1218 0.0063
1219 0.0063
1220 0.0063
1221 0.0063
1222 0.0063
1223 0.0063
1224 0.0063
1225 0.0063
1226 0.0063
1227 0.005
1228 0.005
1229 0.005
1230 0.005
1231 0.0063
1232 0.0063
1233 0.005
1234 0.005
1235 0.005
1236 0.005
1237 0.0063
1238 0.0063
1239 0.005
1240 0.005
1241 0.005
1242 0.005
1243 0.0063
1244 0.0063
1245 0.005
1246 0.005
1247 0.005
1248 0.005
1249 0.0063
1250 0.0063
1251 0.005
1252 0.005
1253 0.005
1254 0.005
1255 0.0063
1256 0.0063
1257 0.005
1258 0.005
1259 0.005
1260 0.005
1261 0.0063
1262 0.0063
1263 0.005
1264 0.005
1265 0.005
1266 0.005
1267 0.0063
1268 0.0063
1269 0.005
1270 0.005
1271 0.005
1272 0.005
1273 0.0063
1274 0.0063
1275 0.005
1276 0.005
1277 0.005
1278 0.005
1279 0.0063
1280 0.0063
1281 0.005
1282 0.005
1283 0.005
1284 0.005
1285 0.0063
1286 0.0063
1287 0.005
1288 0.005
1289 0.005
1290 0.005
1291 0.0063
1292 0.005
1293 0.005
1294 0.005
1295 0.005
1296 0.0063
1297 0.0063
1298 0.005
1299 0.005
1300 0.005
1301 0.005
1302 0.0063
1303 0.0063
1304 0.005
1305 0.005
1306 0.005
1307 0.005
1308 0.0063
1309 0.0063
1310 0.005
1311 0.005
1312 0.005
1313 0.005
1314 0.0063
1315 0.0063
1316 0.005
1317 0.005
1318 0.005
1319 0.005
1320 0.0063
1321 0.0063
1322 0.005
1323 0.005
1324 0.005
1325 0.005
1326 0.0063
1327 0.0063
1328 0.005
1329 0.005
1330 0.005
1331 0.005
1332 0.0063
1333 0.0063
1334 0.005
1335 0.005
1336 0.005
1337 0.005
1338 0.0063
1339 0.0063
1340 0.005
1341 0.005
1342 0.005
1343 0.005
1344 0.0063
1345 0.0063
1346 0.005
1347 0.005
1348 0.005
1349 0.005
1350 0.0063
1351 0.0063
1352 0.005
1353 0.005
1354 0.005
1355 0.005
1356 0.0063
1357 0.0063
1358 0.005
1359 0.005
1360 0.005
1361 0.005
1362 0.0063
1363 0.005
1364 0.005
1365 0.005
1366 0.005
1367 0.0063
1368 0.0063
1369 0.005
1370 0.005
1371 0.005
1372 0.005
1373 0.0063
1374 0.0063
1375 0.005
1376 0.005
1377 0.005
1378 0.005
1379 0.0063
1380 0.0063
1381 0.005
1382 0.005
1383 0.005
1384 0.005
1385 0.0063
1386 0.0063
1387 0.005
1388 0.005
1389 0.005
1390 0.005
1391 0.0063
1392 0.0063
1393 0.005
1394 0.005
1395 0.005
1396 0.005
1397 0.0063
1398 0.0063
1399 0.005
1400 0.005
1401 0.005
1402 0.005
1403 0.0063
1404 0.0063
1405 0.005
1406 0.005
1407 0.005
1408 0.005
1409 0.0063
1410 0.0063
1411 0.005
1412 0.005
1413 0.005
1414 0.005
1415 0.0063
1416 0.0063
1417 0.005
1418 0.005
1419 0.005
1420 0.005
1421 0.0063
1422 0.0063
1423 0.005
1424 0.005
1425 0.005
1426 0.005
1427 0.0063
1428 0.0063
1429 0.005
1430 0.005
1431 0.005
1432 0.005
1433 0.0063
1434 0.005
1435 0.005
1436 0.005
1437 0.005
1438 0.0063
1439 0.0063
1440 0.005
1441 0.005
1442 0.005
1443 0.005
1444 0.0063
1445 0.0063
1446 0.005
1447 0.005
1448 0.005
1449 0.005
1450 0.0063
1451 0.0063
1452 0.005
1453 0.005
1454 0.005
1455 0.005
1456 0.0063
1457 0.0063
1458 0.005
1459 0.005
1460 0.005
1461 0.005
1462 0.0063
1463 0.0063
1464 0.005
1465 0.005
1466 0.005
1467 0.005
1468 0.0063
1469 0.0063
1470 0.005
1471 0.005
1472 0.005
1473 0.005
1474 0.0063
1475 0.0063
1476 0.005
1477 0.005
1478 0.005
1479 0.005
1480 0.0063
1481 0.0063
1482 0.005
1483 0.005
1484 0.005
1485 0.005
1486 0.0063
1487 0.0063
1488 0.005
1489 0.005
1490 0.005
1491 0.005
1492 0.0063
1493 0.0063
1494 0.005
1495 0.005
1496 0.005
1497 0.005
1498 0.0063
1499 0.0063
1500 0.005
1501 0.005
1502 0.005
1503 0.005
1504 0.0063
1505 0.005
1506 0.005
1507 0.005
1508 0.005
1509 0.0063
1510 0.0063
1511 0.005
1512 0.005
1513 0.005
1514 0.005
1515 0.0063
1516 0.0063
1517 0.005
1518 0.005
1519 0.005
1520 0.005
1521 0.0063
1522 0.0063
1523 0.005
1524 0.005
1525 0.005
1526 0.005
1527 0.0063
1528 0.0063
1529 0.005
1530 0.005
1531 0.005
1532 0.005
1533 0.0063
1534 0.0063
1535 0.005
1536 0.005
1537 0.005
1538 0.005
1539 0.0063
1540 0.0063
1541 0.005
1542 0.005
1543 0.005
1544 0.005
1545 0.0063
1546 0.0063
1547 0.005
1548 0.005
1549 0.005
1550 0.005
1551 0.0063
1552 0.0063
1553 0.005
1554 0.005
1555 0.005
1556 0.005
1557 0.0063
1558 0.0063
1559 0.005
1560 0.005
1561 0.005
1562 0.005
1563 0.0063
1564 0.0063
1565 0.005
1566 0.005
1567 0.005
1568 0.005
1569 0.0063
1570 0.0063
1571 0.005
1572 0.005
1573 0.005
1574 0.005
1575 0.0063
1576 0.005
1577 0.005
1578 0.005
1579 0.005
1580 0.0063
1581 0.0063
1582 0.005
1583 0.005
1584 0.005
1585 0.005
1586 0.0063
1587 0.0063
1588 0.005
1589 0.005
1590 0.005
1591 0.005
1592 0.0063
1593 0.0063
1594 0.005
1595 0.005
1596 0.005
1597 0.005
1598 0.0063
1599 0.0063
1600 0.005
1601 0.005
1602 0.005
1603 0.005
1604 0.0063
1605 0.0063
1606 0.005
1607 0.005
1608 0.005
1609 0.005
1610 0.0063
1611 0.0063
1612 0.005
1613 0.005
1614 0.005
1615 0.005
1616 0.0063
1617 0.0063
1618 0.005
1619 0.005
1620 0.005
1621 0.005
1622 0.0063
1623 0.0063
1624 0.005
1625 0.005
1626 0.005
1627 0.005
1628 0.0063
1629 0.0063
1630 0.005
1631 0.005
1632 0.005
1633 0.005
1634 0.0063
1635 0.0063
1636 0.005
1637 0.005
1638 0.005
1639 0.005
1640 0.0063
1641 0.0063
1642 0.005
1643 0.005
1644 0.005
1645 0.005
1646 0.0063
1647 0.005
1648 0.005
1649 0.005
1650 0.005
1651 0.0063
1652 0.0063
1653 0.005
1654 0.005
1655 0.005
1656 0.005
1657 0.0063
1658 0.0063
1659 0.005
1660 0.005
1661 0.005
1662 0.005
1663 0.0063
1664 0.0063
1665 0.005
1666 0.005
1667 0.005
1668 0.005
1669 0.0063
1670 0.0063
1671 0.005
1672 0.005
1673 0.005
1674 0.005
1675 0.0063
1676 0.0063
1677 0.005
1678 0.005
1679 0.005
1680 0.005
1681 0.0063
1682 0.0063
1683 0.005
1684 0.005
1685 0.005
1686 0.005
1687 0.0063
1688 0.0063
1689 0.005
1690 0.005
1691 0.005
1692 0.005
1693 0.0063
1694 0.0063
1695 0.005
1696 0.005
1697 0.005
1698 0.005
1699 0.0063
1700 0.0063
1701 0.005
1702 0.005
1703 0.005
1704 0.005
1705 0.0063
1706 0.0063
1707 0.005
1708 0.005
1709 0.005
1710 0.005
1711 0.0063
1712 0.0063
1713 0.005
1714 0.005
1715 0.005
1716 0.005
1717 0.0063
1718 0.005
1719 0.005
1720 0.005
1721 0.005
1722 0.0063
1723 0.0063
1724 0.005
1725 0.005
1726 0.005
1727 0.005
1728 0.0063
1729 0.0063
1730 0.005
1731 0.005
1732 0.005
1733 0.005
1734 0.0063
1735 0.0063
1736 0.005
1737 0.005
1738 0.005
1739 0.005
1740 0.0063
1741 0.0063
1742 0.005
1743 0.005
1744 0.005
1745 0.005
1746 0.0063
1747 0.0063
1748 0.005
1749 0.005
1750 0.005
1751 0.005
1752 0.0063
1753 0.0063
1754 0.005
1755 0.005
1756 0.005
1757 0.005
1758 0.0063
1759 0.0063
1760 0.005
1761 0.005
1762 0.005
1763 0.005
1764 0.0063
1765 0.0063
1766 0.005
1767 0.005
1768 0.005
1769 0.005
1770 0.0063
1771 0.0063
1772 0.005
1773 0.005
1774 0.005
1775 0.005
1776 0.0063
1777 0.0063
1778 0.005
1779 0.005
1780 0.005
1781 0.005
1782 0.0063
1783 0.0063
1784 0.005
1785 0.005
1786 0.005
1787 0.005
1788 0.0063
1789 0.005
1790 0.005
1791 0.005
1792 0.005
1793 0.0063
1794 0.0063
1795 0.005
1796 0.005
1797 0.005
1798 0.005
1799 0.0063
1800 0.0063
1801 0.005
1802 0.005
1803 0.005
1804 0.005
1805 0.0063
1806 0.0063
1807 0.005
1808 0.005
1809 0.005
1810 0.005
1811 0.0063
1812 0.0063
1813 0.005
1814 0.005
1815 0.005
1816 0.005
1817 0.0063
1818 0.0063
1819 0.005
1820 0.005
1821 0.005
1822 0.005
1823 0.0063
1824 0.0063
1825 0.005
1826 0.005
1827 0.005
1828 0.005
1829 0.0063
1830 0.0063
1831 0.005
1832 0.005
1833 0.005
1834 0.005
1835 0.0063
1836 0.0063
1837 0.005
1838 0.005
1839 0.005
1840 0.005
1841 0.0063
1842 0.0063
1843 0.005
1844 0.005
1845 0.005
1846 0.005
1847 0.0063
1848 0.0063
1849 0.005
1850 0.005
1851 0.005
1852 0.005
1853 0.0063
1854 0.0063
1855 0.005
1856 0.005
1857 0.005
1858 0.005
1859 0.0063
1860 0.005
1861 0.005
1862 0.005
1863 0.005
1864 0.0063
1865 0.0063
1866 0.005
1867 0.005
1868 0.005
1869 0.005
1870 0.0063
1871 0.0063
1872 0.005
1873 0.005
1874 0.005
1875 0.005
1876 0.0063
1877 0.0063
1878 0.005
1879 0.005
1880 0.005
1881 0.005
1882 0.0063
1883 0.0063
1884 0.005
1885 0.005
1886 0.005
1887 0.005
1888 0.0063
1889 0.0063
1890 0.005
1891 0.005
1892 0.005
1893 0.005
1894 0.0063
1895 0.0063
1896 0.005
1897 0.005
1898 0.005
1899 0.005
1900 0.0063
1901 0.0063
1902 0.005
1903 0.005
1904 0.005
1905 0.005
1906 0.0063
1907 0.0063
1908 0.005
1909 0.005
1910 0.005
1911 0.005
1912 0.0063
1913 0.0063
1914 0.005
1915 0.005
1916 0.005
1917 0.005
1918 0.0063
1919 0.0063
1920 0.005
1921 0.005
1922 0.005
1923 0.005
1924 0.0063
1925 0.0063
1926 0.005
1927 0.005
1928 0.005
1929 0.005
1930 0.0063
1931 0.005
1932 0.005
1933 0.005
1934 0.005
1935 0.0063
1936 0.0063
1937 0.005
1938 0.005
1939 0.005
1940 0.005
1941 0.0063
1942 0.0063
1943 0.005
1944 0.005
1945 0.005
1946 0.005
1947 0.0063
1948 0.0063
1949 0.005
1950 0.005
1951 0.005
1952 0.005
1953 0.0063
1954 0.0063
1955 0.005
1956 0.005
1957 0.005
1958 0.005
1959 0.0063
1960 0.0063
1961 0.005
1962 0.005
1963 0.005
1964 0.005
1965 0.0063
1966 0.0063
1967 0.005
1968 0.005
1969 0.005
1970 0.005
1971 0.0063
1972 0.0063
1973 0.005
1974 0.005
1975 0.005
1976 0.005
1977 0.0063
1978 0.0063
1979 0.005
1980 0.005
1981 0.005
1982 0.005
1983 0.0063
1984 0.0063
1985 0.005
1986 0.005
1987 0.005
1988 0.005
1989 0.0063
1990 0.0063
1991 0.005
1992 0.005
1993 0.005
1994 0.005
1995 0.0063
1996 0.0063
1997 0.005
1998 0.005
1999 0.005
2000 0.005
2001 0.0063
2002 0.005
2003 0.005
2004 0.005
2005 0.005
2006 0.0063
2007 0.0063
2008 0.005
2009 0.005
2010 0.005
2011 0.005
2012 0.0063
2013 0.0063
2014 0.005
2015 0.005
2016 0.005
2017 0.005
2018 0.0063
2019 0.0063
2020 0.005
2021 0.005
2022 0.005
2023 0.005
2024 0.0063
2025 0.0063
2026 0.005
2027 0.005
2028 0.005
2029 0.005
2030 0.0063
2031 0.0063
2032 0.005
2033 0.005
2034 0.005
2035 0.005
2036 0.0063
2037 0.0063
2038 0.005
2039 0.005
2040 0.005
2041 0.005
2042 0.0063
2043 0.0063
2044 0.005
2045 0.005
2046 0.005
2047 0.005
2048 0.0063
2049 0.0063
2050 0.005
2051 0.005
2052 0.005
2053 0.005
2054 0.0063
2055 0.0063
2056 0.005
2057 0.005
2058 0.005
2059 0.005
2060 0.0063
2061 0.0063
2062 0.005
2063 0.005
2064 0.005
2065 0.005
2066 0.0063
2067 0.0063
2068 0.005
2069 0.005
2070 0.005
2071 0.005
2072 0.0063
2073 0.005
2074 0.005
2075 0.005
2076 0.005
2077 0.0063
2078 0.0063
2079 0.005
2080 0.005
2081 0.005
2082 0.005
2083 0.0063
2084 0.0063
2085 0.005
2086 0.005
2087 0.005
2088 0.005
2089 0.0063
2090 0.0063
2091 0.005
2092 0.005
2093 0.005
2094 0.005
2095 0.0063
2096 0.0063
2097 0.005
2098 0.005
2099 0.005
2100 0.005
2101 0.0063
2102 0.0063
2103 0.005
2104 0.005
2105 0.005
2106 0.005
2107 0.0063
2108 0.0063
2109 0.005
2110 0.005
2111 0.005
2112 0.005
2113 0.0063
2114 0.0063
2115 0.005
2116 0.005
2117 0.005
2118 0.005
2119 0.0063
2120 0.0063
2121 0.005
2122 0.005
2123 0.005
2124 0.005
2125 0.0063
2126 0.0063
2127 0.005
2128 0.005
2129 0.005
2130 0.005
2131 0.0063
2132 0.0063
2133 0.005
2134 0.005
2135 0.005
2136 0.005
2137 0.0063
2138 0.0063
2139 0.005
2140 0.005
2141 0.005
2142 0.005
2143 0.0063
2144 0.005
2145 0.005
2146 0.005
2147 0.005
2148 0.0063
2149 0.0063
2150 0.005
2151 0.005
2152 0.005
2153 0.005
2154 0.0063
2155 0.0063
2156 0.005
2157 0.005
2158 0.005
2159 0.005
2160 0.0063
2161 0.0063
2162 0.005
2163 0.005
2164 0.005
2165 0.005
2166 0.0063
2167 0.0063
2168 0.005
2169 0.005
2170 0.005
2171 0.005
2172 0.0063
2173 0.0063
2174 0.005
2175 0.005
2176 0.005
2177 0.005
2178 0.0063
2179 0.0063
2180 0.005
2181 0.005
2182 0.005
2183 0.005
2184 0.0063
2185 0.0063
2186 0.005
2187 0.005
2188 0.005
2189 0.005
2190 0.0063
2191 0.0063
2192 0.005
2193 0.005
2194 0.005
2195 0.005
2196 0.0063
2197 0.0063
2198 0.005
2199 0.005
2200 0.005
2201 0.005
2202 0.0063
2203 0.0063
2204 0.005
2205 0.005
2206 0.005
2207 0.005
2208 0.0063
2209 0.0063
2210 0.005
2211 0.005
2212 0.005
2213 0.005
2214 0.0063
2215 0.005
2216 0.005
2217 0.005
2218 0.005
2219 0.0063
2220 0.0063
2221 0.005
2222 0.005
2223 0.005
2224 0.005
2225 0.0063
2226 0.0063
2227 0.005
2228 0.005
2229 0.005
2230 0.005
2231 0.0063
2232 0.0063
2233 0.005
2234 0.005
2235 0.005
2236 0.005
2237 0.0063
2238 0.0063
2239 0.005
2240 0.005
2241 0.005
2242 0.005
2243 0.0063
2244 0.0063
2245 0.005
2246 0.005
2247 0.005
2248 0.005
2249 0.0063
2250 0.0063
2251 0.005
2252 0.005
2253 0.005
2254 0.005
2255 0.0063
2256 0.0063
2257 0.005
2258 0.005
2259 0.005
2260 0.005
2261 0.0063
2262 0.0063
2263 0.005
2264 0.005
2265 0.005
2266 0.005
2267 0.0063
2268 0.0063
2269 0.005
2270 0.005
2271 0.005
2272 0.005
2273 0.0063
2274 0.0063
2275 0.005
2276 0.005
2277 0.005
2278 0.005
2279 0.0063
2280 0.0063
2281 0.005
2282 0.005
2283 0.005
2284 0.005
2285 0.0063
2286 0.005
2287 0.005
2288 0.005
2289 0.005
2290 0.0063
2291 0.0063
2292 0.005
2293 0.005
2294 0.005
2295 0.005
2296 0.0063
2297 0.0063
2298 0.005
2299 0.005
2300 0.005
2301 0.005
2302 0.0063
2303 0.0063
2304 0.005
2305 0.005
2306 0.005
2307 0.005
2308 0.0063
2309 0.0063
2310 0.005
2311 0.005
2312 0.005
2313 0.005
2314 0.0063
2315 0.0063
2316 0.005
2317 0.005
2318 0.005
2319 0.005
2320 0.0063
2321 0.0063
2322 0.005
2323 0.005
2324 0.005
2325 0.005
2326 0.0063
2327 0.0063
2328 0.005
2329 0.005
2330 0.005
2331 0.005
2332 0.0063
2333 0.0063
2334 0.005
2335 0.005
2336 0.005
2337 0.005
2338 0.0063
2339 0.0063
2340 0.005
2341 0.005
2342 0.005
2343 0.005
2344 0.0063
2345 0.0063
2346 0.005
2347 0.005
2348 0.005
2349 0.005
2350 0.0063
2351 0.0063
2352 0.005
2353 0.005
2354 0.005
2355 0.005
2356 0.0063
2357 0.005
2358 0.005
2359 0.005
2360 0.005
2361 0.0063
2362 0.0063
2363 0.005
2364 0.005
2365 0.005
2366 0.005
2367 0.0063
2368 0.0063
2369 0.005
2370 0.005
2371 0.005
2372 0.005
2373 0.0063
2374 0.0063
2375 0.005
2376 0.005
2377 0.005
2378 0.005
2379 0.0063
2380 0.0063
2381 0.005
2382 0.005
2383 0.005
2384 0.005
2385 0.0063
2386 0.0063
2387 0.005
2388 0.005
2389 0.005
2390 0.005
2391 0.0063
2392 0.0063
2393 0.005
2394 0.005
2395 0.005
2396 0.005
2397 0.0063
2398 0.0063
2399 0.005
2400 0.005
2401 0.005
2402 0.005
2403 0.0063
2404 0.0063
2405 0.005
2406 0.005
2407 0.005
2408 0.005
2409 0.0063
2410 0.0063
2411 0.005
2412 0.005
2413 0.005
2414 0.005
2415 0.0063
2416 0.0063
2417 0.005
2418 0.005
2419 0.005
2420 0.005
2421 0.0063
2422 0.0063
2423 0.005
2424 0.005
2425 0.005
2426 0.005
2427 0.0063
2428 0.005
2429 0.005
2430 0.005
2431 0.005
2432 0.0063
2433 0.0063
2434 0.005
2435 0.005
2436 0.005
2437 0.005
2438 0.0063
2439 0.0063
2440 0.005
2441 0.005
2442 0.005
2443 0.005
2444 0.0063
2445 0.0063
2446 0.005
2447 0.005
2448 0.005
2449 0.005
2450 0.0063
2451 0.0063
2452 0.005
2453 0.005
2454 0.005
2455 0.005
2456 0.0063
2457 0.0063
2458 0.005
2459 0.005
2460 0.005
2461 0.005
2462 0.0063
2463 0.0063
2464 0.005
2465 0.005
2466 0.005
2467 0.005
2468 0.0063
2469 0.0063
2470 0.005
2471 0.005
2472 0.005
2473 0.005
2474 0.0063
2475 0.0063
2476 0.005
2477 0.005
2478 0.005
2479 0.005
2480 0.0063
2481 0.0063
2482 0.005
2483 0.005
2484 0.005
2485 0.005
2486 0.0063
2487 0.0063
2488 0.005
2489 0.005
2490 0.005
2491 0.005
2492 0.0063
2493 0.0063
2494 0.005
2495 0.005
2496 0.005
2497 0.005
2498 0.0063
2499 0.005
2500 0.005
2501 0.005
2502 0.005
2503 0.0063
2504 0.0063
2505 0.005
2506 0.005
2507 0.005
2508 0.005
2509 0.0063
2510 0.0063
2511 0.005
2512 0.005
2513 0.005
2514 0.005
2515 0.0063
2516 0.0063
2517 0.005
2518 0.005
2519 0.005
2520 0.005
2521 0.0063
2522 0.0063
2523 0.005
2524 0.005
2525 0.005
2526 0.005
2527 0.0063
2528 0.0063
2529 0.005
2530 0.005
2531 0.005
2532 0.005
2533 0.0063
2534 0.0063
2535 0.005
2536 0.005
2537 0.005
2538 0.005
2539 0.0063
2540 0.0063
2541 0.005
2542 0.005
2543 0.005
2544 0.005
2545 0.0063
2546 0.0063
2547 0.005
2548 0.005
2549 0.005
2550 0.005
2551 0.0063
2552 0.0063
2553 0.005
2554 0.005
2555 0.005
2556 0.005
2557 0.0063
2558 0.0063
2559 0.005
2560 0.005
2561 0.005
2562 0.005
2563 0.0063
2564 0.0063
2565 0.005
2566 0.005
2567 0.005
2568 0.005
2569 0.0063
2570 0.005
2571 0.005
2572 0.005
2573 0.005
2574 0.0063
2575 0.0063
2576 0.005
2577 0.005
2578 0.005
2579 0.005
2580 0.0063
2581 0.0063
2582 0.005
2583 0.005
2584 0.005
2585 0.005
2586 0.0063
2587 0.0063
2588 0.005
2589 0.005
2590 0.005
2591 0.005
2592 0.0063
2593 0.0063
2594 0.005
2595 0.005
2596 0.005
2597 0.005
2598 0.0063
2599 0.0063
2600 0.005
2601 0.005
2602 0.005
2603 0.005
2604 0.0063
2605 0.0063
2606 0.005
2607 0.005
2608 0.005
2609 0.005
2610 0.0063
2611 0.0063
2612 0.005
2613 0.005
2614 0.005
2615 0.005
2616 0.0063
2617 0.0063
2618 0.005
2619 0.005
2620 0.005
2621 0.005
2622 0.0063
2623 0.0063
2624 0.005
2625 0.005
2626 0.005
2627 0.005
2628 0.0063
2629 0.0063
2630 0.005
2631 0.005
2632 0.005
2633 0.005
2634 0.0063
2635 0.0063
2636 0.005
2637 0.005
2638 0.005
2639 0.005
2640 0.0063
2641 0.005
2642 0.005
2643 0.005
2644 0.005
2645 0.0063
2646 0.0063
2647 0.005
2648 0.005
2649 0.005
2650 0.005
2651 0.0063
2652 0.0063
2653 0.005
2654 0.005
2655 0.005
2656 0.005
2657 0.0063
2658 0.0063
2659 0.005
2660 0.005
2661 0.005
2662 0.005
2663 0.0063
2664 0.0063
2665 0.005
2666 0.005
2667 0.005
2668 0.005
2669 0.0063
2670 0.0063
2671 0.005
2672 0.005
2673 0.005
2674 0.005
2675 0.0063
2676 0.0063
2677 0.005
2678 0.005
2679 0.005
2680 0.005
2681 0.0063
2682 0.0063
2683 0.005
2684 0.005
2685 0.005
2686 0.005
2687 0.0063
2688 0.0063
2689 0.005
2690 0.005
2691 0.005
2692 0.005
2693 0.0063
2694 0.0063
2695 0.005
2696 0.005
2697 0.005
2698 0.005
2699 0.0063
2700 0.0063
2701 0.005
2702 0.005
2703 0.005
2704 0.005
2705 0.0063
2706 0.0063
2707 0.005
2708 0.005
2709 0.005
2710 0.005
2711 0.0063
2712 0.005
2713 0.005
2714 0.005
2715 0.005
2716 0.0063
2717 0.0063
2718 0.005
2719 0.005
2720 0.005
2721 0.005
2722 0.0063
2723 0.0063
2724 0.005
2725 0.005
2726 0.005
2727 0.005
2728 0.0063
2729 0.0063
2730 0.005
2731 0.005
2732 0.005
2733 0.005
2734 0.0063
2735 0.0063
2736 0.005
2737 0.005
2738 0.005
2739 0.005
2740 0.0063
2741 0.0063
2742 0.005
2743 0.005
2744 0.005
2745 0.005
2746 0.0063
2747 0.0063
2748 0.005
2749 0.005
2750 0.005
2751 0.005
2752 0.0063
2753 0.0063
2754 0.005
2755 0.005
2756 0.005
2757 0.005
2758 0.0063
2759 0.0063
2760 0.005
2761 0.005
2762 0.005
2763 0.005
2764 0.0063
2765 0.0063
2766 0.005
2767 0.005
2768 0.005
2769 0.005
2770 0.0063
2771 0.0063
2772 0.005
2773 0.005
2774 0.005
2775 0.005
2776 0.0063
2777 0.0063
2778 0.005
2779 0.005
2780 0.005
2781 0.005
2782 0.0063
2783 0.005
2784 0.005
2785 0.005
2786 0.005
2787 0.0063
2788 0.0063
2789 0.005
2790 0.005
2791 0.005
2792 0.005
2793 0.0063
2794 0.0063
2795 0.005
2796 0.005
2797 0.005
2798 0.005
2799 0.0063
2800 0.0063
2801 0.005
2802 0.005
2803 0.005
2804 0.005
2805 0.0063
2806 0.0063
2807 0.005
2808 0.005
2809 0.005
2810 0.005
2811 0.0063
2812 0.0063
2813 0.005
2814 0.005
2815 0.005
2816 0.005
2817 0.0063
2818 0.0063
2819 0.005
2820 0.005
2821 0.005
2822 0.005
2823 0.0063
2824 0.0063
2825 0.005
2826 0.005
2827 0.005
2828 0.005
2829 0.0063
2830 0.0063
2831 0.005
2832 0.005
2833 0.005
2834 0.005
2835 0.0063
2836 0.0063
2837 0.005
2838 0.005
2839 0.005
2840 0.005
2841 0.0063
2842 0.0063
2843 0.005
2844 0.005
2845 0.005
2846 0.005
2847 0.0063
2848 0.0063
2849 0.005
2850 0.005
2851 0.005
2852 0.005
2853 0.0063
2854 0.005
2855 0.005
2856 0.005
2857 0.005
2858 0.0063
2859 0.005
2860 0.005
2861 0.005
2862 0.005
2863 0.0063
2864 0.005
2865 0.005
2866 0.005
2867 0.005
2868 0.0063
2869 0.005
2870 0.005
2871 0.005
2872 0.005
2873 0.0063
2874 0.005
2875 0.005
2876 0.005
2877 0.005
2878 0.0063
2879 0.005
2880 0.005
2881 0.005
2882 0.005
2883 0.0063
2884 0.005
2885 0.005
2886 0.005
2887 0.005
2888 0.0063
2889 0.005
2890 0.005
2891 0.005
2892 0.005
2893 0.0063
2894 0.005
2895 0.005
2896 0.005
2897 0.005
2898 0.0063
2899 0.005
2900 0.005
2901 0.005
2902 0.005
2903 0.0063
2904 0.005
2905 0.005
2906 0.005
2907 0.005
2908 0.0063
2909 0.005
2910 0.005
2911 0.005
2912 0.005
2913 0.005
2914 0.005
2915 0.005
2916 0.005
2917 0.3
2918 0.0125
2919 0.3
2920 0.0125
2921 0.3
2922 0.0125
2923 0.3
2924 0.0125
2925 0.3
2926 0.0125
2927 0.3
2928 0.0125
2929 0.3
2930 0.0125
2931 0.3
2932 0.0125
2933 0.3
2934 0.0125
2935 0.3
2936 0.0125
2937 0.3
2938 0.0125
2939 0.3
2940 0.0125
2941 0.3
2942 0.0125
2943 0.3
2944 0.0125
2945 0.3
2946 0.0125
2947 0.3
2948 0.0125
2949 0.3
2950 0.0125
2951 0.3
2952 0.0125
2953 0.3
2954 0.0125
2955 0.3
2956 0.0125
2957 0.3
2958 0.0125
2959 0.3
2960 0.0125
2961 0.3
2962 0.0125
2963 0.3
2964 0.0125
2965 0.3
2966 0.0125
2967 0.3
2968 0.0125
2969 0.3
2970 0.0125
2971 0.3
2972 0.0125
2973 0.3
2974 0.0125
2975 0.3
2976 0.0125
2977 0.3
2978 0.0125
2979 0.3
2980 0.0125
2981 0.3
2982 0.0125
2983 0.3
2984 0.0125
2985 0.3
2986 0.0125
2987 0.3
2988 0.0125
2989 0.3
2990 0.0125
2991 0.3
2992 0.0125
2993 0.3
2994 0.0125
2995 0.3
2996 0.0125
2997 0.3
2998 0.0125
2999 0.3
3000 0.0125
3001 0.3
3002 0.0125
3003 0.3
3004 0.0125
3005 0.3
3006 0.0125
3007 0.3
3008 0.0125
3009 0.3
3010 0.0125
3011 0.3
3012 0.0125
3013 0.3
3014 0.0125
3015 0.3
3016 0.0125
3017 0.3
3018 0.0125
3019 0.3
3020 0.0125
3021 0.3
3022 0.0125
3023 0.3
3024 0.0125
3025 0.3
3026 0.0125
3027 0.3
3028 0.0125
3029 0.3
3030 0.0125
3031 0.3
3032 0.0125
3033 0.3
3034 0.0125
3035 0.3
3036 0.0125
3037 0.3
3038 0.0125
3039 0.3
3040 0.0125
3041 0.3
3042 0.0125
3043 0.3
3044 0.0125
3045 0.3
3046 0.0125
3047 0.3
3048 0.0125
3049 0.3
3050 0.0125
3051 0.3
3052 0.0125
3053 0.3
3054 0.0125
3055 0.3
3056 0.0125
3057 0.3
3058 0.0125
3059 0.3
3060 0.0125
3061 0.3
3062 0.0125
3063 0.3
3064 0.0125
3065 0.3
3066 0.0125
3067 0.3
3068 0.0125
3069 0.3
3070 0.0125
3071 0.3
3072 0.0125
3073 0.3
3074 0.0125
3075 0.3
3076 0.0125
3077 0.3
3078 0.0125
3079 0.3
3080 0.0125
3081 0.3
3082 0.0125
3083 0.3
3084 0.0125
3085 0.3
3086 0.0125
3087 0.3
3088 0.0125
3089 0.3
3090 0.0125
3091 0.3
3092 0.0125
3093 0.3
3094 0.0125
3095 0.3
3096 0.0125
3097 0.3
3098 0.0125
$EndElementData
$ElementData
1
"Attribute:SectionDimension3"
1
0
3
0
1
3098
1 0.0155
2 0.0155
3 0.0155
4 0.0155
5 0.0155
6 0.0155
7 0.0155
8 0.0155
9 0.0155
10 0.0155
11 0.0155
12 0.0155
13 0.0155
14 0.0155
15 0.0155
16 0.0155
17 0.0155
18 0.0155
19 0.0155
20 0.0155
21 0.0155
22 0.0155
23 0.0155
24 0.0155
25 0.0145
26 0.0145
27 0.0145
28 0.0145
29 0.0145
30 0.0145
31 0.0145
32 0.0145
33 0.0145
34 0.0145
35 0.0145
36 0.0145
37 0.0145
38 0.0145
39 0.0145
40 0.0145
41 0.0145
42 0.0145
43 0.0145
44 0.0145
45 0.0145
46 0.0145
47 0.0145
48 0.0145
49 0.0155
50 0.0155
51 0.0155
52 0.0155
53 0.0155
54 0.0155
55 0.0155
56 0.0155
57 0.0155
58 0.0155
59 0.0155
60 0.0155
61 0.0155
62 0.0155
63 0.0155
64 0.0155
65 0.0155
66 0.0155
67 0.0155
68 0.0155
69 0.0155
70 0.0155
71 0.0155
72 0.0155
73 0.0145
74 0.0145
75 0.0145
76 0.0145
77 0.0145
78 0.0145
79 0.0145
80 0.0145
81 0.0145
82 0.0145
83 0.0145
84 0.0145
85 0.0145
86 0.0145
87 0.0145
88 0.0145
89 0.0145
90 0.0145
91 0.0145
92 0.0145
93 0.0145
94 0.0145
95 0.0145
96 0.0145
97 0.0155
98 0.0155
99 0.0155
100 0.0155
101 0.0155
102 0.0155
103 0.0155
104 0.0155
105 0.0155
106 0.0155
107 0.0155
108 0.0155
109 0.0155
110 0.0155
111 0.0155
112 0.0155
113 0.0155
114 0.0155
115 0.0155
116 0.0155
117 0.0155
118 0.0155
119 0.0155
120 0.0155
121 0.0145
122 0.0145
123 0.0145
124 0.0145
125 0.0145
126 0.0145
127 0.0145
128 0.0145
129 0.0145
130 0.0145
131 0.0145
132 0.0145
133 0.0145
134 0.0145
135 0.0145
136 0.0145
137 0.0145
138 0.0145
139 0.0145
140 0.0145
141 0.0145
142 0.0145
143 0.0145
144 0.0145
145 0.0155
146 0.0155
147 0.0155
148 0.0155
149 0.0155
150 0.0155
151 0.0155
152 0.0155
153 0.0155
154 0.0155
155 0.0155
156 0.0155
157 0.0155
158 0.0155
159 0.0155
160 0.0155
161 0.0155
162 0.0155
163 0.0155
164 0.0155
165 0.0155
166 0.0155
167 0.0155
168 0.0155
169 0.0145
170 0.0145
171 0.0145
172 0.0145
173 0.0145
174 0.0145
175 0.0145
176 0.0145
177 0.0145
178 0.0145
179 0.0145
180 0.0145
181 0.0145
182 0.0145
183 0.0145
184 0.0145
185 0.0145
186 0.0145
187 0.0145
188 0.0145
189 0.0145
190 0.0145
191 0.0145
192 0.0145
193 0.0155
194 0.0155
195 0.0155
196 0.0155
197 0.0155
198 0.0155
199 0.0155
200 0.0155
201 0.0155
202 0.0155
203 0.0155
204 0.0155
205 0.0155
206 0.0155
207 0.0155
208 0.0155
209 0.0155
210 0.0155
211 0.0155
212 0.0155
213 0.0155
214 0.0155
215 0.0155
216 0.0155
217 0.0145
218 0.0145
219 0.0145
220 0.0145
221 0.0145
222 0.0145
223 0.0145
224 0.0145
225 0.0145
226 0.0145
227 0.0145
228 0.0145
229 0.0145
230 0.0145
231 0.0145
232 0.0145
233 0.0145
234 0.0145
235 0.0145
236 0.0145
237 0.0145
238 0.0145
239 0.0145
240 0.0145
241 0.0155
242 0.0155
243 0.0155
244 0.0155
245 0.0155
246 0.0155
247 0.0155
248 0.0155
249 0.0155
250 0.0155
251 0.0155
252 0.0155
253 0.0155
254 0.0155
255 0.0155
256 0.0155
257 0.0155
258 0.0155
259 0.0155
260 0.0155
261 0.0155
262 0.0155
263 0.0155
264 0.0155
265 0.0145
266 0.0145
267 0.0145
268 0.0145
269 0.0145
270 0.0145
271 0.0145
272 0.0145
273 0.0145
274 0.0145
275 0.0145
276 0.0145
277 0.0145
278 0.0145
279 0.0145
280 0.0145
281 0.0145
282 0.0145
283 0.0145
284 0.0145
285 0.0145
286 0.0145
287 0.0145
288 0.0145
289 0.0155
290 0.0155
291 0.0155
292 0.0155
293 0.0155
294 0.0155
295 0.0155
296 0.0155
297 0.0155
298 0.0155
299 0.0155
300 0.0155
301 0.0155
302 0.0155
303 0.0155
304 0.0155
305 0.0155
306 0.0155
307 0.0155
308 0.0155
309 0.0155
310 0.0155
311 0.0155
312 0.0155
313 0.0155
314 0.0155
315 0.0155
316 0.0155
317 0.0155
318 0.0155
319 0.0155
320 0.0155
321 0.0155
322 0.0155
323 0.0155
324 0.0155
325 0.0145
326 0.0145
327 0.0145
328 0.0145
329 0.0145
330 0.0145
331 0.0145
332 0.0145
333 0.0145
334 0.0145
335 0.0145
336 0.0145
337 0.0155
338 0.0155
339 0.0155
340 0.0155
341 0.0155
342 0.0155
343 0.0155
344 0.0155
345 0.0155
346 0.0155
347 0.0155
348 0.0155
349 0.0145
350 0.0145
351 0.0145
352 0.0145
353 0.0145
354 0.0145
355 0.0145
356 0.0145
357 0.0145
358 0.0145
359 0.0145
360 0.0145
361 0.0155
362 0.0155
363 0.0155
364 0.0155
365 0.0155
366 0.0155
367 0.0155
368 0.0155
369 0.0155
370 0.0155
371 0.0155
372 0.0155
373 0.0145
374 0.0145
375 0.0145
376 0.0145
377 0.0145
378 0.0145
379 0.0145
380 0.0145
381 0.0145
382 0.0145
383 0.0145
384 0.0145
385 0.0155
386 0.0155
387 0.0155
388 0.0155
389 0.0155
390 0.0155
391 0.0155
392 0.0155
393 0.0155
394 0.0155
395 0.0155
396 0.0155
397 0.0145
398 0.0145
399 0.0145
400 0.0145
401 0.0145
402 0.0145
403 0.0145
404 0.0145
405 0.0145
406 0.0145
407 0.0145
408 0.0145
409 0.0155
410 0.0155
411 0.0155
412 0.0155
413 0.0155
414 0.0155
415 0.0155
416 0.0155
417 0.0155
418 0.0155
419 0.0155
420 0.0155
421 0.0145
422 0.0145
423 0.0145
424 0.0145
425 0.0145
426 0.0145
427 0.0145
428 0.0145
429 0.0145
430 0.0145
431 0.0145
432 0.0145
433 0.0155
434 0.0155
435 0.0155
436 0.0155
437 0.0155
438 0.0155
439 0.0155
440 0.0155
441 0.0155
442 0.0155
443 0.0155
444 0.0155
445 0.0145
446 0.0145
447 0.0145
448 0.0145
449 0.0145
450 0.0145
451 0.0145
452 0.0145
453 0.0145
454 0.0145
455 0.0145
456 0.0145
457 0.0155
458 0.0155
459 0.0155
460 0.0155
461 0.0155
462 0.0155
463 0.0155
464 0.0155
465 0.0155
466 0.0155
467 0.0155
468 0.0155
469 0.0145
470 0.0145
471 0.0145
472 0.0145
473 0.0145
474 0.0145
475 0.0145
476 0.0145
477 0.0145
478 0.0145
479 0.0145
480 0.0145
481 0.0155
482 0.0155
483 0.0155
484 0.0155
485 0.0155
486 0.0155
487 0.0155
488 0.0155
489 0.0155
490 0.0155
491 0.0155
492 0.0155
493 0.0145
494 0.0145
495 0.0145
496 0.0145
497 0.0145
498 0.0145
499 0.0145
500 0.0145
501 0.0145
502 0.0145
503 0.0145
504 0.0145
505 0.0155
506 0.0155
507 0.0155
508 0.0155
509 0.0155
510 0.0155
511 0.0155
512 0.0155
513 0.0155
514 0.0155
515 0.0155
516 0.0155
517 0.0145
518 0.0145
519 0.0145
520 0.0145
521 0.0145
522 0.0145
523 0.0145
524 0.0145
525 0.0145
526 0.0145
527 0.0145
528 0.0145
529 0.0155
530 0.0155
531 0.0155
532 0.0155
533 0.0155
534 0.0155
535 0.0155
536 0.0155
537 0.0155
538 0.0155
539 0.0155
540 0.0155
541 0.0145
542 0.0145
543 0.0145
544 0.0145
545 0.0145
546 0.0145
547 0.0145
548 0.0145
549 0.0145
550 0.0145
551 0.0145
552 0.0145
553 0.0155
554 0.0155
555 0.0155
556 0.0155
557 0.0155
558 0.0155
559 0.0155
560 0.0155
561 0.0155
562 0.0155
563 0.0155
564 0.0155
565 0.0145
566 0.0145
567 0.0145
568 0.0145
569 0.0145
570 0.0145
571 0.0145
572 0.0145
573 0.0145
574 0.0145
575 0.0145
576 0.0145
577 0.0155
578 0.0155
579 0.0155
580 0.0155
581 0.0155
582 0.0155
583 0.0155
584 0.0155
585 0.0155
586 0.0155
587 0.0155
588 0.0155
589 0.0145
590 0.0145
591 0.0145
592 0.0145
593 0.0145
594 0.0145
595 0.0145
596 0.0145
597 0.0145
598 0.0145
599 0.0145
600 0.0145
601 0.0155
602 0.0155
603 0.0155
604 0.0155
605 0.0155
606 0.0155
607 0.0155
608 0.0155
609 0.0155
610 0.0155
611 0.0155
612 0.0155
613 0
614 0
615 0
616 0
617 0
618 0
619 0
620 0
621 0
622 0
623 0
624 0
625 0
626 0
627 0
628 0
629 0
630 0
631 0
632 0
633 0
634 0
635 0
636 0
637 0
638 0
639 0
640 0
641 0
642 0
643 0
644 0
645 0
646 0
647 0
648 0
649 0
650 0
651 0
652 0
653 0
654 0
655 0
656 0
657 0
658 0
659 0
660 0
661 0
662 0
663 0
664 0
665 0
666 0
667 0
668 0
669 0
670 0
671 0
672 0
673 0
674 0
675 0
676 0
677 0
678 0
679 0
680 0
681 0
682 0
683 0
684 0
685 0
686 0
687 0
688 0
689 0
690 0
691 0
692 0
693 0
694 0
695 0
696 0
697 0
698 0
699 0
700 0
701 0
702 0
703 0
704 0
705 0
706 0
707 0
708 0
709 0
710 0
711 0
712 0
713 0
714 0
715 0
716 0
717 0
718 0
719 0
720 0
721 0
722 0
723 0
724 0
725 0
726 0
727 0
728 0
729 0
730 0
731 0
732 0
733 0
734 0
735 0
736 0
737 0
738 0
739 0
740 0
741 0
742 0
743 0
744 0
745 0
746 0
747 0
748 0
749 0
750 0
751 0
752 0
753 0
754 0
755 0
756 0
757 0
758 0
759 0
760 0
761 0
762 0
763 0
764 0
765 0
766 0
767 0
768 0
769 0
770 0
771 0
772 0
773 0
774 0
775 0
776 0
777 0
778 0
779 0
780 0
781 0
782 0
783 0
784 0
785 0
786 0
787 0
788 0
789 0
790 0
791 0
792 0
793 0
794 0
795 0
796 0
797 0
798 0
799 0
800 0
801 0
802 0
803 0
804 0
805 0
806 0
807 0
808 0
809 0
810 0
811 0
812 0
813 0
814 0
815 0
816 0
817 0
818 0
819 0
820 0
821 0
822 0
823 0
824 0
825 0
826 0
827 0
828 0
829 0
830 0
831 0
832 0
833 0
834 0
835 0
836 0
837 0
838 0
839 0
840 0
841 0
842 0
843 0
844 0
845 0
846 0
847 0
848 0
849 0
850 0
851 0
852 0
853 0
854 0
855 0
856 0
857 0
858 0
859 0
860 0
861 0
862 0
863 0
864 0
865 0
866 0
867 0
868 0
869 0
870 0
871 0
872 0
873 0
874 0
875 0
876 0
877 0
878 0
879 0
880 0
881 0
882 0
883 0
884 0
885 0
886 0
887 0
888 0
889 0
890 0
891 0
892 0
893 0
894 0
895 0
896 0
897 0
898 0
899 0
900 0
901 0
902 0
903 0
904 0
905 0
906 0
907 0
908 0
909 0
910 0
911 0
912 0
913 0
914 0
915 0
916 0
917 0
918 0
919 0
920 0
921 0
922 0
923 0
924 0
925 0
926 0
927 0
928 0
929 0
930 0
931 0
932 0
933 0
934 0
935 0
936 0
937 0
938 0
939 0
940 0
941 0
942 0
943 0
944 0
945 0
946 0
947 0
948 0
949 0
950 0
951 0
952 0
953 0
954 0
955 0
956 0
957 0
958 0
959 0
960 0
961 0
962 0
963 0
964 0
965 0
966 0
967 0
968 0
969 0
970 0
971 0
972 0
973 0
974 0
975 0
976 0
977 0
978 0
979 0
980 0
981 0
982 0
983 0
984 0
985 0
986 0
987 0
988 0
989 0
990 0
991 0
992 0
993 0
994 0
995 0
996 0
997 0
998 0
999 0
1000 0
1001 0
1002 0
1003 0
1004 0
1005 0
1006 0
1007 0
1008 0
1009 0
1010 0
1011 0
1012 0
1013 0
1014 0
1015 0
1016 0
1017 0
1018 0
1019 0
1020 0
1021 0
1022 0
1023 0
1024 0
1025 0
1026 0
1027 0
1028 0
1029 0
1030 0
1031 0
1032 0
1033 0
1034 0
1035 0
1036 0
1037 0
1038 0
1039 0
1040 0
1041 0
1042 0
1043 0
1044 0
1045 0
1046 0
1047 0
1048 0
1049 0
1050 0
1051 0
1052 0
1053 0
1054 0
1055 0
1056 0
1057 0
1058 0
1059 0
1060 0
1061 0
1062 0
1063 0
1064 0
1065 0
1066 0
1067 0
1068 0
1069 0
1070 0
1071 0
1072 0
1073 0
1074 0
1075 0
1076 0
1077 0
1078 0
1079 0
1080 0
1081 0
1082 0
1083 0
1084 0
1085 0
1086 0
1087 0
1088 0
1089 0
1090 0
1091 0
1092 0
1093 0
1094 0
1095 0
1096 0
1097 0
1098 0
1099 0
1100 0
1101 0
1102 0
1103 0
1104 0
1105 0
1106 0
1107 0
1108 0
1109 0
1110 0
1111 0
1112 0
1113 0
1114 0
1115 0
1116 0
1117 0
1118 0
1119 0
1120 0
1121 0
1122 0
1123 0
1124 0
1125 0
1126 0
1127 0
1128 0
1129 0
1130 0
1131 0
1132 0
1133 0
1134 0
1135 0
1136 0
1137 0
1138 0
1139 0
1140 0
1141 0
1142 0
1143 0
1144 0
1145 0
1146 0
1147 0
1148 0
1149 0
1150 0
1151 0
1152 0
1153 0
1154 0
1155 0
1156 0
1157 0
1158 0
1159 0
1160 0
1161 0
1162 0
1163 0
1164 0
1165 0
1166 0
1167 0
1168 0
1169 0
1170 0
1171 0
1172 0
1173 0
1174 0
1175 0
1176 0
1177 0
1178 0
1179 0
1180 0
1181 0
1182 0
1183 0
1184 0
1185 0
1186 0
1187 0
1188 0
1189 0
1190 0
1191 0
1192 0
1193 0
1194 0
1195 0
1196 0
1197 0
1198 0
1199 0
1200 0
1201 0
1202 0
1203 0
1204 0
1205 0
1206 0
1207 0
1208 0
1209 0
1210 0
1211 0
1212 0
1213 0
1214 0
1215 0
1216 0
1217 0
1218 0
1219 0
1220 0
1221 0
1222 0
1223 0
1224 0
1225 0
1226 0
1227 0
1228 0
1229 0
1230 0
1231 0
1232 0
1233 0
1234 0
1235 0
1236 0
1237 0
1238 0
1239 0
1240 0
1241 0
1242 0
1243 0
1244 0
1245 0
1246 0
1247 0
1248 0
1249 0
1250 0
1251 0
1252 0
1253 0
1254 0
1255 0
1256 0
1257 0
1258 0
1259 0
1260 0
1261 0
1262 0
1263 0
1264 0
1265 0
1266 0
1267 0
1268 0
1269 0
1270 0
1271 0
1272 0
1273 0
1274 0
1275 0
1276 0
1277 0
1278 0
1279 0
1280 0
1281 0
1282 0
1283 0
1284 0
1285 0
1286 0
1287 0
1288 0
1289 0
1290 0
1291 0
1292 0
1293 0
1294 0
1295 0
1296 0
1297 0
1298 0
1299 0
1300 0
1301 0
1302 0
1303 0
1304 0
1305 0
1306 0
1307 0
1308 0
1309 0
1310 0
1311 0
1312 0
1313 0
1314 0
1315 0
1316 0
1317 0
1318 0
1319 0
1320 0
1321 0
1322 0
1323 0
1324 0
1325 0
1326 0
1327 0
1328 0
1329 0
1330 0
1331 0
1332 0
1333 0
1334 0
1335 0
1336 0
1337 0
1338 0
1339 0
1340 0
1341 0
1342 0
1343 0
1344 0
1345 0
1346 0
1347 0
1348 0
1349 0
1350 0
1351 0
1352 0
1353 0
1354 0
1355 0
1356 0
1357 0
1358 0
1359 0
1360 0
1361 0
1362 0
1363 0
1364 0
1365 0
1366 0
1367 0
1368 0
1369 0
1370 0
1371 0
1372 0
1373 0
1374 0
1375 0
1376 0
1377 0
1378 0
1379 0
1380 0
1381 0
1382 0
1383 0
1384 0
1385 0
1386 0
1387 0
1388 0
1389 0
1390 0
1391 0
1392 0
1393 0
1394 0
1395 0
1396 0
1397 0
1398 0
1399 0
1400 0
1401 0
1402 0
1403 0
1404 0
1405 0
1406 0
1407 0
1408 0
1409 0
1410 0
1411 0
1412 0
1413 0
1414 0
1415 0
1416 0
1417 0
1418 0
1419 0
1420 0
1421 0
1422 0
1423 0
1424 0
1425 0
1426 0
1427 0
1428 0
1429 0
1430 0
1431 0
1432 0
1433 0
1434 0
1435 0
1436 0
1437 0
1438 0
1439 0
1440 0
1441 0
1442 0
1443 0
1444 0
1445 0
1446 0
1447 0
1448 0
1449 0
1450 0
1451 0
1452 0
1453 0
1454 0
1455 0
1456 0
1457 0
1458 0
1459 0
1460 0
1461 0
1462 0
1463 0
1464 0
1465 0
1466 0
1467 0
1468 0
1469 0
1470 0
1471 0
1472 0
1473 0
1474 0
1475 0
1476 0
1477 0
1478 0
1479 0
1480 0
1481 0
1482 0
1483 0
1484 0
1485 0
1486 0
1487 0
1488 0
1489 0
1490 0
1491 0
1492 0
1493 0
1494 0
1495 0
1496 0
1497 0
1498 0
1499 0
1500 0
1501 0
1502 0
1503 0
1504 0
1505 0
1506 0
1507 0
1508 0
1509 0
1510 0
1511 0
1512 0
1513 0
1514 0
1515 0
1516 0
1517 0
1518 0
1519 0
1520 0
1521 0
1522 0
1523 0
1524 0
1525 0
1526 0
1527 0
1528 0
1529 0
1530 0
1531 0
1532 0
1533 0
1534 0
1535 0
1536 0
1537 0
1538 0
1539 0
1540 0
1541 0
1542 0
1543 0
1544 0
1545 0
1546 0
1547 0
1548 0
1549 0
1550 0
1551 0
1552 0
1553 0
1554 0
1555 0
1556 0
1557 0
1558 0
1559 0
1560 0
1561 0
1562 0
1563 0
1564 0
1565 0
1566 0
1567 0
1568 0
1569 0
1570 0
1571 0
1572 0
1573 0
1574 0
1575 0
1576 0
1577 0
1578 0
1579 0
1580 0
1581 0
1582 0
1583 0
1584 0
1585 0
1586 0
1587 0
1588 0
1589 0
1590 0
1591 0
1592 0
1593 0
1594 0
1595 0
1596 0
1597 0
1598 0
1599 0
1600 0
1601 0
1602 0
1603 0
1604 0
1605 0
1606 0
1607 0
1608 0
1609 0
1610 0
1611 0
1612 0
1613 0
1614 0
1615 0
1616 0
1617 0
1618 0
1619 0
1620 0
1621 0
1622 0
1623 0
1624 0
1625 0
1626 0
1627 0
1628 0
1629 0
1630 0
1631 0
1632 0
1633 0
1634 0
1635 0
1636 0
1637 0
1638 0
1639 0
1640 0
1641 0
1642 0
1643 0
1644 0
1645 0
1646 0
1647 0
1648 0
1649 0
1650 0
1651 0
1652 0
1653 0
1654 0
1655 0
1656 0
1657 0
1658 0
1659 0
1660 0
1661 0
1662 0
1663 0
1664 0
1665 0
1666 0
1667 0
1668 0
1669 0
1670 0
1671 0
1672 0
1673 0
1674 0
1675 0
1676 0
1677 0
1678 0
1679 0
1680 0
1681 0
1682 0
1683 0
1684 0
1685 0
1686 0
1687 0
1688 0
1689 0
1690 0
1691 0
1692 0
1693 0
1694 0
1695 0
1696 0
1697 0
1698 0
1699 0
1700 0
1701 0
1702 0
1703 0
1704 0
1705 0
1706 0
1707 0
1708 0
1709 0
1710 0
1711 0
1712 0
1713 0
1714 0
1715 0
1716 0
1717 0
1718 0
1719 0
1720 0
1721 0
1722 0
1723 0
1724 0
1725 0
1726 0
1727 0
1728 0
1729 0
1730 0
1731 0
1732 0
1733 0
1734 0
1735 0
1736 0
1737 0
1738 0
1739 0
1740 0
1741 0
1742 0
1743 0
1744 0
1745 0
1746 0
1747 0
1748 0
1749 0
1750 0
1751 0
1752 0
1753 0
1754 0
1755 0
1756 0
1757 0
1758 0
1759 0
1760 0
1761 0
1762 0
1763 0
1764 0
1765 0
1766 0
1767 0
1768 0
1769 0
1770 0
1771 0
1772 0
1773 0
1774 0
1775 0
1776 0
1777 0
1778 0
1779 0
1780 0
1781 0
1782 0
1783 0
1784 0
1785 0
1786 0
1787 0
1788 0
1789 0
1790 0
1791 0
1792 0
1793 0
1794 0
1795 0
1796 0
1797 0
1798 0
1799 0
1800 0
1801 0
1802 0
1803 0
1804 0
1805 0
1806 0
1807 0
1808 0
1809 0
1810 0
1811 0
1812 0
1813 0
1814 0
1815 0
1816 0
1817 0
1818 0
1819 0
1820 0
1821 0
1822 0
1823 0
1824 0
1825 0
1826 0
1827 0
1828 0
1829 0
1830 0
1831 0
1832 0
1833 0
1834 0
1835 0
1836 0
1837 0
1838 0
1839 0
1840 0
1841 0
1842 0
1843 0
1844 0
1845 0
1846 0
1847 0
1848 0
1849 0
1850 0
1851 0
1852 0
1853 0
1854 0
1855 0
1856 0
1857 0
1858 0
1859 0
1860 0
1861 0
1862 0
1863 0
1864 0
1865 0
1866 0
1867 0
1868 0
1869 0
1870 0
1871 0
1872 0
1873 0
1874 0
1875 0
1876 0
1877 0
1878 0
1879 0
1880 0
1881 0
1882 0
1883 0
1884 0
1885 0
1886 0
1887 0
1888 0
1889 0
1890 0
1891 0
1892 0
1893 0
1894 0
1895 0
1896 0
1897 0
1898 0
1899 0
1900 0
1901 0
1902 0
1903 0
1904 0
1905 0
1906 0
1907 0
1908 0
1909 0
1910 0
1911 0
1912 0
1913 0
1914 0
1915 0
1916 0
1917 0
1918 0
1919 0
1920 0
1921 0
1922 0
1923 0
1924 0
1925 0
1926 0
1927 0
1928 0
1929 0
1930 0
1931 0
1932 0
1933 0
1934 0
1935 0
1936 0
1937 0
1938 0
1939 0
1940 0
1941 0
1942 0
1943 0
1944 0
1945 0
1946 0
1947 0
1948 0
1949 0
1950 0
1951 0
1952 0
1953 0
1954 0
1955 0
1956 0
1957 0
1958 0
1959 0
1960 0
1961 0
1962 0
1963 0
1964 0
1965 0
1966 0
1967 0
1968 0
1969 0
1970 0
1971 0
1972 0
1973 0
1974 0
1975 0
1976 0
1977 0
1978 0
1979 0
1980 0
1981 0
1982 0
1983 0
1984 0
1985 0
1986 0
1987 0
1988 0
1989 0
1990 0
1991 0
1992 0
1993 0
1994 0
1995 0
1996 0
1997 0
1998 0
1999 0
2000 0
2001 0
2002 0
2003 0
2004 0
2005 0
2006 0
2007 0
2008 0
2009 0
2010 0
2011 0
2012 0
2013 0
2014 0
2015 0
2016 0
2017 0
2018 0
2019 0
2020 0
2021 0
2022 0
2023 0
2024 0
2025 0
2026 0
2027 0
2028 0
2029 0
2030 0
2031 0
2032 0
2033 0
2034 0
2035 0
2036 0
2037 0
2038 0
2039 0
2040 0
2041 0
2042 0
2043 0
2044 0
2045 0
2046 0
2047 0
2048 0
2049 0
2050 0
2051 0
2052 0
2053 0
2054 0
2055 0
2056 0
2057 0
2058 0
2059 0
2060 0
2061 0
2062 0
2063 0
2064 0
2065 0
2066 0
2067 0
2068 0
2069 0
2070 0
2071 0
2072 0
2073 0
2074 0
2075 0
2076 0
2077 0
2078 0
2079 0
2080 0
2081 0
2082 0
2083 0
2084 0
2085 0
2086 0
2087 0
2088 0
2089 0
2090 0
2091 0
2092 0
2093 0
2094 0
2095 0
2096 0
2097 0
2098 0
2099 0
2100 0
2101 0
2102 0
2103 0
2104 0
2105 0
2106 0
2107 0
2108 0
2109 0
2110 0
2111 0
2112 0
2113 0
2114 0
2115 0
2116 0
2117 0
2118 0
2119 0
2120 0
2121 0
2122 0
2123 0
2124 0
2125 0
2126 0
2127 0
2128 0
2129 0
2130 0
2131 0
2132 0
2133 0
2134 0
2135 0
2136 0
2137 0
2138 0
2139 0
2140 0
2141 0
2142 0
2143 0
2144 0
2145 0
2146 0
2147 0
2148 0
2149 0
2150 0
2151 0
2152 0
2153 0
2154 0
2155 0
2156 0
2157 0
2158 0
2159 0
2160 0
2161 0
2162 0
2163 0
2164 0
2165 0
2166 0
2167 0
2168 0
2169 0
2170 0
2171 0
2172 0
2173 0
2174 0
2175 0
2176 0
2177 0
2178 0
2179 0
2180 0
2181 0
2182 0
2183 0
2184 0
2185 0
2186 0
2187 0
2188 0
2189 0
2190 0
2191 0
2192 0
2193 0
2194 0
2195 0
2196 0
2197 0
2198 0
2199 0
2200 0
2201 0
2202 0
2203 0
2204 0
2205 0
2206 0
2207 0
2208 0
2209 0
2210 0
2211 0
2212 0
2213 0
2214 0
2215 0
2216 0
2217 0
2218 0
2219 0
2220 0
2221 0
2222 0
2223 0
2224 0
2225 0
2226 0
2227 0
2228 0
2229 0
2230 0
2231 0
2232 0
2233 0
2234 0
2235 0
2236 0
2237 0
2238 0
2239 0
2240 0
2241 0
2242 0
2243 0
2244 0
2245 0
2246 0
2247 0
2248 0
2249 0
2250 0
2251 0
2252 0
2253 0
2254 0
2255 0
2256 0
2257 0
2258 0
2259 0
2260 0
2261 0
2262 0
2263 0
2264 0
2265 0
2266 0
2267 0
2268 0
2269 0
2270 0
2271 0
2272 0
2273 0
2274 0
2275 0
2276 0
2277 0
2278 0
2279 0
2280 0
2281 0
2282 0
2283 0
2284 0
2285 0
2286 0
2287 0
2288 0
2289 0
2290 0
2291 0
2292 0
2293 0
2294 0
2295 0
2296 0
2297 0
2298 0
2299 0
2300 0
2301 0
2302 0
2303 0
2304 0
2305 0
2306 0
2307 0
2308 0
2309 0
2310 0
2311 0
2312 0
2313 0
2314 0
2315 0
2316 0
2317 0
2318 0
2319 0
2320 0
2321 0
2322 0
2323 0
2324 0
2325 0
2326 0
2327 0
2328 0
2329 0
2330 0
2331 0
2332 0
2333 0
2334 0
2335 0
2336 0
2337 0
2338 0
2339 0
2340 0
2341 0
2342 0
2343 0
2344 0
2345 0
2346 0
2347 0
2348 0
2349 0
2350 0
2351 0
2352 0
2353 0
2354 0
2355 0
2356 0
2357 0
2358 0
2359 0
2360 0
2361 0
2362 0
2363 0
2364 0
2365 0
2366 0
2367 0
2368 0
2369 0
2370 0
2371 0
2372 0
2373 0
2374 0
2375 0
2376 0
2377 0
2378 0
2379 0
2380 0
2381 0
2382 0
2383 0
2384 0
2385 0
2386 0
2387 0
2388 0
2389 0
2390 0
2391 0
2392 0
2393 0
2394 0
2395 0
2396 0
2397 0
2398 0
2399 0
2400 0
2401 0
2402 0
2403 0
2404 0
2405 0
2406 0
2407 0
2408 0
2409 0
2410 0
2411 0
2412 0
2413 0
2414 0
2415 0
2416 0
2417 0
2418 0
2419 0
2420 0
2421 0
2422 0
2423 0
2424 0
2425 0
2426 0
2427 0
2428 0
2429 0
2430 0
2431 0
2432 0
2433 0
2434 0
2435 0
2436 0
2437 0
2438 0
2439 0
2440 0
2441 0
2442 0
2443 0
2444 0
2445 0
2446 0
2447 0
2448 0
2449 0
2450 0
2451 0
2452 0
2453 0
2454 0
2455 0
2456 0
2457 0
2458 0
2459 0
2460 0
2461 0
2462 0
2463 0
2464 0
2465 0
2466 0
2467 0
2468 0
2469 0
2470 0
2471 0
2472 0
2473 0
2474 0
2475 0
2476 0
2477 0
2478 0
2479 0
2480 0
2481 0
2482 0
2483 0
2484 0
2485 0
2486 0
2487 0
2488 0
2489 0
2490 0
2491 0
2492 0
2493 0
2494 0
2495 0
2496 0
2497 0
2498 0
2499 0
2500 0
2501 0
2502 0
2503 0
2504 0
2505 0
2506 0
2507 0
2508 0
2509 0
2510 0
2511 0
2512 0
2513 0
2514 0
2515 0
2516 0
2517 0
2518 0
2519 0
2520 0
2521 0
2522 0
2523 0
2524 0
2525 0
2526 0
2527 0
2528 0
2529 0
2530 0
2531 0
2532 0
2533 0
2534 0
2535 0
2536 0
2537 0
2538 0
2539 0
2540 0
2541 0
2542 0
2543 0
2544 0
2545 0
2546 0
2547 0
2548 0
2549 0
2550 0
2551 0
2552 0
2553 0
2554 0
2555 0
2556 0
2557 0
2558 0
2559 0
2560 0
2561 0
2562 0
2563 0
2564 0
2565 0
2566 0
2567 0
2568 0
2569 0
2570 0
2571 0
2572 0
2573 0
2574 0
2575 0
2576 0
2577 0
2578 0
2579 0
2580 0
2581 0
2582 0
2583 0
2584 0
2585 0
2586 0
2587 0
2588 0
2589 0
2590 0
2591 0
2592 0
2593 0
2594 0
2595 0
2596 0
2597 0
2598 0
2599 0
2600 0
2601 0
2602 0
2603 0
2604 0
2605 0
2606 0
2607 0
2608 0
2609 0
2610 0
2611 0
2612 0
2613 0
2614 0
2615 0
2616 0
2617 0
2618 0
2619 0
2620 0
2621 0
2622 0
2623 0
2624 0
2625 0
2626 0
2627 0
2628 0
2629 0
2630 0
2631 0
2632 0
2633 0
2634 0
2635 0
2636 0
2637 0
2638 0
2639 0
2640 0
2641 0
2642 0
2643 0
2644 0
2645 0
2646 0
2647 0
2648 0
2649 0
2650 0
2651 0
2652 0
2653 0
2654 0
2655 0
2656 0
2657 0
2658 0
2659 0
2660 0
2661 0
2662 0
2663 0
2664 0
2665 0
2666 0
2667 0
2668 0
2669 0
2670 0
2671 0
2672 0
2673 0
2674 0
2675 0
2676 0
2677 0
2678 0
2679 0
2680 0
2681 0
2682 0
2683 0
2684 0
2685 0
2686 0
2687 0
2688 0
2689 0
2690 0
2691 0
2692 0
2693 0
2694 0
2695 0
2696 0
2697 0
2698 0
2699 0
2700 0
2701 0
2702 0
2703 0
2704 0
2705 0
2706 0
2707 0
2708 0
2709 0
2710 0
2711 0
2712 0
2713 0
2714 0
2715 0
2716 0
2717 0
2718 0
2719 0
2720 0
2721 0
2722 0
2723 0
2724 0
2725 0
2726 0
2727 0
2728 0
2729 0
2730 0
2731 0
2732 0
2733 0
2734 0
2735 0
2736 0
2737 0
2738 0
2739 0
2740 0
2741 0
2742 0
2743 0
2744 0
2745 0
2746 0
2747 0
2748 0
2749 0
2750 0
2751 0
2752 0
2753 0
2754 0
2755 0
2756 0
2757 0
2758 0
2759 0
2760 0
2761 0
2762 0
2763 0
2764 0
2765 0
2766 0
2767 0
2768 0
2769 0
2770 0
2771 0
2772 0
2773 0
2774 0
2775 0
2776 0
2777 0
2778 0
2779 0
2780 0
2781 0
2782 0
2783 0
2784 0
2785 0
2786 0
2787 0
2788 0
2789 0
2790 0
2791 0
2792 0
2793 0
2794 0
2795 0
2796 0
2797 0
2798 0
2799 0
2800 0
2801 0
2802 0
2803 0
2804 0
2805 0
2806 0
2807 0
2808 0
2809 0
2810 0
2811 0
2812 0
2813 0
2814 0
2815 0
2816 0
2817 0
2818 0
2819 0
2820 0
2821 0
2822 0
2823 0
2824 0
2825 0
2826 0
2827 0
2828 0
2829 0
2830 0
2831 0
2832 0
2833 0
2834 0
2835 0
2836 0
2837 0
2838 0
2839 0
2840 0
2841 0
2842 0
2843 0
2844 0
2845 0
2846 0
2847 0
2848 0
2849 0
2850 0
2851 0
2852 0
2853 0
2854 0
2855 0
2856 0
2857 0
2858 0
2859 0
2860 0
2861 0
2862 0
2863 0
2864 0
2865 0
2866 0
2867 0
2868 0
2869 0
2870 0
2871 0
2872 0
2873 0
2874 0
2875 0
2876 0
2877 0
2878 0
2879 0
2880 0
2881 0
2882 0
2883 0
2884 0
2885 0
2886 0
2887 0
2888 0
2889 0
2890 0
2891 0
2892 0
2893 0
2894 0
2895 0
2896 0
2897 0
2898 0
2899 0
2900 0
2901 0
2902 0
2903 0
2904 0
2905 0
2906 0
2907 0
2908 0
2909 0
2910 0
2911 0
2912 0
2913 0
2914 0
2915 0
2916 0
2917 0.0135
2918 0
2919 0.0135
2920 0
2921 0.0135
2922 0
2923 0.0135
2924 0
2925 0.0135
2926 0
2927 0.0135
2928 0
2929 0.0135
2930 0
2931 0.0135
2932 0
2933 0.0135
2934 0
2935 0.0135
2936 0
2937 0.0135
2938 0
2939 0.0135
2940 0
2941 0.0135
2942 0
2943 0.0135
2944 0
2945 0.0135
2946 0
2947 0.0135
2948 0
2949 0.0135
2950 0
2951 0.0135
2952 0
2953 0.0135
2954 0
2955 0.0135
2956 0
2957 0.0135
2958 0
2959 0.0135
2960 0
2961 0.0135
2962 0
2963 0.0135
2964 0
2965 0.0135
2966 0
2967 0.0135
2968 0
2969 0.0135
2970 0
2971 0.0135
2972 0
2973 0.0135
2974 0
2975 0.0135
2976 0
2977 0.0135
2978 0
2979 0.0135
2980 0
2981 0.0135
2982 0
2983 0.0135
2984 0
2985 0.0135
2986 0
2987 0.0135
2988 0
2989 0.0135
2990 0
2991 0.0135
2992 0
2993 0.0135
2994 0
2995 0.0135
2996 0
2997 0.0135
2998 0
2999 0.0135
3000 0
3001 0.0135
3002 0
3003 0.0135
3004 0
3005 0.0135
3006 0
3007 0.0135
3008 0
3009 0.0135
3010 0
3011 0.0135
3012 0
3013 0.0135
3014 0
3015 0.0135
3016 0
3017 0.0135
3018 0
3019 0.0135
3020 0
3021 0.0135
3022 0
3023 0.0135
3024 0
3025 0.0135
3026 0
3027 0.0135
3028 0
3029 0.0135
3030 0
3031 0.0135
3032 0
3033 0.0135
3034 0
3035 0.0135
3036 0
3037 0.0135
3038 0
3039 0.0135
3040 0
3041 0.0135
3042 0
3043 0.0135
3044 0
3045 0.0135
3046 0
3047 0.0135
3048 0
3049 0.0135
3050 0
3051 0.0135
3052 0
3053 0.0135
3054 0
3055 0.0135
3056 0
3057 0.0135
3058 0
3059 0.0135
3060 0
3061 0.0135
3062 0
3063 0.0135
3064 0
3065 0.0135
3066 0
3067 0.0135
3068 0
3069 0.0135
3070 0
3071 0.0135
3072 0
3073 0.0135
3074 0
3075 0.0135
3076 0
3077 0.0135
3078 0
3079 0.0135
3080 0
3081 0.0135
3082 0
3083 0.0135
3084 0
3085 0.0135
3086 0
3087 0.0135
3088 0
3089 0.0135
3090 0
3091 0.0135
3092 0
3093 0.0135
3094 0
3095 0.0135
3096 0
3097 0.0135
3098 0
$EndElementData
$ElementData
1
"Attribute:SectionDimension4"
1
0
3
0
1
3098
1 0.03
2 0.03
3 0.03
4 0.03
5 0.03
6 0.03
7 0.03
8 0.03
9 0.03
10 0.03
11 0.03
12 0.03
13 0.03
14 0.03
15 0.03
16 0.03
17 0.03
18 0.03
19 0.03
20 0.03
21 0.03
22 0.03
23 0.03
24 0.03
25 0.028
26 0.028
27 0.028
28 0.028
29 0.028
30 0.028
31 0.028
32 0.028
33 0.028
34 0.028
35 0.028
36 0.028
37 0.028
38 0.028
39 0.028
40 0.028
41 0.028
42 0.028
43 0.028
44 0.028
45 0.028
46 0.028
47 0.028
48 0.028
49 0.03
50 0.03
51 0.03
52 0.03
53 0.03
54 0.03
55 0.03
56 0.03
57 0.03
58 0.03
59 0.03
60 0.03
61 0.03
62 0.03
63 0.03
64 0.03
65 0.03
66 0.03
67 0.03
68 0.03
69 0.03
70 0.03
71 0.03
72 0.03
73 0.028
74 0.028
75 0.028
76 0.028
77 0.028
78 0.028
79 0.028
80 0.028
81 0.028
82 0.028
83 0.028
84 0.028
85 0.028
86 0.028
87 0.028
88 0.028
89 0.028
90 0.028
91 0.028
92 0.028
93 0.028
94 0.028
95 0.028
96 0.028
97 0.03
98 0.03
99 0.03
100 0.03
101 0.03
102 0.03
103 0.03
104 0.03
105 0.03
106 0.03
107 0.03
108 0.03
109 0.03
110 0.03
111 0.03
112 0.03
113 0.03
114 0.03
115 0.03
116 0.03
117 0.03
118 0.03
119 0.03
120 0.03
121 0.028
122 0.028
123 0.028
124 0.028
125 0.028
126 0.028
127 0.028
128 0.028
129 0.028
130 0.028
131 0.028
132 0.028
133 0.028
134 0.028
135 0.028
136 0.028
137 0.028
138 0.028
139 0.028
140 0.028
141 0.028
142 0.028
143 0.028
144 0.028
145 0.03
146 0.03
147 0.03
148 0.03
149 0.03
150 0.03
151 0.03
152 0.03
153 0.03
154 0.03
155 0.03
156 0.03
157 0.03
158 0.03
159 0.03
160 0.03
161 0.03
162 0.03
163 0.03
164 0.03
165 0.03
166 0.03
167 0.03
168 0.03
169 0.028
170 0.028
171 0.028
172 0.028
173 0.028
174 0.028
175 0.028
176 0.028
177 0.028
178 0.028
179 0.028
180 0.028
181 0.028
182 0.028
183 0.028
184 0.028
185 0.028
186 0.028
187 0.028
188 0.028
189 0.028
190 0.028
191 0.028
192 0.028
193 0.03
194 0.03
195 0.03
196 0.03
197 0.03
198 0.03
199 0.03
200 0.03
201 0.03
202 0.03
203 0.03
204 0.03
205 0.03
206 0.03
207 0.03
208 0.03
209 0.03
210 0.03
211 0.03
212 0.03
213 0.03
214 0.03
215 0.03
216 0.03
217 0.028
218 0.028
219 0.028
220 0.028
221 0.028
222 0.028
223 0.028
224 0.028
225 0.028
226 0.028
227 0.028
228 0.028
229 0.028
230 0.028
231 0.028
232 0.028
233 0.028
234 0.028
235 0.028
236 0.028
237 0.028
238 0.028
239 0.028
240 0.028
241 0.03
242 0.03
243 0.03
244 0.03
245 0.03
246 0.03
247 0.03
248 0.03
249 0.03
250 0.03
251 0.03
252 0.03
253 0.03
254 0.03
255 0.03
256 0.03
257 0.03
258 0.03
259 0.03
260 0.03
261 0.03
262 0.03
263 0.03
264 0.03
265 0.028
266 0.028
267 0.028
268 0.028
269 0.028
270 0.028
271 0.028
272 0.028
273 0.028
274 0.028
275 0.028
276 0.028
277 0.028
278 0.028
279 0.028
280 0.028
281 0.028
282 0.028
283 0.028
284 0.028
285 0.028
286 0.028
287 0.028
288 0.028
289 0.03
290 0.03
291 0.03
292 0.03
293 0.03
294 0.03
295 0.03
296 0.03
297 0.03
298 0.03
299 0.03
300 0.03
301 0.03
302 0.03
303 0.03
304 0.03
305 0.03
306 0.03
307 0.03
308 0.03
309 0.03
310 0.03
311 0.03
312 0.03
313 0.03
314 0.03
315 0.03
316 0.03
317 0.03
318 0.03
319 0.03
320 0.03
321 0.03
322 0.03
323 0.03
324 0.03
325 0.028
326 0.028
327 0.028
328 0.028
329 0.028
330 0.028
331 0.028
332 0.028
333 0.028
334 0.028
335 0.028
336 0.028
337 0.03
338 0.03
339 0.03
340 0.03
341 0.03
342 0.03
343 0.03
344 0.03
345 0.03
346 0.03
347 0.03
348 0.03
349 0.028
350 0.028
351 0.028
352 0.028
353 0.028
354 0.028
355 0.028
356 0.028
357 0.028
358 0.028
359 0.028
360 0.028
361 0.03
362 0.03
363 0.03
364 0.03
365 0.03
366 0.03
367 0.03
368 0.03
369 0.03
370 0.03
371 0.03
372 0.03
373 0.028
374 0.028
375 0.028
376 0.028
377 0.028
378 0.028
379 0.028
380 0.028
381 0.028
382 0.028
383 0.028
384 0.028
385 0.03
386 0.03
387 0.03
388 0.03
389 0.03
390 0.03
391 0.03
392 0.03
393 0.03
394 0.03
395 0.03
396 0.03
397 0.028
398 0.028
399 0.028
400 0.028
401 0.028
402 0.028
403 0.028
404 0.028
405 0.028
406 0.028
407 0.028
408 0.028
409 0.03
410 0.03
411 0.03
412 0.03
413 0.03
414 0.03
415 0.03
416 0.03
417 0.03
418 0.03
419 0.03
420 0.03
421 0.028
422 0.028
423 0.028
424 0.028
425 0.028
426 0.028
427 0.028
428 0.028
429 0.028
430 0.028
431 0.028
432 0.028
433 0.03
434 0.03
435 0.03
436 0.03
437 0.03
438 0.03
439 0.03
440 0.03
441 0.03
442 0.03
443 0.03
444 0.03
445 0.028
446 0.028
447 0.028
448 0.028
449 0.028
450 0.028
451 0.028
452 0.028
453 0.028
454 0.028
455 0.028
456 0.028
457 0.03
458 0.03
459 0.03
460 0.03
461 0.03
462 0.03
463 0.03
464 0.03
465 0.03
466 0.03
467 0.03
468 0.03
469 0.028
470 0.028
471 0.028
472 0.028
473 0.028
474 0.028
475 0.028
476 0.028
477 0.028
478 0.028
479 0.028
480 0.028
481 0.03
482 0.03
483 0.03
484 0.03
485 0.03
486 0.03
487 0.03
488 0.03
489 0.03
490 0.03
491 0.03
492 0.03
493 0.028
494 0.028
495 0.028
496 0.028
497 0.028
498 0.028
499 0.028
500 0.028
501 0.028
502 0.028
503 0.028
504 0.028
505 0.03
506 0.03
507 0.03
508 0.03
509 0.03
510 0.03
511 0.03
512 0.03
513 0.03
514 0.03
515 0.03
516 0.03
517 0.028
518 0.028
519 0.028
520 0.028
521 0.028
522 0.028
523 0.028
524 0.028
525 0.028
526 0.028
527 0.028
528 0.028
529 0.03
530 0.03
531 0.03
532 0.03
533 0.03
534 0.03
535 0.03
536 0.03
537 0.03
538 0.03
539 0.03
540 0.03
541 0.028
542 0.028
543 0.028
544 0.028
545 0.028
546 0.028
547 0.028
548 0.028
549 0.028
550 0.028
551 0.028
552 0.028
553 0.03
554 0.03
555 0.03
556 0.03
557 0.03
558 0.03
559 0.03
560 0.03
561 0.03
562 0.03
563 0.03
564 0.03
565 0.028
566 0.028
567 0.028
568 0.028
569 0.028
570 0.028
571 0.028
572 0.028
573 0.028
574 0.028
575 0.028
576 0.028
577 0.03
578 0.03
579 0.03
580 0.03
581 0.03
582 0.03
583 0.03
584 0.03
585 0.03
586 0.03
587 0.03
588 0.03
589 0.028
590 0.028
591 0.028
592 0.028
593 0.028
594 0.028
595 0.028
596 0.028
597 0.028
598 0.028
599 0.028
600 0.028
601 0.03
602 0.03
603 0.03
604 0.03
605 0.03
606 0.03
607 0.03
608 0.03
609 0.03
610 0.03
611 0.03
612 0.03
613 0
614 0
615 0
616 0
617 0
618 0
619 0
620 0
621 0
622 0
623 0
624 0
625 0
626 0
627 0
628 0
629 0
630 0
631 0
632 0
633 0
634 0
635 0
636 0
637 0
638 0
639 0
640 0
641 0
642 0
643 0
644 0
645 0
646 0
647 0
648 0
649 0
650 0
651 0
652 0
653 0
654 0
655 0
656 0
657 0
658 0
659 0
660 0
661 0
662 0
663 0
664 0
665 0
666 0
667 0
668 0
669 0
670 0
671 0
672 0
673 0
674 0
675 0
676 0
677 0
678 0
679 0
680 0
681 0
682 0
683 0
684 0
685 0
686 0
687 0
688 0
689 0
690 0
691 0
692 0
693 0
694 0
695 0
696 0
697 0
698 0
699 0
700 0
701 0
702 0
703 0
704 0
705 0
706 0
707 0
708 0
709 0
710 0
711 0
712 0
713 0
714 0
715 0
716 0
717 0
718 0
719 0
720 0
721 0
722 0
723 0
724 0
725 0
726 0
727 0
728 0
729 0
730 0
731 0
732 0
733 0
734 0
735 0
736 0
737 0
738 0
739 0
740 0
741 0
742 0
743 0
744 0
745 0
746 0
747 0
748 0
749 0
750 0
751 0
752 0
753 0
754 0
755 0
756 0
757 0
758 0
759 0
760 0
761 0
762 0
763 0
764 0
765 0
766 0
767 0
768 0
769 0
770 0
771 0
772 0
773 0
774 0
775 0
776 0
777 0
778 0
779 0
780 0
781 0
782 0
783 0
784 0
785 0
786 0
787 0
788 0
789 0
790 0
791 0
792 0
793 0
794 0
795 0
796 0
797 0
798 0
799 0
800 0
801 0
802 0
803 0
804 0
805 0
806 0
807 0
808 0
809 0
810 0
811 0
812 0
813 0
814 0
815 0
816 0
817 0
818 0
819 0
820 0
821 0
822 0
823 0
824 0
825 0
826 0
827 0
828 0
829 0
830 0
831 0
832 0
833 0
834 0
835 0
836 0
837 0
838 0
839 0
840 0
841 0
842 0
843 0
844 0
845 0
846 0
847 0
848 0
849 0
850 0
851 0
852 0
853 0
854 0
855 0
856 0
857 0
858 0
859 0
860 0
861 0
862 0
863 0
864 0
865 0
866 0
867 0
868 0
869 0
870 0
871 0
872 0
873 0
874 0
875 0
876 0
877 0
878 0
879 0
880 0
881 0
882 0
883 0
884 0
885 0
886 0
887 0
888 0
889 0
890 0
891 0
892 0
893 0
894 0
895 0
896 0
897 0
898 0
899 0
900 0
901 0
902 0
903 0
904 0
905 0
906 0
907 0
908 0
909 0
910 0
911 0
912 0
913 0
914 0
915 0
916 0
917 0
918 0
919 0
920 0
921 0
922 0
923 0
924 0
925 0
926 0
927 0
928 0
929 0
930 0
931 0
932 0
933 0
934 0
935 0
936 0
937 0
938 0
939 0
940 0
941 0
942 0
943 0
944 0
945 0
946 0
947 0
948 0
949 0
950 0
951 0
952 0
953 0
954 0
955 0
956 0
957 0
958 0
959 0
960 0
961 0
962 0
963 0
964 0
965 0
966 0
967 0
968 0
969 0
970 0
971 0
972 0
973 0
974 0
975 0
976 0
977 0
978 0
979 0
980 0
981 0
982 0
983 0
984 0
985 0
986 0
987 0
988 0
989 0
990 0
991 0
992 0
993 0
994 0
995 0
996 0
997 0
998 0
999 0
1000 0
1001 0
1002 0
1003 0
1004 0
1005 0
1006 0
1007 0
1008 0
1009 0
1010 0
1011 0
1012 0
1013 0
1014 0
1015 0
1016 0
1017 0
1018 0
1019 0
1020 0
1021 0
1022 0
1023 0
1024 0
1025 0
1026 0
1027 0
1028 0
1029 0
1030 0
1031 0
1032 0
1033 0
1034 0
1035 0
1036 0
1037 0
1038 0
1039 0
1040 0
1041 0
1042 0
1043 0
1044 0
1045 0
1046 0
1047 0
1048 0
1049 0
1050 0
1051 0
1052 0
1053 0
1054 0
1055 0
1056 0
1057 0
1058 0
1059 0
1060 0
1061 0
1062 0
1063 0
1064 0
1065 0
1066 0
1067 0
1068 0
1069 0
1070 0
1071 0
1072 0
1073 0
1074 0
1075 0
1076 0
1077 0
1078 0
1079 0
1080 0
1081 0
1082 0
1083 0
1084 0
1085 0
1086 0
1087 0
1088 0
1089 0
1090 0
1091 0
1092 0
1093 0
1094 0
1095 0
1096 0
1097 0
1098 0
1099 0
1100 0
1101 0
1102 0
1103 0
1104 0
1105 0
1106 0
1107 0
1108 0
1109 0
1110 0
1111 0
1112 0
1113 0
1114 0
1115 0
1116 0
1117 0
1118 0
1119 0
1120 0
1121 0
1122 0
1123 0
1124 0
1125 0
1126 0
1127 0
1128 0
1129 0
1130 0
1131 0
1132 0
1133 0
1134 0
1135 0
1136 0
1137 0
1138 0
1139 0
1140 0
1141 0
1142 0
1143 0
1144 0
1145 0
1146 0
1147 0
1148 0
1149 0
1150 0
1151 0
1152 0
1153 0
1154 0
1155 0
1156 0
1157 0
1158 0
1159 0
1160 0
1161 0
1162 0
1163 0
1164 0
1165 0
1166 0
1167 0
1168 0
1169 0
1170 0
1171 0
1172 0
1173 0
1174 0
1175 0
1176 0
1177 0
1178 0
1179 0
1180 0
1181 0
1182 0
1183 0
1184 0
1185 0
1186 0
1187 0
1188 0
1189 0
1190 0
1191 0
1192 0
1193 0
1194 0
1195 0
1196 0
1197 0
1198 0
1199 0
1200 0
1201 0
1202 0
1203 0
1204 0
1205 0
1206 0
1207 0
1208 0
1209 0
1210 0
1211 0
1212 0
1213 0
1214 0
1215 0
1216 0
1217 0
1218 0
1219 0
1220 0
1221 0
1222 0
1223 0
1224 0
1225 0
1226 0
1227 0
1228 0
1229 0
1230 0
1231 0
1232 0
1233 0
1234 0
1235 0
1236 0
1237 0
1238 0
1239 0
1240 0
1241 0
1242 0
1243 0
1244 0
1245 0
1246 0
1247 0
1248 0
1249 0
1250 0
1251 0
1252 0
1253 0
1254 0
1255 0
1256 0
1257 0
1258 0
1259 0
1260 0
1261 0
1262 0
1263 0
1264 0
1265 0
1266 0
1267 0
1268 0
1269 0
1270 0
1271 0
1272 0
1273 0
1274 0
1275 0
1276 0
1277 0
1278 0
1279 0
1280 0
1281 0
1282 0
1283 0
1284 0
1285 0
1286 0
1287 0
1288 0
1289 0
1290 0
1291 0
1292 0
1293 0
1294 0
1295 0
1296 0
1297 0
1298 0
1299 0
1300 0
1301 0
1302 0
1303 0
1304 0
1305 0
1306 0
1307 0
1308 0
1309 0
1310 0
1311 0
1312 0
1313 0
1314 0
1315 0
1316 0
1317 0
1318 0
1319 0
1320 0
1321 0
1322 0
1323 0
1324 0
1325 0
1326 0
1327 0
1328 0
1329 0
1330 0
1331 0
1332 0
1333 0
1334 0
1335 0
1336 0
1337 0
1338 0
1339 0
1340 0
1341 0
1342 0
1343 0
1344 0
1345 0
1346 0
1347 0
1348 0
1349 0
1350 0
1351 0
1352 0
1353 0
1354 0
1355 0
1356 0
1357 0
1358 0
1359 0
1360 0
1361 0
1362 0
1363 0
1364 0
1365 0
1366 0
1367 0
1368 0
1369 0
1370 0
1371 0
1372 0
1373 0
1374 0
1375 0
1376 0
1377 0
1378 0
1379 0
1380 0
1381 0
1382 0
1383 0
1384 0
1385 0
1386 0
1387 0
1388 0
1389 0
1390 0
1391 0
1392 0
1393 0
1394 0
1395 0
1396 0
1397 0
1398 0
1399 0
1400 0
1401 0
1402 0
1403 0
1404 0
1405 0
1406 0
1407 0
1408 0
1409 0
1410 0
1411 0
1412 0
1413 0
1414 0
1415 0
1416 0
1417 0
1418 0
1419 0
1420 0
1421 0
1422 0
1423 0
1424 0
1425 0
1426 0
1427 0
1428 0
1429 0
1430 0
1431 0
1432 0
1433 0
1434 0
1435 0
1436 0
1437 0
1438 0
1439 0
1440 0
1441 0
1442 0
1443 0
1444 0
1445 0
1446 0
1447 0
1448 0
1449 0
1450 0
1451 0
1452 0
1453 0
1454 0
1455 0
1456 0
1457 0
1458 0
1459 0
1460 0
1461 0
1462 0
1463 0
1464 0
1465 0
1466 0
1467 0
1468 0
1469 0
1470 0
1471 0
1472 0
1473 0
1474 0
1475 0
1476 0
1477 0
1478 0
1479 0
1480 0
1481 0
1482 0
1483 0
1484 0
1485 0
1486 0
1487 0
1488 0
1489 0
1490 0
1491 0
1492 0
1493 0
1494 0
1495 0
1496 0
1497 0
1498 0
1499 0
1500 0
1501 0
1502 0
1503 0
1504 0
1505 0
1506 0
1507 0
1508 0
1509 0
1510 0
1511 0
1512 0
1513 0
1514 0
1515 0
1516 0
1517 0
1518 0
1519 0
1520 0
1521 0
1522 0
1523 0
1524 0
1525 0
1526 0
1527 0
1528 0
1529 0
1530 0
1531 0
1532 0
1533 0
1534 0
1535 0
1536 0
1537 0
1538 0
1539 0
1540 0
1541 0
1542 0
1543 0
1544 0
1545 0
1546 0
1547 0
1548 0
1549 0
1550 0
1551 0
1552 0
1553 0
1554 0
1555 0
1556 0
1557 0
1558 0
1559 0
1560 0
1561 0
1562 0
1563 0
1564 0
1565 0
1566 0
1567 0
1568 0
1569 0
1570 0
1571 0
1572 0
1573 0
1574 0
1575 0
1576 0
1577 0
1578 0
1579 0
1580 0
1581 0
1582 0
1583 0
1584 0
1585 0
1586 0
1587 0
1588 0
1589 0
1590 0
1591 0
1592 0
1593 0
1594 0
1595 0
1596 0
1597 0
1598 0
1599 0
1600 0
1601 0
1602 0
1603 0
1604 0
1605 0
1606 0
1607 0
1608 0
1609 0
1610 0
1611 0
1612 0
1613 0
1614 0
1615 0
1616 0
1617 0
1618 0
1619 0
1620 0
1621 0
1622 0
1623 0
1624 0
1625 0
1626 0
1627 0
1628 0
1629 0
1630 0
1631 0
1632 0
1633 0
1634 0
1635 0
1636 0
1637 0
1638 0
1639 0
1640 0
1641 0
1642 0
1643 0
1644 0
1645 0
1646 0
1647 0
1648 0
1649 0
1650 0
1651 0
1652 0
1653 0
1654 0
1655 0
1656 0
1657 0
1658 0
1659 0
1660 0
1661 0
1662 0
1663 0
1664 0
1665 0
1666 0
1667 0
1668 0
1669 0
1670 0
1671 0
1672 0
1673 0
1674 0
1675 0
1676 0
1677 0
1678 0
1679 0
1680 0
1681 0
1682 0
1683 0
1684 0
1685 0
1686 0
1687 0
1688 0
1689 0
1690 0
1691 0
1692 0
1693 0
1694 0
1695 0
1696 0
1697 0
1698 0
1699 0
1700 0
1701 0
1702 0
1703 0
1704 0
1705 0
1706 0
1707 0
1708 0
1709 0
1710 0
1711 0
1712 0
1713 0
1714 0
1715 0
1716 0
1717 0
1718 0
1719 0
1720 0
1721 0
1722 0
1723 0
1724 0
1725 0
1726 0
1727 0
1728 0
1729 0
1730 0
1731 0
1732 0
1733 0
1734 0
1735 0
1736 0
1737 0
1738 0
1739 0
1740 0
1741 0
1742 0
1743 0
1744 0
1745 0
1746 0
1747 0
1748 0
1749 0
1750 0
1751 0
1752 0
1753 0
1754 0
1755 0
1756 0
1757 0
1758 0
1759 0
1760 0
1761 0
1762 0
1763 0
1764 0
1765 0
1766 0
1767 0
1768 0
1769 0
1770 0
1771 0
1772 0
1773 0
1774 0
1775 0
1776 0
1777 0
1778 0
1779 0
1780 0
1781 0
1782 0
1783 0
1784 0
1785 0
1786 0
1787 0
1788 0
1789 0
1790 0
1791 0
1792 0
1793 0
1794 0
1795 0
1796 0
1797 0
1798 0
1799 0
1800 0
1801 0
1802 0
1803 0
1804 0
1805 0
1806 0
1807 0
1808 0
1809 0
1810 0
1811 0
1812 0
1813 0
1814 0
1815 0
1816 0
1817 0
1818 0
1819 0
1820 0
1821 0
1822 0
1823 0
1824 0
1825 0
1826 0
1827 0
1828 0
1829 0
1830 0
1831 0
1832 0
1833 0
1834 0
1835 0
1836 0
1837 0
1838 0
1839 0
1840 0
1841 0
1842 0
1843 0
1844 0
1845 0
1846 0
1847 0
1848 0
1849 0
1850 0
1851 0
1852 0
1853 0
1854 0
1855 0
1856 0
1857 0
1858 0
1859 0
1860 0
1861 0
1862 0
1863 0
1864 0
1865 0
1866 0
1867 0
1868 0
1869 0
1870 0
1871 0
1872 0
1873 0
1874 0
1875 0
1876 0
1877 0
1878 0
1879 0
1880 0
1881 0
1882 0
1883 0
1884 0
1885 0
1886 0
1887 0
1888 0
1889 0
1890 0
1891 0
1892 0
1893 0
1894 0
1895 0
1896 0
1897 0
1898 0
1899 0
1900 0
1901 0
1902 0
1903 0
1904 0
1905 0
1906 0
1907 0
1908 0
1909 0
1910 0
1911 0
1912 0
1913 0
1914 0
1915 0
1916 0
1917 0
1918 0
1919 0
1920 0
1921 0
1922 0
1923 0
1924 0
1925 0
1926 0
1927 0
1928 0
1929 0
1930 0
1931 0
1932 0
1933 0
1934 0
1935 0
1936 0
1937 0
1938 0
1939 0
1940 0
1941 0
1942 0
1943 0
1944 0
1945 0
1946 0
1947 0
1948 0
1949 0
1950 0
1951 0
1952 0
1953 0
1954 0
1955 0
1956 0
1957 0
1958 0
1959 0
1960 0
1961 0
1962 0
1963 0
1964 0
1965 0
1966 0
1967 0
1968 0
1969 0
1970 0
1971 0
1972 0
1973 0
1974 0
1975 0
1976 0
1977 0
1978 0
1979 0
1980 0
1981 0
1982 0
1983 0
1984 0
1985 0
1986 0
1987 0
1988 0
1989 0
1990 0
1991 0
1992 0
1993 0
1994 0
1995 0
1996 0
1997 0
1998 0
1999 0
2000 0
2001 0
2002 0
2003 0
2004 0
2005 0
2006 0
2007 0
2008 0
2009 0
2010 0
2011 0
2012 0
2013 0
2014 0
2015 0
2016 0
2017 0
2018 0
2019 0
2020 0
2021 0
2022 0
2023 0
2024 0
2025 0
2026 0
2027 0
2028 0
2029 0
2030 0
2031 0
2032 0
2033 0
2034 0
2035 0
2036 0
2037 0
2038 0
2039 0
2040 0
2041 0
2042 0
2043 0
2044 0
2045 0
2046 0
2047 0
2048 0
2049 0
2050 0
2051 0
2052 0
2053 0
2054 0
2055 0
2056 0
2057 0
2058 0
2059 0
2060 0
2061 0
2062 0
2063 0
2064 0
2065 0
2066 0
2067 0
2068 0
2069 0
2070 0
2071 0
2072 0
2073 0
2074 0
2075 0
2076 0
2077 0
2078 0
2079 0
2080 0
2081 0
2082 0
2083 0
2084 0
2085 0
2086 0
2087 0
2088 0
2089 0
2090 0
2091 0
2092 0
2093 0
2094 0
2095 0
2096 0
2097 0
2098 0
2099 0
2100 0
2101 0
2102 0
2103 0
2104 0
2105 0
2106 0
2107 0
2108 0
2109 0
2110 0
2111 0
2112 0
2113 0
2114 0
2115 0
2116 0
2117 0
2118 0
2119 0
2120 0
2121 0
2122 0
2123 0
2124 0
2125 0
2126 0
2127 0
2128 0
2129 0
2130 0
2131 0
2132 0
2133 0
2134 0
2135 0
2136 0
2137 0
2138 0
2139 0
2140 0
2141 0
2142 0
2143 0
2144 0
2145 0
2146 0
2147 0
2148 0
2149 0
2150 0
2151 0
2152 0
2153 0
2154 0
2155 0
2156 0
2157 0
2158 0
2159 0
2160 0
2161 0
2162 0
2163 0
2164 0
2165 0
2166 0
2167 0
2168 0
2169 0
2170 0
2171 0
2172 0
2173 0
2174 0
2175 0
2176 0
2177 0
2178 0
2179 0
2180 0
2181 0
2182 0
2183 0
2184 0
2185 0
2186 0
2187 0
2188 0
2189 0
2190 0
2191 0
2192 0
2193 0
2194 0
2195 0
2196 0
2197 0
2198 0
2199 0
2200 0
2201 0
2202 0
2203 0
2204 0
2205 0
2206 0
2207 0
2208 0
2209 0
2210 0
2211 0
2212 0
2213 0
2214 0
2215 0
2216 0
2217 0
2218 0
2219 0
2220 0
2221 0
2222 0
2223 0
2224 0
2225 0
2226 0
2227 0
2228 0
2229 0
2230 0
2231 0
2232 0
2233 0
2234 0
2235 0
2236 0
2237 0
2238 0
2239 0
2240 0
2241 0
2242 0
2243 0
2244 0
2245 0
2246 0
2247 0
2248 0
2249 0
2250 0
2251 0
2252 0
2253 0
2254 0
2255 0
2256 0
2257 0
2258 0
2259 0
2260 0
2261 0
2262 0
2263 0
2264 0
2265 0
2266 0
2267 0
2268 0
2269 0
2270 0
2271 0
2272 0
2273 0
2274 0
2275 0
2276 0
2277 0
2278 0
2279 0
2280 0
2281 0
2282 0
2283 0
2284 0
2285 0
2286 0
2287 0
2288 0
2289 0
2290 0
2291 0
2292 0
2293 0
2294 0
2295 0
2296 0
2297 0
2298 0
2299 0
2300 0
2301 0
2302 0
2303 0
2304 0
2305 0
2306 0
2307 0
2308 0
2309 0
2310 0
2311 0
2312 0
2313 0
2314 0
2315 0
2316 0
2317 0
2318 0
2319 0
2320 0
2321 0
2322 0
2323 0
2324 0
2325 0
2326 0
2327 0
2328 0
2329 0
2330 0
2331 0
2332 0
2333 0
2334 0
2335 0
2336 0
2337 0
2338 0
2339 0
2340 0
2341 0
2342 0
2343 0
2344 0
2345 0
2346 0
2347 0
2348 0
2349 0
2350 0
2351 0
2352 0
2353 0
2354 0
2355 0
2356 0
2357 0
2358 0
2359 0
2360 0
2361 0
2362 0
2363 0
2364 0
2365 0
2366 0
2367 0
2368 0
2369 0
2370 0
2371 0
2372 0
2373 0
2374 0
2375 0
2376 0
2377 0
2378 0
2379 0
2380 0
2381 0
2382 0
2383 0
2384 0
2385 0
2386 0
2387 0
2388 0
2389 0
2390 0
2391 0
2392 0
2393 0
2394 0
2395 0
2396 0
2397 0
2398 0
2399 0
2400 0
2401 0
2402 0
2403 0
2404 0
2405 0
2406 0
2407 0
2408 0
2409 0
2410 0
2411 0
2412 0
2413 0
2414 0
2415 0
2416 0
2417 0
2418 0
2419 0
2420 0
2421 0
2422 0
2423 0
2424 0
2425 0
2426 0
2427 0
2428 0
2429 0
2430 0
2431 0
2432 0
2433 0
2434 0
2435 0
2436 0
2437 0
2438 0
2439 0
2440 0
2441 0
2442 0
2443 0
2444 0
2445 0
2446 0
2447 0
2448 0
2449 0
2450 0
2451 0
2452 0
2453 0
2454 0
2455 0
2456 0
2457 0
2458 0
2459 0
2460 0
2461 0
2462 0
2463 0
2464 0
2465 0
2466 0
2467 0
2468 0
2469 0
2470 0
2471 0
2472 0
2473 0
2474 0
2475 0
2476 0
2477 0
2478 0
2479 0
2480 0
2481 0
2482 0
2483 0
2484 0
2485 0
2486 0
2487 0
2488 0
2489 0
2490 0
2491 0
2492 0
2493 0
2494 0
2495 0
2496 0
2497 0
2498 0
2499 0
2500 0
2501 0
2502 0
2503 0
2504 0
2505 0
2506 0
2507 0
2508 0
2509 0
2510 0
2511 0
2512 0
2513 0
2514 0
2515 0
2516 0
2517 0
2518 0
2519 0
2520 0
2521 0
2522 0
2523 0
2524 0
2525 0
2526 0
2527 0
2528 0
2529 0
2530 0
2531 0
2532 0
2533 0
2534 0
2535 0
2536 0
2537 0
2538 0
2539 0
2540 0
2541 0
2542 0
2543 0
2544 0
2545 0
2546 0
2547 0
2548 0
2549 0
2550 0
2551 0
2552 0
2553 0
2554 0
2555 0
2556 0
2557 0
2558 0
2559 0
2560 0
2561 0
2562 0
2563 0
2564 0
2565 0
2566 0
2567 0
2568 0
2569 0
2570 0
2571 0
2572 0
2573 0
2574 0
2575 0
2576 0
2577 0
2578 0
2579 0
2580 0
2581 0
2582 0
2583 0
2584 0
2585 0
2586 0
2587 0
2588 0
2589 0
2590 0
2591 0
2592 0
2593 0
2594 0
2595 0
2596 0
2597 0
2598 0
2599 0
2600 0
2601 0
2602 0
2603 0
2604 0
2605 0
2606 0
2607 0
2608 0
2609 0
2610 0
2611 0
2612 0
2613 0
2614 0
2615 0
2616 0
2617 0
2618 0
2619 0
2620 0
2621 0
2622 0
2623 0
2624 0
2625 0
2626 0
2627 0
2628 0
2629 0
2630 0
2631 0
2632 0
2633 0
2634 0
2635 0
2636 0
2637 0
2638 0
2639 0
2640 0
2641 0
2642 0
2643 0
2644 0
2645 0
2646 0
2647 0
2648 0
2649 0
2650 0
2651 0
2652 0
2653 0
2654 0
2655 0
2656 0
2657 0
2658 0
2659 0
2660 0
2661 0
2662 0
2663 0
2664 0
2665 0
2666 0
2667 0
2668 0
2669 0
2670 0
2671 0
2672 0
2673 0
2674 0
2675 0
2676 0
2677 0
2678 0
2679 0
2680 0
2681 0
2682 0
2683 0
2684 0
2685 0
2686 0
2687 0
2688 0
2689 0
2690 0
2691 0
2692 0
2693 0
2694 0
2695 0
2696 0
2697 0
2698 0
2699 0
2700 0
2701 0
2702 0
2703 0
2704 0
2705 0
2706 0
2707 0
2708 0
2709 0
2710 0
2711 0
2712 0
2713 0
2714 0
2715 0
2716 0
2717 0
2718 0
2719 0
2720 0
2721 0
2722 0
2723 0
2724 0
2725 0
2726 0
2727 0
2728 0
2729 0
2730 0
2731 0
2732 0
2733 0
2734 0
2735 0
2736 0
2737 0
2738 0
2739 0
2740 0
2741 0
2742 0
2743 0
2744 0
2745 0
2746 0
2747 0
2748 0
2749 0
2750 0
2751 0
2752 0
2753 0
2754 0
2755 0
2756 0
2757 0
2758 0
2759 0
2760 0
2761 0
2762 0
2763 0
2764 0
2765 0
2766 0
2767 0
2768 0
2769 0
2770 0
2771 0
2772 0
2773 0
2774 0
2775 0
2776 0
2777 0
2778 0
2779 0
2780 0
2781 0
2782 0
2783 0
2784 0
2785 0
2786 0
2787 0
2788 0
2789 0
2790 0
2791 0
2792 0
2793 0
2794 0
2795 0
2796 0
2797 0
2798 0
2799 0
2800 0
2801 0
2802 0
2803 0
2804 0
2805 0
2806 0
2807 0
2808 0
2809 0
2810 0
2811 0
2812 0
2813 0
2814 0
2815 0
2816 0
2817 0
2818 0
2819 0
2820 0
2821 0
2822 0
2823 0
2824 0
2825 0
2826 0
2827 0
2828 0
2829 0
2830 0
2831 0
2832 0
2833 0
2834 0
2835 0
2836 0
2837 0
2838 0
2839 0
2840 0
2841 0
2842 0
2843 0
2844 0
2845 0
2846 0
2847 0
2848 0
2849 0
2850 0
2851 0
2852 0
2853 0
2854 0
2855 0
2856 0
2857 0
2858 0
2859 0
2860 0
2861 0
2862 0
2863 0
2864 0
2865 0
2866 0
2867 0
2868 0
2869 0
2870 0
2871 0
2872 0
2873 0
2874 0
2875 0
2876 0
2877 0
2878 0
2879 0
2880 0
2881 0
2882 0
2883 0
2884 0
2885 0
2886 0
2887 0
2888 0
2889 0
2890 0
2891 0
2892 0
2893 0
2894 0
2895 0
2896 0
2897 0
2898 0
2899 0
2900 0
2901 0
2902 0
2903 0
2904 0
2905 0
2906 0
2907 0
2908 0
2909 0
2910 0
2911 0
2912 0
2913 0
2914 0
2915 0
2916 0
2917 0.024
2918 0
2919 0.024
2920 0
2921 0.024
2922 0
2923 0.024
2924 0
2925 0.024
2926 0
2927 0.024
2928 0
2929 0.024
2930 0
2931 0.024
2932 0
2933 0.024
2934 0
2935 0.024
2936 0
2937 0.024
2938 0
2939 0.024
2940 0
2941 0.024
2942 0
2943 0.024
2944 0
2945 0.024
2946 0
2947 0.024
2948 0
2949 0.024
2950 0
2951 0.024
2952 0
2953 0.024
2954 0
2955 0.024
2956 0
2957 0.024
2958 0
2959 0.024
2960 0
2961 0.024
2962 0
2963 0.024
2964 0
2965 0.024
2966 0
2967 0.024
2968 0
2969 0.024
2970 0
2971 0.024
2972 0
2973 0.024
2974 0
2975 0.024
2976 0
2977 0.024
2978 0
2979 0.024
2980 0
2981 0.024
2982 0
2983 0.024
2984 0
2985 0.024
2986 0
2987 0.024
2988 0
2989 0.024
2990 0
2991 0.024
2992 0
2993 0.024
2994 0
2995 0.024
2996 0
2997 0.024
2998 0
2999 0.024
3000 0
3001 0.024
3002 0
3003 0.024
3004 0
3005 0.024
3006 0
3007 0.024
3008 0
3009 0.024
3010 0
3011 0.024
3012 0
3013 0.024
3014 0
3015 0.024
3016 0
3017 0.024
3018 0
3019 0.024
3020 0
3021 0.024
3022 0
3023 0.024
3024 0
3025 0.024
3026 0
3027 0.024
3028 0
3029 0.024
3030 0
3031 0.024
3032 0
3033 0.024
3034 0
3035 0.024
3036 0
3037 0.024
3038 0
3039 0.024
3040 0
3041 0.024
3042 0
3043 0.024
3044 0
3045 0.024
3046 0
3047 0.024
3048 0
3049 0.024
3050 0
3051 0.024
3052 0
3053 0.024
3054 0
3055 0.024
3056 0
3057 0.024
3058 0
3059 0.024
3060 0
3061 0.024
3062 0
3063 0.024
3064 0
3065 0.024
3066 0
3067 0.024
3068 0
3069 0.024
3070 0
3071 0.024
3072 0
3073 0.024
3074 0
3075 0.024
3076 0
3077 0.024
3078 0
3079 0.024
3080 0
3081 0.024
3082 0
3083 0.024
3084 0
3085 0.024
3086 0
3087 0.024
3088 0
3089 0.024
3090 0
3091 0.024
3092 0
3093 0.024
3094 0
3095 0.024
3096 0
3097 0.024
3098 0
$EndElementData
$ElementData
1
"Attribute:SectionDimension5"
1
0
3
0
1
3098
1 0.027
2 0.027
3 0.027
4 0.027
5 0.027
6 0.027
7 0.027
8 0.027
9 0.027
10 0.027
11 0.027
12 0.027
13 0.027
14 0.027
15 0.027
16 0.027
17 0.027
18 0.027
19 0.027
20 0.027
21 0.027
22 0.027
23 0.027
24 0.027
25 0.027
26 0.027
27 0.027
28 0.027
29 0.027
30 0.027
31 0.027
32 0.027
33 0.027
34 0.027
35 0.027
36 0.027
37 0.027
38 0.027
39 0.027
40 0.027
41 0.027
42 0.027
43 0.027
44 0.027
45 0.027
46 0.027
47 0.027
48 0.027
49 0.027
50 0.027
51 0.027
52 0.027
53 0.027
54 0.027
55 0.027
56 0.027
57 0.027
58 0.027
59 0.027
60 0.027
61 0.027
62 0.027
63 0.027
64 0.027
65 0.027
66 0.027
67 0.027
68 0.027
69 0.027
70 0.027
71 0.027
72 0.027
73 0.027
74 0.027
75 0.027
76 0.027
77 0.027
78 0.027
79 0.027
80 0.027
81 0.027
82 0.027
83 0.027
84 0.027
85 0.027
86 0.027
87 0.027
88 0.027
89 0.027
90 0.027
91 0.027
92 0.027
93 0.027
94 0.027
95 0.027
96 0.027
97 0.027
98 0.027
99 0.027
100 0.027
101 0.027
102 0.027
103 0.027
104 0.027
105 0.027
106 0.027
107 0.027
108 0.027
109 0.027
110 0.027
111 0.027
112 0.027
113 0.027
114 0.027
115 0.027
116 0.027
117 0.027
118 0.027
119 0.027
120 0.027
121 0.027
122 0.027
123 0.027
124 0.027
125 0.027
126 0.027
127 0.027
128 0.027
129 0.027
130 0.027
131 0.027
132 0.027
133 0.027
134 0.027
135 0.027
136 0.027
137 0.027
138 0.027
139 0.027
140 0.027
141 0.027
142 0.027
143 0.027
144 0.027
145 0.027
146 0.027
147 0.027
148 0.027
149 0.027
150 0.027
151 0.027
152 0.027
153 0.027
154 0.027
155 0.027
156 0.027
157 0.027
158 0.027
159 0.027
160 0.027
161 0.027
162 0.027
163 0.027
164 0.027
165 0.027
166 0.027
167 0.027
168 0.027
169 0.027
170 0.027
171 0.027
172 0.027
173 0.027
174 0.027
175 0.027
176 0.027
177 0.027
178 0.027
179 0.027
180 0.027
181 0.027
182 0.027
183 0.027
184 0.027
185 0.027
186 0.027
187 0.027
188 0.027
189 0.027
190 0.027
191 0.027
192 0.027
193 0.027
194 0.027
195 0.027
196 0.027
197 0.027
198 0.027
199 0.027
200 0.027
201 0.027
202 0.027
203 0.027
204 0.027
205 0.027
206 0.027
207 0.027
208 0.027
209 0.027
210 0.027
211 0.027
212 0.027
213 0.027
214 0.027
215 0.027
216 0.027
217 0.027
218 0.027
219 0.027
220 0.027
221 0.027
222 0.027
223 0.027
224 0.027
225 0.027
226 0.027
227 0.027
228 0.027
229 0.027
230 0.027
231 0.027
232 0.027
233 0.027
234 0.027
235 0.027
236 0.027
237 0.027
238 0.027
239 0.027
240 0.027
241 0.027
242 0.027
243 0.027
244 0.027
245 0.027
246 0.027
247 0.027
248 0.027
249 0.027
250 0.027
251 0.027
252 0.027
253 0.027
254 0.027
255 0.027
256 0.027
257 0.027
258 0.027
259 0.027
260 0.027
261 0.027
262 0.027
263 0.027
264 0.027
265 0.027
266 0.027
267 0.027
268 0.027
269 0.027
270 0.027
271 0.027
272 0.027
273 0.027
274 0.027
275 0.027
276 0.027
277 0.027
278 0.027
279 0.027
280 0.027
281 0.027
282 0.027
283 0.027
284 0.027
285 0.027
286 0.027
287 0.027
288 0.027
289 0.027
290 0.027
291 0.027
292 0.027
293 0.027
294 0.027
295 0.027
296 0.027
297 0.027
298 0.027
299 0.027
300 0.027
301 0.027
302 0.027
303 0.027
304 0.027
305 0.027
306 0.027
307 0.027
308 0.027
309 0.027
310 0.027
311 0.027
312 0.027
313 0.027
314 0.027
315 0.027
316 0.027
317 0.027
318 0.027
319 0.027
320 0.027
321 0.027
322 0.027
323 0.027
324 0.027
325 0.027
326 0.027
327 0.027
328 0.027
329 0.027
330 0.027
331 0.027
332 0.027
333 0.027
334 0.027
335 0.027
336 0.027
337 0.027
338 0.027
339 0.027
340 0.027
341 0.027
342 0.027
343 0.027
344 0.027
345 0.027
346 0.027
347 0.027
348 0.027
349 0.027
350 0.027
351 0.027
352 0.027
353 0.027
354 0.027
355 0.027
356 0.027
357 0.027
358 0.027
359 0.027
360 0.027
361 0.027
362 0.027
363 0.027
364 0.027
365 0.027
366 0.027
367 0.027
368 0.027
369 0.027
370 0.027
371 0.027
372 0.027
373 0.027
374 0.027
375 0.027
376 0.027
377 0.027
378 0.027
379 0.027
380 0.027
381 0.027
382 0.027
383 0.027
384 0.027
385 0.027
386 0.027
387 0.027
388 0.027
389 0.027
390 0.027
391 0.027
392 0.027
393 0.027
394 0.027
395 0.027
396 0.027
397 0.027
398 0.027
399 0.027
400 0.027
401 0.027
402 0.027
403 0.027
404 0.027
405 0.027
406 0.027
407 0.027
408 0.027
409 0.027
410 0.027
411 0.027
412 0.027
413 0.027
414 0.027
415 0.027
416 0.027
417 0.027
418 0.027
419 0.027
420 0.027
421 0.027
422 0.027
423 0.027
424 0.027
425 0.027
426 0.027
427 0.027
428 0.027
429 0.027
430 0.027
431 0.027
432 0.027
433 0.027
434 0.027
435 0.027
436 0.027
437 0.027
438 0.027
439 0.027
440 0.027
441 0.027
442 0.027
443 0.027
444 0.027
445 0.027
446 0.027
447 0.027
448 0.027
449 0.027
450 0.027
451 0.027
452 0.027
453 0.027
454 0.027
455 0.027
456 0.027
457 0.027
458 0.027
459 0.027
460 0.027
461 0.027
462 0.027
463 0.027
464 0.027
465 0.027
466 0.027
467 0.027
468 0.027
469 0.027
470 0.027
471 0.027
472 0.027
473 0.027
474 0.027
475 0.027
476 0.027
477 0.027
478 0.027
479 0.027
480 0.027
481 0.027
482 0.027
483 0.027
484 0.027
485 0.027
486 0.027
487 0.027
488 0.027
489 0.027
490 0.027
491 0.027
492 0.027
493 0.027
494 0.027
495 0.027
496 0.027
497 0.027
498 0.027
499 0.027
500 0.027
501 0.027
502 0.027
503 0.027
504 0.027
505 0.027
506 0.027
507 0.027
508 0.027
509 0.027
510 0.027
511 0.027
512 0.027
513 0.027
514 0.027
515 0.027
516 0.027
517 0.027
518 0.027
519 0.027
520 0.027
521 0.027
522 0.027
523 0.027
524 0.027
525 0.027
526 0.027
527 0.027
528 0.027
529 0.027
530 0.027
531 0.027
532 0.027
533 0.027
534 0.027
535 0.027
536 0.027
537 0.027
538 0.027
539 0.027
540 0.027
541 0.027
542 0.027
543 0.027
544 0.027
545 0.027
546 0.027
547 0.027
548 0.027
549 0.027
550 0.027
551 0.027
552 0.027
553 0.027
554 0.027
555 0.027
556 0.027
557 0.027
558 0.027
559 0.027
560 0.027
561 0.027
562 0.027
563 0.027
564 0.027
565 0.027
566 0.027
567 0.027
568 0.027
569 0.027
570 0.027
571 0.027
572 0.027
573 0.027
574 0.027
575 0.027
576 0.027
577 0.027
578 0.027
579 0.027
580 0.027
581 0.027
582 0.027
583 0.027
584 0.027
585 0.027
586 0.027
587 0.027
588 0.027
589 0.027
590 0.027
591 0.027
592 0.027
593 0.027
594 0.027
595 0.027
596 0.027
597 0.027
598 0.027
599 0.027
600 0.027
601 0.027
602 0.027
603 0.027
604 0.027
605 0.027
606 0.027
607 0.027
608 0.027
609 0.027
610 0.027
611 0.027
612 0.027
613 0
614 0
615 0
616 0
617 0
618 0
619 0
620 0
621 0
622 0
623 0
624 0
625 0
626 0
627 0
628 0
629 0
630 0
631 0
632 0
633 0
634 0
635 0
636 0
637 0
638 0
639 0
640 0
641 0
642 0
643 0
644 0
645 0
646 0
647 0
648 0
649 0
650 0
651 0
652 0
653 0
654 0
655 0
656 0
657 0
658 0
659 0
660 0
661 0
662 0
663 0
664 0
665 0
666 0
667 0
668 0
669 0
670 0
671 0
672 0
673 0
674 0
675 0
676 0
677 0
678 0
679 0
680 0
681 0
682 0
683 0
684 0
685 0
686 0
687 0
688 0
689 0
690 0
691 0
692 0
693 0
694 0
695 0
696 0
697 0
698 0
699 0
700 0
701 0
702 0
703 0
704 0
705 0
706 0
707 0
708 0
709 0
710 0
711 0
712 0
713 0
714 0
715 0
716 0
717 0
718 0
719 0
720 0
721 0
722 0
723 0
724 0
725 0
726 0
727 0
728 0
729 0
730 0
731 0
732 0
733 0
734 0
735 0
736 0
737 0
738 0
739 0
740 0
741 0
742 0
743 0
744 0
745 0
746 0
747 0
748 0
749 0
750 0
751 0
752 0
753 0
754 0
755 0
756 0
757 0
758 0
759 0
760 0
761 0
762 0
763 0
764 0
765 0
766 0
767 0
768 0
769 0
770 0
771 0
772 0
773 0
774 0
775 0
776 0
777 0
778 0
779 0
780 0
781 0
782 0
783 0
784 0
785 0
786 0
787 0
788 0
789 0
790 0
791 0
792 0
793 0
794 0
795 0
796 0
797 0
798 0
799 0
800 0
801 0
802 0
803 0
804 0
805 0
806 0
807 0
808 0
809 0
810 0
811 0
812 0
813 0
814 0
815 0
816 0
817 0
818 0
819 0
820 0
821 0
822 0
823 0
824 0
825 0
826 0
827 0
828 0
829 0
830 0
831 0
832 0
833 0
834 0
835 0
836 0
837 0
838 0
839 0
840 0
841 0
842 0
843 0
844 0
845 0
846 0
847 0
848 0
849 0
850 0
851 0
852 0
853 0
854 0
855 0
856 0
857 0
858 0
859 0
860 0
861 0
862 0
863 0
864 0
865 0
866 0
867 0
868 0
869 0
870 0
871 0
872 0
873 0
874 0
875 0
876 0
877 0
878 0
879 0
880 0
881 0
882 0
883 0
884 0
885 0
886 0
887 0
888 0
889 0
890 0
891 0
892 0
893 0
894 0
895 0
896 0
897 0
898 0
899 0
900 0
901 0
902 0
903 0
904 0
905 0
906 0
907 0
908 0
909 0
910 0
911 0
912 0
913 0
914 0
915 0
916 0
917 0
918 0
919 0
920 0
921 0
922 0
923 0
924 0
925 0
926 0
927 0
928 0
929 0
930 0
931 0
932 0
933 0
934 0
935 0
936 0
937 0
938 0
939 0
940 0
941 0
942 0
943 0
944 0
945 0
946 0
947 0
948 0
949 0
950 0
951 0
952 0
953 0
954 0
955 0
956 0
957 0
958 0
959 0
960 0
961 0
962 0
963 0
964 0
965 0
966 0
967 0
968 0
969 0
970 0
971 0
972 0
973 0
974 0
975 0
976 0
977 0
978 0
979 0
980 0
981 0
982 0
983 0
984 0
985 0
986 0
987 0
988 0
989 0
990 0
991 0
992 0
993 0
994 0
995 0
996 0
997 0
998 0
999 0
1000 0
1001 0
1002 0
1003 0
1004 0
1005 0
1006 0
1007 0
1008 0
1009 0
1010 0
1011 0
1012 0
1013 0
1014 0
1015 0
1016 0
1017 0
1018 0
1019 0
1020 0
1021 0
1022 0
1023 0
1024 0
1025 0
1026 0
1027 0
1028 0
1029 0
1030 0
1031 0
1032 0
1033 0
1034 0
1035 0
1036 0
1037 0
1038 0
1039 0
1040 0
1041 0
1042 0
1043 0
1044 0
1045 0
1046 0
1047 0
1048 0
1049 0
1050 0
1051 0
1052 0
1053 0
1054 0
1055 0
1056 0
1057 0
1058 0
1059 0
1060 0
1061 0
1062 0
1063 0
1064 0
1065 0
1066 0
1067 0
1068 0
1069 0
1070 0
1071 0
1072 0
1073 0
1074 0
1075 0
1076 0
1077 0
1078 0
1079 0
1080 0
1081 0
1082 0
1083 0
1084 0
1085 0
1086 0
1087 0
1088 0
1089 0
1090 0
1091 0
1092 0
1093 0
1094 0
1095 0
1096 0
1097 0
1098 0
1099 0
1100 0
1101 0
1102 0
1103 0
1104 0
1105 0
1106 0
1107 0
1108 0
1109 0
1110 0
1111 0
1112 0
1113 0
1114 0
1115 0
1116 0
1117 0
1118 0
1119 0
1120 0
1121 0
1122 0
1123 0
1124 0
1125 0
1126 0
1127 0
1128 0
1129 0
1130 0
1131 0
1132 0
1133 0
1134 0
1135 0
1136 0
1137 0
1138 0
1139 0
1140 0
1141 0
1142 0
1143 0
1144 0
1145 0
1146 0
1147 0
1148 0
1149 0
1150 0
1151 0
1152 0
1153 0
1154 0
1155 0
1156 0
1157 0
1158 0
1159 0
1160 0
1161 0
1162 0
1163 0
1164 0
1165 0
1166 0
1167 0
1168 0
1169 0
1170 0
1171 0
1172 0
1173 0
1174 0
1175 0
1176 0
1177 0
1178 0
1179 0
1180 0
1181 0
1182 0
1183 0
1184 0
1185 0
1186 0
1187 0
1188 0
1189 0
1190 0
1191 0
1192 0
1193 0
1194 0
1195 0
1196 0
1197 0
1198 0
1199 0
1200 0
1201 0
1202 0
1203 0
1204 0
1205 0
1206 0
1207 0
1208 0
1209 0
1210 0
1211 0
1212 0
1213 0
1214 0
1215 0
1216 0
1217 0
1218 0
1219 0
1220 0
1221 0
1222 0
1223 0
1224 0
1225 0
1226 0
1227 0
1228 0
1229 0
1230 0
1231 0
1232 0
1233 0
1234 0
1235 0
1236 0
1237 0
1238 0
1239 0
1240 0
1241 0
1242 0
1243 0
1244 0
1245 0
1246 0
1247 0
1248 0
1249 0
1250 0
1251 0
1252 0
1253 0
1254 0
1255 0
1256 0
1257 0
1258 0
1259 0
1260 0
1261 0
1262 0
1263 0
1264 0
1265 0
1266 0
1267 0
1268 0
1269 0
1270 0
1271 0
1272 0
1273 0
1274 0
1275 0
1276 0
1277 0
1278 0
1279 0
1280 0
1281 0
1282 0
1283 0
1284 0
1285 0
1286 0
1287 0
1288 0
1289 0
1290 0
1291 0
1292 0
1293 0
1294 0
1295 0
1296 0
1297 0
1298 0
1299 0
1300 0
1301 0
1302 0
1303 0
1304 0
1305 0
1306 0
1307 0
1308 0
1309 0
1310 0
1311 0
1312 0
1313 0
1314 0
1315 0
1316 0
1317 0
1318 0
1319 0
1320 0
1321 0
1322 0
1323 0
1324 0
1325 0
1326 0
1327 0
1328 0
1329 0
1330 0
1331 0
1332 0
1333 0
1334 0
1335 0
1336 0
1337 0
1338 0
1339 0
1340 0
1341 0
1342 0
1343 0
1344 0
1345 0
1346 0
1347 0
1348 0
1349 0
1350 0
1351 0
1352 0
1353 0
1354 0
1355 0
1356 0
1357 0
1358 0
1359 0
1360 0
1361 0
1362 0
1363 0
1364 0
1365 0
1366 0
1367 0
1368 0
1369 0
1370 0
1371 0
1372 0
1373 0
1374 0
1375 0
1376 0
1377 0
1378 0
1379 0
1380 0
1381 0
1382 0
1383 0
1384 0
1385 0
1386 0
1387 0
1388 0
1389 0
1390 0
1391 0
1392 0
1393 0
1394 0
1395 0
1396 0
1397 0
1398 0
1399 0
1400 0
1401 0
1402 0
1403 0
1404 0
1405 0
1406 0
1407 0
1408 0
1409 0
1410 0
1411 0
1412 0
1413 0
1414 0
1415 0
1416 0
1417 0
1418 0
1419 0
1420 0
1421 0
1422 0
1423 0
1424 0
1425 0
1426 0
1427 0
1428 0
1429 0
1430 0
1431 0
1432 0
1433 0
1434 0
1435 0
1436 0
1437 0
1438 0
1439 0
1440 0
1441 0
1442 0
1443 0
1444 0
1445 0
1446 0
1447 0
1448 0
1449 0
1450 0
1451 0
1452 0
1453 0
1454 0
1455 0
1456 0
1457 0
1458 0
1459 0
1460 0
1461 0
1462 0
1463 0
1464 0
1465 0
1466 0
1467 0
1468 0
1469 0
1470 0
1471 0
1472 0
1473 0
1474 0
1475 0
1476 0
1477 0
1478 0
1479 0
1480 0
1481 0
1482 0
1483 0
1484 0
1485 0
1486 0
1487 0
1488 0
1489 0
1490 0
1491 0
1492 0
1493 0
1494 0
1495 0
1496 0
1497 0
1498 0
1499 0
1500 0
1501 0
1502 0
1503 0
1504 0
1505 0
1506 0
1507 0
1508 0
1509 0
1510 0
1511 0
1512 0
1513 0
1514 0
1515 0
1516 0
1517 0
1518 0
1519 0
1520 0
1521 0
1522 0
1523 0
1524 0
1525 0
1526 0
1527 0
1528 0
1529 0
1530 0
1531 0
1532 0
1533 0
1534 0
1535 0
1536 0
1537 0
1538 0
1539 0
1540 0
1541 0
1542 0
1543 0
1544 0
1545 0
1546 0
1547 0
1548 0
1549 0
1550 0
1551 0
1552 0
1553 0
1554 0
1555 0
1556 0
1557 0
1558 0
1559 0
1560 0
1561 0
1562 0
1563 0
1564 0
1565 0
1566 0
1567 0
1568 0
1569 0
1570 0
1571 0
1572 0
1573 0
1574 0
1575 0
1576 0
1577 0
1578 0
1579 0
1580 0
1581 0
1582 0
1583 0
1584 0
1585 0
1586 0
1587 0
1588 0
1589 0
1590 0
1591 0
1592 0
1593 0
1594 0
1595 0
1596 0
1597 0
1598 0
1599 0
1600 0
1601 0
1602 0
1603 0
1604 0
1605 0
1606 0
1607 0
1608 0
1609 0
1610 0
1611 0
1612 0
1613 0
1614 0
1615 0
1616 0
1617 0
1618 0
1619 0
1620 0
1621 0
1622 0
1623 0
1624 0
1625 0
1626 0
1627 0
1628 0
1629 0
1630 0
1631 0
1632 0
1633 0
1634 0
1635 0
1636 0
1637 0
1638 0
1639 0
1640 0
1641 0
1642 0
1643 0
1644 0
1645 0
1646 0
1647 0
1648 0
1649 0
1650 0
1651 0
1652 0
1653 0
1654 0
1655 0
1656 0
1657 0
1658 0
1659 0
1660 0
1661 0
1662 0
1663 0
1664 0
1665 0
1666 0
1667 0
1668 0
1669 0
1670 0
1671 0
1672 0
1673 0
1674 0
1675 0
1676 0
1677 0
1678 0
1679 0
1680 0
1681 0
1682 0
1683 0
1684 0
1685 0
1686 0
1687 0
1688 0
1689 0
1690 0
1691 0
1692 0
1693 0
1694 0
1695 0
1696 0
1697 0
1698 0
1699 0
1700 0
1701 0
1702 0
1703 0
1704 0
1705 0
1706 0
1707 0
1708 0
1709 0
1710 0
1711 0
1712 0
1713 0
1714 0
1715 0
1716 0
1717 0
1718 0
1719 0
1720 0
1721 0
1722 0
1723 0
1724 0
1725 0
1726 0
1727 0
1728 0
1729 0
1730 0
1731 0
1732 0
1733 0
1734 0
1735 0
1736 0
1737 0
1738 0
1739 0
1740 0
1741 0
1742 0
1743 0
1744 0
1745 0
1746 0
1747 0
1748 0
1749 0
1750 0
1751 0
1752 0
1753 0
1754 0
1755 0
1756 0
1757 0
1758 0
1759 0
1760 0
1761 0
1762 0
1763 0
1764 0
1765 0
1766 0
1767 0
1768 0
1769 0
1770 0
1771 0
1772 0
1773 0
1774 0
1775 0
1776 0
1777 0
1778 0
1779 0
1780 0
1781 0
1782 0
1783 0
1784 0
1785 0
1786 0
1787 0
1788 0
1789 0
1790 0
1791 0
1792 0
1793 0
1794 0
1795 0
1796 0
1797 0
1798 0
1799 0
1800 0
1801 0
1802 0
1803 0
1804 0
1805 0
1806 0
1807 0
1808 0
1809 0
1810 0
1811 0
1812 0
1813 0
1814 0
1815 0
1816 0
1817 0
1818 0
1819 0
1820 0
1821 0
1822 0
1823 0
1824 0
1825 0
1826 0
1827 0
1828 0
1829 0
1830 0
1831 0
1832 0
1833 0
1834 0
1835 0
1836 0
1837 0
1838 0
1839 0
1840 0
1841 0
1842 0
1843 0
1844 0
1845 0
1846 0
1847 0
1848 0
1849 0
1850 0
1851 0
1852 0
1853 0
1854 0
1855 0
1856 0
1857 0
1858 0
1859 0
1860 0
1861 0
1862 0
1863 0
1864 0
1865 0
1866 0
1867 0
1868 0
1869 0
1870 0
1871 0
1872 0
1873 0
1874 0
1875 0
1876 0
1877 0
1878 0
1879 0
1880 0
1881 0
1882 0
1883 0
1884 0
1885 0
1886 0
1887 0
1888 0
1889 0
1890 0
1891 0
1892 0
1893 0
1894 0
1895 0
1896 0
1897 0
1898 0
1899 0
1900 0
1901 0
1902 0
1903 0
1904 0
1905 0
1906 0
1907 0
1908 0
1909 0
1910 0
1911 0
1912 0
1913 0
1914 0
1915 0
1916 0
1917 0
1918 0
1919 0
1920 0
1921 0
1922 0
1923 0
1924 0
1925 0
1926 0
1927 0
1928 0
1929 0
1930 0
1931 0
1932 0
1933 0
1934 0
1935 0
1936 0
1937 0
1938 0
1939 0
1940 0
1941 0
1942 0
1943 0
1944 0
1945 0
1946 0
1947 0
1948 0
1949 0
1950 0
1951 0
1952 0
1953 0
1954 0
1955 0
1956 0
1957 0
1958 0
1959 0
1960 0
1961 0
1962 0
1963 0
1964 0
1965 0
1966 0
1967 0
1968 0
1969 0
1970 0
1971 0
1972 0
1973 0
1974 0
1975 0
1976 0
1977 0
1978 0
1979 0
1980 0
1981 0
1982 0
1983 0
1984 0
1985 0
1986 0
1987 0
1988 0
1989 0
1990 0
1991 0
1992 0
1993 0
1994 0
1995 0
1996 0
1997 0
1998 0
1999 0
2000 0
2001 0
2002 0
2003 0
2004 0
2005 0
2006 0
2007 0
2008 0
2009 0
2010 0
2011 0
2012 0
2013 0
2014 0
2015 0
2016 0
2017 0
2018 0
2019 0
2020 0
2021 0
2022 0
2023 0
2024 0
2025 0
2026 0
2027 0
2028 0
2029 0
2030 0
2031 0
2032 0
2033 0
2034 0
2035 0
2036 0
2037 0
2038 0
2039 0
2040 0
2041 0
2042 0
2043 0
2044 0
2045 0
2046 0
2047 0
2048 0
2049 0
2050 0
2051 0
2052 0
2053 0
2054 0
2055 0
2056 0
2057 0
2058 0
2059 0
2060 0
2061 0
2062 0
2063 0
2064 0
2065 0
2066 0
2067 0
2068 0
2069 0
2070 0
2071 0
2072 0
2073 0
2074 0
2075 0
2076 0
2077 0
2078 0
2079 0
2080 0
2081 0
2082 0
2083 0
2084 0
2085 0
2086 0
2087 0
2088 0
2089 0
2090 0
2091 0
2092 0
2093 0
2094 0
2095 0
2096 0
2097 0
2098 0
2099 0
2100 0
2101 0
2102 0
2103 0
2104 0
2105 0
2106 0
2107 0
2108 0
2109 0
2110 0
2111 0
2112 0
2113 0
2114 0
2115 0
2116 0
2117 0
2118 0
2119 0
2120 0
2121 0
2122 0
2123 0
2124 0
2125 0
2126 0
2127 0
2128 0
2129 0
2130 0
2131 0
2132 0
2133 0
2134 0
2135 0
2136 0
2137 0
2138 0
2139 0
2140 0
2141 0
2142 0
2143 0
2144 0
2145 0
2146 0
2147 0
2148 0
2149 0
2150 0
2151 0
2152 0
2153 0
2154 0
2155 0
2156 0
2157 0
2158 0
2159 0
2160 0
2161 0
2162 0
2163 0
2164 0
2165 0
2166 0
2167 0
2168 0
2169 0
2170 0
2171 0
2172 0
2173 0
2174 0
2175 0
2176 0
2177 0
2178 0
2179 0
2180 0
2181 0
2182 0
2183 0
2184 0
2185 0
2186 0
2187 0
2188 0
2189 0
2190 0
2191 0
2192 0
2193 0
2194 0
2195 0
2196 0
2197 0
2198 0
2199 0
2200 0
2201 0
2202 0
2203 0
2204 0
2205 0
2206 0
2207 0
2208 0
2209 0
2210 0
2211 0
2212 0
2213 0
2214 0
2215 0
2216 0
2217 0
2218 0
2219 0
2220 0
2221 0
2222 0
2223 0
2224 0
2225 0
2226 0
2227 0
2228 0
2229 0
2230 0
2231 0
2232 0
2233 0
2234 0
2235 0
2236 0
2237 0
2238 0
2239 0
2240 0
2241 0
2242 0
2243 0
2244 0
2245 0
2246 0
2247 0
2248 0
2249 0
2250 0
2251 0
2252 0
2253 0
2254 0
2255 0
2256 0
2257 0
2258 0
2259 0
2260 0
2261 0
2262 0
2263 0
2264 0
2265 0
2266 0
2267 0
2268 0
2269 0
2270 0
2271 0
2272 0
2273 0
2274 0
2275 0
2276 0
2277 0
2278 0
2279 0
2280 0
2281 0
2282 0
2283 0
2284 0
2285 0
2286 0
2287 0
2288 0
2289 0
2290 0
2291 0
2292 0
2293 0
2294 0
2295 0
2296 0
2297 0
2298 0
2299 0
2300 0
2301 0
2302 0
2303 0
2304 0
2305 0
2306 0
2307 0
2308 0
2309 0
2310 0
2311 0
2312 0
2313 0
2314 0
2315 0
2316 0
2317 0
2318 0
2319 0
2320 0
2321 0
2322 0
2323 0
2324 0
2325 0
2326 0
2327 0
2328 0
2329 0
2330 0
2331 0
2332 0
2333 0
2334 0
2335 0
2336 0
2337 0
2338 0
2339 0
2340 0
2341 0
2342 0
2343 0
2344 0
2345 0
2346 0
2347 0
2348 0
2349 0
2350 0
2351 0
2352 0
2353 0
2354 0
2355 0
2356 0
2357 0
2358 0
2359 0
2360 0
2361 0
2362 0
2363 0
2364 0
2365 0
2366 0
2367 0
2368 0
2369 0
2370 0
2371 0
2372 0
2373 0
2374 0
2375 0
2376 0
2377 0
2378 0
2379 0
2380 0
2381 0
2382 0
2383 0
2384 0
2385 0
2386 0
2387 0
2388 0
2389 0
2390 0
2391 0
2392 0
2393 0
2394 0
2395 0
2396 0
2397 0
2398 0
2399 0
2400 0
2401 0
2402 0
2403 0
2404 0
2405 0
2406 0
2407 0
2408 0
2409 0
2410 0
2411 0
2412 0
2413 0
2414 0
2415 0
2416 0
2417 0
2418 0
2419 0
2420 0
2421 0
2422 0
2423 0
2424 0
2425 0
2426 0
2427 0
2428 0
2429 0
2430 0
2431 0
2432 0
2433 0
2434 0
2435 0
2436 0
2437 0
2438 0
2439 0
2440 0
2441 0
2442 0
2443 0
2444 0
2445 0
2446 0
2447 0
2448 0
2449 0
2450 0
2451 0
2452 0
2453 0
2454 0
2455 0
2456 0
2457 0
2458 0
2459 0
2460 0
2461 0
2462 0
2463 0
2464 0
2465 0
2466 0
2467 0
2468 0
2469 0
2470 0
2471 0
2472 0
2473 0
2474 0
2475 0
2476 0
2477 0
2478 0
2479 0
2480 0
2481 0
2482 0
2483 0
2484 0
2485 0
2486 0
2487 0
2488 0
2489 0
2490 0
2491 0
2492 0
2493 0
2494 0
2495 0
2496 0
2497 0
2498 0
2499 0
2500 0
2501 0
2502 0
2503 0
2504 0
2505 0
2506 0
2507 0
2508 0
2509 0
2510 0
2511 0
2512 0
2513 0
2514 0
2515 0
2516 0
2517 0
2518 0
2519 0
2520 0
2521 0
2522 0
2523 0
2524 0
2525 0
2526 0
2527 0
2528 0
2529 0
2530 0
2531 0
2532 0
2533 0
2534 0
2535 0
2536 0
2537 0
2538 0
2539 0
2540 0
2541 0
2542 0
2543 0
2544 0
2545 0
2546 0
2547 0
2548 0
2549 0
2550 0
2551 0
2552 0
2553 0
2554 0
2555 0
2556 0
2557 0
2558 0
2559 0
2560 0
2561 0
2562 0
2563 0
2564 0
2565 0
2566 0
2567 0
2568 0
2569 0
2570 0
2571 0
2572 0
2573 0
2574 0
2575 0
2576 0
2577 0
2578 0
2579 0
2580 0
2581 0
2582 0
2583 0
2584 0
2585 0
2586 0
2587 0
2588 0
2589 0
2590 0
2591 0
2592 0
2593 0
2594 0
2595 0
2596 0
2597 0
2598 0
2599 0
2600 0
2601 0
2602 0
2603 0
2604 0
2605 0
2606 0
2607 0
2608 0
2609 0
2610 0
2611 0
2612 0
2613 0
2614 0
2615 0
2616 0
2617 0
2618 0
2619 0
2620 0
2621 0
2622 0
2623 0
2624 0
2625 0
2626 0
2627 0
2628 0
2629 0
2630 0
2631 0
2632 0
2633 0
2634 0
2635 0
2636 0
2637 0
2638 0
2639 0
2640 0
2641 0
2642 0
2643 0
2644 0
2645 0
2646 0
2647 0
2648 0
2649 0
2650 0
2651 0
2652 0
2653 0
2654 0
2655 0
2656 0
2657 0
2658 0
2659 0
2660 0
2661 0
2662 0
2663 0
2664 0
2665 0
2666 0
2667 0
2668 0
2669 0
2670 0
2671 0
2672 0
2673 0
2674 0
2675 0
2676 0
2677 0
2678 0
2679 0
2680 0
2681 0
2682 0
2683 0
2684 0
2685 0
2686 0
2687 0
2688 0
2689 0
2690 0
2691 0
2692 0
2693 0
2694 0
2695 0
2696 0
2697 0
2698 0
2699 0
2700 0
2701 0
2702 0
2703 0
2704 0
2705 0
2706 0
2707 0
2708 0
2709 0
2710 0
2711 0
2712 0
2713 0
2714 0
2715 0
2716 0
2717 0
2718 0
2719 0
2720 0
2721 0
2722 0
2723 0
2724 0
2725 0
2726 0
2727 0
2728 0
2729 0
2730 0
2731 0
2732 0
2733 0
2734 0
2735 0
2736 0
2737 0
2738 0
2739 0
2740 0
2741 0
2742 0
2743 0
2744 0
2745 0
2746 0
2747 0
2748 0
2749 0
2750 0
2751 0
2752 0
2753 0
2754 0
2755 0
2756 0
2757 0
2758 0
2759 0
2760 0
2761 0
2762 0
2763 0
2764 0
2765 0
2766 0
2767 0
2768 0
2769 0
2770 0
2771 0
2772 0
2773 0
2774 0
2775 0
2776 0
2777 0
2778 0
2779 0
2780 0
2781 0
2782 0
2783 0
2784 0
2785 0
2786 0
2787 0
2788 0
2789 0
2790 0
2791 0
2792 0
2793 0
2794 0
2795 0
2796 0
2797 0
2798 0
2799 0
2800 0
2801 0
2802 0
2803 0
2804 0
2805 0
2806 0
2807 0
2808 0
2809 0
2810 0
2811 0
2812 0
2813 0
2814 0
2815 0
2816 0
2817 0
2818 0
2819 0
2820 0
2821 0
2822 0
2823 0
2824 0
2825 0
2826 0
2827 0
2828 0
2829 0
2830 0
2831 0
2832 0
2833 0
2834 0
2835 0
2836 0
2837 0
2838 0
2839 0
2840 0
2841 0
2842 0
2843 0
2844 0
2845 0
2846 0
2847 0
2848 0
2849 0
2850 0
2851 0
2852 0
2853 0
2854 0
2855 0
2856 0
2857 0
2858 0
2859 0
2860 0
2861 0
2862 0
2863 0
2864 0
2865 0
2866 0
2867 0
2868 0
2869 0
2870 0
2871 0
2872 0
2873 0
2874 0
2875 0
2876 0
2877 0
2878 0
2879 0
2880 0
2881 0
2882 0
2883 0
2884 0
2885 0
2886 0
2887 0
2888 0
2889 0
2890 0
2891 0
2892 0
2893 0
2894 0
2895 0
2896 0
2897 0
2898 0
2899 0
2900 0
2901 0
2902 0
2903 0
2904 0
2905 0
2906 0
2907 0
2908 0
2909 0
2910 0
2911 0
2912 0
2913 0
2914 0
2915 0
2916 0
2917 0.027
2918 0
2919 0.027
2920 0
2921 0.027
2922 0
2923 0.027
2924 0
2925 0.027
2926 0
2927 0.027
2928 0
2929 0.027
2930 0
2931 0.027
2932 0
2933 0.027
2934 0
2935 0.027
2936 0
2937 0.027
2938 0
2939 0.027
2940 0
2941 0.027
2942 0
2943 0.027
2944 0
2945 0.027
2946 0
2947 0.027
2948 0
2949 0.027
2950 0
2951 0.027
2952 0
2953 0.027
2954 0
2955 0.027
2956 0
2957 0.027
2958 0
2959 0.027
2960 0
2961 0.027
2962 0
2963 0.027
2964 0
2965 0.027
2966 0
2967 0.027
2968 0
2969 0.027
2970 0
2971 0.027
2972 0
2973 0.027
2974 0
2975 0.027
2976 0
2977 0.027
2978 0
2979 0.027
2980 0
2981 0.027
2982 0
2983 0.027
2984 0
2985 0.027
2986 0
2987 0.027
2988 0
2989 0.027
2990 0
2991 0.027
2992 0
2993 0.027
2994 0
2995 0.027
2996 0
2997 0.027
2998 0
2999 0.027
3000 0
3001 0.027
3002 0
3003 0.027
3004 0
3005 0.027
3006 0
3007 0.027
3008 0
3009 0.027
3010 0
3011 0.027
3012 0
3013 0.027
3014 0
3015 0.027
3016 0
3017 0.027
3018 0
3019 0.027
3020 0
3021 0.027
3022 0
3023 0.027
3024 0
3025 0.027
3026 0
3027 0.027
3028 0
3029 0.027
3030 0
3031 0.027
3032 0
3033 0.027
3034 0
3035 0.027
3036 0
3037 0.027
3038 0
3039 0.027
3040 0
3041 0.027
3042 0
3043 0.027
3044 0
3045 0.027
3046 0
3047 0.027
3048 0
3049 0.027
3050 0
3051 0.027
3052 0
3053 0.027
3054 0
3055 0.027
3056 0
3057 0.027
3058 0
3059 0.027
3060 0
3061 0.027
3062 0
3063 0.027
3064 0
3065 0.027
3066 0
3067 0.027
3068 0
3069 0.027
3070 0
3071 0.027
3072 0
3073 0.027
3074 0
3075 0.027
3076 0
3077 0.027
3078 0
3079 0.027
3080 0
3081 0.027
3082 0
3083 0.027
3084 0
3085 0.027
3086 0
3087 0.027
3088 0
3089 0.027
3090 0
3091 0.027
3092 0
3093 0.027
3094 0
3095 0.027
3096 0
3097 0.027
3098 0
$EndElementData
$ElementData
1
"Attribute:SectionShape"
1
0
3
0
1
3098
1 5
2 5
3 5
4 5
5 5
6 5
7 5
8 5
9 5
10 5
11 5
12 5
13 5
14 5
15 5
16 5
17 5
18 5
19 5
20 5
21 5
22 5
23 5
24 5
25 5
26 5
27 5
28 5
29 5
30 5
31 5
32 5
33 5
34 5
35 5
36 5
37 5
38 5
39 5
40 5
41 5
42 5
43 5
44 5
45 5
46 5
47 5
48 5
49 5
50 5
51 5
52 5
53 5
54 5
55 5
56 5
57 5
58 5
59 5
60 5
61 5
62 5
63 5
64 5
65 5
66 5
67 5
68 5
69 5
70 5
71 5
72 5
73 5
74 5
75 5
76 5
77 5
78 5
79 5
80 5
81 5
82 5
83 5
84 5
85 5
86 5
87 5
88 5
89 5
90 5
91 5
92 5
93 5
94 5
95 5
96 5
97 5
98 5
99 5
100 5
101 5
102 5
103 5
104 5
105 5
106 5
107 5
108 5
109 5
110 5
111 5
112 5
113 5
114 5
115 5
116 5
117 5
118 5
119 5
120 5
121 5
122 5
123 5
124 5
125 5
126 5
127 5
128 5
129 5
130 5
131 5
132 5
133 5
134 5
135 5
136 5
137 5
138 5
139 5
140 5
141 5
142 5
143 5
144 5
145 5
146 5
147 5
148 5
149 5
150 5
151 5
152 5
153 5
154 5
155 5
156 5
157 5
158 5
159 5
160 5
161 5
162 5
163 5
164 5
165 5
166 5
167 5
168 5
169 5
170 5
171 5
172 5
173 5
174 5
175 5
176 5
177 5
178 5
179 5
180 5
181 5
182 5
183 5
184 5
185 5
186 5
187 5
188 5
189 5
190 5
191 5
192 5
193 5
194 5
195 5
196 5
197 5
198 5
199 5
200 5
201 5
202 5
203 5
204 5
205 5
206 5
207 5
208 5
209 5
210 5
211 5
212 5
213 5
214 5
215 5
216 5
217 5
218 5
219 5
220 5
221 5
222 5
223 5
224 5
225 5
226 5
227 5
228 5
229 5
230 5
231 5
232 5
233 5
234 5
235 5
236 5
237 5
238 5
239 5
240 5
241 5
242 5
243 5
244 5
245 5
246 5
247 5
248 5
249 5
250 5
251 5
252 5
253 5
254 5
255 5
256 5
257 5
258 5
259 5
260 5
261 5
262 5
263 5
264 5
265 5
266 5
267 5
268 5
269 5
270 5
271 5
272 5
273 5
274 5
275 5
276 5
277 5
278 5
279 5
280 5
281 5
282 5
283 5
284 5
285 5
286 5
287 5
288 5
289 5
290 5
291 5
292 5
293 5
294 5
295 5
296 5
297 5
298 5
299 5
300 5
301 5
302 5
303 5
304 5
305 5
306 5
307 5
308 5
309 5
310 5
311 5
312 5
313 5
314 5
315 5
316 5
317 5
318 5
319 5
320 5
321 5
322 5
323 5
324 5
325 5
326 5
327 5
328 5
329 5
330 5
331 5
332 5
333 5
334 5
335 5
336 5
337 5
338 5
339 5
340 5
341 5
342 5
343 5
344 5
345 5
346 5
347 5
348 5
349 5
350 5
351 5
352 5
353 5
354 5
355 5
356 5
357 5
358 5
359 5
360 5
361 5
362 5
363 5
364 5
365 5
366 5
367 5
368 5
369 5
370 5
371 5
372 5
373 5
374 5
375 5
376 5
377 5
378 5
379 5
380 5
381 5
382 5
383 5
384 5
385 5
386 5
387 5
388 5
389 5
390 5
391 5
392 5
393 5
394 5
395 5
396 5
397 5
398 5
399 5
400 5
401 5
402 5
403 5
404 5
405 5
406 5
407 5
408 5
409 5
410 5
411 5
412 5
413 5
414 5
415 5
416 5
417 5
418 5
419 5
420 5
421 5
422 5
423 5
424 5
425 5
426 5
427 5
428 5
429 5
430 5
431 5
432 5
433 5
434 5
435 5
436 5
437 5
438 5
439 5
440 5
441 5
442 5
443 5
444 5
445 5
446 5
447 5
448 5
449 5
450 5
451 5
452 5
453 5
454 5
455 5
456 5
457 5
458 5
459 5
460 5
461 5
462 5
463 5
464 5
465 5
466 5
467 5
468 5
469 5
470 5
471 5
472 5
473 5
474 5
475 5
476 5
477 5
478 5
479 5
480 5
481 5
482 5
483 5
484 5
485 5
486 5
487 5
488 5
489 5
490 5
491 5
492 5
493 5
494 5
495 5
496 5
497 5
498 5
499 5
500 5
501 5
502 5
503 5
504 5
505 5
506 5
507 5
508 5
509 5
510 5
511 5
512 5
513 5
514 5
515 5
516 5
517 5
518 5
519 5
520 5
521 5
522 5
523 5
524 5
525 5
526 5
527 5
528 5
529 5
530 5
531 5
532 5
533 5
534 5
535 5
536 5
537 5
538 5
539 5
540 5
541 5
542 5
543 5
544 5
545 5
546 5
547 5
548 5
549 5
550 5
551 5
552 5
553 5
554 5
555 5
556 5
557 5
558 5
559 5
560 5
561 5
562 5
563 5
564 5
565 5
566 5
567 5
568 5
569 5
570 5
571 5
572 5
573 5
574 5
575 5
576 5
577 5
578 5
579 5
580 5
581 5
582 5
583 5
584 5
585 5
586 5
587 5
588 5
589 5
590 5
591 5
592 5
593 5
594 5
595 5
596 5
597 5
598 5
599 5
600 5
601 5
602 5
603 5
604 5
605 5
606 5
607 5
608 5
609 5
610 5
611 5
612 5
613 3
614 3
615 3
616 3
617 3
618 3
619 3
620 3
621 3
622 3
623 3
624 3
625 3
626 3
627 3
628 3
629 3
630 3
631 3
632 3
633 3
634 3
635 3
636 3
637 3
638 3
639 3
640 3
641 3
642 3
643 3
644 3
645 3
646 3
647 3
648 3
649 3
650 3
651 3
652 3
653 3
654 3
655 3
656 3
657 3
658 3
659 3
660 3
661 3
662 3
663 3
664 3
665 3
666 3
667 3
668 3
669 3
670 3
671 3
672 3
673 3
674 3
675 3
676 3
677 3
678 3
679 3
680 3
681 3
682 3
683 3
684 3
685 3
686 3
687 3
688 3
689 3
690 3
691 3
692 3
693 3
694 3
695 3
696 3
697 3
698 3
699 3
700 3
701 3
702 3
703 3
704 3
705 3
706 3
707 3
708 3
709 3
710 3
711 3
712 3
713 3
714 3
715 3
716 3
717 3
718 3
719 3
720 3
721 3
722 3
723 3
724 3
725 3
726 3
727 3
728 3
729 3
730 3
731 3
732 3
733 3
734 3
735 3
736 3
737 3
738 3
739 3
740 3
741 3
742 3
743 3
744 3
745 3
746 3
747 3
748 3
749 3
750 3
751 3
752 3
753 3
754 3
755 3
756 3
757 3
758 3
759 3
760 3
761 3
762 3
763 3
764 3
765 3
766 3
767 3
768 3
769 3
770 3
771 3
772 3
773 3
774 3
775 3
776 3
777 3
778 3
779 3
780 3
781 3
782 3
783 3
784 3
785 3
786 3
787 3
788 3
789 3
790 3
791 3
792 3
793 3
794 3
795 3
796 3
797 3
798 3
799 3
800 3
801 3
802 3
803 3
804 3
805 3
806 3
807 3
808 3
809 3
810 3
811 3
812 3
813 3
814 3
815 3
816 3
817 3
818 3
819 3
820 3
821 3
822 3
823 3
824 3
825 3
826 3
827 3
828 3
829 3
830 3
831 3
832 3
833 3
834 3
835 3
836 3
837 3
838 3
839 3
840 3
841 3
842 3
843 3
844 3
845 3
846 3
847 3
848 3
849 3
850 3
851 3
852 3
853 3
854 3
855 3
856 3
857 3
858 3
859 3
860 3
861 3
862 3
863 3
864 3
865 3
866 3
867 3
868 3
869 3
870 3
871 3
872 3
873 3
874 3
875 3
876 3
877 3
878 3
879 3
880 3
881 3
882 3
883 3
884 3
885 3
886 3
887 3
888 3
889 3
890 3
891 3
892 3
893 3
894 3
895 3
896 3
897 3
898 3
899 3
900 3
901 3
902 3
903 3
904 3
905 3
906 3
907 3
908 3
909 3
910 3
911 3
912 3
913 3
914 3
915 3
916 3
917 3
918 3
919 3
920 3
921 3
922 3
923 3
924 3
925 3
926 3
927 3
928 3
929 3
930 3
931 3
932 3
933 3
934 3
935 3
936 3
937 3
938 3
939 3
940 3
941 3
942 3
943 3
944 3
945 3
946 3
947 3
948 3
949 3
950 3
951 3
952 3
953 3
954 3
955 3
956 3
957 3
958 3
959 3
960 3
961 3
962 3
963 3
964 3
965 3
966 3
967 3
968 3
969 3
970 3
971 3
972 3
973 3
974 3
975 3
976 3
977 3
978 3
979 3
980 3
981 3
982 3
983 3
984 3
985 3
986 3
987 3
988 3
989 3
990 3
991 3
992 3
993 3
994 3
995 3
996 3
997 3
998 3
999 3
1000 3
1001 3
1002 3
1003 3
1004 3
1005 3
1006 3
1007 3
1008 3
1009 3
1010 3
1011 3
1012 3
1013 3
1014 3
1015 3
1016 3
1017 3
1018 3
1019 3
1020 3
1021 3
1022 3
1023 3
1024 3
1025 3
1026 3
1027 3
1028 3
1029 3
1030 3
1031 3
1032 3
1033 3
1034 3
1035 3
1036 3
1037 3
1038 3
1039 3
1040 3
1041 3
1042 3
1043 3
1044 3
1045 3
1046 3
1047 3
1048 3
1049 3
1050 3
1051 3
1052 3
1053 3
1054 3
1055 3
1056 3
1057 3
1058 3
1059 3
1060 3
1061 3
1062 3
1063 3
1064 3
1065 3
1066 3
1067 3
1068 3
1069 3
1070 3
1071 3
1072 3
1073 3
1074 3
1075 3
1076 3
1077 3
1078 3
1079 3
1080 3
1081 3
1082 3
1083 3
1084 3
1085 3
1086 3
1087 3
1088 3
1089 3
1090 3
1091 3
1092 3
1093 3
1094 3
1095 3
1096 3
1097 3
1098 3
1099 3
1100 3
1101 3
1102 3
1103 3
1104 3
1105 3
1106 3
1107 3
1108 3
1109 3
1110 3
1111 3
1112 3
1113 3
1114 3
1115 3
1116 3
1117 3
1118 3
1119 3
1120 3
1121 3
1122 3
1123 3
1124 3
1125 3
1126 3
1127 3
1128 3
1129 3
1130 3
1131 3
1132 3
1133 3
1134 3
1135 3
1136 3
1137 3
1138 3
1139 3
1140 3
1141 3
1142 3
1143 3
1144 3
1145 3
1146 3
1147 3
1148 3
1149 3
1150 3
1151 3
1152 3
1153 3
1154 3
1155 3
1156 3
1157 3
1158 3
1159 3
1160 3
1161 3
1162 3
1163 3
1164 3
1165 3
1166 3
1167 3
1168 3
1169 3
1170 3
1171 3
1172 3
1173 3
1174 3
1175 3
1176 3
1177 3
1178 3
1179 3
1180 3
1181 3
1182 3
1183 3
1184 3
1185 3
1186 3
1187 3
1188 3
1189 3
1190 3
1191 3
1192 3
1193 3
1194 3
1195 3
1196 3
1197 3
1198 3
1199 3
1200 3
1201 3
1202 3
1203 3
1204 3
1205 3
1206 3
1207 3
1208 3
1209 3
1210 3
1211 3
1212 3
1213 3
1214 3
1215 3
1216 3
1217 3
1218 3
1219 3
1220 3
1221 3
1222 3
1223 3
1224 3
1225 3
1226 3
1227 3
1228 3
1229 3
1230 3
1231 3
1232 3
1233 3
1234 3
1235 3
1236 3
1237 3
1238 3
1239 3
1240 3
1241 3
1242 3
1243 3
1244 3
1245 3
1246 3
1247 3
1248 3
1249 3
1250 3
1251 3
1252 3
1253 3
1254 3
1255 3
1256 3
1257 3
1258 3
1259 3
1260 3
1261 3
1262 3
1263 3
1264 3
1265 3
1266 3
1267 3
1268 3
1269 3
1270 3
1271 3
1272 3
1273 3
1274 3
1275 3
1276 3
1277 3
1278 3
1279 3
1280 3
1281 3
1282 3
1283 3
1284 3
1285 3
1286 3
1287 3
1288 3
1289 3
1290 3
1291 3
1292 3
1293 3
1294 3
1295 3
1296 3
1297 3
1298 3
1299 3
1300 3
1301 3
1302 3
1303 3
1304 3
1305 3
1306 3
1307 3
1308 3
1309 3
1310 3
1311 3
1312 3
1313 3
1314 3
1315 3
1316 3
1317 3
1318 3
1319 3
1320 3
1321 3
1322 3
1323 3
1324 3
1325 3
1326 3
1327 3
1328 3
1329 3
1330 3
1331 3
1332 3
1333 3
1334 3
1335 3
1336 3
1337 3
1338 3
1339 3
1340 3
1341 3
1342 3
1343 3
1344 3
1345 3
1346 3
1347 3
1348 3
1349 3
1350 3
1351 3
1352 3
1353 3
1354 3
1355 3
1356 3
1357 3
1358 3
1359 3
1360 3
1361 3
1362 3
1363 3
1364 3
1365 3
1366 3
1367 3
1368 3
1369 3
1370 3
1371 3
1372 3
1373 3
1374 3
1375 3
1376 3
1377 3
1378 3
1379 3
1380 3
1381 3
1382 3
1383 3
1384 3
1385 3
1386 3
1387 3
1388 3
1389 3
1390 3
1391 3
1392 3
1393 3
1394 3
1395 3
1396 3
1397 3
1398 3
1399 3
1400 3
1401 3
1402 3
1403 3
1404 3
1405 3
1406 3
1407 3
1408 3
1409 3
1410 3
1411 3
1412 3
1413 3
1414 3
1415 3
1416 3
1417 3
1418 3
1419 3
1420 3
1421 3
1422 3
1423 3
1424 3
1425 3
1426 3
1427 3
1428 3
1429 3
1430 3
1431 3
1432 3
1433 3
1434 3
1435 3
1436 3
1437 3
1438 3
1439 3
1440 3
1441 3
1442 3
1443 3
1444 3
1445 3
1446 3
1447 3
1448 3
1449 3
1450 3
1451 3
1452 3
1453 3
1454 3
1455 3
1456 3
1457 3
1458 3
1459 3
1460 3
1461 3
1462 3
1463 3
1464 3
1465 3
1466 3
1467 3
1468 3
1469 3
1470 3
1471 3
1472 3
1473 3
1474 3
1475 3
1476 3
1477 3
1478 3
1479 3
1480 3
1481 3
1482 3
1483 3
1484 3
1485 3
1486 3
1487 3
1488 3
1489 3
1490 3
1491 3
1492 3
1493 3
1494 3
1495 3
1496 3
1497 3
1498 3
1499 3
1500 3
1501 3
1502 3
1503 3
1504 3
1505 3
1506 3
1507 3
1508 3
1509 3
1510 3
1511 3
1512 3
1513 3
1514 3
1515 3
1516 3
1517 3
1518 3
1519 3
1520 3
1521 3
1522 3
1523 3
1524 3
1525 3
1526 3
1527 3
1528 3
1529 3
1530 3
1531 3
1532 3
1533 3
1534 3
1535 3
1536 3
1537 3
1538 3
1539 3
1540 3
1541 3
1542 3
1543 3
1544 3
1545 3
1546 3
1547 3
1548 3
1549 3
1550 3
1551 3
1552 3
1553 3
1554 3
1555 3
1556 3
1557 3
1558 3
1559 3
1560 3
1561 3
1562 3
1563 3
1564 3
1565 3
1566 3
1567 3
1568 3
1569 3
1570 3
1571 3
1572 3
1573 3
1574 3
1575 3
1576 3
1577 3
1578 3
1579 3
1580 3
1581 3
1582 3
1583 3
1584 3
1585 3
1586 3
1587 3
1588 3
1589 3
1590 3
1591 3
1592 3
1593 3
1594 3
1595 3
1596 3
1597 3
1598 3
1599 3
1600 3
1601 3
1602 3
1603 3
1604 3
1605 3
1606 3
1607 3
1608 3
1609 3
1610 3
1611 3
1612 3
1613 3
1614 3
1615 3
1616 3
1617 3
1618 3
1619 3
1620 3
1621 3
1622 3
1623 3
1624 3
1625 3
1626 3
1627 3
1628 3
1629 3
1630 3
1631 3
1632 3
1633 3
1634 3
1635 3
1636 3
1637 3
1638 3
1639 3
1640 3
1641 3
1642 3
1643 3
1644 3
1645 3
1646 3
1647 3
1648 3
1649 3
1650 3
1651 3
1652 3
1653 3
1654 3
1655 3
1656 3
1657 3
1658 3
1659 3
1660 3
1661 3
1662 3
1663 3
1664 3
1665 3
1666 3
1667 3
1668 3
1669 3
1670 3
1671 3
1672 3
1673 3
1674 3
1675 3
1676 3
1677 3
1678 3
1679 3
1680 3
1681 3
1682 3
1683 3
1684 3
1685 3
1686 3
1687 3
1688 3
1689 3
1690 3
1691 3
1692 3
1693 3
1694 3
1695 3
1696 3
1697 3
1698 3
1699 3
1700 3
1701 3
1702 3
1703 3
1704 3
1705 3
1706 3
1707 3
1708 3
1709 3
1710 3
1711 3
1712 3
1713 3
1714 3
1715 3
1716 3
1717 3
1718 3
1719 3
1720 3
1721 3
1722 3
1723 3
1724 3
1725 3
1726 3
1727 3
1728 3
1729 3
1730 3
1731 3
1732 3
1733 3
1734 3
1735 3
1736 3
1737 3
1738 3
1739 3
1740 3
1741 3
1742 3
1743 3
1744 3
1745 3
1746 3
1747 3
1748 3
1749 3
1750 3
1751 3
1752 3
1753 3
1754 3
1755 3
1756 3
1757 3
1758 3
1759 3
1760 3
1761 3
1762 3
1763 3
1764 3
1765 3
1766 3
1767 3
1768 3
1769 3
1770 3
1771 3
1772 3
1773 3
1774 3
1775 3
1776 3
1777 3
1778 3
1779 3
1780 3
1781 3
1782 3
1783 3
1784 3
1785 3
1786 3
1787 3
1788 3
1789 3
1790 3
1791 3
1792 3
1793 3
1794 3
1795 3
1796 3
1797 3
1798 3
1799 3
1800 3
1801 3
1802 3
1803 3
1804 3
1805 3
1806 3
1807 3
1808 3
1809 3
1810 3
1811 3
1812 3
1813 3
1814 3
1815 3
1816 3
1817 3
1818 3
1819 3
1820 3
1821 3
1822 3
1823 3
1824 3
1825 3
1826 3
1827 3
1828 3
1829 3
1830 3
1831 3
1832 3
1833 3
1834 3
1835 3
1836 3
1837 3
1838 3
1839 3
1840 3
1841 3
1842 3
1843 3
1844 3
1845 3
1846 3
1847 3
1848 3
1849 3
1850 3
1851 3
1852 3
1853 3
1854 3
1855 3
1856 3
1857 3
1858 3
1859 3
1860 3
1861 3
1862 3
1863 3
1864 3
1865 3
1866 3
1867 3
1868 3
1869 3
1870 3
1871 3
1872 3
1873 3
1874 3
1875 3
1876 3
1877 3
1878 3
1879 3
1880 3
1881 3
1882 3
1883 3
1884 3
1885 3
1886 3
1887 3
1888 3
1889 3
1890 3
1891 3
1892 3
1893 3
1894 3
1895 3
1896 3
1897 3
1898 3
1899 3
1900 3
1901 3
1902 3
1903 3
1904 3
1905 3
1906 3
1907 3
1908 3
1909 3
1910 3
1911 3
1912 3
1913 3
1914 3
1915 3
1916 3
1917 3
1918 3
1919 3
1920 3
1921 3
1922 3
1923 3
1924 3
1925 3
1926 3
1927 3
1928 3
1929 3
1930 3
1931 3
1932 3
1933 3
1934 3
1935 3
1936 3
1937 3
1938 3
1939 3
1940 3
1941 3
1942 3
1943 3
1944 3
1945 3
1946 3
1947 3
1948 3
1949 3
1950 3
1951 3
1952 3
1953 3
1954 3
1955 3
1956 3
1957 3
1958 3
1959 3
1960 3
1961 3
1962 3
1963 3
1964 3
1965 3
1966 3
1967 3
1968 3
1969 3
1970 3
1971 3
1972 3
1973 3
1974 3
1975 3
1976 3
1977 3
1978 3
1979 3
1980 3
1981 3
1982 3
1983 3
1984 3
1985 3
1986 3
1987 3
1988 3
1989 3
1990 3
1991 3
1992 3
1993 3
1994 3
1995 3
1996 3
1997 3
1998 3
1999 3
2000 3
2001 3
2002 3
2003 3
2004 3
2005 3
2006 3
2007 3
2008 3
2009 3
2010 3
2011 3
2012 3
2013 3
2014 3
2015 3
2016 3
2017 3
2018 3
2019 3
2020 3
2021 3
2022 3
2023 3
2024 3
2025 3
2026 3
2027 3
2028 3
2029 3
2030 3
2031 3
2032 3
2033 3
2034 3
2035 3
2036 3
2037 3
2038 3
2039 3
2040 3
2041 3
2042 3
2043 3
2044 3
2045 3
2046 3
2047 3
2048 3
2049 3
2050 3
2051 3
2052 3
2053 3
2054 3
2055 3
2056 3
2057 3
2058 3
2059 3
2060 3
2061 3
2062 3
2063 3
2064 3
2065 3
2066 3
2067 3
2068 3
2069 3
2070 3
2071 3
2072 3
2073 3
2074 3
2075 3
2076 3
2077 3
2078 3
2079 3
2080 3
2081 3
2082 3
2083 3
2084 3
2085 3
2086 3
2087 3
2088 3
2089 3
2090 3
2091 3
2092 3
2093 3
2094 3
2095 3
2096 3
2097 3
2098 3
2099 3
2100 3
2101 3
2102 3
2103 3
2104 3
2105 3
2106 3
2107 3
2108 3
2109 3
2110 3
2111 3
2112 3
2113 3
2114 3
2115 3
2116 3
2117 3
2118 3
2119 3
2120 3
2121 3
2122 3
2123 3
2124 3
2125 3
2126 3
2127 3
2128 3
2129 3
2130 3
2131 3
2132 3
2133 3
2134 3
2135 3
2136 3
2137 3
2138 3
2139 3
2140 3
2141 3
2142 3
2143 3
2144 3
2145 3
2146 3
2147 3
2148 3
2149 3
2150 3
2151 3
2152 3
2153 3
2154 3
2155 3
2156 3
2157 3
2158 3
2159 3
2160 3
2161 3
2162 3
2163 3
2164 3
2165 3
2166 3
2167 3
2168 3
2169 3
2170 3
2171 3
2172 3
2173 3
2174 3
2175 3
2176 3
2177 3
2178 3
2179 3
2180 3
2181 3
2182 3
2183 3
2184 3
2185 3
2186 3
2187 3
2188 3
2189 3
2190 3
2191 3
2192 3
2193 3
2194 3
2195 3
2196 3
2197 3
2198 3
2199 3
2200 3
2201 3
2202 3
2203 3
2204 3
2205 3
2206 3
2207 3
2208 3
2209 3
2210 3
2211 3
2212 3
2213 3
2214 3
2215 3
2216 3
2217 3
2218 3
2219 3
2220 3
2221 3
2222 3
2223 3
2224 3
2225 3
2226 3
2227 3
2228 3
2229 3
2230 3
2231 3
2232 3
2233 3
2234 3
2235 3
2236 3
2237 3
2238 3
2239 3
2240 3
2241 3
2242 3
2243 3
2244 3
2245 3
2246 3
2247 3
2248 3
2249 3
2250 3
2251 3
2252 3
2253 3
2254 3
2255 3
2256 3
2257 3
2258 3
2259 3
2260 3
2261 3
2262 3
2263 3
2264 3
2265 3
2266 3
2267 3
2268 3
2269 3
2270 3
2271 3
2272 3
2273 3
2274 3
2275 3
2276 3
2277 3
2278 3
2279 3
2280 3
2281 3
2282 3
2283 3
2284 3
2285 3
2286 3
2287 3
2288 3
2289 3
2290 3
2291 3
2292 3
2293 3
2294 3
2295 3
2296 3
2297 3
2298 3
2299 3
2300 3
2301 3
2302 3
2303 3
2304 3
2305 3
2306 3
2307 3
2308 3
2309 3
2310 3
2311 3
2312 3
2313 3
2314 3
2315 3
2316 3
2317 3
2318 3
2319 3
2320 3
2321 3
2322 3
2323 3
2324 3
2325 3
2326 3
2327 3
2328 3
2329 3
2330 3
2331 3
2332 3
2333 3
2334 3
2335 3
2336 3
2337 3
2338 3
2339 3
2340 3
2341 3
2342 3
2343 3
2344 3
2345 3
2346 3
2347 3
2348 3
2349 3
2350 3
2351 3
2352 3
2353 3
2354 3
2355 3
2356 3
2357 3
2358 3
2359 3
2360 3
2361 3
2362 3
2363 3
2364 3
2365 3
2366 3
2367 3
2368 3
2369 3
2370 3
2371 3
2372 3
2373 3
2374 3
2375 3
2376 3
2377 3
2378 3
2379 3
2380 3
2381 3
2382 3
2383 3
2384 3
2385 3
2386 3
2387 3
2388 3
2389 3
2390 3
2391 3
2392 3
2393 3
2394 3
2395 3
2396 3
2397 3
2398 3
2399 3
2400 3
2401 3
2402 3
2403 3
2404 3
2405 3
2406 3
2407 3
2408 3
2409 3
2410 3
2411 3
2412 3
2413 3
2414 3
2415 3
2416 3
2417 3
2418 3
2419 3
2420 3
2421 3
2422 3
2423 3
2424 3
2425 3
2426 3
2427 3
2428 3
2429 3
2430 3
2431 3
2432 3
2433 3
2434 3
2435 3
2436 3
2437 3
2438 3
2439 3
2440 3
2441 3
2442 3
2443 3
2444 3
2445 3
2446 3
2447 3
2448 3
2449 3
2450 3
2451 3
2452 3
2453 3
2454 3
2455 3
2456 3
2457 3
2458 3
2459 3
2460 3
2461 3
2462 3
2463 3
2464 3
2465 3
2466 3
2467 3
2468 3
2469 3
2470 3
2471 3
2472 3
2473 3
2474 3
2475 3
2476 3
2477 3
2478 3
2479 3
2480 3
2481 3
2482 3
2483 3
2484 3
2485 3
2486 3
2487 3
2488 3
2489 3
2490 3
2491 3
2492 3
2493 3
2494 3
2495 3
2496 3
2497 3
2498 3
2499 3
2500 3
2501 3
2502 3
2503 3
2504 3
2505 3
2506 3
2507 3
2508 3
2509 3
2510 3
2511 3
2512 3
2513 3
2514 3
2515 3
2516 3
2517 3
2518 3
2519 3
2520 3
2521 3
2522 3
2523 3
2524 3
2525 3
2526 3
2527 3
2528 3
2529 3
2530 3
2531 3
2532 3
2533 3
2534 3
2535 3
2536 3
2537 3
2538 3
2539 3
2540 3
2541 3
2542 3
2543 3
2544 3
2545 3
2546 3
2547 3
2548 3
2549 3
2550 3
2551 3
2552 3
2553 3
2554 3
2555 3
2556 3
2557 3
2558 3
2559 3
2560 3
2561 3
2562 3
2563 3
2564 3
2565 3
2566 3
2567 3
2568 3
2569 3
2570 3
2571 3
2572 3
2573 3
2574 3
2575 3
2576 3
2577 3
2578 3
2579 3
2580 3
2581 3
2582 3
2583 3
2584 3
2585 3
2586 3
2587 3
2588 3
2589 3
2590 3
2591 3
2592 3
2593 3
2594 3
2595 3
2596 3
2597 3
2598 3
2599 3
2600 3
2601 3
2602 3
2603 3
2604 3
2605 3
2606 3
2607 3
2608 3
2609 3
2610 3
2611 3
2612 3
2613 3
2614 3
2615 3
2616 3
2617 3
2618 3
2619 3
2620 3
2621 3
2622 3
2623 3
2624 3
2625 3
2626 3
2627 3
2628 3
2629 3
2630 3
2631 3
2632 3
2633 3
2634 3
2635 3
2636 3
2637 3
2638 3
2639 3
2640 3
2641 3
2642 3
2643 3
2644 3
2645 3
2646 3
2647 3
2648 3
2649 3
2650 3
2651 3
2652 3
2653 3
2654 3
2655 3
2656 3
2657 3
2658 3
2659 3
2660 3
2661 3
2662 3
2663 3
2664 3
2665 3
2666 3
2667 3
2668 3
2669 3
2670 3
2671 3
2672 3
2673 3
2674 3
2675 3
2676 3
2677 3
2678 3
2679 3
2680 3
2681 3
2682 3
2683 3
2684 3
2685 3
2686 3
2687 3
2688 3
2689 3
2690 3
2691 3
2692 3
2693 3
2694 3
2695 3
2696 3
2697 3
2698 3
2699 3
2700 3
2701 3
2702 3
2703 3
2704 3
2705 3
2706 3
2707 3
2708 3
2709 3
2710 3
2711 3
2712 3
2713 3
2714 3
2715 3
2716 3
2717 3
2718 3
2719 3
2720 3
2721 3
2722 3
2723 3
2724 3
2725 3
2726 3
2727 3
2728 3
2729 3
2730 3
2731 3
2732 3
2733 3
2734 3
2735 3
2736 3
2737 3
2738 3
2739 3
2740 3
2741 3
2742 3
2743 3
2744 3
2745 3
2746 3
2747 3
2748 3
2749 3
2750 3
2751 3
2752 3
2753 3
2754 3
2755 3
2756 3
2757 3
2758 3
2759 3
2760 3
2761 3
2762 3
2763 3
2764 3
2765 3
2766 3
2767 3
2768 3
2769 3
2770 3
2771 3
2772 3
2773 3
2774 3
2775 3
2776 3
2777 3
2778 3
2779 3
2780 3
2781 3
2782 3
2783 3
2784 3
2785 3
2786 3
2787 3
2788 3
2789 3
2790 3
2791 3
2792 3
2793 3
2794 3
2795 3
2796 3
2797 3
2798 3
2799 3
2800 3
2801 3
2802 3
2803 3
2804 3
2805 3
2806 3
2807 3
2808 3
2809 3
2810 3
2811 3
2812 3
2813 3
2814 3
2815 3
2816 3
2817 3
2818 3
2819 3
2820 3
2821 3
2822 3
2823 3
2824 3
2825 3
2826 3
2827 3
2828 3
2829 3
2830 3
2831 3
2832 3
2833 3
2834 3
2835 3
2836 3
2837 3
2838 3
2839 3
2840 3
2841 3
2842 3
2843 3
2844 3
2845 3
2846 3
2847 3
2848 3
2849 3
2850 3
2851 3
2852 3
2853 3
2854 3
2855 3
2856 3
2857 3
2858 3
2859 3
2860 3
2861 3
2862 3
2863 3
2864 3
2865 3
2866 3
2867 3
2868 3
2869 3
2870 3
2871 3
2872 3
2873 3
2874 3
2875 3
2876 3
2877 3
2878 3
2879 3
2880 3
2881 3
2882 3
2883 3
2884 3
2885 3
2886 3
2887 3
2888 3
2889 3
2890 3
2891 3
2892 3
2893 3
2894 3
2895 3
2896 3
2897 3
2898 3
2899 3
2900 3
2901 3
2902 3
2903 3
2904 3
2905 3
2906 3
2907 3
2908 3
2909 3
2910 3
2911 3
2912 3
2913 3
2914 3
2915 3
2916 3
2917 5
2918 3
2919 5
2920 3
2921 5
2922 3
2923 5
2924 3
2925 5
2926 3
2927 5
2928 3
2929 5
2930 3
2931 5
2932 3
2933 5
2934 3
2935 5
2936 3
2937 5
2938 3
2939 5
2940 3
2941 5
2942 3
2943 5
2944 3
2945 5
2946 3
2947 5
2948 3
2949 5
2950 3
2951 5
2952 3
2953 5
2954 3
2955 5
2956 3
2957 5
2958 3
2959 5
2960 3
2961 5
2962 3
2963 5
2964 3
2965 5
2966 3
2967 5
2968 3
2969 5
2970 3
2971 5
2972 3
2973 5
2974 3
2975 5
2976 3
2977 5
2978 3
2979 5
2980 3
2981 5
2982 3
2983 5
2984 3
2985 5
2986 3
2987 5
2988 3
2989 5
2990 3
2991 5
2992 3
2993 5
2994 3
2995 5
2996 3
2997 5
2998 3
2999 5
3000 3
3001 5
3002 3
3003 5
3004 3
3005 5
3006 3
3007 5
3008 3
3009 5
3010 3
3011 5
3012 3
3013 5
3014 3
3015 5
3016 3
3017 5
3018 3
3019 5
3020 3
3021 5
3022 3
3023 5
3024 3
3025 5
3026 3
3027 5
3028 3
3029 5
3030 3
3031 5
3032 3
3033 5
3034 3
3035 5
3036 3
3037 5
3038 3
3039 5
3040 3
3041 5
3042 3
3043 5
3044 3
3045 5
3046 3
3047 5
3048 3
3049 5
3050 3
3051 5
3052 3
3053 5
3054 3
3055 5
3056 3
3057 5
3058 3
3059 5
3060 3
3061 5
3062 3
3063 5
3064 3
3065 5
3066 3
3067 5
3068 3
3069 5
3070 3
3071 5
3072 3
3073 5
3074 3
3075 5
3076 3
3077 5
3078 3
3079 5
3080 3
3081 5
3082 3
3083 5
3084 3
3085 5
3086 3
3087 5
3088 3
3089 5
3090 3
3091 5
3092 3
3093 5
3094 3
3095 5
3096 3
3097 5
3098 3
$EndElementData
$ElementData
1
"Attribute:ShearAreaY"
1
0
3
0
1
3098
1 0.008633031428391261
2 0.008633031428391261
3 0.008633031428391261
4 0.008633031428391261
5 0.008633031428391261
6 0.008633031428391261
7 0.008633031428391261
8 0.008633031428391261
9 0.008633031428391261
10 0.008633031428391261
11 0.008633031428391261
12 0.008633031428391261
13 0.008633031428391261
14 0.008633031428391261
15 0.008633031428391261
16 0.008633031428391261
17 0.008633031428391261
18 0.008633031428391261
19 0.008633031428391261
20 0.008633031428391261
21 0.008633031428391261
22 0.008633031428391261
23 0.008633031428391261
24 0.008633031428391261
25 0.006643954150762147
26 0.006643954150762147
27 0.006643954150762147
28 0.006643954150762147
29 0.006643954150762147
30 0.006643954150762147
31 0.006643954150762147
32 0.006643954150762147
33 0.006643954150762147
34 0.006643954150762147
35 0.006643954150762147
36 0.006643954150762147
37 0.006643954150762147
38 0.006643954150762147
39 0.006643954150762147
40 0.006643954150762147
41 0.006643954150762147
42 0.006643954150762147
43 0.006643954150762147
44 0.006643954150762147
45 0.006643954150762147
46 0.006643954150762147
47 0.006643954150762147
48 0.006643954150762147
49 0.008633031428391261
50 0.008633031428391261
51 0.008633031428391261
52 0.008633031428391261
53 0.008633031428391261
54 0.008633031428391261
55 0.008633031428391261
56 0.008633031428391261
57 0.008633031428391261
58 0.008633031428391261
59 0.008633031428391261
60 0.008633031428391261
61 0.008633031428391261
62 0.008633031428391261
63 0.008633031428391261
64 0.008633031428391261
65 0.008633031428391261
66 0.008633031428391261
67 0.008633031428391261
68 0.008633031428391261
69 0.008633031428391261
70 0.008633031428391261
71 0.008633031428391261
72 0.008633031428391261
73 0.006643954150762147
74 0.006643954150762147
75 0.006643954150762147
76 0.006643954150762147
77 0.006643954150762147
78 0.006643954150762147
79 0.006643954150762147
80 0.006643954150762147
81 0.006643954150762147
82 0.006643954150762147
83 0.006643954150762147
84 0.006643954150762147
85 0.006643954150762147
86 0.006643954150762147
87 0.006643954150762147
88 0.006643954150762147
89 0.006643954150762147
90 0.006643954150762147
91 0.006643954150762147
92 0.006643954150762147
93 0.006643954150762147
94 0.006643954150762147
95 0.006643954150762147
96 0.006643954150762147
97 0.008633031428391261
98 0.008633031428391261
99 0.008633031428391261
100 0.008633031428391261
101 0.008633031428391261
102 0.008633031428391261
103 0.008633031428391261
104 0.008633031428391261
105 0.008633031428391261
106 0.008633031428391261
107 0.008633031428391261
108 0.008633031428391261
109 0.008633031428391261
110 0.008633031428391261
111 0.008633031428391261
112 0.008633031428391261
113 0.008633031428391261
114 0.008633031428391261
115 0.008633031428391261
116 0.008633031428391261
117 0.008633031428391261
118 0.008633031428391261
119 0.008633031428391261
120 0.008633031428391261
121 0.006643954150762147
122 0.006643954150762147
123 0.006643954150762147
124 0.006643954150762147
125 0.006643954150762147
126 0.006643954150762147
127 0.006643954150762147
128 0.006643954150762147
129 0.006643954150762147
130 0.006643954150762147
131 0.006643954150762147
132 0.006643954150762147
133 0.006643954150762147
134 0.006643954150762147
135 0.006643954150762147
136 0.006643954150762147
137 0.006643954150762147
138 0.006643954150762147
139 0.006643954150762147
140 0.006643954150762147
141 0.006643954150762147
142 0.006643954150762147
143 0.006643954150762147
144 0.006643954150762147
145 0.008633031428391261
146 0.008633031428391261
147 0.008633031428391261
148 0.008633031428391261
149 0.008633031428391261
150 0.008633031428391261
151 0.008633031428391261
152 0.008633031428391261
153 0.008633031428391261
154 0.008633031428391261
155 0.008633031428391261
156 0.008633031428391261
157 0.008633031428391261
158 0.008633031428391261
159 0.008633031428391261
160 0.008633031428391261
161 0.008633031428391261
162 0.008633031428391261
163 0.008633031428391261
164 0.008633031428391261
165 0.008633031428391261
166 0.008633031428391261
167 0.008633031428391261
168 0.008633031428391261
169 0.006643954150762147
170 0.006643954150762147
171 0.006643954150762147
172 0.006643954150762147
173 0.006643954150762147
174 0.006643954150762147
175 0.006643954150762147
176 0.006643954150762147
177 0.006643954150762147
178 0.006643954150762147
179 0.006643954150762147
180 0.006643954150762147
181 0.006643954150762147
182 0.006643954150762147
183 0.006643954150762147
184 0.006643954150762147
185 0.006643954150762147
186 0.006643954150762147
187 0.006643954150762147
188 0.006643954150762147
189 0.006643954150762147
190 0.006643954150762147
191 0.006643954150762147
192 0.006643954150762147
193 0.008633031428391261
194 0.008633031428391261
195 0.008633031428391261
196 0.008633031428391261
197 0.008633031428391261
198 0.008633031428391261
199 0.008633031428391261
200 0.008633031428391261
201 0.008633031428391261
202 0.008633031428391261
203 0.008633031428391261
204 0.008633031428391261
205 0.008633031428391261
206 0.008633031428391261
207 0.008633031428391261
208 0.008633031428391261
209 0.008633031428391261
210 0.008633031428391261
211 0.008633031428391261
212 0.008633031428391261
213 0.008633031428391261
214 0.008633031428391261
215 0.008633031428391261
216 0.008633031428391261
217 0.006643954150762147
218 0.006643954150762147
219 0.006643954150762147
220 0.006643954150762147
221 0.006643954150762147
222 0.006643954150762147
223 0.006643954150762147
224 0.006643954150762147
225 0.006643954150762147
226 0.006643954150762147
227 0.006643954150762147
228 0.006643954150762147
229 0.006643954150762147
230 0.006643954150762147
231 0.006643954150762147
232 0.006643954150762147
233 0.006643954150762147
234 0.006643954150762147
235 0.006643954150762147
236 0.006643954150762147
237 0.006643954150762147
238 0.006643954150762147
239 0.006643954150762147
240 0.006643954150762147
241 0.008633031428391261
242 0.008633031428391261
243 0.008633031428391261
244 0.008633031428391261
245 0.008633031428391261
246 0.008633031428391261
247 0.008633031428391261
248 0.008633031428391261
249 0.008633031428391261
250 0.008633031428391261
251 0.008633031428391261
252 0.008633031428391261
253 0.008633031428391261
254 0.008633031428391261
255 0.008633031428391261
256 0.008633031428391261
257 0.008633031428391261
258 0.008633031428391261
259 0.008633031428391261
260 0.008633031428391261
261 0.008633031428391261
262 0.008633031428391261
263 0.008633031428391261
264 0.008633031428391261
265 0.006643954150762147
266 0.006643954150762147
267 0.006643954150762147
268 0.006643954150762147
269 0.006643954150762147
270 0.006643954150762147
271 0.006643954150762147
272 0.006643954150762147
273 0.006643954150762147
274 0.006643954150762147
275 0.006643954150762147
276 0.006643954150762147
277 0.006643954150762147
278 0.006643954150762147
279 0.006643954150762147
280 0.006643954150762147
281 0.006643954150762147
282 0.006643954150762147
283 0.006643954150762147
284 0.006643954150762147
285 0.006643954150762147
286 0.006643954150762147
287 0.006643954150762147
288 0.006643954150762147
289 0.008633031428391261
290 0.008633031428391261
291 0.008633031428391261
292 0.008633031428391261
293 0.008633031428391261
294 0.008633031428391261
295 0.008633031428391261
296 0.008633031428391261
297 0.008633031428391261
298 0.008633031428391261
299 0.008633031428391261
300 0.008633031428391261
301 0.008633031428391261
302 0.008633031428391261
303 0.008633031428391261
304 0.008633031428391261
305 0.008633031428391261
306 0.008633031428391261
307 0.008633031428391261
308 0.008633031428391261
309 0.008633031428391261
310 0.008633031428391261
311 0.008633031428391261
312 0.008633031428391261
313 0.008633031428391261
314 0.008633031428391261
315 0.008633031428391261
316 0.008633031428391261
317 0.008633031428391261
318 0.008633031428391261
319 0.008633031428391261
320 0.008633031428391261
321 0.008633031428391261
322 0.008633031428391261
323 0.008633031428391261
324 0.008633031428391261
325 0.006643954150762147
326 0.006643954150762147
327 0.006643954150762147
328 0.006643954150762147
329 0.006643954150762147
330 0.006643954150762147
331 0.006643954150762147
332 0.006643954150762147
333 0.006643954150762147
334 0.006643954150762147
335 0.006643954150762147
336 0.006643954150762147
337 0.008633031428391261
338 0.008633031428391261
339 0.008633031428391261
340 0.008633031428391261
341 0.008633031428391261
342 0.008633031428391261
343 0.008633031428391261
344 0.008633031428391261
345 0.008633031428391261
346 0.008633031428391261
347 0.008633031428391261
348 0.008633031428391261
349 0.006643954150762147
350 0.006643954150762147
351 0.006643954150762147
352 0.006643954150762147
353 0.006643954150762147
354 0.006643954150762147
355 0.006643954150762147
356 0.006643954150762147
357 0.006643954150762147
358 0.006643954150762147
359 0.006643954150762147
360 0.006643954150762147
361 0.008633031428391261
362 0.008633031428391261
363 0.008633031428391261
364 0.008633031428391261
365 0.008633031428391261
366 0.008633031428391261
367 0.008633031428391261
368 0.008633031428391261
369 0.008633031428391261
370 0.008633031428391261
371 0.008633031428391261
372 0.008633031428391261
373 0.006643954150762147
374 0.006643954150762147
375 0.006643954150762147
376 0.006643954150762147
377 0.006643954150762147
378 0.006643954150762147
379 0.006643954150762147
380 0.006643954150762147
381 0.006643954150762147
382 0.006643954150762147
383 0.006643954150762147
384 0.006643954150762147
385 0.008633031428391261
386 0.008633031428391261
387 0.008633031428391261
388 0.008633031428391261
389 0.008633031428391261
390 0.008633031428391261
391 0.008633031428391261
392 0.008633031428391261
393 0.008633031428391261
394 0.008633031428391261
395 0.008633031428391261
396 0.008633031428391261
397 0.006643954150762147
398 0.006643954150762147
399 0.006643954150762147
400 0.006643954150762147
401 0.006643954150762147
402 0.006643954150762147
403 0.006643954150762147
404 0.006643954150762147
405 0.006643954150762147
406 0.006643954150762147
407 0.006643954150762147
408 0.006643954150762147
409 0.008633031428391261
410 0.008633031428391261
411 0.008633031428391261
412 0.008633031428391261
413 0.008633031428391261
414 0.008633031428391261
415 0.008633031428391261
416 0.008633031428391261
417 0.008633031428391261
418 0.008633031428391261
419 0.008633031428391261
420 0.008633031428391261
421 0.006643954150762147
422 0.006643954150762147
423 0.006643954150762147
424 0.006643954150762147
425 0.006643954150762147
426 0.006643954150762147
427 0.006643954150762147
428 0.006643954150762147
429 0.006643954150762147
430 0.006643954150762147
431 0.006643954150762147
432 0.006643954150762147
433 0.008633031428391261
434 0.008633031428391261
435 0.008633031428391261
436 0.008633031428391261
437 0.008633031428391261
438 0.008633031428391261
439 0.008633031428391261
440 0.008633031428391261
441 0.008633031428391261
442 0.008633031428391261
443 0.008633031428391261
444 0.008633031428391261
445 0.006643954150762147
446 0.006643954150762147
447 0.006643954150762147
448 0.006643954150762147
449 0.006643954150762147
450 0.006643954150762147
451 0.006643954150762147
452 0.006643954150762147
453 0.006643954150762147
454 0.006643954150762147
455 0.006643954150762147
456 0.006643954150762147
457 0.008633031428391261
458 0.008633031428391261
459 0.008633031428391261
460 0.008633031428391261
461 0.008633031428391261
462 0.008633031428391261
463 0.008633031428391261
464 0.008633031428391261
465 0.008633031428391261
466 0.008633031428391261
467 0.008633031428391261
468 0.008633031428391261
469 0.006643954150762147
470 0.006643954150762147
471 0.006643954150762147
472 0.006643954150762147
473 0.006643954150762147
474 0.006643954150762147
475 0.006643954150762147
476 0.006643954150762147
477 0.006643954150762147
478 0.006643954150762147
479 0.006643954150762147
480 0.006643954150762147
481 0.008633031428391261
482 0.008633031428391261
483 0.008633031428391261
484 0.008633031428391261
485 0.008633031428391261
486 0.008633031428391261
487 0.008633031428391261
488 0.008633031428391261
489 0.008633031428391261
490 0.008633031428391261
491 0.008633031428391261
492 0.008633031428391261
493 0.006643954150762147
494 0.006643954150762147
495 0.006643954150762147
496 0.006643954150762147
497 0.006643954150762147
498 0.006643954150762147
499 0.006643954150762147
500 0.006643954150762147
501 0.006643954150762147
502 0.006643954150762147
503 0.006643954150762147
504 0.006643954150762147
505 0.008633031428391261
506 0.008633031428391261
507 0.008633031428391261
508 0.008633031428391261
509 0.008633031428391261
510 0.008633031428391261
511 0.008633031428391261
512 0.008633031428391261
513 0.008633031428391261
514 0.008633031428391261
515 0.008633031428391261
516 0.008633031428391261
517 0.006643954150762147
518 0.006643954150762147
519 0.006643954150762147
520 0.006643954150762147
521 0.006643954150762147
522 0.006643954150762147
523 0.006643954150762147
524 0.006643954150762147
525 0.006643954150762147
526 0.006643954150762147
527 0.006643954150762147
528 0.006643954150762147
529 0.008633031428391261
530 0.008633031428391261
531 0.008633031428391261
532 0.008633031428391261
533 0.008633031428391261
534 0.008633031428391261
535 0.008633031428391261
536 0.008633031428391261
537 0.008633031428391261
538 0.008633031428391261
539 0.008633031428391261
540 0.008633031428391261
541 0.006643954150762147
542 0.006643954150762147
543 0.006643954150762147
544 0.006643954150762147
545 0.006643954150762147
546 0.006643954150762147
547 0.006643954150762147
548 0.006643954150762147
549 0.006643954150762147
550 0.006643954150762147
551 0.006643954150762147
552 0.006643954150762147
553 0.008633031428391261
554 0.008633031428391261
555 0.008633031428391261
556 0.008633031428391261
557 0.008633031428391261
558 0.008633031428391261
559 0.008633031428391261
560 0.008633031428391261
561 0.008633031428391261
562 0.008633031428391261
563 0.008633031428391261
564 0.008633031428391261
565 0.006643954150762147
566 0.006643954150762147
567 0.006643954150762147
568 0.006643954150762147
569 0.006643954150762147
570 0.006643954150762147
571 0.006643954150762147
572 0.006643954150762147
573 0.006643954150762147
574 0.006643954150762147
575 0.006643954150762147
576 0.006643954150762147
577 0.008633031428391261
578 0.008633031428391261
579 0.008633031428391261
580 0.008633031428391261
581 0.008633031428391261
582 0.008633031428391261
583 0.008633031428391261
584 0.008633031428391261
585 0.008633031428391261
586 0.008633031428391261
587 0.008633031428391261
588 0.008633031428391261
589 0.006643954150762147
590 0.006643954150762147
591 0.006643954150762147
592 0.006643954150762147
593 0.006643954150762147
594 0.006643954150762147
595 0.006643954150762147
596 0.006643954150762147
597 0.006643954150762147
598 0.006643954150762147
599 0.006643954150762147
600 0.006643954150762147
601 0.008633031428391261
602 0.008633031428391261
603 0.008633031428391261
604 0.008633031428391261
605 0.008633031428391261
606 0.008633031428391261
607 0.008633031428391261
608 0.008633031428391261
609 0.008633031428391261
610 0.008633031428391261
611 0.008633031428391261
612 0.008633031428391261
613 0.0014059647642329113
614 0.0014059647642329113
615 0.0014059647642329113
616 0.0014059647642329113
617 0.0014059647642329113
618 0.0014059647642329113
619 0.0014059647642329113
620 0.0014059647642329113
621 0.0014059647642329113
622 0.0014059647642329113
623 0.0014059647642329113
624 0.0014059647642329113
625 0.0014059647642329113
626 0.0014059647642329113
627 0.0014059647642329113
628 0.0014059647642329113
629 0.0014059647642329113
630 0.0014059647642329113
631 0.0014059647642329113
632 0.0014059647642329113
633 0.0014059647642329113
634 0.0014059647642329113
635 0.0014059647642329113
636 0.0014059647642329113
637 0.0014059647642329113
638 0.0014059647642329113
639 0.0014059647642329113
640 0.0014059647642329113
641 0.0014059647642329113
642 0.0014059647642329113
643 0.0014059647642329113
644 0.0014059647642329113
645 0.0014059647642329113
646 0.0014059647642329113
647 0.0014059647642329113
648 0.0014059647642329113
649 0.0014059647642329113
650 0.0014059647642329113
651 0.0014059647642329113
652 0.0014059647642329113
653 0.0014059647642329113
654 0.0014059647642329113
655 0.0014059647642329113
656 0.0014059647642329113
657 0.0014059647642329113
658 0.0014059647642329113
659 0.0014059647642329113
660 0.0014059647642329113
661 0.0014059647642329113
662 0.0014059647642329113
663 0.0014059647642329113
664 0.0014059647642329113
665 0.0014059647642329113
666 0.0014059647642329113
667 0.0014059647642329113
668 0.0014059647642329113
669 0.0014059647642329113
670 0.0014059647642329113
671 0.0014059647642329113
672 0.0014059647642329113
673 0.0014059647642329113
674 0.0014059647642329113
675 0.0014059647642329113
676 0.0014059647642329113
677 0.0014059647642329113
678 0.0014059647642329113
679 0.0014059647642329113
680 0.0014059647642329113
681 0.0014059647642329113
682 0.0014059647642329113
683 0.0014059647642329113
684 0.0014059647642329113
685 0.0014059647642329113
686 0.0014059647642329113
687 0.0014059647642329113
688 0.0014059647642329113
689 0.0014059647642329113
690 0.0014059647642329113
691 0.0014059647642329113
692 0.0014059647642329113
693 0.0014059647642329113
694 0.0014059647642329113
695 0.0014059647642329113
696 0.0014059647642329113
697 0.0014059647642329113
698 0.0014059647642329113
699 0.0014059647642329113
700 0.0014059647642329113
701 0.0014059647642329113
702 0.0014059647642329113
703 0.0014059647642329113
704 0.0014059647642329113
705 0.0014059647642329113
706 0.0014059647642329113
707 0.0014059647642329113
708 0.0014059647642329113
709 0.0014059647642329113
710 0.0014059647642329113
711 0.0014059647642329113
712 0.0014059647642329113
713 0.0014059647642329113
714 0.0014059647642329113
715 0.0014059647642329113
716 0.0014059647642329113
717 0.0014059647642329113
718 0.0014059647642329113
719 0.0014059647642329113
720 0.0014059647642329113
721 0.0014059647642329113
722 0.0014059647642329113
723 0.0014059647642329113
724 0.0014059647642329113
725 0.0014059647642329113
726 0.0014059647642329113
727 0.0014059647642329113
728 0.0014059647642329113
729 0.0014059647642329113
730 0.0014059647642329113
731 0.0014059647642329113
732 0.0014059647642329113
733 0.0014059647642329113
734 0.0014059647642329113
735 0.0014059647642329113
736 0.0014059647642329113
737 0.0014059647642329113
738 0.0014059647642329113
739 0.0014059647642329113
740 0.0014059647642329113
741 0.0014059647642329113
742 0.0014059647642329113
743 0.0014059647642329113
744 0.0014059647642329113
745 0.0014059647642329113
746 0.0014059647642329113
747 0.0014059647642329113
748 0.0014059647642329113
749 0.0014059647642329113
750 0.0014059647642329113
751 0.0014059647642329113
752 0.0014059647642329113
753 0.0014059647642329113
754 0.0014059647642329113
755 0.0014059647642329113
756 0.0014059647642329113
757 0.0014059647642329113
758 0.0014059647642329113
759 0.0014059647642329113
760 0.0014059647642329113
761 0.0014059647642329113
762 0.0014059647642329113
763 0.0014059647642329113
764 0.0014059647642329113
765 0.0014059647642329113
766 0.0014059647642329113
767 0.0014059647642329113
768 0.0014059647642329113
769 0.0014059647642329113
770 0.0014059647642329113
771 0.0014059647642329113
772 0.0014059647642329113
773 0.0014059647642329113
774 0.0014059647642329113
775 0.0014059647642329113
776 0.0014059647642329113
777 0.0014059647642329113
778 0.0014059647642329113
779 0.0014059647642329113
780 0.0014059647642329113
781 0.0014059647642329113
782 0.0014059647642329113
783 0.0014059647642329113
784 0.0014059647642329113
785 0.0014059647642329113
786 0.0014059647642329113
787 0.0014059647642329113
788 0.0014059647642329113
789 0.0014059647642329113
790 0.0014059647642329113
791 0.0014059647642329113
792 0.0014059647642329113
793 0.0014059647642329113
794 0.0014059647642329113
795 0.0014059647642329113
796 0.0014059647642329113
797 0.0014059647642329113
798 0.0014059647642329113
799 0.0014059647642329113
800 0.0014059647642329113
801 0.0014059647642329113
802 0.0014059647642329113
803 0.0014059647642329113
804 0.0014059647642329113
805 0.0014059647642329113
806 0.0014059647642329113
807 0.0014059647642329113
808 0.0014059647642329113
809 0.0014059647642329113
810 0.0014059647642329113
811 0.0014059647642329113
812 0.0014059647642329113
813 0.0014059647642329113
814 0.0014059647642329113
815 0.0014059647642329113
816 0.0014059647642329113
817 0.0014059647642329113
818 0.0014059647642329113
819 0.0014059647642329113
820 0.0014059647642329113
821 0.0014059647642329113
822 0.0014059647642329113
823 0.0014059647642329113
824 0.0014059647642329113
825 0.0014059647642329113
826 0.0014059647642329113
827 0.0014059647642329113
828 0.0014059647642329113
829 0.0014059647642329113
830 0.0014059647642329113
831 0.0014059647642329113
832 0.0014059647642329113
833 0.0014059647642329113
834 0.0014059647642329113
835 0.0014059647642329113
836 0.0014059647642329113
837 0.0014059647642329113
838 0.0014059647642329113
839 0.0014059647642329113
840 0.0014059647642329113
841 0.0014059647642329113
842 0.0014059647642329113
843 0.0014059647642329113
844 0.0014059647642329113
845 0.0014059647642329113
846 0.0014059647642329113
847 0.0014059647642329113
848 0.0014059647642329113
849 0.0014059647642329113
850 0.0014059647642329113
851 0.0014059647642329113
852 0.0014059647642329113
853 0.0014059647642329113
854 0.0014059647642329113
855 0.0014059647642329113
856 0.0014059647642329113
857 0.0014059647642329113
858 0.0014059647642329113
859 0.0014059647642329113
860 0.0014059647642329113
861 0.0014059647642329113
862 0.0014059647642329113
863 0.0014059647642329113
864 0.0014059647642329113
865 0.0014059647642329113
866 0.0014059647642329113
867 0.0014059647642329113
868 0.0014059647642329113
869 0.0014059647642329113
870 0.0014059647642329113
871 0.0014059647642329113
872 0.0014059647642329113
873 0.0014059647642329113
874 0.0014059647642329113
875 0.0014059647642329113
876 0.0014059647642329113
877 0.0014059647642329113
878 0.0014059647642329113
879 0.0014059647642329113
880 0.0014059647642329113
881 0.0014059647642329113
882 0.0014059647642329113
883 0.0014059647642329113
884 0.0014059647642329113
885 0.0014059647642329113
886 0.0014059647642329113
887 0.0014059647642329113
888 0.0014059647642329113
889 0.0014059647642329113
890 0.0014059647642329113
891 0.0014059647642329113
892 0.0014059647642329113
893 0.0014059647642329113
894 0.0014059647642329113
895 0.0014059647642329113
896 0.0014059647642329113
897 0.0014059647642329113
898 0.0014059647642329113
899 0.0014059647642329113
900 0.0014059647642329113
901 0.0014059647642329113
902 0.0014059647642329113
903 0.0014059647642329113
904 0.0014059647642329113
905 0.0014059647642329113
906 0.0014059647642329113
907 0.0014059647642329113
908 0.0014059647642329113
909 0.0014059647642329113
910 0.0014059647642329113
911 0.0014059647642329113
912 0.0014059647642329113
913 0.0014059647642329113
914 0.0014059647642329113
915 0.0014059647642329113
916 0.0014059647642329113
917 0.0014059647642329113
918 0.0014059647642329113
919 0.0014059647642329113
920 0.0014059647642329113
921 0.0014059647642329113
922 0.0014059647642329113
923 0.0014059647642329113
924 0.0014059647642329113
925 0.0014059647642329113
926 0.0014059647642329113
927 0.0014059647642329113
928 0.0014059647642329113
929 0.0014059647642329113
930 0.0014059647642329113
931 0.0014059647642329113
932 0.0014059647642329113
933 0.0014059647642329113
934 0.0014059647642329113
935 0.0014059647642329113
936 0.0014059647642329113
937 0.0014059647642329113
938 0.0014059647642329113
939 0.0014059647642329113
940 0.0014059647642329113
941 0.0014059647642329113
942 0.0014059647642329113
943 0.0014059647642329113
944 0.0014059647642329113
945 0.0014059647642329113
946 0.0014059647642329113
947 0.0014059647642329113
948 0.0014059647642329113
949 0.0014059647642329113
950 0.0014059647642329113
951 0.0014059647642329113
952 0.0014059647642329113
953 0.0014059647642329113
954 0.0014059647642329113
955 0.0014059647642329113
956 0.0014059647642329113
957 0.0014059647642329113
958 0.0014059647642329113
959 0.0014059647642329113
960 0.0014059647642329113
961 0.0014059647642329113
962 0.0014059647642329113
963 0.0014059647642329113
964 0.0014059647642329113
965 0.0014059647642329113
966 0.0014059647642329113
967 0.0014059647642329113
968 0.0014059647642329113
969 0.0014059647642329113
970 0.0014059647642329113
971 0.0014059647642329113
972 0.0014059647642329113
973 0.0014059647642329113
974 0.0014059647642329113
975 0.0014059647642329113
976 0.0014059647642329113
977 0.0014059647642329113
978 0.0014059647642329113
979 0.0014059647642329113
980 0.0014059647642329113
981 0.0014059647642329113
982 0.0014059647642329113
983 0.0014059647642329113
984 0.0014059647642329113
985 0.0014059647642329113
986 0.0014059647642329113
987 0.0014059647642329113
988 0.0014059647642329113
989 0.0014059647642329113
990 0.0014059647642329113
991 0.0014059647642329113
992 0.0014059647642329113
993 0.0014059647642329113
994 0.0014059647642329113
995 0.0014059647642329113
996 0.0014059647642329113
997 0.0014059647642329113
998 0.0014059647642329113
999 0.0014059647642329113
1000 0.0014059647642329113
1001 0.0014059647642329113
1002 0.0014059647642329113
1003 0.0014059647642329113
1004 0.0014059647642329113
1005 0.0014059647642329113
1006 0.0014059647642329113
1007 0.0014059647642329113
1008 0.0014059647642329113
1009 0.0014059647642329113
1010 0.0014059647642329113
1011 0.0014059647642329113
1012 0.0014059647642329113
1013 0.0014059647642329113
1014 0.0014059647642329113
1015 0.0014059647642329113
1016 0.0014059647642329113
1017 0.0014059647642329113
1018 0.0014059647642329113
1019 0.0014059647642329113
1020 0.0014059647642329113
1021 0.0014059647642329113
1022 0.0014059647642329113
1023 0.0014059647642329113
1024 0.0014059647642329113
1025 0.0014059647642329113
1026 0.0014059647642329113
1027 0.0014059647642329113
1028 0.0014059647642329113
1029 0.0014059647642329113
1030 0.0014059647642329113
1031 0.0014059647642329113
1032 0.0014059647642329113
1033 0.0014059647642329113
1034 0.0014059647642329113
1035 0.0014059647642329113
1036 0.0014059647642329113
1037 0.0014059647642329113
1038 0.0014059647642329113
1039 0.0014059647642329113
1040 0.0014059647642329113
1041 0.0014059647642329113
1042 0.0014059647642329113
1043 0.0014059647642329113
1044 0.0014059647642329113
1045 0.0014059647642329113
1046 0.0014059647642329113
1047 0.0014059647642329113
1048 0.0014059647642329113
1049 0.0014059647642329113
1050 0.0014059647642329113
1051 0.0014059647642329113
1052 0.0014059647642329113
1053 0.0014059647642329113
1054 0.0014059647642329113
1055 0.0014059647642329113
1056 0.0014059647642329113
1057 0.0014059647642329113
1058 0.0014059647642329113
1059 0.0014059647642329113
1060 0.0014059647642329113
1061 0.0014059647642329113
1062 0.0014059647642329113
1063 0.0014059647642329113
1064 0.0014059647642329113
1065 0.0014059647642329113
1066 0.0014059647642329113
1067 0.0014059647642329113
1068 0.0014059647642329113
1069 0.0014059647642329113
1070 0.0014059647642329113
1071 0.0014059647642329113
1072 0.0014059647642329113
1073 0.0014059647642329113
1074 0.0014059647642329113
1075 0.0014059647642329113
1076 0.0014059647642329113
1077 0.0014059647642329113
1078 0.0014059647642329113
1079 0.0014059647642329113
1080 0.0014059647642329113
1081 0.0014059647642329113
1082 0.0014059647642329113
1083 0.0014059647642329113
1084 0.0014059647642329113
1085 0.0014059647642329113
1086 0.0014059647642329113
1087 0.0014059647642329113
1088 0.0014059647642329113
1089 0.0014059647642329113
1090 0.0014059647642329113
1091 0.0014059647642329113
1092 0.0014059647642329113
1093 0.0014059647642329113
1094 0.0014059647642329113
1095 0.0014059647642329113
1096 0.0014059647642329113
1097 0.0014059647642329113
1098 0.0014059647642329113
1099 0.0014059647642329113
1100 0.0014059647642329113
1101 0.0014059647642329113
1102 0.0014059647642329113
1103 0.0014059647642329113
1104 0.0014059647642329113
1105 0.0014059647642329113
1106 0.0014059647642329113
1107 0.0014059647642329113
1108 0.0014059647642329113
1109 0.0014059647642329113
1110 0.0014059647642329113
1111 0.0014059647642329113
1112 0.0014059647642329113
1113 0.0014059647642329113
1114 0.0014059647642329113
1115 0.0014059647642329113
1116 0.0014059647642329113
1117 0.0014059647642329113
1118 0.0014059647642329113
1119 0.0014059647642329113
1120 0.0014059647642329113
1121 0.0014059647642329113
1122 0.0014059647642329113
1123 0.0014059647642329113
1124 0.0014059647642329113
1125 0.0014059647642329113
1126 0.0014059647642329113
1127 0.0014059647642329113
1128 0.0014059647642329113
1129 0.0014059647642329113
1130 0.0014059647642329113
1131 0.0014059647642329113
1132 0.0014059647642329113
1133 0.0014059647642329113
1134 0.0014059647642329113
1135 0.0014059647642329113
1136 0.0014059647642329113
1137 0.0014059647642329113
1138 0.0014059647642329113
1139 0.0014059647642329113
1140 0.0014059647642329113
1141 0.0014059647642329113
1142 0.0014059647642329113
1143 0.0014059647642329113
1144 0.0014059647642329113
1145 0.0014059647642329113
1146 0.0014059647642329113
1147 0.0014059647642329113
1148 0.0014059647642329113
1149 0.0014059647642329113
1150 0.0014059647642329113
1151 0.0014059647642329113
1152 0.0014059647642329113
1153 0.0014059647642329113
1154 0.0014059647642329113
1155 0.0014059647642329113
1156 0.0014059647642329113
1157 0.0014059647642329113
1158 0.0014059647642329113
1159 0.0014059647642329113
1160 0.0014059647642329113
1161 0.0014059647642329113
1162 0.0014059647642329113
1163 0.0014059647642329113
1164 0.0014059647642329113
1165 0.0014059647642329113
1166 0.0014059647642329113
1167 0.0014059647642329113
1168 0.0014059647642329113
1169 0.0014059647642329113
1170 0.0014059647642329113
1171 0.0014059647642329113
1172 0.0014059647642329113
1173 0.0014059647642329113
1174 0.0014059647642329113
1175 0.0014059647642329113
1176 0.0014059647642329113
1177 0.0014059647642329113
1178 0.0014059647642329113
1179 0.0014059647642329113
1180 0.0014059647642329113
1181 0.0014059647642329113
1182 0.0014059647642329113
1183 0.0014059647642329113
1184 0.0014059647642329113
1185 0.0014059647642329113
1186 0.0014059647642329113
1187 0.0014059647642329113
1188 0.0014059647642329113
1189 0.0014059647642329113
1190 0.0014059647642329113
1191 0.0014059647642329113
1192 0.0014059647642329113
1193 0.0014059647642329113
1194 0.0014059647642329113
1195 0.0014059647642329113
1196 0.0014059647642329113
1197 0.0014059647642329113
1198 0.0014059647642329113
1199 0.0014059647642329113
1200 0.0014059647642329113
1201 0.0014059647642329113
1202 0.0014059647642329113
1203 0.0014059647642329113
1204 0.0014059647642329113
1205 0.0014059647642329113
1206 0.0014059647642329113
1207 0.0014059647642329113
1208 0.0014059647642329113
1209 0.0014059647642329113
1210 0.0014059647642329113
1211 0.0014059647642329113
1212 0.0014059647642329113
1213 0.0014059647642329113
1214 0.0014059647642329113
1215 0.0014059647642329113
1216 0.0014059647642329113
1217 0.0014059647642329113
1218 0.0014059647642329113
1219 0.0014059647642329113
1220 0.0014059647642329113
1221 0.0014059647642329113
1222 0.0014059647642329113
1223 0.0014059647642329113
1224 0.0014059647642329113
1225 0.0014059647642329113
1226 0.0014059647642329113
1227 0.0009140558528542028
1228 0.0009140558528542028
1229 0.0009140558528542028
1230 0.0009140558528542028
1231 0.0014059647642329113
1232 0.0014059647642329113
1233 0.0009140558528542028
1234 0.0009140558528542028
1235 0.0009140558528542028
1236 0.0009140558528542028
1237 0.0014059647642329113
1238 0.0014059647642329113
1239 0.0009140558528542028
1240 0.0009140558528542028
1241 0.0009140558528542028
1242 0.0009140558528542028
1243 0.0014059647642329113
1244 0.0014059647642329113
1245 0.0009140558528542028
1246 0.0009140558528542028
1247 0.0009140558528542028
1248 0.0009140558528542028
1249 0.0014059647642329113
1250 0.0014059647642329113
1251 0.0009140558528542028
1252 0.0009140558528542028
1253 0.0009140558528542028
1254 0.0009140558528542028
1255 0.0014059647642329113
1256 0.0014059647642329113
1257 0.0009140558528542028
1258 0.0009140558528542028
1259 0.0009140558528542028
1260 0.0009140558528542028
1261 0.0014059647642329113
1262 0.0014059647642329113
1263 0.0009140558528542028
1264 0.0009140558528542028
1265 0.0009140558528542028
1266 0.0009140558528542028
1267 0.0014059647642329113
1268 0.0014059647642329113
1269 0.0009140558528542028
1270 0.0009140558528542028
1271 0.0009140558528542028
1272 0.0009140558528542028
1273 0.0014059647642329113
1274 0.0014059647642329113
1275 0.0009140558528542028
1276 0.0009140558528542028
1277 0.0009140558528542028
1278 0.0009140558528542028
1279 0.0014059647642329113
1280 0.0014059647642329113
1281 0.0009140558528542028
1282 0.0009140558528542028
1283 0.0009140558528542028
1284 0.0009140558528542028
1285 0.0014059647642329113
1286 0.0014059647642329113
1287 0.0009140558528542028
1288 0.0009140558528542028
1289 0.0009140558528542028
1290 0.0009140558528542028
1291 0.0014059647642329113
1292 0.0009140558528542028
1293 0.0009140558528542028
1294 0.0009140558528542028
1295 0.0009140558528542028
1296 0.0014059647642329113
1297 0.0014059647642329113
1298 0.0009140558528542028
1299 0.0009140558528542028
1300 0.0009140558528542028
1301 0.0009140558528542028
1302 0.0014059647642329113
1303 0.0014059647642329113
1304 0.0009140558528542028
1305 0.0009140558528542028
1306 0.0009140558528542028
1307 0.0009140558528542028
1308 0.0014059647642329113
1309 0.0014059647642329113
1310 0.0009140558528542028
1311 0.0009140558528542028
1312 0.0009140558528542028
1313 0.0009140558528542028
1314 0.0014059647642329113
1315 0.0014059647642329113
1316 0.0009140558528542028
1317 0.0009140558528542028
1318 0.0009140558528542028
1319 0.0009140558528542028
1320 0.0014059647642329113
1321 0.0014059647642329113
1322 0.0009140558528542028
1323 0.0009140558528542028
1324 0.0009140558528542028
1325 0.0009140558528542028
1326 0.0014059647642329113
1327 0.0014059647642329113
1328 0.0009140558528542028
1329 0.0009140558528542028
1330 0.0009140558528542028
1331 0.0009140558528542028
1332 0.0014059647642329113
1333 0.0014059647642329113
1334 0.0009140558528542028
1335 0.0009140558528542028
1336 0.0009140558528542028
1337 0.0009140558528542028
1338 0.0014059647642329113
1339 0.0014059647642329113
1340 0.0009140558528542028
1341 0.0009140558528542028
1342 0.0009140558528542028
1343 0.0009140558528542028
1344 0.0014059647642329113
1345 0.0014059647642329113
1346 0.0009140558528542028
1347 0.0009140558528542028
1348 0.0009140558528542028
1349 0.0009140558528542028
1350 0.0014059647642329113
1351 0.0014059647642329113
1352 0.0009140558528542028
1353 0.0009140558528542028
1354 0.0009140558528542028
1355 0.0009140558528542028
1356 0.0014059647642329113
1357 0.0014059647642329113
1358 0.0009140558528542028
1359 0.0009140558528542028
1360 0.0009140558528542028
1361 0.0009140558528542028
1362 0.0014059647642329113
1363 0.0009140558528542028
1364 0.0009140558528542028
1365 0.0009140558528542028
1366 0.0009140558528542028
1367 0.0014059647642329113
1368 0.0014059647642329113
1369 0.0009140558528542028
1370 0.0009140558528542028
1371 0.0009140558528542028
1372 0.0009140558528542028
1373 0.0014059647642329113
1374 0.0014059647642329113
1375 0.0009140558528542028
1376 0.0009140558528542028
1377 0.0009140558528542028
1378 0.0009140558528542028
1379 0.0014059647642329113
1380 0.0014059647642329113
1381 0.0009140558528542028
1382 0.0009140558528542028
1383 0.0009140558528542028
1384 0.0009140558528542028
1385 0.0014059647642329113
1386 0.0014059647642329113
1387 0.0009140558528542028
1388 0.0009140558528542028
1389 0.0009140558528542028
1390 0.0009140558528542028
1391 0.0014059647642329113
1392 0.0014059647642329113
1393 0.0009140558528542028
1394 0.0009140558528542028
1395 0.0009140558528542028
1396 0.0009140558528542028
1397 0.0014059647642329113
1398 0.0014059647642329113
1399 0.0009140558528542028
1400 0.0009140558528542028
1401 0.0009140558528542028
1402 0.0009140558528542028
1403 0.0014059647642329113
1404 0.0014059647642329113
1405 0.0009140558528542028
1406 0.0009140558528542028
1407 0.0009140558528542028
1408 0.0009140558528542028
1409 0.0014059647642329113
1410 0.0014059647642329113
1411 0.0009140558528542028
1412 0.0009140558528542028
1413 0.0009140558528542028
1414 0.0009140558528542028
1415 0.0014059647642329113
1416 0.0014059647642329113
1417 0.0009140558528542028
1418 0.0009140558528542028
1419 0.0009140558528542028
1420 0.0009140558528542028
1421 0.0014059647642329113
1422 0.0014059647642329113
1423 0.0009140558528542028
1424 0.0009140558528542028
1425 0.0009140558528542028
1426 0.0009140558528542028
1427 0.0014059647642329113
1428 0.0014059647642329113
1429 0.0009140558528542028
1430 0.0009140558528542028
1431 0.0009140558528542028
1432 0.0009140558528542028
1433 0.0014059647642329113
1434 0.0009140558528542028
1435 0.0009140558528542028
1436 0.0009140558528542028
1437 0.0009140558528542028
1438 0.0014059647642329113
1439 0.0014059647642329113
1440 0.0009140558528542028
1441 0.0009140558528542028
1442 0.0009140558528542028
1443 0.0009140558528542028
1444 0.0014059647642329113
1445 0.0014059647642329113
1446 0.0009140558528542028
1447 0.0009140558528542028
1448 0.0009140558528542028
1449 0.0009140558528542028
1450 0.0014059647642329113
1451 0.0014059647642329113
1452 0.0009140558528542028
1453 0.0009140558528542028
1454 0.0009140558528542028
1455 0.0009140558528542028
1456 0.0014059647642329113
1457 0.0014059647642329113
1458 0.0009140558528542028
1459 0.0009140558528542028
1460 0.0009140558528542028
1461 0.0009140558528542028
1462 0.0014059647642329113
1463 0.0014059647642329113
1464 0.0009140558528542028
1465 0.0009140558528542028
1466 0.0009140558528542028
1467 0.0009140558528542028
1468 0.0014059647642329113
1469 0.0014059647642329113
1470 0.0009140558528542028
1471 0.0009140558528542028
1472 0.0009140558528542028
1473 0.0009140558528542028
1474 0.0014059647642329113
1475 0.0014059647642329113
1476 0.0009140558528542028
1477 0.0009140558528542028
1478 0.0009140558528542028
1479 0.0009140558528542028
1480 0.0014059647642329113
1481 0.0014059647642329113
1482 0.0009140558528542028
1483 0.0009140558528542028
1484 0.0009140558528542028
1485 0.0009140558528542028
1486 0.0014059647642329113
1487 0.0014059647642329113
1488 0.0009140558528542028
1489 0.0009140558528542028
1490 0.0009140558528542028
1491 0.0009140558528542028
1492 0.0014059647642329113
1493 0.0014059647642329113
1494 0.0009140558528542028
1495 0.0009140558528542028
1496 0.0009140558528542028
1497 0.0009140558528542028
1498 0.0014059647642329113
1499 0.0014059647642329113
1500 0.0009140558528542028
1501 0.0009140558528542028
1502 0.0009140558528542028
1503 0.0009140558528542028
1504 0.0014059647642329113
1505 0.0009140558528542028
1506 0.0009140558528542028
1507 0.0009140558528542028
1508 0.0009140558528542028
1509 0.0014059647642329113
1510 0.0014059647642329113
1511 0.0009140558528542028
1512 0.0009140558528542028
1513 0.0009140558528542028
1514 0.0009140558528542028
1515 0.0014059647642329113
1516 0.0014059647642329113
1517 0.0009140558528542028
1518 0.0009140558528542028
1519 0.0009140558528542028
1520 0.0009140558528542028
1521 0.0014059647642329113
1522 0.0014059647642329113
1523 0.0009140558528542028
1524 0.0009140558528542028
1525 0.0009140558528542028
1526 0.0009140558528542028
1527 0.0014059647642329113
1528 0.0014059647642329113
1529 0.0009140558528542028
1530 0.0009140558528542028
1531 0.0009140558528542028
1532 0.0009140558528542028
1533 0.0014059647642329113
1534 0.0014059647642329113
1535 0.0009140558528542028
1536 0.0009140558528542028
1537 0.0009140558528542028
1538 0.0009140558528542028
1539 0.0014059647642329113
1540 0.0014059647642329113
1541 0.0009140558528542028
1542 0.0009140558528542028
1543 0.0009140558528542028
1544 0.0009140558528542028
1545 0.0014059647642329113
1546 0.0014059647642329113
1547 0.0009140558528542028
1548 0.0009140558528542028
1549 0.0009140558528542028
1550 0.0009140558528542028
1551 0.0014059647642329113
1552 0.0014059647642329113
1553 0.0009140558528542028
1554 0.0009140558528542028
1555 0.0009140558528542028
1556 0.0009140558528542028
1557 0.0014059647642329113
1558 0.0014059647642329113
1559 0.0009140558528542028
1560 0.0009140558528542028
1561 0.0009140558528542028
1562 0.0009140558528542028
1563 0.0014059647642329113
1564 0.0014059647642329113
1565 0.0009140558528542028
1566 0.0009140558528542028
1567 0.0009140558528542028
1568 0.0009140558528542028
1569 0.0014059647642329113
1570 0.0014059647642329113
1571 0.0009140558528542028
1572 0.0009140558528542028
1573 0.0009140558528542028
1574 0.0009140558528542028
1575 0.0014059647642329113
1576 0.0009140558528542028
1577 0.0009140558528542028
1578 0.0009140558528542028
1579 0.0009140558528542028
1580 0.0014059647642329113
1581 0.0014059647642329113
1582 0.0009140558528542028
1583 0.0009140558528542028
1584 0.0009140558528542028
1585 0.0009140558528542028
1586 0.0014059647642329113
1587 0.0014059647642329113
1588 0.0009140558528542028
1589 0.0009140558528542028
1590 0.0009140558528542028
1591 0.0009140558528542028
1592 0.0014059647642329113
1593 0.0014059647642329113
1594 0.0009140558528542028
1595 0.0009140558528542028
1596 0.0009140558528542028
1597 0.0009140558528542028
1598 0.0014059647642329113
1599 0.0014059647642329113
1600 0.0009140558528542028
1601 0.0009140558528542028
1602 0.0009140558528542028
1603 0.0009140558528542028
1604 0.0014059647642329113
1605 0.0014059647642329113
1606 0.0009140558528542028
1607 0.0009140558528542028
1608 0.0009140558528542028
1609 0.0009140558528542028
1610 0.0014059647642329113
1611 0.0014059647642329113
1612 0.0009140558528542028
1613 0.0009140558528542028
1614 0.0009140558528542028
1615 0.0009140558528542028
1616 0.0014059647642329113
1617 0.0014059647642329113
1618 0.0009140558528542028
1619 0.0009140558528542028
1620 0.0009140558528542028
1621 0.0009140558528542028
1622 0.0014059647642329113
1623 0.0014059647642329113
1624 0.0009140558528542028
1625 0.0009140558528542028
1626 0.0009140558528542028
1627 0.0009140558528542028
1628 0.0014059647642329113
1629 0.0014059647642329113
1630 0.0009140558528542028
1631 0.0009140558528542028
1632 0.0009140558528542028
1633 0.0009140558528542028
1634 0.0014059647642329113
1635 0.0014059647642329113
1636 0.0009140558528542028
1637 0.0009140558528542028
1638 0.0009140558528542028
1639 0.0009140558528542028
1640 0.0014059647642329113
1641 0.0014059647642329113
1642 0.0009140558528542028
1643 0.0009140558528542028
1644 0.0009140558528542028
1645 0.0009140558528542028
1646 0.0014059647642329113
1647 0.0009140558528542028
1648 0.0009140558528542028
1649 0.0009140558528542028
1650 0.0009140558528542028
1651 0.0014059647642329113
1652 0.0014059647642329113
1653 0.0009140558528542028
1654 0.0009140558528542028
1655 0.0009140558528542028
1656 0.0009140558528542028
1657 0.0014059647642329113
1658 0.0014059647642329113
1659 0.0009140558528542028
1660 0.0009140558528542028
1661 0.0009140558528542028
1662 0.0009140558528542028
1663 0.0014059647642329113
1664 0.0014059647642329113
1665 0.0009140558528542028
1666 0.0009140558528542028
1667 0.0009140558528542028
1668 0.0009140558528542028
1669 0.0014059647642329113
1670 0.0014059647642329113
1671 0.0009140558528542028
1672 0.0009140558528542028
1673 0.0009140558528542028
1674 0.0009140558528542028
1675 0.0014059647642329113
1676 0.0014059647642329113
1677 0.0009140558528542028
1678 0.0009140558528542028
1679 0.0009140558528542028
1680 0.0009140558528542028
1681 0.0014059647642329113
1682 0.0014059647642329113
1683 0.0009140558528542028
1684 0.0009140558528542028
1685 0.0009140558528542028
1686 0.0009140558528542028
1687 0.0014059647642329113
1688 0.0014059647642329113
1689 0.0009140558528542028
1690 0.0009140558528542028
1691 0.0009140558528542028
1692 0.0009140558528542028
1693 0.0014059647642329113
1694 0.0014059647642329113
1695 0.0009140558528542028
1696 0.0009140558528542028
1697 0.0009140558528542028
1698 0.0009140558528542028
1699 0.0014059647642329113
1700 0.0014059647642329113
1701 0.0009140558528542028
1702 0.0009140558528542028
1703 0.0009140558528542028
1704 0.0009140558528542028
1705 0.0014059647642329113
1706 0.0014059647642329113
1707 0.0009140558528542028
1708 0.0009140558528542028
1709 0.0009140558528542028
1710 0.0009140558528542028
1711 0.0014059647642329113
1712 0.0014059647642329113
1713 0.0009140558528542028
1714 0.0009140558528542028
1715 0.0009140558528542028
1716 0.0009140558528542028
1717 0.0014059647642329113
1718 0.0009140558528542028
1719 0.0009140558528542028
1720 0.0009140558528542028
1721 0.0009140558528542028
1722 0.0014059647642329113
1723 0.0014059647642329113
1724 0.0009140558528542028
1725 0.0009140558528542028
1726 0.0009140558528542028
1727 0.0009140558528542028
1728 0.0014059647642329113
1729 0.0014059647642329113
1730 0.0009140558528542028
1731 0.0009140558528542028
1732 0.0009140558528542028
1733 0.0009140558528542028
1734 0.0014059647642329113
1735 0.0014059647642329113
1736 0.0009140558528542028
1737 0.0009140558528542028
1738 0.0009140558528542028
1739 0.0009140558528542028
1740 0.0014059647642329113
1741 0.0014059647642329113
1742 0.0009140558528542028
1743 0.0009140558528542028
1744 0.0009140558528542028
1745 0.0009140558528542028
1746 0.0014059647642329113
1747 0.0014059647642329113
1748 0.0009140558528542028
1749 0.0009140558528542028
1750 0.0009140558528542028
1751 0.0009140558528542028
1752 0.0014059647642329113
1753 0.0014059647642329113
1754 0.0009140558528542028
1755 0.0009140558528542028
1756 0.0009140558528542028
1757 0.0009140558528542028
1758 0.0014059647642329113
1759 0.0014059647642329113
1760 0.0009140558528542028
1761 0.0009140558528542028
1762 0.0009140558528542028
1763 0.0009140558528542028
1764 0.0014059647642329113
1765 0.0014059647642329113
1766 0.0009140558528542028
1767 0.0009140558528542028
1768 0.0009140558528542028
1769 0.0009140558528542028
1770 0.0014059647642329113
1771 0.0014059647642329113
1772 0.0009140558528542028
1773 0.0009140558528542028
1774 0.0009140558528542028
1775 0.0009140558528542028
1776 0.0014059647642329113
1777 0.0014059647642329113
1778 0.0009140558528542028
1779 0.0009140558528542028
1780 0.0009140558528542028
1781 0.0009140558528542028
1782 0.0014059647642329113
1783 0.0014059647642329113
1784 0.0009140558528542028
1785 0.0009140558528542028
1786 0.0009140558528542028
1787 0.0009140558528542028
1788 0.0014059647642329113
1789 0.0009140558528542028
1790 0.0009140558528542028
1791 0.0009140558528542028
1792 0.0009140558528542028
1793 0.0014059647642329113
1794 0.0014059647642329113
1795 0.0009140558528542028
1796 0.0009140558528542028
1797 0.0009140558528542028
1798 0.0009140558528542028
1799 0.0014059647642329113
1800 0.0014059647642329113
1801 0.0009140558528542028
1802 0.0009140558528542028
1803 0.0009140558528542028
1804 0.0009140558528542028
1805 0.0014059647642329113
1806 0.0014059647642329113
1807 0.0009140558528542028
1808 0.0009140558528542028
1809 0.0009140558528542028
1810 0.0009140558528542028
1811 0.0014059647642329113
1812 0.0014059647642329113
1813 0.0009140558528542028
1814 0.0009140558528542028
1815 0.0009140558528542028
1816 0.0009140558528542028
1817 0.0014059647642329113
1818 0.0014059647642329113
1819 0.0009140558528542028
1820 0.0009140558528542028
1821 0.0009140558528542028
1822 0.0009140558528542028
1823 0.0014059647642329113
1824 0.0014059647642329113
1825 0.0009140558528542028
1826 0.0009140558528542028
1827 0.0009140558528542028
1828 0.0009140558528542028
1829 0.0014059647642329113
1830 0.0014059647642329113
1831 0.0009140558528542028
1832 0.0009140558528542028
1833 0.0009140558528542028
1834 0.0009140558528542028
1835 0.0014059647642329113
1836 0.0014059647642329113
1837 0.0009140558528542028
1838 0.0009140558528542028
1839 0.0009140558528542028
1840 0.0009140558528542028
1841 0.0014059647642329113
1842 0.0014059647642329113
1843 0.0009140558528542028
1844 0.0009140558528542028
1845 0.0009140558528542028
1846 0.0009140558528542028
1847 0.0014059647642329113
1848 0.0014059647642329113
1849 0.0009140558528542028
1850 0.0009140558528542028
1851 0.0009140558528542028
1852 0.0009140558528542028
1853 0.0014059647642329113
1854 0.0014059647642329113
1855 0.0009140558528542028
1856 0.0009140558528542028
1857 0.0009140558528542028
1858 0.0009140558528542028
1859 0.0014059647642329113
1860 0.0009140558528542028
1861 0.0009140558528542028
1862 0.0009140558528542028
1863 0.0009140558528542028
1864 0.0014059647642329113
1865 0.0014059647642329113
1866 0.0009140558528542028
1867 0.0009140558528542028
1868 0.0009140558528542028
1869 0.0009140558528542028
1870 0.0014059647642329113
1871 0.0014059647642329113
1872 0.0009140558528542028
1873 0.0009140558528542028
1874 0.0009140558528542028
1875 0.0009140558528542028
1876 0.0014059647642329113
1877 0.0014059647642329113
1878 0.0009140558528542028
1879 0.0009140558528542028
1880 0.0009140558528542028
1881 0.0009140558528542028
1882 0.0014059647642329113
1883 0.0014059647642329113
1884 0.0009140558528542028
1885 0.0009140558528542028
1886 0.0009140558528542028
1887 0.0009140558528542028
1888 0.0014059647642329113
1889 0.0014059647642329113
1890 0.0009140558528542028
1891 0.0009140558528542028
1892 0.0009140558528542028
1893 0.0009140558528542028
1894 0.0014059647642329113
1895 0.0014059647642329113
1896 0.0009140558528542028
1897 0.0009140558528542028
1898 0.0009140558528542028
1899 0.0009140558528542028
1900 0.0014059647642329113
1901 0.0014059647642329113
1902 0.0009140558528542028
1903 0.0009140558528542028
1904 0.0009140558528542028
1905 0.0009140558528542028
1906 0.0014059647642329113
1907 0.0014059647642329113
1908 0.0009140558528542028
1909 0.0009140558528542028
1910 0.0009140558528542028
1911 0.0009140558528542028
1912 0.0014059647642329113
1913 0.0014059647642329113
1914 0.0009140558528542028
1915 0.0009140558528542028
1916 0.0009140558528542028
1917 0.0009140558528542028
1918 0.0014059647642329113
1919 0.0014059647642329113
1920 0.0009140558528542028
1921 0.0009140558528542028
1922 0.0009140558528542028
1923 0.0009140558528542028
1924 0.0014059647642329113
1925 0.0014059647642329113
1926 0.0009140558528542028
1927 0.0009140558528542028
1928 0.0009140558528542028
1929 0.0009140558528542028
1930 0.0014059647642329113
1931 0.0009140558528542028
1932 0.0009140558528542028
1933 0.0009140558528542028
1934 0.0009140558528542028
1935 0.0014059647642329113
1936 0.0014059647642329113
1937 0.0009140558528542028
1938 0.0009140558528542028
1939 0.0009140558528542028
1940 0.0009140558528542028
1941 0.0014059647642329113
1942 0.0014059647642329113
1943 0.0009140558528542028
1944 0.0009140558528542028
1945 0.0009140558528542028
1946 0.0009140558528542028
1947 0.0014059647642329113
1948 0.0014059647642329113
1949 0.0009140558528542028
1950 0.0009140558528542028
1951 0.0009140558528542028
1952 0.0009140558528542028
1953 0.0014059647642329113
1954 0.0014059647642329113
1955 0.0009140558528542028
1956 0.0009140558528542028
1957 0.0009140558528542028
1958 0.0009140558528542028
1959 0.0014059647642329113
1960 0.0014059647642329113
1961 0.0009140558528542028
1962 0.0009140558528542028
1963 0.0009140558528542028
1964 0.0009140558528542028
1965 0.0014059647642329113
1966 0.0014059647642329113
1967 0.0009140558528542028
1968 0.0009140558528542028
1969 0.0009140558528542028
1970 0.0009140558528542028
1971 0.0014059647642329113
1972 0.0014059647642329113
1973 0.0009140558528542028
1974 0.0009140558528542028
1975 0.0009140558528542028
1976 0.0009140558528542028
1977 0.0014059647642329113
1978 0.0014059647642329113
1979 0.0009140558528542028
1980 0.0009140558528542028
1981 0.0009140558528542028
1982 0.0009140558528542028
1983 0.0014059647642329113
1984 0.0014059647642329113
1985 0.0009140558528542028
1986 0.0009140558528542028
1987 0.0009140558528542028
1988 0.0009140558528542028
1989 0.0014059647642329113
1990 0.0014059647642329113
1991 0.0009140558528542028
1992 0.0009140558528542028
1993 0.0009140558528542028
1994 0.0009140558528542028
1995 0.0014059647642329113
1996 0.0014059647642329113
1997 0.0009140558528542028
1998 0.0009140558528542028
1999 0.0009140558528542028
2000 0.0009140558528542028
2001 0.0014059647642329113
2002 0.0009140558528542028
2003 0.0009140558528542028
2004 0.0009140558528542028
2005 0.0009140558528542028
2006 0.0014059647642329113
2007 0.0014059647642329113
2008 0.0009140558528542028
2009 0.0009140558528542028
2010 0.0009140558528542028
2011 0.0009140558528542028
2012 0.0014059647642329113
2013 0.0014059647642329113
2014 0.0009140558528542028
2015 0.0009140558528542028
2016 0.0009140558528542028
2017 0.0009140558528542028
2018 0.0014059647642329113
2019 0.0014059647642329113
2020 0.0009140558528542028
2021 0.0009140558528542028
2022 0.0009140558528542028
2023 0.0009140558528542028
2024 0.0014059647642329113
2025 0.0014059647642329113
2026 0.0009140558528542028
2027 0.0009140558528542028
2028 0.0009140558528542028
2029 0.0009140558528542028
2030 0.0014059647642329113
2031 0.0014059647642329113
2032 0.0009140558528542028
2033 0.0009140558528542028
2034 0.0009140558528542028
2035 0.0009140558528542028
2036 0.0014059647642329113
2037 0.0014059647642329113
2038 0.0009140558528542028
2039 0.0009140558528542028
2040 0.0009140558528542028
2041 0.0009140558528542028
2042 0.0014059647642329113
2043 0.0014059647642329113
2044 0.0009140558528542028
2045 0.0009140558528542028
2046 0.0009140558528542028
2047 0.0009140558528542028
2048 0.0014059647642329113
2049 0.0014059647642329113
2050 0.0009140558528542028
2051 0.0009140558528542028
2052 0.0009140558528542028
2053 0.0009140558528542028
2054 0.0014059647642329113
2055 0.0014059647642329113
2056 0.0009140558528542028
2057 0.0009140558528542028
2058 0.0009140558528542028
2059 0.0009140558528542028
2060 0.0014059647642329113
2061 0.0014059647642329113
2062 0.0009140558528542028
2063 0.0009140558528542028
2064 0.0009140558528542028
2065 0.0009140558528542028
2066 0.0014059647642329113
2067 0.0014059647642329113
2068 0.0009140558528542028
2069 0.0009140558528542028
2070 0.0009140558528542028
2071 0.0009140558528542028
2072 0.0014059647642329113
2073 0.0009140558528542028
2074 0.0009140558528542028
2075 0.0009140558528542028
2076 0.0009140558528542028
2077 0.0014059647642329113
2078 0.0014059647642329113
2079 0.0009140558528542028
2080 0.0009140558528542028
2081 0.0009140558528542028
2082 0.0009140558528542028
2083 0.0014059647642329113
2084 0.0014059647642329113
2085 0.0009140558528542028
2086 0.0009140558528542028
2087 0.0009140558528542028
2088 0.0009140558528542028
2089 0.0014059647642329113
2090 0.0014059647642329113
2091 0.0009140558528542028
2092 0.0009140558528542028
2093 0.0009140558528542028
2094 0.0009140558528542028
2095 0.0014059647642329113
2096 0.0014059647642329113
2097 0.0009140558528542028
2098 0.0009140558528542028
2099 0.0009140558528542028
2100 0.0009140558528542028
2101 0.0014059647642329113
2102 0.0014059647642329113
2103 0.0009140558528542028
2104 0.0009140558528542028
2105 0.0009140558528542028
2106 0.0009140558528542028
2107 0.0014059647642329113
2108 0.0014059647642329113
2109 0.0009140558528542028
2110 0.0009140558528542028
2111 0.0009140558528542028
2112 0.0009140558528542028
2113 0.0014059647642329113
2114 0.0014059647642329113
2115 0.0009140558528542028
2116 0.0009140558528542028
2117 0.0009140558528542028
2118 0.0009140558528542028
2119 0.0014059647642329113
2120 0.0014059647642329113
2121 0.0009140558528542028
2122 0.0009140558528542028
2123 0.0009140558528542028
2124 0.0009140558528542028
2125 0.0014059647642329113
2126 0.0014059647642329113
2127 0.0009140558528542028
2128 0.0009140558528542028
2129 0.0009140558528542028
2130 0.0009140558528542028
2131 0.0014059647642329113
2132 0.0014059647642329113
2133 0.0009140558528542028
2134 0.0009140558528542028
2135 0.0009140558528542028
2136 0.0009140558528542028
2137 0.0014059647642329113
2138 0.0014059647642329113
2139 0.0009140558528542028
2140 0.0009140558528542028
2141 0.0009140558528542028
2142 0.0009140558528542028
2143 0.0014059647642329113
2144 0.0009140558528542028
2145 0.0009140558528542028
2146 0.0009140558528542028
2147 0.0009140558528542028
2148 0.0014059647642329113
2149 0.0014059647642329113
2150 0.0009140558528542028
2151 0.0009140558528542028
2152 0.0009140558528542028
2153 0.0009140558528542028
2154 0.0014059647642329113
2155 0.0014059647642329113
2156 0.0009140558528542028
2157 0.0009140558528542028
2158 0.0009140558528542028
2159 0.0009140558528542028
2160 0.0014059647642329113
2161 0.0014059647642329113
2162 0.0009140558528542028
2163 0.0009140558528542028
2164 0.0009140558528542028
2165 0.0009140558528542028
2166 0.0014059647642329113
2167 0.0014059647642329113
2168 0.0009140558528542028
2169 0.0009140558528542028
2170 0.0009140558528542028
2171 0.0009140558528542028
2172 0.0014059647642329113
2173 0.0014059647642329113
2174 0.0009140558528542028
2175 0.0009140558528542028
2176 0.0009140558528542028
2177 0.0009140558528542028
2178 0.0014059647642329113
2179 0.0014059647642329113
2180 0.0009140558528542028
2181 0.0009140558528542028
2182 0.0009140558528542028
2183 0.0009140558528542028
2184 0.0014059647642329113
2185 0.0014059647642329113
2186 0.0009140558528542028
2187 0.0009140558528542028
2188 0.0009140558528542028
2189 0.0009140558528542028
2190 0.0014059647642329113
2191 0.0014059647642329113
2192 0.0009140558528542028
2193 0.0009140558528542028
2194 0.0009140558528542028
2195 0.0009140558528542028
2196 0.0014059647642329113
2197 0.0014059647642329113
2198 0.0009140558528542028
2199 0.0009140558528542028
2200 0.0009140558528542028
2201 0.0009140558528542028
2202 0.0014059647642329113
2203 0.0014059647642329113
2204 0.0009140558528542028
2205 0.0009140558528542028
2206 0.0009140558528542028
2207 0.0009140558528542028
2208 0.0014059647642329113
2209 0.0014059647642329113
2210 0.0009140558528542028
2211 0.0009140558528542028
2212 0.0009140558528542028
2213 0.0009140558528542028
2214 0.0014059647642329113
2215 0.0009140558528542028
2216 0.0009140558528542028
2217 0.0009140558528542028
2218 0.0009140558528542028
2219 0.0014059647642329113
2220 0.0014059647642329113
2221 0.0009140558528542028
2222 0.0009140558528542028
2223 0.0009140558528542028
2224 0.0009140558528542028
2225 0.0014059647642329113
2226 0.0014059647642329113
2227 0.0009140558528542028
2228 0.0009140558528542028
2229 0.0009140558528542028
2230 0.0009140558528542028
2231 0.0014059647642329113
2232 0.0014059647642329113
2233 0.0009140558528542028
2234 0.0009140558528542028
2235 0.0009140558528542028
2236 0.0009140558528542028
2237 0.0014059647642329113
2238 0.0014059647642329113
2239 0.0009140558528542028
2240 0.0009140558528542028
2241 0.0009140558528542028
2242 0.0009140558528542028
2243 0.0014059647642329113
2244 0.0014059647642329113
2245 0.0009140558528542028
2246 0.0009140558528542028
2247 0.0009140558528542028
2248 0.0009140558528542028
2249 0.0014059647642329113
2250 0.0014059647642329113
2251 0.0009140558528542028
2252 0.0009140558528542028
2253 0.0009140558528542028
2254 0.0009140558528542028
2255 0.0014059647642329113
2256 0.0014059647642329113
2257 0.0009140558528542028
2258 0.0009140558528542028
2259 0.0009140558528542028
2260 0.0009140558528542028
2261 0.0014059647642329113
2262 0.0014059647642329113
2263 0.0009140558528542028
2264 0.0009140558528542028
2265 0.0009140558528542028
2266 0.0009140558528542028
2267 0.0014059647642329113
2268 0.0014059647642329113
2269 0.0009140558528542028
2270 0.0009140558528542028
2271 0.0009140558528542028
2272 0.0009140558528542028
2273 0.0014059647642329113
2274 0.0014059647642329113
2275 0.0009140558528542028
2276 0.0009140558528542028
2277 0.0009140558528542028
2278 0.0009140558528542028
2279 0.0014059647642329113
2280 0.0014059647642329113
2281 0.0009140558528542028
2282 0.0009140558528542028
2283 0.0009140558528542028
2284 0.0009140558528542028
2285 0.0014059647642329113
2286 0.0009140558528542028
2287 0.0009140558528542028
2288 0.0009140558528542028
2289 0.0009140558528542028
2290 0.0014059647642329113
2291 0.0014059647642329113
2292 0.0009140558528542028
2293 0.0009140558528542028
2294 0.0009140558528542028
2295 0.0009140558528542028
2296 0.0014059647642329113
2297 0.0014059647642329113
2298 0.0009140558528542028
2299 0.0009140558528542028
2300 0.0009140558528542028
2301 0.0009140558528542028
2302 0.0014059647642329113
2303 0.0014059647642329113
2304 0.0009140558528542028
2305 0.0009140558528542028
2306 0.0009140558528542028
2307 0.0009140558528542028
2308 0.0014059647642329113
2309 0.0014059647642329113
2310 0.0009140558528542028
2311 0.0009140558528542028
2312 0.0009140558528542028
2313 0.0009140558528542028
2314 0.0014059647642329113
2315 0.0014059647642329113
2316 0.0009140558528542028
2317 0.0009140558528542028
2318 0.0009140558528542028
2319 0.0009140558528542028
2320 0.0014059647642329113
2321 0.0014059647642329113
2322 0.0009140558528542028
2323 0.0009140558528542028
2324 0.0009140558528542028
2325 0.0009140558528542028
2326 0.0014059647642329113
2327 0.0014059647642329113
2328 0.0009140558528542028
2329 0.0009140558528542028
2330 0.0009140558528542028
2331 0.0009140558528542028
2332 0.0014059647642329113
2333 0.0014059647642329113
2334 0.0009140558528542028
2335 0.0009140558528542028
2336 0.0009140558528542028
2337 0.0009140558528542028
2338 0.0014059647642329113
2339 0.0014059647642329113
2340 0.0009140558528542028
2341 0.0009140558528542028
2342 0.0009140558528542028
2343 0.0009140558528542028
2344 0.0014059647642329113
2345 0.0014059647642329113
2346 0.0009140558528542028
2347 0.0009140558528542028
2348 0.0009140558528542028
2349 0.0009140558528542028
2350 0.0014059647642329113
2351 0.0014059647642329113
2352 0.0009140558528542028
2353 0.0009140558528542028
2354 0.0009140558528542028
2355 0.0009140558528542028
2356 0.0014059647642329113
2357 0.0009140558528542028
2358 0.0009140558528542028
2359 0.0009140558528542028
2360 0.0009140558528542028
2361 0.0014059647642329113
2362 0.0014059647642329113
2363 0.0009140558528542028
2364 0.0009140558528542028
2365 0.0009140558528542028
2366 0.0009140558528542028
2367 0.0014059647642329113
2368 0.0014059647642329113
2369 0.0009140558528542028
2370 0.0009140558528542028
2371 0.0009140558528542028
2372 0.0009140558528542028
2373 0.0014059647642329113
2374 0.0014059647642329113
2375 0.0009140558528542028
2376 0.0009140558528542028
2377 0.0009140558528542028
2378 0.0009140558528542028
2379 0.0014059647642329113
2380 0.0014059647642329113
2381 0.0009140558528542028
2382 0.0009140558528542028
2383 0.0009140558528542028
2384 0.0009140558528542028
2385 0.0014059647642329113
2386 0.0014059647642329113
2387 0.0009140558528542028
2388 0.0009140558528542028
2389 0.0009140558528542028
2390 0.0009140558528542028
2391 0.0014059647642329113
2392 0.0014059647642329113
2393 0.0009140558528542028
2394 0.0009140558528542028
2395 0.0009140558528542028
2396 0.0009140558528542028
2397 0.0014059647642329113
2398 0.0014059647642329113
2399 0.0009140558528542028
2400 0.0009140558528542028
2401 0.0009140558528542028
2402 0.0009140558528542028
2403 0.0014059647642329113
2404 0.0014059647642329113
2405 0.0009140558528542028
2406 0.0009140558528542028
2407 0.0009140558528542028
2408 0.0009140558528542028
2409 0.0014059647642329113
2410 0.0014059647642329113
2411 0.0009140558528542028
2412 0.0009140558528542028
2413 0.0009140558528542028
2414 0.0009140558528542028
2415 0.0014059647642329113
2416 0.0014059647642329113
2417 0.0009140558528542028
2418 0.0009140558528542028
2419 0.0009140558528542028
2420 0.0009140558528542028
2421 0.0014059647642329113
2422 0.0014059647642329113
2423 0.0009140558528542028
2424 0.0009140558528542028
2425 0.0009140558528542028
2426 0.0009140558528542028
2427 0.0014059647642329113
2428 0.0009140558528542028
2429 0.0009140558528542028
2430 0.0009140558528542028
2431 0.0009140558528542028
2432 0.0014059647642329113
2433 0.0014059647642329113
2434 0.0009140558528542028
2435 0.0009140558528542028
2436 0.0009140558528542028
2437 0.0009140558528542028
2438 0.0014059647642329113
2439 0.0014059647642329113
2440 0.0009140558528542028
2441 0.0009140558528542028
2442 0.0009140558528542028
2443 0.0009140558528542028
2444 0.0014059647642329113
2445 0.0014059647642329113
2446 0.0009140558528542028
2447 0.0009140558528542028
2448 0.0009140558528542028
2449 0.0009140558528542028
2450 0.0014059647642329113
2451 0.0014059647642329113
2452 0.0009140558528542028
2453 0.0009140558528542028
2454 0.0009140558528542028
2455 0.0009140558528542028
2456 0.0014059647642329113
2457 0.0014059647642329113
2458 0.0009140558528542028
2459 0.0009140558528542028
2460 0.0009140558528542028
2461 0.0009140558528542028
2462 0.0014059647642329113
2463 0.0014059647642329113
2464 0.0009140558528542028
2465 0.0009140558528542028
2466 0.0009140558528542028
2467 0.0009140558528542028
2468 0.0014059647642329113
2469 0.0014059647642329113
2470 0.0009140558528542028
2471 0.0009140558528542028
2472 0.0009140558528542028
2473 0.0009140558528542028
2474 0.0014059647642329113
2475 0.0014059647642329113
2476 0.0009140558528542028
2477 0.0009140558528542028
2478 0.0009140558528542028
2479 0.0009140558528542028
2480 0.0014059647642329113
2481 0.0014059647642329113
2482 0.0009140558528542028
2483 0.0009140558528542028
2484 0.0009140558528542028
2485 0.0009140558528542028
2486 0.0014059647642329113
2487 0.0014059647642329113
2488 0.0009140558528542028
2489 0.0009140558528542028
2490 0.0009140558528542028
2491 0.0009140558528542028
2492 0.0014059647642329113
2493 0.0014059647642329113
2494 0.0009140558528542028
2495 0.0009140558528542028
2496 0.0009140558528542028
2497 0.0009140558528542028
2498 0.0014059647642329113
2499 0.0009140558528542028
2500 0.0009140558528542028
2501 0.0009140558528542028
2502 0.0009140558528542028
2503 0.0014059647642329113
2504 0.0014059647642329113
2505 0.0009140558528542028
2506 0.0009140558528542028
2507 0.0009140558528542028
2508 0.0009140558528542028
2509 0.0014059647642329113
2510 0.0014059647642329113
2511 0.0009140558528542028
2512 0.0009140558528542028
2513 0.0009140558528542028
2514 0.0009140558528542028
2515 0.0014059647642329113
2516 0.0014059647642329113
2517 0.0009140558528542028
2518 0.0009140558528542028
2519 0.0009140558528542028
2520 0.0009140558528542028
2521 0.0014059647642329113
2522 0.0014059647642329113
2523 0.0009140558528542028
2524 0.0009140558528542028
2525 0.0009140558528542028
2526 0.0009140558528542028
2527 0.0014059647642329113
2528 0.0014059647642329113
2529 0.0009140558528542028
2530 0.0009140558528542028
2531 0.0009140558528542028
2532 0.0009140558528542028
2533 0.0014059647642329113
2534 0.0014059647642329113
2535 0.0009140558528542028
2536 0.0009140558528542028
2537 0.0009140558528542028
2538 0.0009140558528542028
2539 0.0014059647642329113
2540 0.0014059647642329113
2541 0.0009140558528542028
2542 0.0009140558528542028
2543 0.0009140558528542028
2544 0.0009140558528542028
2545 0.0014059647642329113
2546 0.0014059647642329113
2547 0.0009140558528542028
2548 0.0009140558528542028
2549 0.0009140558528542028
2550 0.0009140558528542028
2551 0.0014059647642329113
2552 0.0014059647642329113
2553 0.0009140558528542028
2554 0.0009140558528542028
2555 0.0009140558528542028
2556 0.0009140558528542028
2557 0.0014059647642329113
2558 0.0014059647642329113
2559 0.0009140558528542028
2560 0.0009140558528542028
2561 0.0009140558528542028
2562 0.0009140558528542028
2563 0.0014059647642329113
2564 0.0014059647642329113
2565 0.0009140558528542028
2566 0.0009140558528542028
2567 0.0009140558528542028
2568 0.0009140558528542028
2569 0.0014059647642329113
2570 0.0009140558528542028
2571 0.0009140558528542028
2572 0.0009140558528542028
2573 0.0009140558528542028
2574 0.0014059647642329113
2575 0.0014059647642329113
2576 0.0009140558528542028
2577 0.0009140558528542028
2578 0.0009140558528542028
2579 0.0009140558528542028
2580 0.0014059647642329113
2581 0.0014059647642329113
2582 0.0009140558528542028
2583 0.0009140558528542028
2584 0.0009140558528542028
2585 0.0009140558528542028
2586 0.0014059647642329113
2587 0.0014059647642329113
2588 0.0009140558528542028
2589 0.0009140558528542028
2590 0.0009140558528542028
2591 0.0009140558528542028
2592 0.0014059647642329113
2593 0.0014059647642329113
2594 0.0009140558528542028
2595 0.0009140558528542028
2596 0.0009140558528542028
2597 0.0009140558528542028
2598 0.0014059647642329113
2599 0.0014059647642329113
2600 0.0009140558528542028
2601 0.0009140558528542028
2602 0.0009140558528542028
2603 0.0009140558528542028
2604 0.0014059647642329113
2605 0.0014059647642329113
2606 0.0009140558528542028
2607 0.0009140558528542028
2608 0.0009140558528542028
2609 0.0009140558528542028
2610 0.0014059647642329113
2611 0.0014059647642329113
2612 0.0009140558528542028
2613 0.0009140558528542028
2614 0.0009140558528542028
2615 0.0009140558528542028
2616 0.0014059647642329113
2617 0.0014059647642329113
2618 0.0009140558528542028
2619 0.0009140558528542028
2620 0.0009140558528542028
2621 0.0009140558528542028
2622 0.0014059647642329113
2623 0.0014059647642329113
2624 0.0009140558528542028
2625 0.0009140558528542028
2626 0.0009140558528542028
2627 0.0009140558528542028
2628 0.0014059647642329113
2629 0.0014059647642329113
2630 0.0009140558528542028
2631 0.0009140558528542028
2632 0.0009140558528542028
2633 0.0009140558528542028
2634 0.0014059647642329113
2635 0.0014059647642329113
2636 0.0009140558528542028
2637 0.0009140558528542028
2638 0.0009140558528542028
2639 0.0009140558528542028
2640 0.0014059647642329113
2641 0.0009140558528542028
2642 0.0009140558528542028
2643 0.0009140558528542028
2644 0.0009140558528542028
2645 0.0014059647642329113
2646 0.0014059647642329113
2647 0.0009140558528542028
2648 0.0009140558528542028
2649 0.0009140558528542028
2650 0.0009140558528542028
2651 0.0014059647642329113
2652 0.0014059647642329113
2653 0.0009140558528542028
2654 0.0009140558528542028
2655 0.0009140558528542028
2656 0.0009140558528542028
2657 0.0014059647642329113
2658 0.0014059647642329113
2659 0.0009140558528542028
2660 0.0009140558528542028
2661 0.0009140558528542028
2662 0.0009140558528542028
2663 0.0014059647642329113
2664 0.0014059647642329113
2665 0.0009140558528542028
2666 0.0009140558528542028
2667 0.0009140558528542028
2668 0.0009140558528542028
2669 0.0014059647642329113
2670 0.0014059647642329113
2671 0.0009140558528542028
2672 0.0009140558528542028
2673 0.0009140558528542028
2674 0.0009140558528542028
2675 0.0014059647642329113
2676 0.0014059647642329113
2677 0.0009140558528542028
2678 0.0009140558528542028
2679 0.0009140558528542028
2680 0.0009140558528542028
2681 0.0014059647642329113
2682 0.0014059647642329113
2683 0.0009140558528542028
2684 0.0009140558528542028
2685 0.0009140558528542028
2686 0.0009140558528542028
2687 0.0014059647642329113
2688 0.0014059647642329113
2689 0.0009140558528542028
2690 0.0009140558528542028
2691 0.0009140558528542028
2692 0.0009140558528542028
2693 0.0014059647642329113
2694 0.0014059647642329113
2695 0.0009140558528542028
2696 0.0009140558528542028
2697 0.0009140558528542028
2698 0.0009140558528542028
2699 0.0014059647642329113
2700 0.0014059647642329113
2701 0.0009140558528542028
2702 0.0009140558528542028
2703 0.0009140558528542028
2704 0.0009140558528542028
2705 0.0014059647642329113
2706 0.0014059647642329113
2707 0.0009140558528542028
2708 0.0009140558528542028
2709 0.0009140558528542028
2710 0.0009140558528542028
2711 0.0014059647642329113
2712 0.0009140558528542028
2713 0.0009140558528542028
2714 0.0009140558528542028
2715 0.0009140558528542028
2716 0.0014059647642329113
2717 0.0014059647642329113
2718 0.0009140558528542028
2719 0.0009140558528542028
2720 0.0009140558528542028
2721 0.0009140558528542028
2722 0.0014059647642329113
2723 0.0014059647642329113
2724 0.0009140558528542028
2725 0.0009140558528542028
2726 0.0009140558528542028
2727 0.0009140558528542028
2728 0.0014059647642329113
2729 0.0014059647642329113
2730 0.0009140558528542028
2731 0.0009140558528542028
2732 0.0009140558528542028
2733 0.0009140558528542028
2734 0.0014059647642329113
2735 0.0014059647642329113
2736 0.0009140558528542028
2737 0.0009140558528542028
2738 0.0009140558528542028
2739 0.0009140558528542028
2740 0.0014059647642329113
2741 0.0014059647642329113
2742 0.0009140558528542028
2743 0.0009140558528542028
2744 0.0009140558528542028
2745 0.0009140558528542028
2746 0.0014059647642329113
2747 0.0014059647642329113
2748 0.0009140558528542028
2749 0.0009140558528542028
2750 0.0009140558528542028
2751 0.0009140558528542028
2752 0.0014059647642329113
2753 0.0014059647642329113
2754 0.0009140558528542028
2755 0.0009140558528542028
2756 0.0009140558528542028
2757 0.0009140558528542028
2758 0.0014059647642329113
2759 0.0014059647642329113
2760 0.0009140558528542028
2761 0.0009140558528542028
2762 0.0009140558528542028
2763 0.0009140558528542028
2764 0.0014059647642329113
2765 0.0014059647642329113
2766 0.0009140558528542028
2767 0.0009140558528542028
2768 0.0009140558528542028
2769 0.0009140558528542028
2770 0.0014059647642329113
2771 0.0014059647642329113
2772 0.0009140558528542028
2773 0.0009140558528542028
2774 0.0009140558528542028
2775 0.0009140558528542028
2776 0.0014059647642329113
2777 0.0014059647642329113
2778 0.0009140558528542028
2779 0.0009140558528542028
2780 0.0009140558528542028
2781 0.0009140558528542028
2782 0.0014059647642329113
2783 0.0009140558528542028
2784 0.0009140558528542028
2785 0.0009140558528542028
2786 0.0009140558528542028
2787 0.0014059647642329113
2788 0.0014059647642329113
2789 0.0009140558528542028
2790 0.0009140558528542028
2791 0.0009140558528542028
2792 0.0009140558528542028
2793 0.0014059647642329113
2794 0.0014059647642329113
2795 0.0009140558528542028
2796 0.0009140558528542028
2797 0.0009140558528542028
2798 0.0009140558528542028
2799 0.0014059647642329113
2800 0.0014059647642329113
2801 0.0009140558528542028
2802 0.0009140558528542028
2803 0.0009140558528542028
2804 0.0009140558528542028
2805 0.0014059647642329113
2806 0.0014059647642329113
2807 0.0009140558528542028
2808 0.0009140558528542028
2809 0.0009140558528542028
2810 0.0009140558528542028
2811 0.0014059647642329113
2812 0.0014059647642329113
2813 0.0009140558528542028
2814 0.0009140558528542028
2815 0.0009140558528542028
2816 0.0009140558528542028
2817 0.0014059647642329113
2818 0.0014059647642329113
2819 0.0009140558528542028
2820 0.0009140558528542028
2821 0.0009140558528542028
2822 0.0009140558528542028
2823 0.0014059647642329113
2824 0.0014059647642329113
2825 0.0009140558528542028
2826 0.0009140558528542028
2827 0.0009140558528542028
2828 0.0009140558528542028
2829 0.0014059647642329113
2830 0.0014059647642329113
2831 0.0009140558528542028
2832 0.0009140558528542028
2833 0.0009140558528542028
2834 0.0009140558528542028
2835 0.0014059647642329113
2836 0.0014059647642329113
2837 0.0009140558528542028
2838 0.0009140558528542028
2839 0.0009140558528542028
2840 0.0009140558528542028
2841 0.0014059647642329113
2842 0.0014059647642329113
2843 0.0009140558528542028
2844 0.0009140558528542028
2845 0.0009140558528542028
2846 0.0009140558528542028
2847 0.0014059647642329113
2848 0.0014059647642329113
2849 0.0009140558528542028
2850 0.0009140558528542028
2851 0.0009140558528542028
2852 0.0009140558528542028
2853 0.0014059647642329113
2854 0.0009140558528542028
2855 0.0009140558528542028
2856 0.0009140558528542028
2857 0.0009140558528542028
2858 0.0014059647642329113
2859 0.0009140558528542028
2860 0.0009140558528542028
2861 0.0009140558528542028
2862 0.0009140558528542028
2863 0.0014059647642329113
2864 0.0009140558528542028
2865 0.0009140558528542028
2866 0.0009140558528542028
2867 0.0009140558528542028
2868 0.0014059647642329113
2869 0.0009140558528542028
2870 0.0009140558528542028
2871 0.0009140558528542028
2872 0.0009140558528542028
2873 0.0014059647642329113
2874 0.0009140558528542028
2875 0.0009140558528542028
2876 0.0009140558528542028
2877 0.0009140558528542028
2878 0.0014059647642329113
2879 0.0009140558528542028
2880 0.0009140558528542028
2881 0.0009140558528542028
2882 0.0009140558528542028
2883 0.0014059647642329113
2884 0.0009140558528542028
2885 0.0009140558528542028
2886 0.0009140558528542028
2887 0.0009140558528542028
2888 0.0014059647642329113
2889 0.0009140558528542028
2890 0.0009140558528542028
2891 0.0009140558528542028
2892 0.0009140558528542028
2893 0.0014059647642329113
2894 0.0009140558528542028
2895 0.0009140558528542028
2896 0.0009140558528542028
2897 0.0009140558528542028
2898 0.0014059647642329113
2899 0.0009140558528542028
2900 0.0009140558528542028
2901 0.0009140558528542028
2902 0.0009140558528542028
2903 0.0014059647642329113
2904 0.0009140558528542028
2905 0.0009140558528542028
2906 0.0009140558528542028
2907 0.0009140558528542028
2908 0.0014059647642329113
2909 0.0009140558528542028
2910 0.0009140558528542028
2911 0.0009140558528542028
2912 0.0009140558528542028
2913 0.0009140558528542028
2914 0.0009140558528542028
2915 0.0009140558528542028
2916 0.0009140558528542028
2917 0.004866578591453668
2918 0.006505445863801528
2919 0.004866578591453668
2920 0.006505445863801528
2921 0.004866578591453668
2922 0.006505445863801528
2923 0.004866578591453668
2924 0.006505445863801528
2925 0.004866578591453668
2926 0.006505445863801528
2927 0.004866578591453668
2928 0.006505445863801528
2929 0.004866578591453668
2930 0.006505445863801528
2931 0.004866578591453668
2932 0.006505445863801528
2933 0.004866578591453668
2934 0.006505445863801528
2935 0.004866578591453668
2936 0.006505445863801528
2937 0.004866578591453668
2938 0.006505445863801528
2939 0.004866578591453668
2940 0.006505445863801528
2941 0.004866578591453668
2942 0.006505445863801528
2943 0.004866578591453668
2944 0.006505445863801528
2945 0.004866578591453668
2946 0.006505445863801528
2947 0.004866578591453668
2948 0.006505445863801528
2949 0.004866578591453668
2950 0.006505445863801528
2951 0.004866578591453668
2952 0.006505445863801528
2953 0.004866578591453668
2954 0.006505445863801528
2955 0.004866578591453668
2956 0.006505445863801528
2957 0.004866578591453668
2958 0.006505445863801528
2959 0.004866578591453668
2960 0.006505445863801528
2961 0.004866578591453668
2962 0.006505445863801528
2963 0.004866578591453668
2964 0.006505445863801528
2965 0.004866578591453668
2966 0.006505445863801528
2967 0.004866578591453668
2968 0.006505445863801528
2969 0.004866578591453668
2970 0.006505445863801528
2971 0.004866578591453668
2972 0.006505445863801528
2973 0.004866578591453668
2974 0.006505445863801528
2975 0.004866578591453668
2976 0.006505445863801528
2977 0.004866578591453668
2978 0.006505445863801528
2979 0.004866578591453668
2980 0.006505445863801528
2981 0.004866578591453668
2982 0.006505445863801528
2983 0.004866578591453668
2984 0.006505445863801528
2985 0.004866578591453668
2986 0.006505445863801528
2987 0.004866578591453668
2988 0.006505445863801528
2989 0.004866578591453668
2990 0.006505445863801528
2991 0.004866578591453668
2992 0.006505445863801528
2993 0.004866578591453668
2994 0.006505445863801528
2995 0.004866578591453668
2996 0.006505445863801528
2997 0.004866578591453668
2998 0.006505445863801528
2999 0.004866578591453668
3000 0.006505445863801528
3001 0.004866578591453668
3002 0.006505445863801528
3003 0.004866578591453668
3004 0.006505445863801528
3005 0.004866578591453668
3006 0.006505445863801528
3007 0.004866578591453668
3008 0.006505445863801528
3009 0.004866578591453668
3010 0.006505445863801528
3011 0.004866578591453668
3012 0.006505445863801528
3013 0.004866578591453668
3014 0.006505445863801528
3015 0.004866578591453668
3016 0.006505445863801528
3017 0.004866578591453668
3018 0.006505445863801528
3019 0.004866578591453668
3020 0.006505445863801528
3021 0.004866578591453668
3022 0.006505445863801528
3023 0.004866578591453668
3024 0.006505445863801528
3025 0.004866578591453668
3026 0.006505445863801528
3027 0.004866578591453668
3028 0.006505445863801528
3029 0.004866578591453668
3030 0.006505445863801528
3031 0.004866578591453668
3032 0.006505445863801528
3033 0.004866578591453668
3034 0.006505445863801528
3035 0.004866578591453668
3036 0.006505445863801528
3037 0.004866578591453668
3038 0.006505445863801528
3039 0.004866578591453668
3040 0.006505445863801528
3041 0.004866578591453668
3042 0.006505445863801528
3043 0.004866578591453668
3044 0.006505445863801528
3045 0.004866578591453668
3046 0.006505445863801528
3047 0.004866578591453668
3048 0.006505445863801528
3049 0.004866578591453668
3050 0.006505445863801528
3051 0.004866578591453668
3052 0.006505445863801528
3053 0.004866578591453668
3054 0.006505445863801528
3055 0.004866578591453668
3056 0.006505445863801528
3057 0.004866578591453668
3058 0.006505445863801528
3059 0.004866578591453668
3060 0.006505445863801528
3061 0.004866578591453668
3062 0.006505445863801528
3063 0.004866578591453668
3064 0.006505445863801528
3065 0.004866578591453668
3066 0.006505445863801528
3067 0.004866578591453668
3068 0.006505445863801528
3069 0.004866578591453668
3070 0.006505445863801528
3071 0.004866578591453668
3072 0.006505445863801528
3073 0.004866578591453668
3074 0.006505445863801528
3075 0.004866578591453668
3076 0.006505445863801528
3077 0.004866578591453668
3078 0.006505445863801528
3079 0.004866578591453668
3080 0.006505445863801528
3081 0.004866578591453668
3082 0.006505445863801528
3083 0.004866578591453668
3084 0.006505445863801528
3085 0.004866578591453668
3086 0.006505445863801528
3087 0.004866578591453668
3088 0.006505445863801528
3089 0.004866578591453668
3090 0.006505445863801528
3091 0.004866578591453668
3092 0.006505445863801528
3093 0.004866578591453668
3094 0.006505445863801528
3095 0.004866578591453668
3096 0.006505445863801528
3097 0.004866578591453668
3098 0.006505445863801528
$EndElementData
$ElementData
1
"Attribute:ShearAreaZ"
1
0
3
0
1
3098
1 0.015294117647058823
2 0.015294117647058823
3 0.015294117647058823
4 0.015294117647058823
5 0.015294117647058823
6 0.015294117647058823
7 0.015294117647058823
8 0.015294117647058823
9 0.015294117647058823
10 0.015294117647058823
11 0.015294117647058823
12 0.015294117647058823
13 0.015294117647058823
14 0.015294117647058823
15 0.015294117647058823
16 0.015294117647058823
17 0.015294117647058823
18 0.015294117647058823
19 0.015294117647058823
20 0.015294117647058823
21 0.015294117647058823
22 0.015294117647058823
23 0.015294117647058823
24 0.015294117647058823
25 0.014274509803921568
26 0.014274509803921568
27 0.014274509803921568
28 0.014274509803921568
29 0.014274509803921568
30 0.014274509803921568
31 0.014274509803921568
32 0.014274509803921568
33 0.014274509803921568
34 0.014274509803921568
35 0.014274509803921568
36 0.014274509803921568
37 0.014274509803921568
38 0.014274509803921568
39 0.014274509803921568
40 0.014274509803921568
41 0.014274509803921568
42 0.014274509803921568
43 0.014274509803921568
44 0.014274509803921568
45 0.014274509803921568
46 0.014274509803921568
47 0.014274509803921568
48 0.014274509803921568
49 0.015294117647058823
50 0.015294117647058823
51 0.015294117647058823
52 0.015294117647058823
53 0.015294117647058823
54 0.015294117647058823
55 0.015294117647058823
56 0.015294117647058823
57 0.015294117647058823
58 0.015294117647058823
59 0.015294117647058823
60 0.015294117647058823
61 0.015294117647058823
62 0.015294117647058823
63 0.015294117647058823
64 0.015294117647058823
65 0.015294117647058823
66 0.015294117647058823
67 0.015294117647058823
68 0.015294117647058823
69 0.015294117647058823
70 0.015294117647058823
71 0.015294117647058823
72 0.015294117647058823
73 0.014274509803921568
74 0.014274509803921568
75 0.014274509803921568
76 0.014274509803921568
77 0.014274509803921568
78 0.014274509803921568
79 0.014274509803921568
80 0.014274509803921568
81 0.014274509803921568
82 0.014274509803921568
83 0.014274509803921568
84 0.014274509803921568
85 0.014274509803921568
86 0.014274509803921568
87 0.014274509803921568
88 0.014274509803921568
89 0.014274509803921568
90 0.014274509803921568
91 0.014274509803921568
92 0.014274509803921568
93 0.014274509803921568
94 0.014274509803921568
95 0.014274509803921568
96 0.014274509803921568
97 0.015294117647058823
98 0.015294117647058823
99 0.015294117647058823
100 0.015294117647058823
101 0.015294117647058823
102 0.015294117647058823
103 0.015294117647058823
104 0.015294117647058823
105 0.015294117647058823
106 0.015294117647058823
107 0.015294117647058823
108 0.015294117647058823
109 0.015294117647058823
110 0.015294117647058823
111 0.015294117647058823
112 0.015294117647058823
113 0.015294117647058823
114 0.015294117647058823
115 0.015294117647058823
116 0.015294117647058823
117 0.015294117647058823
118 0.015294117647058823
119 0.015294117647058823
120 0.015294117647058823
121 0.014274509803921568
122 0.014274509803921568
123 0.014274509803921568
124 0.014274509803921568
125 0.014274509803921568
126 0.014274509803921568
127 0.014274509803921568
128 0.014274509803921568
129 0.014274509803921568
130 0.014274509803921568
131 0.014274509803921568
132 0.014274509803921568
133 0.014274509803921568
134 0.014274509803921568
135 0.014274509803921568
136 0.014274509803921568
137 0.014274509803921568
138 0.014274509803921568
139 0.014274509803921568
140 0.014274509803921568
141 0.014274509803921568
142 0.014274509803921568
143 0.014274509803921568
144 0.014274509803921568
145 0.015294117647058823
146 0.015294117647058823
147 0.015294117647058823
148 0.015294117647058823
149 0.015294117647058823
150 0.015294117647058823
151 0.015294117647058823
152 0.015294117647058823
153 0.015294117647058823
154 0.015294117647058823
155 0.015294117647058823
156 0.015294117647058823
157 0.015294117647058823
158 0.015294117647058823
159 0.015294117647058823
160 0.015294117647058823
161 0.015294117647058823
162 0.015294117647058823
163 0.015294117647058823
164 0.015294117647058823
165 0.015294117647058823
166 0.015294117647058823
167 0.015294117647058823
168 0.015294117647058823
169 0.014274509803921568
170 0.014274509803921568
171 0.014274509803921568
172 0.014274509803921568
173 0.014274509803921568
174 0.014274509803921568
175 0.014274509803921568
176 0.014274509803921568
177 0.014274509803921568
178 0.014274509803921568
179 0.014274509803921568
180 0.014274509803921568
181 0.014274509803921568
182 0.014274509803921568
183 0.014274509803921568
184 0.014274509803921568
185 0.014274509803921568
186 0.014274509803921568
187 0.014274509803921568
188 0.014274509803921568
189 0.014274509803921568
190 0.014274509803921568
191 0.014274509803921568
192 0.014274509803921568
193 0.015294117647058823
194 0.015294117647058823
195 0.015294117647058823
196 0.015294117647058823
197 0.015294117647058823
198 0.015294117647058823
199 0.015294117647058823
200 0.015294117647058823
201 0.015294117647058823
202 0.015294117647058823
203 0.015294117647058823
204 0.015294117647058823
205 0.015294117647058823
206 0.015294117647058823
207 0.015294117647058823
208 0.015294117647058823
209 0.015294117647058823
210 0.015294117647058823
211 0.015294117647058823
212 0.015294117647058823
213 0.015294117647058823
214 0.015294117647058823
215 0.015294117647058823
216 0.015294117647058823
217 0.014274509803921568
218 0.014274509803921568
219 0.014274509803921568
220 0.014274509803921568
221 0.014274509803921568
222 0.014274509803921568
223 0.014274509803921568
224 0.014274509803921568
225 0.014274509803921568
226 0.014274509803921568
227 0.014274509803921568
228 0.014274509803921568
229 0.014274509803921568
230 0.014274509803921568
231 0.014274509803921568
232 0.014274509803921568
233 0.014274509803921568
234 0.014274509803921568
235 0.014274509803921568
236 0.014274509803921568
237 0.014274509803921568
238 0.014274509803921568
239 0.014274509803921568
240 0.014274509803921568
241 0.015294117647058823
242 0.015294117647058823
243 0.015294117647058823
244 0.015294117647058823
245 0.015294117647058823
246 0.015294117647058823
247 0.015294117647058823
248 0.015294117647058823
249 0.015294117647058823
250 0.015294117647058823
251 0.015294117647058823
252 0.015294117647058823
253 0.015294117647058823
254 0.015294117647058823
255 0.015294117647058823
256 0.015294117647058823
257 0.015294117647058823
258 0.015294117647058823
259 0.015294117647058823
260 0.015294117647058823
261 0.015294117647058823
262 0.015294117647058823
263 0.015294117647058823
264 0.015294117647058823
265 0.014274509803921568
266 0.014274509803921568
267 0.014274509803921568
268 0.014274509803921568
269 0.014274509803921568
270 0.014274509803921568
271 0.014274509803921568
272 0.014274509803921568
273 0.014274509803921568
274 0.014274509803921568
275 0.014274509803921568
276 0.014274509803921568
277 0.014274509803921568
278 0.014274509803921568
279 0.014274509803921568
280 0.014274509803921568
281 0.014274509803921568
282 0.014274509803921568
283 0.014274509803921568
284 0.014274509803921568
285 0.014274509803921568
286 0.014274509803921568
287 0.014274509803921568
288 0.014274509803921568
289 0.015294117647058823
290 0.015294117647058823
291 0.015294117647058823
292 0.015294117647058823
293 0.015294117647058823
294 0.015294117647058823
295 0.015294117647058823
296 0.015294117647058823
297 0.015294117647058823
298 0.015294117647058823
299 0.015294117647058823
300 0.015294117647058823
301 0.015294117647058823
302 0.015294117647058823
303 0.015294117647058823
304 0.015294117647058823
305 0.015294117647058823
306 0.015294117647058823
307 0.015294117647058823
308 0.015294117647058823
309 0.015294117647058823
310 0.015294117647058823
311 0.015294117647058823
312 0.015294117647058823
313 0.015294117647058823
314 0.015294117647058823
315 0.015294117647058823
316 0.015294117647058823
317 0.015294117647058823
318 0.015294117647058823
319 0.015294117647058823
320 0.015294117647058823
321 0.015294117647058823
322 0.015294117647058823
323 0.015294117647058823
324 0.015294117647058823
325 0.014274509803921568
326 0.014274509803921568
327 0.014274509803921568
328 0.014274509803921568
329 0.014274509803921568
330 0.014274509803921568
331 0.014274509803921568
332 0.014274509803921568
333 0.014274509803921568
334 0.014274509803921568
335 0.014274509803921568
336 0.014274509803921568
337 0.015294117647058823
338 0.015294117647058823
339 0.015294117647058823
340 0.015294117647058823
341 0.015294117647058823
342 0.015294117647058823
343 0.015294117647058823
344 0.015294117647058823
345 0.015294117647058823
346 0.015294117647058823
347 0.015294117647058823
348 0.015294117647058823
349 0.014274509803921568
350 0.014274509803921568
351 0.014274509803921568
352 0.014274509803921568
353 0.014274509803921568
354 0.014274509803921568
355 0.014274509803921568
356 0.014274509803921568
357 0.014274509803921568
358 0.014274509803921568
359 0.014274509803921568
360 0.014274509803921568
361 0.015294117647058823
362 0.015294117647058823
363 0.015294117647058823
364 0.015294117647058823
365 0.015294117647058823
366 0.015294117647058823
367 0.015294117647058823
368 0.015294117647058823
369 0.015294117647058823
370 0.015294117647058823
371 0.015294117647058823
372 0.015294117647058823
373 0.014274509803921568
374 0.014274509803921568
375 0.014274509803921568
376 0.014274509803921568
377 0.014274509803921568
378 0.014274509803921568
379 0.014274509803921568
380 0.014274509803921568
381 0.014274509803921568
382 0.014274509803921568
383 0.014274509803921568
384 0.014274509803921568
385 0.015294117647058823
386 0.015294117647058823
387 0.015294117647058823
388 0.015294117647058823
389 0.015294117647058823
390 0.015294117647058823
391 0.015294117647058823
392 0.015294117647058823
393 0.015294117647058823
394 0.015294117647058823
395 0.015294117647058823
396 0.015294117647058823
397 0.014274509803921568
398 0.014274509803921568
399 0.014274509803921568
400 0.014274509803921568
401 0.014274509803921568
402 0.014274509803921568
403 0.014274509803921568
404 0.014274509803921568
405 0.014274509803921568
406 0.014274509803921568
407 0.014274509803921568
408 0.014274509803921568
409 0.015294117647058823
410 0.015294117647058823
411 0.015294117647058823
412 0.015294117647058823
413 0.015294117647058823
414 0.015294117647058823
415 0.015294117647058823
416 0.015294117647058823
417 0.015294117647058823
418 0.015294117647058823
419 0.015294117647058823
420 0.015294117647058823
421 0.014274509803921568
422 0.014274509803921568
423 0.014274509803921568
424 0.014274509803921568
425 0.014274509803921568
426 0.014274509803921568
427 0.014274509803921568
428 0.014274509803921568
429 0.014274509803921568
430 0.014274509803921568
431 0.014274509803921568
432 0.014274509803921568
433 0.015294117647058823
434 0.015294117647058823
435 0.015294117647058823
436 0.015294117647058823
437 0.015294117647058823
438 0.015294117647058823
439 0.015294117647058823
440 0.015294117647058823
441 0.015294117647058823
442 0.015294117647058823
443 0.015294117647058823
444 0.015294117647058823
445 0.014274509803921568
446 0.014274509803921568
447 0.014274509803921568
448 0.014274509803921568
449 0.014274509803921568
450 0.014274509803921568
451 0.014274509803921568
452 0.014274509803921568
453 0.014274509803921568
454 0.014274509803921568
455 0.014274509803921568
456 0.014274509803921568
457 0.015294117647058823
458 0.015294117647058823
459 0.015294117647058823
460 0.015294117647058823
461 0.015294117647058823
462 0.015294117647058823
463 0.015294117647058823
464 0.015294117647058823
465 0.015294117647058823
466 0.015294117647058823
467 0.015294117647058823
468 0.015294117647058823
469 0.014274509803921568
470 0.014274509803921568
471 0.014274509803921568
472 0.014274509803921568
473 0.014274509803921568
474 0.014274509803921568
475 0.014274509803921568
476 0.014274509803921568
477 0.014274509803921568
478 0.014274509803921568
479 0.014274509803921568
480 0.014274509803921568
481 0.015294117647058823
482 0.015294117647058823
483 0.015294117647058823
484 0.015294117647058823
485 0.015294117647058823
486 0.015294117647058823
487 0.015294117647058823
488 0.015294117647058823
489 0.015294117647058823
490 0.015294117647058823
491 0.015294117647058823
492 0.015294117647058823
493 0.014274509803921568
494 0.014274509803921568
495 0.014274509803921568
496 0.014274509803921568
497 0.014274509803921568
498 0.014274509803921568
499 0.014274509803921568
500 0.014274509803921568
501 0.014274509803921568
502 0.014274509803921568
503 0.014274509803921568
504 0.014274509803921568
505 0.015294117647058823
506 0.015294117647058823
507 0.015294117647058823
508 0.015294117647058823
509 0.015294117647058823
510 0.015294117647058823
511 0.015294117647058823
512 0.015294117647058823
513 0.015294117647058823
514 0.015294117647058823
515 0.015294117647058823
516 0.015294117647058823
517 0.014274509803921568
518 0.014274509803921568
519 0.014274509803921568
520 0.014274509803921568
521 0.014274509803921568
522 0.014274509803921568
523 0.014274509803921568
524 0.014274509803921568
525 0.014274509803921568
526 0.014274509803921568
527 0.014274509803921568
528 0.014274509803921568
529 0.015294117647058823
530 0.015294117647058823
531 0.015294117647058823
532 0.015294117647058823
533 0.015294117647058823
534 0.015294117647058823
535 0.015294117647058823
536 0.015294117647058823
537 0.015294117647058823
538 0.015294117647058823
539 0.015294117647058823
540 0.015294117647058823
541 0.014274509803921568
542 0.014274509803921568
543 0.014274509803921568
544 0.014274509803921568
545 0.014274509803921568
546 0.014274509803921568
547 0.014274509803921568
548 0.014274509803921568
549 0.014274509803921568
550 0.014274509803921568
551 0.014274509803921568
552 0.014274509803921568
553 0.015294117647058823
554 0.015294117647058823
555 0.015294117647058823
556 0.015294117647058823
557 0.015294117647058823
558 0.015294117647058823
559 0.015294117647058823
560 0.015294117647058823
561 0.015294117647058823
562 0.015294117647058823
563 0.015294117647058823
564 0.015294117647058823
565 0.014274509803921568
566 0.014274509803921568
567 0.014274509803921568
568 0.014274509803921568
569 0.014274509803921568
570 0.014274509803921568
571 0.014274509803921568
572 0.014274509803921568
573 0.014274509803921568
574 0.014274509803921568
575 0.014274509803921568
576 0.014274509803921568
577 0.015294117647058823
578 0.015294117647058823
579 0.015294117647058823
580 0.015294117647058823
581 0.015294117647058823
582 0.015294117647058823
583 0.015294117647058823
584 0.015294117647058823
585 0.015294117647058823
586 0.015294117647058823
587 0.015294117647058823
588 0.015294117647058823
589 0.014274509803921568
590 0.014274509803921568
591 0.014274509803921568
592 0.014274509803921568
593 0.014274509803921568
594 0.014274509803921568
595 0.014274509803921568
596 0.014274509803921568
597 0.014274509803921568
598 0.014274509803921568
599 0.014274509803921568
600 0.014274509803921568
601 0.015294117647058823
602 0.015294117647058823
603 0.015294117647058823
604 0.015294117647058823
605 0.015294117647058823
606 0.015294117647058823
607 0.015294117647058823
608 0.015294117647058823
609 0.015294117647058823
610 0.015294117647058823
611 0.015294117647058823
612 0.015294117647058823
613 0.0014059647642329113
614 0.0014059647642329113
615 0.0014059647642329113
616 0.0014059647642329113
617 0.0014059647642329113
618 0.0014059647642329113
619 0.0014059647642329113
620 0.0014059647642329113
621 0.0014059647642329113
622 0.0014059647642329113
623 0.0014059647642329113
624 0.0014059647642329113
625 0.0014059647642329113
626 0.0014059647642329113
627 0.0014059647642329113
628 0.0014059647642329113
629 0.0014059647642329113
630 0.0014059647642329113
631 0.0014059647642329113
632 0.0014059647642329113
633 0.0014059647642329113
634 0.0014059647642329113
635 0.0014059647642329113
636 0.0014059647642329113
637 0.0014059647642329113
638 0.0014059647642329113
639 0.0014059647642329113
640 0.0014059647642329113
641 0.0014059647642329113
642 0.0014059647642329113
643 0.0014059647642329113
644 0.0014059647642329113
645 0.0014059647642329113
646 0.0014059647642329113
647 0.0014059647642329113
648 0.0014059647642329113
649 0.0014059647642329113
650 0.0014059647642329113
651 0.0014059647642329113
652 0.0014059647642329113
653 0.0014059647642329113
654 0.0014059647642329113
655 0.0014059647642329113
656 0.0014059647642329113
657 0.0014059647642329113
658 0.0014059647642329113
659 0.0014059647642329113
660 0.0014059647642329113
661 0.0014059647642329113
662 0.0014059647642329113
663 0.0014059647642329113
664 0.0014059647642329113
665 0.0014059647642329113
666 0.0014059647642329113
667 0.0014059647642329113
668 0.0014059647642329113
669 0.0014059647642329113
670 0.0014059647642329113
671 0.0014059647642329113
672 0.0014059647642329113
673 0.0014059647642329113
674 0.0014059647642329113
675 0.0014059647642329113
676 0.0014059647642329113
677 0.0014059647642329113
678 0.0014059647642329113
679 0.0014059647642329113
680 0.0014059647642329113
681 0.0014059647642329113
682 0.0014059647642329113
683 0.0014059647642329113
684 0.0014059647642329113
685 0.0014059647642329113
686 0.0014059647642329113
687 0.0014059647642329113
688 0.0014059647642329113
689 0.0014059647642329113
690 0.0014059647642329113
691 0.0014059647642329113
692 0.0014059647642329113
693 0.0014059647642329113
694 0.0014059647642329113
695 0.0014059647642329113
696 0.0014059647642329113
697 0.0014059647642329113
698 0.0014059647642329113
699 0.0014059647642329113
700 0.0014059647642329113
701 0.0014059647642329113
702 0.0014059647642329113
703 0.0014059647642329113
704 0.0014059647642329113
705 0.0014059647642329113
706 0.0014059647642329113
707 0.0014059647642329113
708 0.0014059647642329113
709 0.0014059647642329113
710 0.0014059647642329113
711 0.0014059647642329113
712 0.0014059647642329113
713 0.0014059647642329113
714 0.0014059647642329113
715 0.0014059647642329113
716 0.0014059647642329113
717 0.0014059647642329113
718 0.0014059647642329113
719 0.0014059647642329113
720 0.0014059647642329113
721 0.0014059647642329113
722 0.0014059647642329113
723 0.0014059647642329113
724 0.0014059647642329113
725 0.0014059647642329113
726 0.0014059647642329113
727 0.0014059647642329113
728 0.0014059647642329113
729 0.0014059647642329113
730 0.0014059647642329113
731 0.0014059647642329113
732 0.0014059647642329113
733 0.0014059647642329113
734 0.0014059647642329113
735 0.0014059647642329113
736 0.0014059647642329113
737 0.0014059647642329113
738 0.0014059647642329113
739 0.0014059647642329113
740 0.0014059647642329113
741 0.0014059647642329113
742 0.0014059647642329113
743 0.0014059647642329113
744 0.0014059647642329113
745 0.0014059647642329113
746 0.0014059647642329113
747 0.0014059647642329113
748 0.0014059647642329113
749 0.0014059647642329113
750 0.0014059647642329113
751 0.0014059647642329113
752 0.0014059647642329113
753 0.0014059647642329113
754 0.0014059647642329113
755 0.0014059647642329113
756 0.0014059647642329113
757 0.0014059647642329113
758 0.0014059647642329113
759 0.0014059647642329113
760 0.0014059647642329113
761 0.0014059647642329113
762 0.0014059647642329113
763 0.0014059647642329113
764 0.0014059647642329113
765 0.0014059647642329113
766 0.0014059647642329113
767 0.0014059647642329113
768 0.0014059647642329113
769 0.0014059647642329113
770 0.0014059647642329113
771 0.0014059647642329113
772 0.0014059647642329113
773 0.0014059647642329113
774 0.0014059647642329113
775 0.0014059647642329113
776 0.0014059647642329113
777 0.0014059647642329113
778 0.0014059647642329113
779 0.0014059647642329113
780 0.0014059647642329113
781 0.0014059647642329113
782 0.0014059647642329113
783 0.0014059647642329113
784 0.0014059647642329113
785 0.0014059647642329113
786 0.0014059647642329113
787 0.0014059647642329113
788 0.0014059647642329113
789 0.0014059647642329113
790 0.0014059647642329113
791 0.0014059647642329113
792 0.0014059647642329113
793 0.0014059647642329113
794 0.0014059647642329113
795 0.0014059647642329113
796 0.0014059647642329113
797 0.0014059647642329113
798 0.0014059647642329113
799 0.0014059647642329113
800 0.0014059647642329113
801 0.0014059647642329113
802 0.0014059647642329113
803 0.0014059647642329113
804 0.0014059647642329113
805 0.0014059647642329113
806 0.0014059647642329113
807 0.0014059647642329113
808 0.0014059647642329113
809 0.0014059647642329113
810 0.0014059647642329113
811 0.0014059647642329113
812 0.0014059647642329113
813 0.0014059647642329113
814 0.0014059647642329113
815 0.0014059647642329113
816 0.0014059647642329113
817 0.0014059647642329113
818 0.0014059647642329113
819 0.0014059647642329113
820 0.0014059647642329113
821 0.0014059647642329113
822 0.0014059647642329113
823 0.0014059647642329113
824 0.0014059647642329113
825 0.0014059647642329113
826 0.0014059647642329113
827 0.0014059647642329113
828 0.0014059647642329113
829 0.0014059647642329113
830 0.0014059647642329113
831 0.0014059647642329113
832 0.0014059647642329113
833 0.0014059647642329113
834 0.0014059647642329113
835 0.0014059647642329113
836 0.0014059647642329113
837 0.0014059647642329113
838 0.0014059647642329113
839 0.0014059647642329113
840 0.0014059647642329113
841 0.0014059647642329113
842 0.0014059647642329113
843 0.0014059647642329113
844 0.0014059647642329113
845 0.0014059647642329113
846 0.0014059647642329113
847 0.0014059647642329113
848 0.0014059647642329113
849 0.0014059647642329113
850 0.0014059647642329113
851 0.0014059647642329113
852 0.0014059647642329113
853 0.0014059647642329113
854 0.0014059647642329113
855 0.0014059647642329113
856 0.0014059647642329113
857 0.0014059647642329113
858 0.0014059647642329113
859 0.0014059647642329113
860 0.0014059647642329113
861 0.0014059647642329113
862 0.0014059647642329113
863 0.0014059647642329113
864 0.0014059647642329113
865 0.0014059647642329113
866 0.0014059647642329113
867 0.0014059647642329113
868 0.0014059647642329113
869 0.0014059647642329113
870 0.0014059647642329113
871 0.0014059647642329113
872 0.0014059647642329113
873 0.0014059647642329113
874 0.0014059647642329113
875 0.0014059647642329113
876 0.0014059647642329113
877 0.0014059647642329113
878 0.0014059647642329113
879 0.0014059647642329113
880 0.0014059647642329113
881 0.0014059647642329113
882 0.0014059647642329113
883 0.0014059647642329113
884 0.0014059647642329113
885 0.0014059647642329113
886 0.0014059647642329113
887 0.0014059647642329113
888 0.0014059647642329113
889 0.0014059647642329113
890 0.0014059647642329113
891 0.0014059647642329113
892 0.0014059647642329113
893 0.0014059647642329113
894 0.0014059647642329113
895 0.0014059647642329113
896 0.0014059647642329113
897 0.0014059647642329113
898 0.0014059647642329113
899 0.0014059647642329113
900 0.0014059647642329113
901 0.0014059647642329113
902 0.0014059647642329113
903 0.0014059647642329113
904 0.0014059647642329113
905 0.0014059647642329113
906 0.0014059647642329113
907 0.0014059647642329113
908 0.0014059647642329113
909 0.0014059647642329113
910 0.0014059647642329113
911 0.0014059647642329113
912 0.0014059647642329113
913 0.0014059647642329113
914 0.0014059647642329113
915 0.0014059647642329113
916 0.0014059647642329113
917 0.0014059647642329113
918 0.0014059647642329113
919 0.0014059647642329113
920 0.0014059647642329113
921 0.0014059647642329113
922 0.0014059647642329113
923 0.0014059647642329113
924 0.0014059647642329113
925 0.0014059647642329113
926 0.0014059647642329113
927 0.0014059647642329113
928 0.0014059647642329113
929 0.0014059647642329113
930 0.0014059647642329113
931 0.0014059647642329113
932 0.0014059647642329113
933 0.0014059647642329113
934 0.0014059647642329113
935 0.0014059647642329113
936 0.0014059647642329113
937 0.0014059647642329113
938 0.0014059647642329113
939 0.0014059647642329113
940 0.0014059647642329113
941 0.0014059647642329113
942 0.0014059647642329113
943 0.0014059647642329113
944 0.0014059647642329113
945 0.0014059647642329113
946 0.0014059647642329113
947 0.0014059647642329113
948 0.0014059647642329113
949 0.0014059647642329113
950 0.0014059647642329113
951 0.0014059647642329113
952 0.0014059647642329113
953 0.0014059647642329113
954 0.0014059647642329113
955 0.0014059647642329113
956 0.0014059647642329113
957 0.0014059647642329113
958 0.0014059647642329113
959 0.0014059647642329113
960 0.0014059647642329113
961 0.0014059647642329113
962 0.0014059647642329113
963 0.0014059647642329113
964 0.0014059647642329113
965 0.0014059647642329113
966 0.0014059647642329113
967 0.0014059647642329113
968 0.0014059647642329113
969 0.0014059647642329113
970 0.0014059647642329113
971 0.0014059647642329113
972 0.0014059647642329113
973 0.0014059647642329113
974 0.0014059647642329113
975 0.0014059647642329113
976 0.0014059647642329113
977 0.0014059647642329113
978 0.0014059647642329113
979 0.0014059647642329113
980 0.0014059647642329113
981 0.0014059647642329113
982 0.0014059647642329113
983 0.0014059647642329113
984 0.0014059647642329113
985 0.0014059647642329113
986 0.0014059647642329113
987 0.0014059647642329113
988 0.0014059647642329113
989 0.0014059647642329113
990 0.0014059647642329113
991 0.0014059647642329113
992 0.0014059647642329113
993 0.0014059647642329113
994 0.0014059647642329113
995 0.0014059647642329113
996 0.0014059647642329113
997 0.0014059647642329113
998 0.0014059647642329113
999 0.0014059647642329113
1000 0.0014059647642329113
1001 0.0014059647642329113
1002 0.0014059647642329113
1003 0.0014059647642329113
1004 0.0014059647642329113
1005 0.0014059647642329113
1006 0.0014059647642329113
1007 0.0014059647642329113
1008 0.0014059647642329113
1009 0.0014059647642329113
1010 0.0014059647642329113
1011 0.0014059647642329113
1012 0.0014059647642329113
1013 0.0014059647642329113
1014 0.0014059647642329113
1015 0.0014059647642329113
1016 0.0014059647642329113
1017 0.0014059647642329113
1018 0.0014059647642329113
1019 0.0014059647642329113
1020 0.0014059647642329113
1021 0.0014059647642329113
1022 0.0014059647642329113
1023 0.0014059647642329113
1024 0.0014059647642329113
1025 0.0014059647642329113
1026 0.0014059647642329113
1027 0.0014059647642329113
1028 0.0014059647642329113
1029 0.0014059647642329113
1030 0.0014059647642329113
1031 0.0014059647642329113
1032 0.0014059647642329113
1033 0.0014059647642329113
1034 0.0014059647642329113
1035 0.0014059647642329113
1036 0.0014059647642329113
1037 0.0014059647642329113
1038 0.0014059647642329113
1039 0.0014059647642329113
1040 0.0014059647642329113
1041 0.0014059647642329113
1042 0.0014059647642329113
1043 0.0014059647642329113
1044 0.0014059647642329113
1045 0.0014059647642329113
1046 0.0014059647642329113
1047 0.0014059647642329113
1048 0.0014059647642329113
1049 0.0014059647642329113
1050 0.0014059647642329113
1051 0.0014059647642329113
1052 0.0014059647642329113
1053 0.0014059647642329113
1054 0.0014059647642329113
1055 0.0014059647642329113
1056 0.0014059647642329113
1057 0.0014059647642329113
1058 0.0014059647642329113
1059 0.0014059647642329113
1060 0.0014059647642329113
1061 0.0014059647642329113
1062 0.0014059647642329113
1063 0.0014059647642329113
1064 0.0014059647642329113
1065 0.0014059647642329113
1066 0.0014059647642329113
1067 0.0014059647642329113
1068 0.0014059647642329113
1069 0.0014059647642329113
1070 0.0014059647642329113
1071 0.0014059647642329113
1072 0.0014059647642329113
1073 0.0014059647642329113
1074 0.0014059647642329113
1075 0.0014059647642329113
1076 0.0014059647642329113
1077 0.0014059647642329113
1078 0.0014059647642329113
1079 0.0014059647642329113
1080 0.0014059647642329113
1081 0.0014059647642329113
1082 0.0014059647642329113
1083 0.0014059647642329113
1084 0.0014059647642329113
1085 0.0014059647642329113
1086 0.0014059647642329113
1087 0.0014059647642329113
1088 0.0014059647642329113
1089 0.0014059647642329113
1090 0.0014059647642329113
1091 0.0014059647642329113
1092 0.0014059647642329113
1093 0.0014059647642329113
1094 0.0014059647642329113
1095 0.0014059647642329113
1096 0.0014059647642329113
1097 0.0014059647642329113
1098 0.0014059647642329113
1099 0.0014059647642329113
1100 0.0014059647642329113
1101 0.0014059647642329113
1102 0.0014059647642329113
1103 0.0014059647642329113
1104 0.0014059647642329113
1105 0.0014059647642329113
1106 0.0014059647642329113
1107 0.0014059647642329113
1108 0.0014059647642329113
1109 0.0014059647642329113
1110 0.0014059647642329113
1111 0.0014059647642329113
1112 0.0014059647642329113
1113 0.0014059647642329113
1114 0.0014059647642329113
1115 0.0014059647642329113
1116 0.0014059647642329113
1117 0.0014059647642329113
1118 0.0014059647642329113
1119 0.0014059647642329113
1120 0.0014059647642329113
1121 0.0014059647642329113
1122 0.0014059647642329113
1123 0.0014059647642329113
1124 0.0014059647642329113
1125 0.0014059647642329113
1126 0.0014059647642329113
1127 0.0014059647642329113
1128 0.0014059647642329113
1129 0.0014059647642329113
1130 0.0014059647642329113
1131 0.0014059647642329113
1132 0.0014059647642329113
1133 0.0014059647642329113
1134 0.0014059647642329113
1135 0.0014059647642329113
1136 0.0014059647642329113
1137 0.0014059647642329113
1138 0.0014059647642329113
1139 0.0014059647642329113
1140 0.0014059647642329113
1141 0.0014059647642329113
1142 0.0014059647642329113
1143 0.0014059647642329113
1144 0.0014059647642329113
1145 0.0014059647642329113
1146 0.0014059647642329113
1147 0.0014059647642329113
1148 0.0014059647642329113
1149 0.0014059647642329113
1150 0.0014059647642329113
1151 0.0014059647642329113
1152 0.0014059647642329113
1153 0.0014059647642329113
1154 0.0014059647642329113
1155 0.0014059647642329113
1156 0.0014059647642329113
1157 0.0014059647642329113
1158 0.0014059647642329113
1159 0.0014059647642329113
1160 0.0014059647642329113
1161 0.0014059647642329113
1162 0.0014059647642329113
1163 0.0014059647642329113
1164 0.0014059647642329113
1165 0.0014059647642329113
1166 0.0014059647642329113
1167 0.0014059647642329113
1168 0.0014059647642329113
1169 0.0014059647642329113
1170 0.0014059647642329113
1171 0.0014059647642329113
1172 0.0014059647642329113
1173 0.0014059647642329113
1174 0.0014059647642329113
1175 0.0014059647642329113
1176 0.0014059647642329113
1177 0.0014059647642329113
1178 0.0014059647642329113
1179 0.0014059647642329113
1180 0.0014059647642329113
1181 0.0014059647642329113
1182 0.0014059647642329113
1183 0.0014059647642329113
1184 0.0014059647642329113
1185 0.0014059647642329113
1186 0.0014059647642329113
1187 0.0014059647642329113
1188 0.0014059647642329113
1189 0.0014059647642329113
1190 0.0014059647642329113
1191 0.0014059647642329113
1192 0.0014059647642329113
1193 0.0014059647642329113
1194 0.0014059647642329113
1195 0.0014059647642329113
1196 0.0014059647642329113
1197 0.0014059647642329113
1198 0.0014059647642329113
1199 0.0014059647642329113
1200 0.0014059647642329113
1201 0.0014059647642329113
1202 0.0014059647642329113
1203 0.0014059647642329113
1204 0.0014059647642329113
1205 0.0014059647642329113
1206 0.0014059647642329113
1207 0.0014059647642329113
1208 0.0014059647642329113
1209 0.0014059647642329113
1210 0.0014059647642329113
1211 0.0014059647642329113
1212 0.0014059647642329113
1213 0.0014059647642329113
1214 0.0014059647642329113
1215 0.0014059647642329113
1216 0.0014059647642329113
1217 0.0014059647642329113
1218 0.0014059647642329113
1219 0.0014059647642329113
1220 0.0014059647642329113
1221 0.0014059647642329113
1222 0.0014059647642329113
1223 0.0014059647642329113
1224 0.0014059647642329113
1225 0.0014059647642329113
1226 0.0014059647642329113
1227 0.0009140558528542028
1228 0.0009140558528542028
1229 0.0009140558528542028
1230 0.0009140558528542028
1231 0.0014059647642329113
1232 0.0014059647642329113
1233 0.0009140558528542028
1234 0.0009140558528542028
1235 0.0009140558528542028
1236 0.0009140558528542028
1237 0.0014059647642329113
1238 0.0014059647642329113
1239 0.0009140558528542028
1240 0.0009140558528542028
1241 0.0009140558528542028
1242 0.0009140558528542028
1243 0.0014059647642329113
1244 0.0014059647642329113
1245 0.0009140558528542028
1246 0.0009140558528542028
1247 0.0009140558528542028
1248 0.0009140558528542028
1249 0.0014059647642329113
1250 0.0014059647642329113
1251 0.0009140558528542028
1252 0.0009140558528542028
1253 0.0009140558528542028
1254 0.0009140558528542028
1255 0.0014059647642329113
1256 0.0014059647642329113
1257 0.0009140558528542028
1258 0.0009140558528542028
1259 0.0009140558528542028
1260 0.0009140558528542028
1261 0.0014059647642329113
1262 0.0014059647642329113
1263 0.0009140558528542028
1264 0.0009140558528542028
1265 0.0009140558528542028
1266 0.0009140558528542028
1267 0.0014059647642329113
1268 0.0014059647642329113
1269 0.0009140558528542028
1270 0.0009140558528542028
1271 0.0009140558528542028
1272 0.0009140558528542028
1273 0.0014059647642329113
1274 0.0014059647642329113
1275 0.0009140558528542028
1276 0.0009140558528542028
1277 0.0009140558528542028
1278 0.0009140558528542028
1279 0.0014059647642329113
1280 0.0014059647642329113
1281 0.0009140558528542028
1282 0.0009140558528542028
1283 0.0009140558528542028
1284 0.0009140558528542028
1285 0.0014059647642329113
1286 0.0014059647642329113
1287 0.0009140558528542028
1288 0.0009140558528542028
1289 0.0009140558528542028
1290 0.0009140558528542028
1291 0.0014059647642329113
1292 0.0009140558528542028
1293 0.0009140558528542028
1294 0.0009140558528542028
1295 0.0009140558528542028
1296 0.0014059647642329113
1297 0.0014059647642329113
1298 0.0009140558528542028
1299 0.0009140558528542028
1300 0.0009140558528542028
1301 0.0009140558528542028
1302 0.0014059647642329113
1303 0.0014059647642329113
1304 0.0009140558528542028
1305 0.0009140558528542028
1306 0.0009140558528542028
1307 0.0009140558528542028
1308 0.0014059647642329113
1309 0.0014059647642329113
1310 0.0009140558528542028
1311 0.0009140558528542028
1312 0.0009140558528542028
1313 0.0009140558528542028
1314 0.0014059647642329113
1315 0.0014059647642329113
1316 0.0009140558528542028
1317 0.0009140558528542028
1318 0.0009140558528542028
1319 0.0009140558528542028
1320 0.0014059647642329113
1321 0.0014059647642329113
1322 0.0009140558528542028
1323 0.0009140558528542028
1324 0.0009140558528542028
1325 0.0009140558528542028
1326 0.0014059647642329113
1327 0.0014059647642329113
1328 0.0009140558528542028
1329 0.0009140558528542028
1330 0.0009140558528542028
1331 0.0009140558528542028
1332 0.0014059647642329113
1333 0.0014059647642329113
1334 0.0009140558528542028
1335 0.0009140558528542028
1336 0.0009140558528542028
1337 0.0009140558528542028
1338 0.0014059647642329113
1339 0.0014059647642329113
1340 0.0009140558528542028
1341 0.0009140558528542028
1342 0.0009140558528542028
1343 0.0009140558528542028
1344 0.0014059647642329113
1345 0.0014059647642329113
1346 0.0009140558528542028
1347 0.0009140558528542028
1348 0.0009140558528542028
1349 0.0009140558528542028
1350 0.0014059647642329113
1351 0.0014059647642329113
1352 0.0009140558528542028
1353 0.0009140558528542028
1354 0.0009140558528542028
1355 0.0009140558528542028
1356 0.0014059647642329113
1357 0.0014059647642329113
1358 0.0009140558528542028
1359 0.0009140558528542028
1360 0.0009140558528542028
1361 0.0009140558528542028
1362 0.0014059647642329113
1363 0.0009140558528542028
1364 0.0009140558528542028
1365 0.0009140558528542028
1366 0.0009140558528542028
1367 0.0014059647642329113
1368 0.0014059647642329113
1369 0.0009140558528542028
1370 0.0009140558528542028
1371 0.0009140558528542028
1372 0.0009140558528542028
1373 0.0014059647642329113
1374 0.0014059647642329113
1375 0.0009140558528542028
1376 0.0009140558528542028
1377 0.0009140558528542028
1378 0.0009140558528542028
1379 0.0014059647642329113
1380 0.0014059647642329113
1381 0.0009140558528542028
1382 0.0009140558528542028
1383 0.0009140558528542028
1384 0.0009140558528542028
1385 0.0014059647642329113
1386 0.0014059647642329113
1387 0.0009140558528542028
1388 0.0009140558528542028
1389 0.0009140558528542028
1390 0.0009140558528542028
1391 0.0014059647642329113
1392 0.0014059647642329113
1393 0.0009140558528542028
1394 0.0009140558528542028
1395 0.0009140558528542028
1396 0.0009140558528542028
1397 0.0014059647642329113
1398 0.0014059647642329113
1399 0.0009140558528542028
1400 0.0009140558528542028
1401 0.0009140558528542028
1402 0.0009140558528542028
1403 0.0014059647642329113
1404 0.0014059647642329113
1405 0.0009140558528542028
1406 0.0009140558528542028
1407 0.0009140558528542028
1408 0.0009140558528542028
1409 0.0014059647642329113
1410 0.0014059647642329113
1411 0.0009140558528542028
1412 0.0009140558528542028
1413 0.0009140558528542028
1414 0.0009140558528542028
1415 0.0014059647642329113
1416 0.0014059647642329113
1417 0.0009140558528542028
1418 0.0009140558528542028
1419 0.0009140558528542028
1420 0.0009140558528542028
1421 0.0014059647642329113
1422 0.0014059647642329113
1423 0.0009140558528542028
1424 0.0009140558528542028
1425 0.0009140558528542028
1426 0.0009140558528542028
1427 0.0014059647642329113
1428 0.0014059647642329113
1429 0.0009140558528542028
1430 0.0009140558528542028
1431 0.0009140558528542028
1432 0.0009140558528542028
1433 0.0014059647642329113
1434 0.0009140558528542028
1435 0.0009140558528542028
1436 0.0009140558528542028
1437 0.0009140558528542028
1438 0.0014059647642329113
1439 0.0014059647642329113
1440 0.0009140558528542028
1441 0.0009140558528542028
1442 0.0009140558528542028
1443 0.0009140558528542028
1444 0.0014059647642329113
1445 0.0014059647642329113
1446 0.0009140558528542028
1447 0.0009140558528542028
1448 0.0009140558528542028
1449 0.0009140558528542028
1450 0.0014059647642329113
1451 0.0014059647642329113
1452 0.0009140558528542028
1453 0.0009140558528542028
1454 0.0009140558528542028
1455 0.0009140558528542028
1456 0.0014059647642329113
1457 0.0014059647642329113
1458 0.0009140558528542028
1459 0.0009140558528542028
1460 0.0009140558528542028
1461 0.0009140558528542028
1462 0.0014059647642329113
1463 0.0014059647642329113
1464 0.0009140558528542028
1465 0.0009140558528542028
1466 0.0009140558528542028
1467 0.0009140558528542028
1468 0.0014059647642329113
1469 0.0014059647642329113
1470 0.0009140558528542028
1471 0.0009140558528542028
1472 0.0009140558528542028
1473 0.0009140558528542028
1474 0.0014059647642329113
1475 0.0014059647642329113
1476 0.0009140558528542028
1477 0.0009140558528542028
1478 0.0009140558528542028
1479 0.0009140558528542028
1480 0.0014059647642329113
1481 0.0014059647642329113
1482 0.0009140558528542028
1483 0.0009140558528542028
1484 0.0009140558528542028
1485 0.0009140558528542028
1486 0.0014059647642329113
1487 0.0014059647642329113
1488 0.0009140558528542028
1489 0.0009140558528542028
1490 0.0009140558528542028
1491 0.0009140558528542028
1492 0.0014059647642329113
1493 0.0014059647642329113
1494 0.0009140558528542028
1495 0.0009140558528542028
1496 0.0009140558528542028
1497 0.0009140558528542028
1498 0.0014059647642329113
1499 0.0014059647642329113
1500 0.0009140558528542028
1501 0.0009140558528542028
1502 0.0009140558528542028
1503 0.0009140558528542028
1504 0.0014059647642329113
1505 0.0009140558528542028
1506 0.0009140558528542028
1507 0.0009140558528542028
1508 0.0009140558528542028
1509 0.0014059647642329113
1510 0.0014059647642329113
1511 0.0009140558528542028
1512 0.0009140558528542028
1513 0.0009140558528542028
1514 0.0009140558528542028
1515 0.0014059647642329113
1516 0.0014059647642329113
1517 0.0009140558528542028
1518 0.0009140558528542028
1519 0.0009140558528542028
1520 0.0009140558528542028
1521 0.0014059647642329113
1522 0.0014059647642329113
1523 0.0009140558528542028
1524 0.0009140558528542028
1525 0.0009140558528542028
1526 0.0009140558528542028
1527 0.0014059647642329113
1528 0.0014059647642329113
1529 0.0009140558528542028
1530 0.0009140558528542028
1531 0.0009140558528542028
1532 0.0009140558528542028
1533 0.0014059647642329113
1534 0.0014059647642329113
1535 0.0009140558528542028
1536 0.0009140558528542028
1537 0.0009140558528542028
1538 0.0009140558528542028
1539 0.0014059647642329113
1540 0.0014059647642329113
1541 0.0009140558528542028
1542 0.0009140558528542028
1543 0.0009140558528542028
1544 0.0009140558528542028
1545 0.0014059647642329113
1546 0.0014059647642329113
1547 0.0009140558528542028
1548 0.0009140558528542028
1549 0.0009140558528542028
1550 0.0009140558528542028
1551 0.0014059647642329113
1552 0.0014059647642329113
1553 0.0009140558528542028
1554 0.0009140558528542028
1555 0.0009140558528542028
1556 0.0009140558528542028
1557 0.0014059647642329113
1558 0.0014059647642329113
1559 0.0009140558528542028
1560 0.0009140558528542028
1561 0.0009140558528542028
1562 0.0009140558528542028
1563 0.0014059647642329113
1564 0.0014059647642329113
1565 0.0009140558528542028
1566 0.0009140558528542028
1567 0.0009140558528542028
1568 0.0009140558528542028
1569 0.0014059647642329113
1570 0.0014059647642329113
1571 0.0009140558528542028
1572 0.0009140558528542028
1573 0.0009140558528542028
1574 0.0009140558528542028
1575 0.0014059647642329113
1576 0.0009140558528542028
1577 0.0009140558528542028
1578 0.0009140558528542028
1579 0.0009140558528542028
1580 0.0014059647642329113
1581 0.0014059647642329113
1582 0.0009140558528542028
1583 0.0009140558528542028
1584 0.0009140558528542028
1585 0.0009140558528542028
1586 0.0014059647642329113
1587 0.0014059647642329113
1588 0.0009140558528542028
1589 0.0009140558528542028
1590 0.0009140558528542028
1591 0.0009140558528542028
1592 0.0014059647642329113
1593 0.0014059647642329113
1594 0.0009140558528542028
1595 0.0009140558528542028
1596 0.0009140558528542028
1597 0.0009140558528542028
1598 0.0014059647642329113
1599 0.0014059647642329113
1600 0.0009140558528542028
1601 0.0009140558528542028
1602 0.0009140558528542028
1603 0.0009140558528542028
1604 0.0014059647642329113
1605 0.0014059647642329113
1606 0.0009140558528542028
1607 0.0009140558528542028
1608 0.0009140558528542028
1609 0.0009140558528542028
1610 0.0014059647642329113
1611 0.0014059647642329113
1612 0.0009140558528542028
1613 0.0009140558528542028
1614 0.0009140558528542028
1615 0.0009140558528542028
1616 0.0014059647642329113
1617 0.0014059647642329113
1618 0.0009140558528542028
1619 0.0009140558528542028
1620 0.0009140558528542028
1621 0.0009140558528542028
1622 0.0014059647642329113
1623 0.0014059647642329113
1624 0.0009140558528542028
1625 0.0009140558528542028
1626 0.0009140558528542028
1627 0.0009140558528542028
1628 0.0014059647642329113
1629 0.0014059647642329113
1630 0.0009140558528542028
1631 0.0009140558528542028
1632 0.0009140558528542028
1633 0.0009140558528542028
1634 0.0014059647642329113
1635 0.0014059647642329113
1636 0.0009140558528542028
1637 0.0009140558528542028
1638 0.0009140558528542028
1639 0.0009140558528542028
1640 0.0014059647642329113
1641 0.0014059647642329113
1642 0.0009140558528542028
1643 0.0009140558528542028
1644 0.0009140558528542028
1645 0.0009140558528542028
1646 0.0014059647642329113
1647 0.0009140558528542028
1648 0.0009140558528542028
1649 0.0009140558528542028
1650 0.0009140558528542028
1651 0.0014059647642329113
1652 0.0014059647642329113
1653 0.0009140558528542028
1654 0.0009140558528542028
1655 0.0009140558528542028
1656 0.0009140558528542028
1657 0.0014059647642329113
1658 0.0014059647642329113
1659 0.0009140558528542028
1660 0.0009140558528542028
1661 0.0009140558528542028
1662 0.0009140558528542028
1663 0.0014059647642329113
1664 0.0014059647642329113
1665 0.0009140558528542028
1666 0.0009140558528542028
1667 0.0009140558528542028
1668 0.0009140558528542028
1669 0.0014059647642329113
1670 0.0014059647642329113
1671 0.0009140558528542028
1672 0.0009140558528542028
1673 0.0009140558528542028
1674 0.0009140558528542028
1675 0.0014059647642329113
1676 0.0014059647642329113
1677 0.0009140558528542028
1678 0.0009140558528542028
1679 0.0009140558528542028
1680 0.0009140558528542028
1681 0.0014059647642329113
1682 0.0014059647642329113
1683 0.0009140558528542028
1684 0.0009140558528542028
1685 0.0009140558528542028
1686 0.0009140558528542028
1687 0.0014059647642329113
1688 0.0014059647642329113
1689 0.0009140558528542028
1690 0.0009140558528542028
1691 0.0009140558528542028
1692 0.0009140558528542028
1693 0.0014059647642329113
1694 0.0014059647642329113
1695 0.0009140558528542028
1696 0.0009140558528542028
1697 0.0009140558528542028
1698 0.0009140558528542028
1699 0.0014059647642329113
1700 0.0014059647642329113
1701 0.0009140558528542028
1702 0.0009140558528542028
1703 0.0009140558528542028
1704 0.0009140558528542028
1705 0.0014059647642329113
1706 0.0014059647642329113
1707 0.0009140558528542028
1708 0.0009140558528542028
1709 0.0009140558528542028
1710 0.0009140558528542028
1711 0.0014059647642329113
1712 0.0014059647642329113
1713 0.0009140558528542028
1714 0.0009140558528542028
1715 0.0009140558528542028
1716 0.0009140558528542028
1717 0.0014059647642329113
1718 0.0009140558528542028
1719 0.0009140558528542028
1720 0.0009140558528542028
1721 0.0009140558528542028
1722 0.0014059647642329113
1723 0.0014059647642329113
1724 0.0009140558528542028
1725 0.0009140558528542028
1726 0.0009140558528542028
1727 0.0009140558528542028
1728 0.0014059647642329113
1729 0.0014059647642329113
1730 0.0009140558528542028
1731 0.0009140558528542028
1732 0.0009140558528542028
1733 0.0009140558528542028
1734 0.0014059647642329113
1735 0.0014059647642329113
1736 0.0009140558528542028
1737 0.0009140558528542028
1738 0.0009140558528542028
1739 0.0009140558528542028
1740 0.0014059647642329113
1741 0.0014059647642329113
1742 0.0009140558528542028
1743 0.0009140558528542028
1744 0.0009140558528542028
1745 0.0009140558528542028
1746 0.0014059647642329113
1747 0.0014059647642329113
1748 0.0009140558528542028
1749 0.0009140558528542028
1750 0.0009140558528542028
1751 0.0009140558528542028
1752 0.0014059647642329113
1753 0.0014059647642329113
1754 0.0009140558528542028
1755 0.0009140558528542028
1756 0.0009140558528542028
1757 0.0009140558528542028
1758 0.0014059647642329113
1759 0.0014059647642329113
1760 0.0009140558528542028
1761 0.0009140558528542028
1762 0.0009140558528542028
1763 0.0009140558528542028
1764 0.0014059647642329113
1765 0.0014059647642329113
1766 0.0009140558528542028
1767 0.0009140558528542028
1768 0.0009140558528542028
1769 0.0009140558528542028
1770 0.0014059647642329113
1771 0.0014059647642329113
1772 0.0009140558528542028
1773 0.0009140558528542028
1774 0.0009140558528542028
1775 0.0009140558528542028
1776 0.0014059647642329113
1777 0.0014059647642329113
1778 0.0009140558528542028
1779 0.0009140558528542028
1780 0.0009140558528542028
1781 0.0009140558528542028
1782 0.0014059647642329113
1783 0.0014059647642329113
1784 0.0009140558528542028
1785 0.0009140558528542028
1786 0.0009140558528542028
1787 0.0009140558528542028
1788 0.0014059647642329113
1789 0.0009140558528542028
1790 0.0009140558528542028
1791 0.0009140558528542028
1792 0.0009140558528542028
1793 0.0014059647642329113
1794 0.0014059647642329113
1795 0.0009140558528542028
1796 0.0009140558528542028
1797 0.0009140558528542028
1798 0.0009140558528542028
1799 0.0014059647642329113
1800 0.0014059647642329113
1801 0.0009140558528542028
1802 0.0009140558528542028
1803 0.0009140558528542028
1804 0.0009140558528542028
1805 0.0014059647642329113
1806 0.0014059647642329113
1807 0.0009140558528542028
1808 0.0009140558528542028
1809 0.0009140558528542028
1810 0.0009140558528542028
1811 0.0014059647642329113
1812 0.0014059647642329113
1813 0.0009140558528542028
1814 0.0009140558528542028
1815 0.0009140558528542028
1816 0.0009140558528542028
1817 0.0014059647642329113
1818 0.0014059647642329113
1819 0.0009140558528542028
1820 0.0009140558528542028
1821 0.0009140558528542028
1822 0.0009140558528542028
1823 0.0014059647642329113
1824 0.0014059647642329113
1825 0.0009140558528542028
1826 0.0009140558528542028
1827 0.0009140558528542028
1828 0.0009140558528542028
1829 0.0014059647642329113
1830 0.0014059647642329113
1831 0.0009140558528542028
1832 0.0009140558528542028
1833 0.0009140558528542028
1834 0.0009140558528542028
1835 0.0014059647642329113
1836 0.0014059647642329113
1837 0.0009140558528542028
1838 0.0009140558528542028
1839 0.0009140558528542028
1840 0.0009140558528542028
1841 0.0014059647642329113
1842 0.0014059647642329113
1843 0.0009140558528542028
1844 0.0009140558528542028
1845 0.0009140558528542028
1846 0.0009140558528542028
1847 0.0014059647642329113
1848 0.0014059647642329113
1849 0.0009140558528542028
1850 0.0009140558528542028
1851 0.0009140558528542028
1852 0.0009140558528542028
1853 0.0014059647642329113
1854 0.0014059647642329113
1855 0.0009140558528542028
1856 0.0009140558528542028
1857 0.0009140558528542028
1858 0.0009140558528542028
1859 0.0014059647642329113
1860 0.0009140558528542028
1861 0.0009140558528542028
1862 0.0009140558528542028
1863 0.0009140558528542028
1864 0.0014059647642329113
1865 0.0014059647642329113
1866 0.0009140558528542028
1867 0.0009140558528542028
1868 0.0009140558528542028
1869 0.0009140558528542028
1870 0.0014059647642329113
1871 0.0014059647642329113
1872 0.0009140558528542028
1873 0.0009140558528542028
1874 0.0009140558528542028
1875 0.0009140558528542028
1876 0.0014059647642329113
1877 0.0014059647642329113
1878 0.0009140558528542028
1879 0.0009140558528542028
1880 0.0009140558528542028
1881 0.0009140558528542028
1882 0.0014059647642329113
1883 0.0014059647642329113
1884 0.0009140558528542028
1885 0.0009140558528542028
1886 0.0009140558528542028
1887 0.0009140558528542028
1888 0.0014059647642329113
1889 0.0014059647642329113
1890 0.0009140558528542028
1891 0.0009140558528542028
1892 0.0009140558528542028
1893 0.0009140558528542028
1894 0.0014059647642329113
1895 0.0014059647642329113
1896 0.0009140558528542028
1897 0.0009140558528542028
1898 0.0009140558528542028
1899 0.0009140558528542028
1900 0.0014059647642329113
1901 0.0014059647642329113
1902 0.0009140558528542028
1903 0.0009140558528542028
1904 0.0009140558528542028
1905 0.0009140558528542028
1906 0.0014059647642329113
1907 0.0014059647642329113
1908 0.0009140558528542028
1909 0.0009140558528542028
1910 0.0009140558528542028
1911 0.0009140558528542028
1912 0.0014059647642329113
1913 0.0014059647642329113
1914 0.0009140558528542028
1915 0.0009140558528542028
1916 0.0009140558528542028
1917 0.0009140558528542028
1918 0.0014059647642329113
1919 0.0014059647642329113
1920 0.0009140558528542028
1921 0.0009140558528542028
1922 0.0009140558528542028
1923 0.0009140558528542028
1924 0.0014059647642329113
1925 0.0014059647642329113
1926 0.0009140558528542028
1927 0.0009140558528542028
1928 0.0009140558528542028
1929 0.0009140558528542028
1930 0.0014059647642329113
1931 0.0009140558528542028
1932 0.0009140558528542028
1933 0.0009140558528542028
1934 0.0009140558528542028
1935 0.0014059647642329113
1936 0.0014059647642329113
1937 0.0009140558528542028
1938 0.0009140558528542028
1939 0.0009140558528542028
1940 0.0009140558528542028
1941 0.0014059647642329113
1942 0.0014059647642329113
1943 0.0009140558528542028
1944 0.0009140558528542028
1945 0.0009140558528542028
1946 0.0009140558528542028
1947 0.0014059647642329113
1948 0.0014059647642329113
1949 0.0009140558528542028
1950 0.0009140558528542028
1951 0.0009140558528542028
1952 0.0009140558528542028
1953 0.0014059647642329113
1954 0.0014059647642329113
1955 0.0009140558528542028
1956 0.0009140558528542028
1957 0.0009140558528542028
1958 0.0009140558528542028
1959 0.0014059647642329113
1960 0.0014059647642329113
1961 0.0009140558528542028
1962 0.0009140558528542028
1963 0.0009140558528542028
1964 0.0009140558528542028
1965 0.0014059647642329113
1966 0.0014059647642329113
1967 0.0009140558528542028
1968 0.0009140558528542028
1969 0.0009140558528542028
1970 0.0009140558528542028
1971 0.0014059647642329113
1972 0.0014059647642329113
1973 0.0009140558528542028
1974 0.0009140558528542028
1975 0.0009140558528542028
1976 0.0009140558528542028
1977 0.0014059647642329113
1978 0.0014059647642329113
1979 0.0009140558528542028
1980 0.0009140558528542028
1981 0.0009140558528542028
1982 0.0009140558528542028
1983 0.0014059647642329113
1984 0.0014059647642329113
1985 0.0009140558528542028
1986 0.0009140558528542028
1987 0.0009140558528542028
1988 0.0009140558528542028
1989 0.0014059647642329113
1990 0.0014059647642329113
1991 0.0009140558528542028
1992 0.0009140558528542028
1993 0.0009140558528542028
1994 0.0009140558528542028
1995 0.0014059647642329113
1996 0.0014059647642329113
1997 0.0009140558528542028
1998 0.0009140558528542028
1999 0.0009140558528542028
2000 0.0009140558528542028
2001 0.0014059647642329113
2002 0.0009140558528542028
2003 0.0009140558528542028
2004 0.0009140558528542028
2005 0.0009140558528542028
2006 0.0014059647642329113
2007 0.0014059647642329113
2008 0.0009140558528542028
2009 0.0009140558528542028
2010 0.0009140558528542028
2011 0.0009140558528542028
2012 0.0014059647642329113
2013 0.0014059647642329113
2014 0.0009140558528542028
2015 0.0009140558528542028
2016 0.0009140558528542028
2017 0.0009140558528542028
2018 0.0014059647642329113
2019 0.0014059647642329113
2020 0.0009140558528542028
2021 0.0009140558528542028
2022 0.0009140558528542028
2023 0.0009140558528542028
2024 0.0014059647642329113
2025 0.0014059647642329113
2026 0.0009140558528542028
2027 0.0009140558528542028
2028 0.0009140558528542028
2029 0.0009140558528542028
2030 0.0014059647642329113
2031 0.0014059647642329113
2032 0.0009140558528542028
2033 0.0009140558528542028
2034 0.0009140558528542028
2035 0.0009140558528542028
2036 0.0014059647642329113
2037 0.0014059647642329113
2038 0.0009140558528542028
2039 0.0009140558528542028
2040 0.0009140558528542028
2041 0.0009140558528542028
2042 0.0014059647642329113
2043 0.0014059647642329113
2044 0.0009140558528542028
2045 0.0009140558528542028
2046 0.0009140558528542028
2047 0.0009140558528542028
2048 0.0014059647642329113
2049 0.0014059647642329113
2050 0.0009140558528542028
2051 0.0009140558528542028
2052 0.0009140558528542028
2053 0.0009140558528542028
2054 0.0014059647642329113
2055 0.0014059647642329113
2056 0.0009140558528542028
2057 0.0009140558528542028
2058 0.0009140558528542028
2059 0.0009140558528542028
2060 0.0014059647642329113
2061 0.0014059647642329113
2062 0.0009140558528542028
2063 0.0009140558528542028
2064 0.0009140558528542028
2065 0.0009140558528542028
2066 0.0014059647642329113
2067 0.0014059647642329113
2068 0.0009140558528542028
2069 0.0009140558528542028
2070 0.0009140558528542028
2071 0.0009140558528542028
2072 0.0014059647642329113
2073 0.0009140558528542028
2074 0.0009140558528542028
2075 0.0009140558528542028
2076 0.0009140558528542028
2077 0.0014059647642329113
2078 0.0014059647642329113
2079 0.0009140558528542028
2080 0.0009140558528542028
2081 0.0009140558528542028
2082 0.0009140558528542028
2083 0.0014059647642329113
2084 0.0014059647642329113
2085 0.0009140558528542028
2086 0.0009140558528542028
2087 0.0009140558528542028
2088 0.0009140558528542028
2089 0.0014059647642329113
2090 0.0014059647642329113
2091 0.0009140558528542028
2092 0.0009140558528542028
2093 0.0009140558528542028
2094 0.0009140558528542028
2095 0.0014059647642329113
2096 0.0014059647642329113
2097 0.0009140558528542028
2098 0.0009140558528542028
2099 0.0009140558528542028
2100 0.0009140558528542028
2101 0.0014059647642329113
2102 0.0014059647642329113
2103 0.0009140558528542028
2104 0.0009140558528542028
2105 0.0009140558528542028
2106 0.0009140558528542028
2107 0.0014059647642329113
2108 0.0014059647642329113
2109 0.0009140558528542028
2110 0.0009140558528542028
2111 0.0009140558528542028
2112 0.0009140558528542028
2113 0.0014059647642329113
2114 0.0014059647642329113
2115 0.0009140558528542028
2116 0.0009140558528542028
2117 0.0009140558528542028
2118 0.0009140558528542028
2119 0.0014059647642329113
2120 0.0014059647642329113
2121 0.0009140558528542028
2122 0.0009140558528542028
2123 0.0009140558528542028
2124 0.0009140558528542028
2125 0.0014059647642329113
2126 0.0014059647642329113
2127 0.0009140558528542028
2128 0.0009140558528542028
2129 0.0009140558528542028
2130 0.0009140558528542028
2131 0.0014059647642329113
2132 0.0014059647642329113
2133 0.0009140558528542028
2134 0.0009140558528542028
2135 0.0009140558528542028
2136 0.0009140558528542028
2137 0.0014059647642329113
2138 0.0014059647642329113
2139 0.0009140558528542028
2140 0.0009140558528542028
2141 0.0009140558528542028
2142 0.0009140558528542028
2143 0.0014059647642329113
2144 0.0009140558528542028
2145 0.0009140558528542028
2146 0.0009140558528542028
2147 0.0009140558528542028
2148 0.0014059647642329113
2149 0.0014059647642329113
2150 0.0009140558528542028
2151 0.0009140558528542028
2152 0.0009140558528542028
2153 0.0009140558528542028
2154 0.0014059647642329113
2155 0.0014059647642329113
2156 0.0009140558528542028
2157 0.0009140558528542028
2158 0.0009140558528542028
2159 0.0009140558528542028
2160 0.0014059647642329113
2161 0.0014059647642329113
2162 0.0009140558528542028
2163 0.0009140558528542028
2164 0.0009140558528542028
2165 0.0009140558528542028
2166 0.0014059647642329113
2167 0.0014059647642329113
2168 0.0009140558528542028
2169 0.0009140558528542028
2170 0.0009140558528542028
2171 0.0009140558528542028
2172 0.0014059647642329113
2173 0.0014059647642329113
2174 0.0009140558528542028
2175 0.0009140558528542028
2176 0.0009140558528542028
2177 0.0009140558528542028
2178 0.0014059647642329113
2179 0.0014059647642329113
2180 0.0009140558528542028
2181 0.0009140558528542028
2182 0.0009140558528542028
2183 0.0009140558528542028
2184 0.0014059647642329113
2185 0.0014059647642329113
2186 0.0009140558528542028
2187 0.0009140558528542028
2188 0.0009140558528542028
2189 0.0009140558528542028
2190 0.0014059647642329113
2191 0.0014059647642329113
2192 0.0009140558528542028
2193 0.0009140558528542028
2194 0.0009140558528542028
2195 0.0009140558528542028
2196 0.0014059647642329113
2197 0.0014059647642329113
2198 0.0009140558528542028
2199 0.0009140558528542028
2200 0.0009140558528542028
2201 0.0009140558528542028
2202 0.0014059647642329113
2203 0.0014059647642329113
2204 0.0009140558528542028
2205 0.0009140558528542028
2206 0.0009140558528542028
2207 0.0009140558528542028
2208 0.0014059647642329113
2209 0.0014059647642329113
2210 0.0009140558528542028
2211 0.0009140558528542028
2212 0.0009140558528542028
2213 0.0009140558528542028
2214 0.0014059647642329113
2215 0.0009140558528542028
2216 0.0009140558528542028
2217 0.0009140558528542028
2218 0.0009140558528542028
2219 0.0014059647642329113
2220 0.0014059647642329113
2221 0.0009140558528542028
2222 0.0009140558528542028
2223 0.0009140558528542028
2224 0.0009140558528542028
2225 0.0014059647642329113
2226 0.0014059647642329113
2227 0.0009140558528542028
2228 0.0009140558528542028
2229 0.0009140558528542028
2230 0.0009140558528542028
2231 0.0014059647642329113
2232 0.0014059647642329113
2233 0.0009140558528542028
2234 0.0009140558528542028
2235 0.0009140558528542028
2236 0.0009140558528542028
2237 0.0014059647642329113
2238 0.0014059647642329113
2239 0.0009140558528542028
2240 0.0009140558528542028
2241 0.0009140558528542028
2242 0.0009140558528542028
2243 0.0014059647642329113
2244 0.0014059647642329113
2245 0.0009140558528542028
2246 0.0009140558528542028
2247 0.0009140558528542028
2248 0.0009140558528542028
2249 0.0014059647642329113
2250 0.0014059647642329113
2251 0.0009140558528542028
2252 0.0009140558528542028
2253 0.0009140558528542028
2254 0.0009140558528542028
2255 0.0014059647642329113
2256 0.0014059647642329113
2257 0.0009140558528542028
2258 0.0009140558528542028
2259 0.0009140558528542028
2260 0.0009140558528542028
2261 0.0014059647642329113
2262 0.0014059647642329113
2263 0.0009140558528542028
2264 0.0009140558528542028
2265 0.0009140558528542028
2266 0.0009140558528542028
2267 0.0014059647642329113
2268 0.0014059647642329113
2269 0.0009140558528542028
2270 0.0009140558528542028
2271 0.0009140558528542028
2272 0.0009140558528542028
2273 0.0014059647642329113
2274 0.0014059647642329113
2275 0.0009140558528542028
2276 0.0009140558528542028
2277 0.0009140558528542028
2278 0.0009140558528542028
2279 0.0014059647642329113
2280 0.0014059647642329113
2281 0.0009140558528542028
2282 0.0009140558528542028
2283 0.0009140558528542028
2284 0.0009140558528542028
2285 0.0014059647642329113
2286 0.0009140558528542028
2287 0.0009140558528542028
2288 0.0009140558528542028
2289 0.0009140558528542028
2290 0.0014059647642329113
2291 0.0014059647642329113
2292 0.0009140558528542028
2293 0.0009140558528542028
2294 0.0009140558528542028
2295 0.0009140558528542028
2296 0.0014059647642329113
2297 0.0014059647642329113
2298 0.0009140558528542028
2299 0.0009140558528542028
2300 0.0009140558528542028
2301 0.0009140558528542028
2302 0.0014059647642329113
2303 0.0014059647642329113
2304 0.0009140558528542028
2305 0.0009140558528542028
2306 0.0009140558528542028
2307 0.0009140558528542028
2308 0.0014059647642329113
2309 0.0014059647642329113
2310 0.0009140558528542028
2311 0.0009140558528542028
2312 0.0009140558528542028
2313 0.0009140558528542028
2314 0.0014059647642329113
2315 0.0014059647642329113
2316 0.0009140558528542028
2317 0.0009140558528542028
2318 0.0009140558528542028
2319 0.0009140558528542028
2320 0.0014059647642329113
2321 0.0014059647642329113
2322 0.0009140558528542028
2323 0.0009140558528542028
2324 0.0009140558528542028
2325 0.0009140558528542028
2326 0.0014059647642329113
2327 0.0014059647642329113
2328 0.0009140558528542028
2329 0.0009140558528542028
2330 0.0009140558528542028
2331 0.0009140558528542028
2332 0.0014059647642329113
2333 0.0014059647642329113
2334 0.0009140558528542028
2335 0.0009140558528542028
2336 0.0009140558528542028
2337 0.0009140558528542028
2338 0.0014059647642329113
2339 0.0014059647642329113
2340 0.0009140558528542028
2341 0.0009140558528542028
2342 0.0009140558528542028
2343 0.0009140558528542028
2344 0.0014059647642329113
2345 0.0014059647642329113
2346 0.0009140558528542028
2347 0.0009140558528542028
2348 0.0009140558528542028
2349 0.0009140558528542028
2350 0.0014059647642329113
2351 0.0014059647642329113
2352 0.0009140558528542028
2353 0.0009140558528542028
2354 0.0009140558528542028
2355 0.0009140558528542028
2356 0.0014059647642329113
2357 0.0009140558528542028
2358 0.0009140558528542028
2359 0.0009140558528542028
2360 0.0009140558528542028
2361 0.0014059647642329113
2362 0.0014059647642329113
2363 0.0009140558528542028
2364 0.0009140558528542028
2365 0.0009140558528542028
2366 0.0009140558528542028
2367 0.0014059647642329113
2368 0.0014059647642329113
2369 0.0009140558528542028
2370 0.0009140558528542028
2371 0.0009140558528542028
2372 0.0009140558528542028
2373 0.0014059647642329113
2374 0.0014059647642329113
2375 0.0009140558528542028
2376 0.0009140558528542028
2377 0.0009140558528542028
2378 0.0009140558528542028
2379 0.0014059647642329113
2380 0.0014059647642329113
2381 0.0009140558528542028
2382 0.0009140558528542028
2383 0.0009140558528542028
2384 0.0009140558528542028
2385 0.0014059647642329113
2386 0.0014059647642329113
2387 0.0009140558528542028
2388 0.0009140558528542028
2389 0.0009140558528542028
2390 0.0009140558528542028
2391 0.0014059647642329113
2392 0.0014059647642329113
2393 0.0009140558528542028
2394 0.0009140558528542028
2395 0.0009140558528542028
2396 0.0009140558528542028
2397 0.0014059647642329113
2398 0.0014059647642329113
2399 0.0009140558528542028
2400 0.0009140558528542028
2401 0.0009140558528542028
2402 0.0009140558528542028
2403 0.0014059647642329113
2404 0.0014059647642329113
2405 0.0009140558528542028
2406 0.0009140558528542028
2407 0.0009140558528542028
2408 0.0009140558528542028
2409 0.0014059647642329113
2410 0.0014059647642329113
2411 0.0009140558528542028
2412 0.0009140558528542028
2413 0.0009140558528542028
2414 0.0009140558528542028
2415 0.0014059647642329113
2416 0.0014059647642329113
2417 0.0009140558528542028
2418 0.0009140558528542028
2419 0.0009140558528542028
2420 0.0009140558528542028
2421 0.0014059647642329113
2422 0.0014059647642329113
2423 0.0009140558528542028
2424 0.0009140558528542028
2425 0.0009140558528542028
2426 0.0009140558528542028
2427 0.0014059647642329113
2428 0.0009140558528542028
2429 0.0009140558528542028
2430 0.0009140558528542028
2431 0.0009140558528542028
2432 0.0014059647642329113
2433 0.0014059647642329113
2434 0.0009140558528542028
2435 0.0009140558528542028
2436 0.0009140558528542028
2437 0.0009140558528542028
2438 0.0014059647642329113
2439 0.0014059647642329113
2440 0.0009140558528542028
2441 0.0009140558528542028
2442 0.0009140558528542028
2443 0.0009140558528542028
2444 0.0014059647642329113
2445 0.0014059647642329113
2446 0.0009140558528542028
2447 0.0009140558528542028
2448 0.0009140558528542028
2449 0.0009140558528542028
2450 0.0014059647642329113
2451 0.0014059647642329113
2452 0.0009140558528542028
2453 0.0009140558528542028
2454 0.0009140558528542028
2455 0.0009140558528542028
2456 0.0014059647642329113
2457 0.0014059647642329113
2458 0.0009140558528542028
2459 0.0009140558528542028
2460 0.0009140558528542028
2461 0.0009140558528542028
2462 0.0014059647642329113
2463 0.0014059647642329113
2464 0.0009140558528542028
2465 0.0009140558528542028
2466 0.0009140558528542028
2467 0.0009140558528542028
2468 0.0014059647642329113
2469 0.0014059647642329113
2470 0.0009140558528542028
2471 0.0009140558528542028
2472 0.0009140558528542028
2473 0.0009140558528542028
2474 0.0014059647642329113
2475 0.0014059647642329113
2476 0.0009140558528542028
2477 0.0009140558528542028
2478 0.0009140558528542028
2479 0.0009140558528542028
2480 0.0014059647642329113
2481 0.0014059647642329113
2482 0.0009140558528542028
2483 0.0009140558528542028
2484 0.0009140558528542028
2485 0.0009140558528542028
2486 0.0014059647642329113
2487 0.0014059647642329113
2488 0.0009140558528542028
2489 0.0009140558528542028
2490 0.0009140558528542028
2491 0.0009140558528542028
2492 0.0014059647642329113
2493 0.0014059647642329113
2494 0.0009140558528542028
2495 0.0009140558528542028
2496 0.0009140558528542028
2497 0.0009140558528542028
2498 0.0014059647642329113
2499 0.0009140558528542028
2500 0.0009140558528542028
2501 0.0009140558528542028
2502 0.0009140558528542028
2503 0.0014059647642329113
2504 0.0014059647642329113
2505 0.0009140558528542028
2506 0.0009140558528542028
2507 0.0009140558528542028
2508 0.0009140558528542028
2509 0.0014059647642329113
2510 0.0014059647642329113
2511 0.0009140558528542028
2512 0.0009140558528542028
2513 0.0009140558528542028
2514 0.0009140558528542028
2515 0.0014059647642329113
2516 0.0014059647642329113
2517 0.0009140558528542028
2518 0.0009140558528542028
2519 0.0009140558528542028
2520 0.0009140558528542028
2521 0.0014059647642329113
2522 0.0014059647642329113
2523 0.0009140558528542028
2524 0.0009140558528542028
2525 0.0009140558528542028
2526 0.0009140558528542028
2527 0.0014059647642329113
2528 0.0014059647642329113
2529 0.0009140558528542028
2530 0.0009140558528542028
2531 0.0009140558528542028
2532 0.0009140558528542028
2533 0.0014059647642329113
2534 0.0014059647642329113
2535 0.0009140558528542028
2536 0.0009140558528542028
2537 0.0009140558528542028
2538 0.0009140558528542028
2539 0.0014059647642329113
2540 0.0014059647642329113
2541 0.0009140558528542028
2542 0.0009140558528542028
2543 0.0009140558528542028
2544 0.0009140558528542028
2545 0.0014059647642329113
2546 0.0014059647642329113
2547 0.0009140558528542028
2548 0.0009140558528542028
2549 0.0009140558528542028
2550 0.0009140558528542028
2551 0.0014059647642329113
2552 0.0014059647642329113
2553 0.0009140558528542028
2554 0.0009140558528542028
2555 0.0009140558528542028
2556 0.0009140558528542028
2557 0.0014059647642329113
2558 0.0014059647642329113
2559 0.0009140558528542028
2560 0.0009140558528542028
2561 0.0009140558528542028
2562 0.0009140558528542028
2563 0.0014059647642329113
2564 0.0014059647642329113
2565 0.0009140558528542028
2566 0.0009140558528542028
2567 0.0009140558528542028
2568 0.0009140558528542028
2569 0.0014059647642329113
2570 0.0009140558528542028
2571 0.0009140558528542028
2572 0.0009140558528542028
2573 0.0009140558528542028
2574 0.0014059647642329113
2575 0.0014059647642329113
2576 0.0009140558528542028
2577 0.0009140558528542028
2578 0.0009140558528542028
2579 0.0009140558528542028
2580 0.0014059647642329113
2581 0.0014059647642329113
2582 0.0009140558528542028
2583 0.0009140558528542028
2584 0.0009140558528542028
2585 0.0009140558528542028
2586 0.0014059647642329113
2587 0.0014059647642329113
2588 0.0009140558528542028
2589 0.0009140558528542028
2590 0.0009140558528542028
2591 0.0009140558528542028
2592 0.0014059647642329113
2593 0.0014059647642329113
2594 0.0009140558528542028
2595 0.0009140558528542028
2596 0.0009140558528542028
2597 0.0009140558528542028
2598 0.0014059647642329113
2599 0.0014059647642329113
2600 0.0009140558528542028
2601 0.0009140558528542028
2602 0.0009140558528542028
2603 0.0009140558528542028
2604 0.0014059647642329113
2605 0.0014059647642329113
2606 0.0009140558528542028
2607 0.0009140558528542028
2608 0.0009140558528542028
2609 0.0009140558528542028
2610 0.0014059647642329113
2611 0.0014059647642329113
2612 0.0009140558528542028
2613 0.0009140558528542028
2614 0.0009140558528542028
2615 0.0009140558528542028
2616 0.0014059647642329113
2617 0.0014059647642329113
2618 0.0009140558528542028
2619 0.0009140558528542028
2620 0.0009140558528542028
2621 0.0009140558528542028
2622 0.0014059647642329113
2623 0.0014059647642329113
2624 0.0009140558528542028
2625 0.0009140558528542028
2626 0.0009140558528542028
2627 0.0009140558528542028
2628 0.0014059647642329113
2629 0.0014059647642329113
2630 0.0009140558528542028
2631 0.0009140558528542028
2632 0.0009140558528542028
2633 0.0009140558528542028
2634 0.0014059647642329113
2635 0.0014059647642329113
2636 0.0009140558528542028
2637 0.0009140558528542028
2638 0.0009140558528542028
2639 0.0009140558528542028
2640 0.0014059647642329113
2641 0.0009140558528542028
2642 0.0009140558528542028
2643 0.0009140558528542028
2644 0.0009140558528542028
2645 0.0014059647642329113
2646 0.0014059647642329113
2647 0.0009140558528542028
2648 0.0009140558528542028
2649 0.0009140558528542028
2650 0.0009140558528542028
2651 0.0014059647642329113
2652 0.0014059647642329113
2653 0.0009140558528542028
2654 0.0009140558528542028
2655 0.0009140558528542028
2656 0.0009140558528542028
2657 0.0014059647642329113
2658 0.0014059647642329113
2659 0.0009140558528542028
2660 0.0009140558528542028
2661 0.0009140558528542028
2662 0.0009140558528542028
2663 0.0014059647642329113
2664 0.0014059647642329113
2665 0.0009140558528542028
2666 0.0009140558528542028
2667 0.0009140558528542028
2668 0.0009140558528542028
2669 0.0014059647642329113
2670 0.0014059647642329113
2671 0.0009140558528542028
2672 0.0009140558528542028
2673 0.0009140558528542028
2674 0.0009140558528542028
2675 0.0014059647642329113
2676 0.0014059647642329113
2677 0.0009140558528542028
2678 0.0009140558528542028
2679 0.0009140558528542028
2680 0.0009140558528542028
2681 0.0014059647642329113
2682 0.0014059647642329113
2683 0.0009140558528542028
2684 0.0009140558528542028
2685 0.0009140558528542028
2686 0.0009140558528542028
2687 0.0014059647642329113
2688 0.0014059647642329113
2689 0.0009140558528542028
2690 0.0009140558528542028
2691 0.0009140558528542028
2692 0.0009140558528542028
2693 0.0014059647642329113
2694 0.0014059647642329113
2695 0.0009140558528542028
2696 0.0009140558528542028
2697 0.0009140558528542028
2698 0.0009140558528542028
2699 0.0014059647642329113
2700 0.0014059647642329113
2701 0.0009140558528542028
2702 0.0009140558528542028
2703 0.0009140558528542028
2704 0.0009140558528542028
2705 0.0014059647642329113
2706 0.0014059647642329113
2707 0.0009140558528542028
2708 0.0009140558528542028
2709 0.0009140558528542028
2710 0.0009140558528542028
2711 0.0014059647642329113
2712 0.0009140558528542028
2713 0.0009140558528542028
2714 0.0009140558528542028
2715 0.0009140558528542028
2716 0.0014059647642329113
2717 0.0014059647642329113
2718 0.0009140558528542028
2719 0.0009140558528542028
2720 0.0009140558528542028
2721 0.0009140558528542028
2722 0.0014059647642329113
2723 0.0014059647642329113
2724 0.0009140558528542028
2725 0.0009140558528542028
2726 0.0009140558528542028
2727 0.0009140558528542028
2728 0.0014059647642329113
2729 0.0014059647642329113
2730 0.0009140558528542028
2731 0.0009140558528542028
2732 0.0009140558528542028
2733 0.0009140558528542028
2734 0.0014059647642329113
2735 0.0014059647642329113
2736 0.0009140558528542028
2737 0.0009140558528542028
2738 0.0009140558528542028
2739 0.0009140558528542028
2740 0.0014059647642329113
2741 0.0014059647642329113
2742 0.0009140558528542028
2743 0.0009140558528542028
2744 0.0009140558528542028
2745 0.0009140558528542028
2746 0.0014059647642329113
2747 0.0014059647642329113
2748 0.0009140558528542028
2749 0.0009140558528542028
2750 0.0009140558528542028
2751 0.0009140558528542028
2752 0.0014059647642329113
2753 0.0014059647642329113
2754 0.0009140558528542028
2755 0.0009140558528542028
2756 0.0009140558528542028
2757 0.0009140558528542028
2758 0.0014059647642329113
2759 0.0014059647642329113
2760 0.0009140558528542028
2761 0.0009140558528542028
2762 0.0009140558528542028
2763 0.0009140558528542028
2764 0.0014059647642329113
2765 0.0014059647642329113
2766 0.0009140558528542028
2767 0.0009140558528542028
2768 0.0009140558528542028
2769 0.0009140558528542028
2770 0.0014059647642329113
2771 0.0014059647642329113
2772 0.0009140558528542028
2773 0.0009140558528542028
2774 0.0009140558528542028
2775 0.0009140558528542028
2776 0.0014059647642329113
2777 0.0014059647642329113
2778 0.0009140558528542028
2779 0.0009140558528542028
2780 0.0009140558528542028
2781 0.0009140558528542028
2782 0.0014059647642329113
2783 0.0009140558528542028
2784 0.0009140558528542028
2785 0.0009140558528542028
2786 0.0009140558528542028
2787 0.0014059647642329113
2788 0.0014059647642329113
2789 0.0009140558528542028
2790 0.0009140558528542028
2791 0.0009140558528542028
2792 0.0009140558528542028
2793 0.0014059647642329113
2794 0.0014059647642329113
2795 0.0009140558528542028
2796 0.0009140558528542028
2797 0.0009140558528542028
2798 0.0009140558528542028
2799 0.0014059647642329113
2800 0.0014059647642329113
2801 0.0009140558528542028
2802 0.0009140558528542028
2803 0.0009140558528542028
2804 0.0009140558528542028
2805 0.0014059647642329113
2806 0.0014059647642329113
2807 0.0009140558528542028
2808 0.0009140558528542028
2809 0.0009140558528542028
2810 0.0009140558528542028
2811 0.0014059647642329113
2812 0.0014059647642329113
2813 0.0009140558528542028
2814 0.0009140558528542028
2815 0.0009140558528542028
2816 0.0009140558528542028
2817 0.0014059647642329113
2818 0.0014059647642329113
2819 0.0009140558528542028
2820 0.0009140558528542028
2821 0.0009140558528542028
2822 0.0009140558528542028
2823 0.0014059647642329113
2824 0.0014059647642329113
2825 0.0009140558528542028
2826 0.0009140558528542028
2827 0.0009140558528542028
2828 0.0009140558528542028
2829 0.0014059647642329113
2830 0.0014059647642329113
2831 0.0009140558528542028
2832 0.0009140558528542028
2833 0.0009140558528542028
2834 0.0009140558528542028
2835 0.0014059647642329113
2836 0.0014059647642329113
2837 0.0009140558528542028
2838 0.0009140558528542028
2839 0.0009140558528542028
2840 0.0009140558528542028
2841 0.0014059647642329113
2842 0.0014059647642329113
2843 0.0009140558528542028
2844 0.0009140558528542028
2845 0.0009140558528542028
2846 0.0009140558528542028
2847 0.0014059647642329113
2848 0.0014059647642329113
2849 0.0009140558528542028
2850 0.0009140558528542028
2851 0.0009140558528542028
2852 0.0009140558528542028
2853 0.0014059647642329113
2854 0.0009140558528542028
2855 0.0009140558528542028
2856 0.0009140558528542028
2857 0.0009140558528542028
2858 0.0014059647642329113
2859 0.0009140558528542028
2860 0.0009140558528542028
2861 0.0009140558528542028
2862 0.0009140558528542028
2863 0.0014059647642329113
2864 0.0009140558528542028
2865 0.0009140558528542028
2866 0.0009140558528542028
2867 0.0009140558528542028
2868 0.0014059647642329113
2869 0.0009140558528542028
2870 0.0009140558528542028
2871 0.0009140558528542028
2872 0.0009140558528542028
2873 0.0014059647642329113
2874 0.0009140558528542028
2875 0.0009140558528542028
2876 0.0009140558528542028
2877 0.0009140558528542028
2878 0.0014059647642329113
2879 0.0009140558528542028
2880 0.0009140558528542028
2881 0.0009140558528542028
2882 0.0009140558528542028
2883 0.0014059647642329113
2884 0.0009140558528542028
2885 0.0009140558528542028
2886 0.0009140558528542028
2887 0.0009140558528542028
2888 0.0014059647642329113
2889 0.0009140558528542028
2890 0.0009140558528542028
2891 0.0009140558528542028
2892 0.0009140558528542028
2893 0.0014059647642329113
2894 0.0009140558528542028
2895 0.0009140558528542028
2896 0.0009140558528542028
2897 0.0009140558528542028
2898 0.0014059647642329113
2899 0.0009140558528542028
2900 0.0009140558528542028
2901 0.0009140558528542028
2902 0.0009140558528542028
2903 0.0014059647642329113
2904 0.0009140558528542028
2905 0.0009140558528542028
2906 0.0009140558528542028
2907 0.0009140558528542028
2908 0.0014059647642329113
2909 0.0009140558528542028
2910 0.0009140558528542028
2911 0.0009140558528542028
2912 0.0009140558528542028
2913 0.0009140558528542028
2914 0.0009140558528542028
2915 0.0009140558528542028
2916 0.0009140558528542028
2917 0.012235294117647058
2918 0.006505445863801528
2919 0.012235294117647058
2920 0.006505445863801528
2921 0.012235294117647058
2922 0.006505445863801528
2923 0.012235294117647058
2924 0.006505445863801528
2925 0.012235294117647058
2926 0.006505445863801528
2927 0.012235294117647058
2928 0.006505445863801528
2929 0.012235294117647058
2930 0.006505445863801528
2931 0.012235294117647058
2932 0.006505445863801528
2933 0.012235294117647058
2934 0.006505445863801528
2935 0.012235294117647058
2936 0.006505445863801528
2937 0.012235294117647058
2938 0.006505445863801528
2939 0.012235294117647058
2940 0.006505445863801528
2941 0.012235294117647058
2942 0.006505445863801528
2943 0.012235294117647058
2944 0.006505445863801528
2945 0.012235294117647058
2946 0.006505445863801528
2947 0.012235294117647058
2948 0.006505445863801528
2949 0.012235294117647058
2950 0.006505445863801528
2951 0.012235294117647058
2952 0.006505445863801528
2953 0.012235294117647058
2954 0.006505445863801528
2955 0.012235294117647058
2956 0.006505445863801528
2957 0.012235294117647058
2958 0.006505445863801528
2959 0.012235294117647058
2960 0.006505445863801528
2961 0.012235294117647058
2962 0.006505445863801528
2963 0.012235294117647058
2964 0.006505445863801528
2965 0.012235294117647058
2966 0.006505445863801528
2967 0.012235294117647058
2968 0.006505445863801528
2969 0.012235294117647058
2970 0.006505445863801528
2971 0.012235294117647058
2972 0.006505445863801528
2973 0.012235294117647058
2974 0.006505445863801528
2975 0.012235294117647058
2976 0.006505445863801528
2977 0.012235294117647058
2978 0.006505445863801528
2979 0.012235294117647058
2980 0.006505445863801528
2981 0.012235294117647058
2982 0.006505445863801528
2983 0.012235294117647058
2984 0.006505445863801528
2985 0.012235294117647058
2986 0.006505445863801528
2987 0.012235294117647058
2988 0.006505445863801528
2989 0.012235294117647058
2990 0.006505445863801528
2991 0.012235294117647058
2992 0.006505445863801528
2993 0.012235294117647058
2994 0.006505445863801528
2995 0.012235294117647058
2996 0.006505445863801528
2997 0.012235294117647058
2998 0.006505445863801528
2999 0.012235294117647058
3000 0.006505445863801528
3001 0.012235294117647058
3002 0.006505445863801528
3003 0.012235294117647058
3004 0.006505445863801528
3005 0.012235294117647058
3006 0.006505445863801528
3007 0.012235294117647058
3008 0.006505445863801528
3009 0.012235294117647058
3010 0.006505445863801528
3011 0.012235294117647058
3012 0.006505445863801528
3013 0.012235294117647058
3014 0.006505445863801528
3015 0.012235294117647058
3016 0.006505445863801528
3017 0.012235294117647058
3018 0.006505445863801528
3019 0.012235294117647058
3020 0.006505445863801528
3021 0.012235294117647058
3022 0.006505445863801528
3023 0.012235294117647058
3024 0.006505445863801528
3025 0.012235294117647058
3026 0.006505445863801528
3027 0.012235294117647058
3028 0.006505445863801528
3029 0.012235294117647058
3030 0.006505445863801528
3031 0.012235294117647058
3032 0.006505445863801528
3033 0.012235294117647058
3034 0.006505445863801528
3035 0.012235294117647058
3036 0.006505445863801528
3037 0.012235294117647058
3038 0.006505445863801528
3039 0.012235294117647058
3040 0.006505445863801528
3041 0.012235294117647058
3042 0.006505445863801528
3043 0.012235294117647058
3044 0.006505445863801528
3045 0.012235294117647058
3046 0.006505445863801528
3047 0.012235294117647058
3048 0.006505445863801528
3049 0.012235294117647058
3050 0.006505445863801528
3051 0.012235294117647058
3052 0.006505445863801528
3053 0.012235294117647058
3054 0.006505445863801528
3055 0.012235294117647058
3056 0.006505445863801528
3057 0.012235294117647058
3058 0.006505445863801528
3059 0.012235294117647058
3060 0.006505445863801528
3061 0.012235294117647058
3062 0.006505445863801528
3063 0.012235294117647058
3064 0.006505445863801528
3065 0.012235294117647058
3066 0.006505445863801528
3067 0.012235294117647058
3068 0.006505445863801528
3069 0.012235294117647058
3070 0.006505445863801528
3071 0.012235294117647058
3072 0.006505445863801528
3073 0.012235294117647058
3074 0.006505445863801528
3075 0.012235294117647058
3076 0.006505445863801528
3077 0.012235294117647058
3078 0.006505445863801528
3079 0.012235294117647058
3080 0.006505445863801528
3081 0.012235294117647058
3082 0.006505445863801528
3083 0.012235294117647058
3084 0.006505445863801528
3085 0.012235294117647058
3086 0.006505445863801528
3087 0.012235294117647058
3088 0.006505445863801528
3089 0.012235294117647058
3090 0.006505445863801528
3091 0.012235294117647058
3092 0.006505445863801528
3093 0.012235294117647058
3094 0.006505445863801528
3095 0.012235294117647058
3096 0.006505445863801528
3097 0.012235294117647058
3098 0.006505445863801528
$EndElementData
$ElementData
1
"Attribute:TorsionConstant"
1
0
3
0
1
3098
1 6.671750497336342e-06
2 6.671750497336342e-06
3 6.671750497336342e-06
4 6.671750497336342e-06
5 6.671750497336342e-06
6 6.671750497336342e-06
7 6.671750497336342e-06
8 6.671750497336342e-06
9 6.671750497336342e-06
10 6.671750497336342e-06
11 6.671750497336342e-06
12 6.671750497336342e-06
13 6.671750497336342e-06
14 6.671750497336342e-06
15 6.671750497336342e-06
16 6.671750497336342e-06
17 6.671750497336342e-06
18 6.671750497336342e-06
19 6.671750497336342e-06
20 6.671750497336342e-06
21 6.671750497336342e-06
22 6.671750497336342e-06
23 6.671750497336342e-06
24 6.671750497336342e-06
25 5.384421066339269e-06
26 5.384421066339269e-06
27 5.384421066339269e-06
28 5.384421066339269e-06
29 5.384421066339269e-06
30 5.384421066339269e-06
31 5.384421066339269e-06
32 5.384421066339269e-06
33 5.384421066339269e-06
34 5.384421066339269e-06
35 5.384421066339269e-06
36 5.384421066339269e-06
37 5.384421066339269e-06
38 5.384421066339269e-06
39 5.384421066339269e-06
40 5.384421066339269e-06
41 5.384421066339269e-06
42 5.384421066339269e-06
43 5.384421066339269e-06
44 5.384421066339269e-06
45 5.384421066339269e-06
46 5.384421066339269e-06
47 5.384421066339269e-06
48 5.384421066339269e-06
49 6.671750497336342e-06
50 6.671750497336342e-06
51 6.671750497336342e-06
52 6.671750497336342e-06
53 6.671750497336342e-06
54 6.671750497336342e-06
55 6.671750497336342e-06
56 6.671750497336342e-06
57 6.671750497336342e-06
58 6.671750497336342e-06
59 6.671750497336342e-06
60 6.671750497336342e-06
61 6.671750497336342e-06
62 6.671750497336342e-06
63 6.671750497336342e-06
64 6.671750497336342e-06
65 6.671750497336342e-06
66 6.671750497336342e-06
67 6.671750497336342e-06
68 6.671750497336342e-06
69 6.671750497336342e-06
70 6.671750497336342e-06
71 6.671750497336342e-06
72 6.671750497336342e-06
73 5.384421066339269e-06
74 5.384421066339269e-06
75 5.384421066339269e-06
76 5.384421066339269e-06
77 5.384421066339269e-06
78 5.384421066339269e-06
79 5.384421066339269e-06
80 5.384421066339269e-06
81 5.384421066339269e-06
82 5.384421066339269e-06
83 5.384421066339269e-06
84 5.384421066339269e-06
85 5.384421066339269e-06
86 5.384421066339269e-06
87 5.384421066339269e-06
88 5.384421066339269e-06
89 5.384421066339269e-06
90 5.384421066339269e-06
91 5.384421066339269e-06
92 5.384421066339269e-06
93 5.384421066339269e-06
94 5.384421066339269e-06
95 5.384421066339269e-06
96 5.384421066339269e-06
97 6.671750497336342e-06
98 6.671750497336342e-06
99 6.671750497336342e-06
100 6.671750497336342e-06
101 6.671750497336342e-06
102 6.671750497336342e-06
103 6.671750497336342e-06
104 6.671750497336342e-06
105 6.671750497336342e-06
106 6.671750497336342e-06
107 6.671750497336342e-06
108 6.671750497336342e-06
109 6.671750497336342e-06
110 6.671750497336342e-06
111 6.671750497336342e-06
112 6.671750497336342e-06
113 6.671750497336342e-06
114 6.671750497336342e-06
115 6.671750497336342e-06
116 6.671750497336342e-06
117 6.671750497336342e-06
118 6.671750497336342e-06
119 6.671750497336342e-06
120 6.671750497336342e-06
121 5.384421066339269e-06
122 5.384421066339269e-06
123 5.384421066339269e-06
124 5.384421066339269e-06
125 5.384421066339269e-06
126 5.384421066339269e-06
127 5.384421066339269e-06
128 5.384421066339269e-06
129 5.384421066339269e-06
130 5.384421066339269e-06
131 5.384421066339269e-06
132 5.384421066339269e-06
133 5.384421066339269e-06
134 5.384421066339269e-06
135 5.384421066339269e-06
136 5.384421066339269e-06
137 5.384421066339269e-06
138 5.384421066339269e-06
139 5.384421066339269e-06
140 5.384421066339269e-06
141 5.384421066339269e-06
142 5.384421066339269e-06
143 5.384421066339269e-06
144 5.384421066339269e-06
145 6.671750497336342e-06
146 6.671750497336342e-06
147 6.671750497336342e-06
148 6.671750497336342e-06
149 6.671750497336342e-06
150 6.671750497336342e-06
151 6.671750497336342e-06
152 6.671750497336342e-06
153 6.671750497336342e-06
154 6.671750497336342e-06
155 6.671750497336342e-06
156 6.671750497336342e-06
157 6.671750497336342e-06
158 6.671750497336342e-06
159 6.671750497336342e-06
160 6.671750497336342e-06
161 6.671750497336342e-06
162 6.671750497336342e-06
163 6.671750497336342e-06
164 6.671750497336342e-06
165 6.671750497336342e-06
166 6.671750497336342e-06
167 6.671750497336342e-06
168 6.671750497336342e-06
169 5.384421066339269e-06
170 5.384421066339269e-06
171 5.384421066339269e-06
172 5.384421066339269e-06
173 5.384421066339269e-06
174 5.384421066339269e-06
175 5.384421066339269e-06
176 5.384421066339269e-06
177 5.384421066339269e-06
178 5.384421066339269e-06
179 5.384421066339269e-06
180 5.384421066339269e-06
181 5.384421066339269e-06
182 5.384421066339269e-06
183 5.384421066339269e-06
184 5.384421066339269e-06
185 5.384421066339269e-06
186 5.384421066339269e-06
187 5.384421066339269e-06
188 5.384421066339269e-06
189 5.384421066339269e-06
190 5.384421066339269e-06
191 5.384421066339269e-06
192 5.384421066339269e-06
193 6.671750497336342e-06
194 6.671750497336342e-06
195 6.671750497336342e-06
196 6.671750497336342e-06
197 6.671750497336342e-06
198 6.671750497336342e-06
199 6.671750497336342e-06
200 6.671750497336342e-06
201 6.671750497336342e-06
202 6.671750497336342e-06
203 6.671750497336342e-06
204 6.671750497336342e-06
205 6.671750497336342e-06
206 6.671750497336342e-06
207 6.671750497336342e-06
208 6.671750497336342e-06
209 6.671750497336342e-06
210 6.671750497336342e-06
211 6.671750497336342e-06
212 6.671750497336342e-06
213 6.671750497336342e-06
214 6.671750497336342e-06
215 6.671750497336342e-06
216 6.671750497336342e-06
217 5.384421066339269e-06
218 5.384421066339269e-06
219 5.384421066339269e-06
220 5.384421066339269e-06
221 5.384421066339269e-06
222 5.384421066339269e-06
223 5.384421066339269e-06
224 5.384421066339269e-06
225 5.384421066339269e-06
226 5.384421066339269e-06
227 5.384421066339269e-06
228 5.384421066339269e-06
229 5.384421066339269e-06
230 5.384421066339269e-06
231 5.384421066339269e-06
232 5.384421066339269e-06
233 5.384421066339269e-06
234 5.384421066339269e-06
235 5.384421066339269e-06
236 5.384421066339269e-06
237 5.384421066339269e-06
238 5.384421066339269e-06
239 5.384421066339269e-06
240 5.384421066339269e-06
241 6.671750497336342e-06
242 6.671750497336342e-06
243 6.671750497336342e-06
244 6.671750497336342e-06
245 6.671750497336342e-06
246 6.671750497336342e-06
247 6.671750497336342e-06
248 6.671750497336342e-06
249 6.671750497336342e-06
250 6.671750497336342e-06
251 6.671750497336342e-06
252 6.671750497336342e-06
253 6.671750497336342e-06
254 6.671750497336342e-06
255 6.671750497336342e-06
256 6.671750497336342e-06
257 6.671750497336342e-06
258 6.671750497336342e-06
259 6.671750497336342e-06
260 6.671750497336342e-06
261 6.671750497336342e-06
262 6.671750497336342e-06
263 6.671750497336342e-06
264 6.671750497336342e-06
265 5.384421066339269e-06
266 5.384421066339269e-06
267 5.384421066339269e-06
268 5.384421066339269e-06
269 5.384421066339269e-06
270 5.384421066339269e-06
271 5.384421066339269e-06
272 5.384421066339269e-06
273 5.384421066339269e-06
274 5.384421066339269e-06
275 5.384421066339269e-06
276 5.384421066339269e-06
277 5.384421066339269e-06
278 5.384421066339269e-06
279 5.384421066339269e-06
280 5.384421066339269e-06
281 5.384421066339269e-06
282 5.384421066339269e-06
283 5.384421066339269e-06
284 5.384421066339269e-06
285 5.384421066339269e-06
286 5.384421066339269e-06
287 5.384421066339269e-06
288 5.384421066339269e-06
289 6.671750497336342e-06
290 6.671750497336342e-06
291 6.671750497336342e-06
292 6.671750497336342e-06
293 6.671750497336342e-06
294 6.671750497336342e-06
295 6.671750497336342e-06
296 6.671750497336342e-06
297 6.671750497336342e-06
298 6.671750497336342e-06
299 6.671750497336342e-06
300 6.671750497336342e-06
301 6.671750497336342e-06
302 6.671750497336342e-06
303 6.671750497336342e-06
304 6.671750497336342e-06
305 6.671750497336342e-06
306 6.671750497336342e-06
307 6.671750497336342e-06
308 6.671750497336342e-06
309 6.671750497336342e-06
310 6.671750497336342e-06
311 6.671750497336342e-06
312 6.671750497336342e-06
313 6.671750497336342e-06
314 6.671750497336342e-06
315 6.671750497336342e-06
316 6.671750497336342e-06
317 6.671750497336342e-06
318 6.671750497336342e-06
319 6.671750497336342e-06
320 6.671750497336342e-06
321 6.671750497336342e-06
322 6.671750497336342e-06
323 6.671750497336342e-06
324 6.671750497336342e-06
325 5.384421066339269e-06
326 5.384421066339269e-06
327 5.384421066339269e-06
328 5.384421066339269e-06
329 5.384421066339269e-06
330 5.384421066339269e-06
331 5.384421066339269e-06
332 5.384421066339269e-06
333 5.384421066339269e-06
334 5.384421066339269e-06
335 5.384421066339269e-06
336 5.384421066339269e-06
337 6.671750497336342e-06
338 6.671750497336342e-06
339 6.671750497336342e-06
340 6.671750497336342e-06
341 6.671750497336342e-06
342 6.671750497336342e-06
343 6.671750497336342e-06
344 6.671750497336342e-06
345 6.671750497336342e-06
346 6.671750497336342e-06
347 6.671750497336342e-06
348 6.671750497336342e-06
349 5.384421066339269e-06
350 5.384421066339269e-06
351 5.384421066339269e-06
352 5.384421066339269e-06
353 5.384421066339269e-06
354 5.384421066339269e-06
355 5.384421066339269e-06
356 5.384421066339269e-06
357 5.384421066339269e-06
358 5.384421066339269e-06
359 5.384421066339269e-06
360 5.384421066339269e-06
361 6.671750497336342e-06
362 6.671750497336342e-06
363 6.671750497336342e-06
364 6.671750497336342e-06
365 6.671750497336342e-06
366 6.671750497336342e-06
367 6.671750497336342e-06
368 6.671750497336342e-06
369 6.671750497336342e-06
370 6.671750497336342e-06
371 6.671750497336342e-06
372 6.671750497336342e-06
373 5.384421066339269e-06
374 5.384421066339269e-06
375 5.384421066339269e-06
376 5.384421066339269e-06
377 5.384421066339269e-06
378 5.384421066339269e-06
379 5.384421066339269e-06
380 5.384421066339269e-06
381 5.384421066339269e-06
382 5.384421066339269e-06
383 5.384421066339269e-06
384 5.384421066339269e-06
385 6.671750497336342e-06
386 6.671750497336342e-06
387 6.671750497336342e-06
388 6.671750497336342e-06
389 6.671750497336342e-06
390 6.671750497336342e-06
391 6.671750497336342e-06
392 6.671750497336342e-06
393 6.671750497336342e-06
394 6.671750497336342e-06
395 6.671750497336342e-06
396 6.671750497336342e-06
397 5.384421066339269e-06
398 5.384421066339269e-06
399 5.384421066339269e-06
400 5.384421066339269e-06
401 5.384421066339269e-06
402 5.384421066339269e-06
403 5.384421066339269e-06
404 5.384421066339269e-06
405 5.384421066339269e-06
406 5.384421066339269e-06
407 5.384421066339269e-06
408 5.384421066339269e-06
409 6.671750497336342e-06
410 6.671750497336342e-06
411 6.671750497336342e-06
412 6.671750497336342e-06
413 6.671750497336342e-06
414 6.671750497336342e-06
415 6.671750497336342e-06
416 6.671750497336342e-06
417 6.671750497336342e-06
418 6.671750497336342e-06
419 6.671750497336342e-06
420 6.671750497336342e-06
421 5.384421066339269e-06
422 5.384421066339269e-06
423 5.384421066339269e-06
424 5.384421066339269e-06
425 5.384421066339269e-06
426 5.384421066339269e-06
427 5.384421066339269e-06
428 5.384421066339269e-06
429 5.384421066339269e-06
430 5.384421066339269e-06
431 5.384421066339269e-06
432 5.384421066339269e-06
433 6.671750497336342e-06
434 6.671750497336342e-06
435 6.671750497336342e-06
436 6.671750497336342e-06
437 6.671750497336342e-06
438 6.671750497336342e-06
439 6.671750497336342e-06
440 6.671750497336342e-06
441 6.671750497336342e-06
442 6.671750497336342e-06
443 6.671750497336342e-06
444 6.671750497336342e-06
445 5.384421066339269e-06
446 5.384421066339269e-06
447 5.384421066339269e-06
448 5.384421066339269e-06
449 5.384421066339269e-06
450 5.384421066339269e-06
451 5.384421066339269e-06
452 5.384421066339269e-06
453 5.384421066339269e-06
454 5.384421066339269e-06
455 5.384421066339269e-06
456 5.384421066339269e-06
457 6.671750497336342e-06
458 6.671750497336342e-06
459 6.671750497336342e-06
460 6.671750497336342e-06
461 6.671750497336342e-06
462 6.671750497336342e-06
463 6.671750497336342e-06
464 6.671750497336342e-06
465 6.671750497336342e-06
466 6.671750497336342e-06
467 6.671750497336342e-06
468 6.671750497336342e-06
469 5.384421066339269e-06
470 5.384421066339269e-06
471 5.384421066339269e-06
472 5.384421066339269e-06
473 5.384421066339269e-06
474 5.384421066339269e-06
475 5.384421066339269e-06
476 5.384421066339269e-06
477 5.384421066339269e-06
478 5.384421066339269e-06
479 5.384421066339269e-06
480 5.384421066339269e-06
481 6.671750497336342e-06
482 6.671750497336342e-06
483 6.671750497336342e-06
484 6.671750497336342e-06
485 6.671750497336342e-06
486 6.671750497336342e-06
487 6.671750497336342e-06
488 6.671750497336342e-06
489 6.671750497336342e-06
490 6.671750497336342e-06
491 6.671750497336342e-06
492 6.671750497336342e-06
493 5.384421066339269e-06
494 5.384421066339269e-06
495 5.384421066339269e-06
496 5.384421066339269e-06
497 5.384421066339269e-06
498 5.384421066339269e-06
499 5.384421066339269e-06
500 5.384421066339269e-06
501 5.384421066339269e-06
502 5.384421066339269e-06
503 5.384421066339269e-06
504 5.384421066339269e-06
505 6.671750497336342e-06
506 6.671750497336342e-06
507 6.671750497336342e-06
508 6.671750497336342e-06
509 6.671750497336342e-06
510 6.671750497336342e-06
511 6.671750497336342e-06
512 6.671750497336342e-06
513 6.671750497336342e-06
514 6.671750497336342e-06
515 6.671750497336342e-06
516 6.671750497336342e-06
517 5.384421066339269e-06
518 5.384421066339269e-06
519 5.384421066339269e-06
520 5.384421066339269e-06
521 5.384421066339269e-06
522 5.384421066339269e-06
523 5.384421066339269e-06
524 5.384421066339269e-06
525 5.384421066339269e-06
526 5.384421066339269e-06
527 5.384421066339269e-06
528 5.384421066339269e-06
529 6.671750497336342e-06
530 6.671750497336342e-06
531 6.671750497336342e-06
532 6.671750497336342e-06
533 6.671750497336342e-06
534 6.671750497336342e-06
535 6.671750497336342e-06
536 6.671750497336342e-06
537 6.671750497336342e-06
538 6.671750497336342e-06
539 6.671750497336342e-06
540 6.671750497336342e-06
541 5.384421066339269e-06
542 5.384421066339269e-06
543 5.384421066339269e-06
544 5.384421066339269e-06
545 5.384421066339269e-06
546 5.384421066339269e-06
547 5.384421066339269e-06
548 5.384421066339269e-06
549 5.384421066339269e-06
550 5.384421066339269e-06
551 5.384421066339269e-06
552 5.384421066339269e-06
553 6.671750497336342e-06
554 6.671750497336342e-06
555 6.671750497336342e-06
556 6.671750497336342e-06
557 6.671750497336342e-06
558 6.671750497336342e-06
559 6.671750497336342e-06
560 6.671750497336342e-06
561 6.671750497336342e-06
562 6.671750497336342e-06
563 6.671750497336342e-06
564 6.671750497336342e-06
565 5.384421066339269e-06
566 5.384421066339269e-06
567 5.384421066339269e-06
568 5.384421066339269e-06
569 5.384421066339269e-06
570 5.384421066339269e-06
571 5.384421066339269e-06
572 5.384421066339269e-06
573 5.384421066339269e-06
574 5.384421066339269e-06
575 5.384421066339269e-06
576 5.384421066339269e-06
577 6.671750497336342e-06
578 6.671750497336342e-06
579 6.671750497336342e-06
580 6.671750497336342e-06
581 6.671750497336342e-06
582 6.671750497336342e-06
583 6.671750497336342e-06
584 6.671750497336342e-06
585 6.671750497336342e-06
586 6.671750497336342e-06
587 6.671750497336342e-06
588 6.671750497336342e-06
589 5.384421066339269e-06
590 5.384421066339269e-06
591 5.384421066339269e-06
592 5.384421066339269e-06
593 5.384421066339269e-06
594 5.384421066339269e-06
595 5.384421066339269e-06
596 5.384421066339269e-06
597 5.384421066339269e-06
598 5.384421066339269e-06
599 5.384421066339269e-06
600 5.384421066339269e-06
601 6.671750497336342e-06
602 6.671750497336342e-06
603 6.671750497336342e-06
604 6.671750497336342e-06
605 6.671750497336342e-06
606 6.671750497336342e-06
607 6.671750497336342e-06
608 6.671750497336342e-06
609 6.671750497336342e-06
610 6.671750497336342e-06
611 6.671750497336342e-06
612 6.671750497336342e-06
613 1.1772412243226211e-05
614 1.1772412243226211e-05
615 1.1772412243226211e-05
616 1.1772412243226211e-05
617 1.1772412243226211e-05
618 1.1772412243226211e-05
619 1.1772412243226211e-05
620 1.1772412243226211e-05
621 1.1772412243226211e-05
622 1.1772412243226211e-05
623 1.1772412243226211e-05
624 1.1772412243226211e-05
625 1.1772412243226211e-05
626 1.1772412243226211e-05
627 1.1772412243226211e-05
628 1.1772412243226211e-05
629 1.1772412243226211e-05
630 1.1772412243226211e-05
631 1.1772412243226211e-05
632 1.1772412243226211e-05
633 1.1772412243226211e-05
634 1.1772412243226211e-05
635 1.1772412243226211e-05
636 1.1772412243226211e-05
637 1.1772412243226211e-05
638 1.1772412243226211e-05
639 1.1772412243226211e-05
640 1.1772412243226211e-05
641 1.1772412243226211e-05
642 1.1772412243226211e-05
643 1.1772412243226211e-05
644 1.1772412243226211e-05
645 1.1772412243226211e-05
646 1.1772412243226211e-05
647 1.1772412243226211e-05
648 1.1772412243226211e-05
649 1.1772412243226211e-05
650 1.1772412243226211e-05
651 1.1772412243226211e-05
652 1.1772412243226211e-05
653 1.1772412243226211e-05
654 1.1772412243226211e-05
655 1.1772412243226211e-05
656 1.1772412243226211e-05
657 1.1772412243226211e-05
658 1.1772412243226211e-05
659 1.1772412243226211e-05
660 1.1772412243226211e-05
661 1.1772412243226211e-05
662 1.1772412243226211e-05
663 1.1772412243226211e-05
664 1.1772412243226211e-05
665 1.1772412243226211e-05
666 1.1772412243226211e-05
667 1.1772412243226211e-05
668 1.1772412243226211e-05
669 1.1772412243226211e-05
670 1.1772412243226211e-05
671 1.1772412243226211e-05
672 1.1772412243226211e-05
673 1.1772412243226211e-05
674 1.1772412243226211e-05
675 1.1772412243226211e-05
676 1.1772412243226211e-05
677 1.1772412243226211e-05
678 1.1772412243226211e-05
679 1.1772412243226211e-05
680 1.1772412243226211e-05
681 1.1772412243226211e-05
682 1.1772412243226211e-05
683 1.1772412243226211e-05
684 1.1772412243226211e-05
685 1.1772412243226211e-05
686 1.1772412243226211e-05
687 1.1772412243226211e-05
688 1.1772412243226211e-05
689 1.1772412243226211e-05
690 1.1772412243226211e-05
691 1.1772412243226211e-05
692 1.1772412243226211e-05
693 1.1772412243226211e-05
694 1.1772412243226211e-05
695 1.1772412243226211e-05
696 1.1772412243226211e-05
697 1.1772412243226211e-05
698 1.1772412243226211e-05
699 1.1772412243226211e-05
700 1.1772412243226211e-05
701 1.1772412243226211e-05
702 1.1772412243226211e-05
703 1.1772412243226211e-05
704 1.1772412243226211e-05
705 1.1772412243226211e-05
706 1.1772412243226211e-05
707 1.1772412243226211e-05
708 1.1772412243226211e-05
709 1.1772412243226211e-05
710 1.1772412243226211e-05
711 1.1772412243226211e-05
712 1.1772412243226211e-05
713 1.1772412243226211e-05
714 1.1772412243226211e-05
715 1.1772412243226211e-05
716 1.1772412243226211e-05
717 1.1772412243226211e-05
718 1.1772412243226211e-05
719 1.1772412243226211e-05
720 1.1772412243226211e-05
721 1.1772412243226211e-05
722 1.1772412243226211e-05
723 1.1772412243226211e-05
724 1.1772412243226211e-05
725 1.1772412243226211e-05
726 1.1772412243226211e-05
727 1.1772412243226211e-05
728 1.1772412243226211e-05
729 1.1772412243226211e-05
730 1.1772412243226211e-05
731 1.1772412243226211e-05
732 1.1772412243226211e-05
733 1.1772412243226211e-05
734 1.1772412243226211e-05
735 1.1772412243226211e-05
736 1.1772412243226211e-05
737 1.1772412243226211e-05
738 1.1772412243226211e-05
739 1.1772412243226211e-05
740 1.1772412243226211e-05
741 1.1772412243226211e-05
742 1.1772412243226211e-05
743 1.1772412243226211e-05
744 1.1772412243226211e-05
745 1.1772412243226211e-05
746 1.1772412243226211e-05
747 1.1772412243226211e-05
748 1.1772412243226211e-05
749 1.1772412243226211e-05
750 1.1772412243226211e-05
751 1.1772412243226211e-05
752 1.1772412243226211e-05
753 1.1772412243226211e-05
754 1.1772412243226211e-05
755 1.1772412243226211e-05
756 1.1772412243226211e-05
757 1.1772412243226211e-05
758 1.1772412243226211e-05
759 1.1772412243226211e-05
760 1.1772412243226211e-05
761 1.1772412243226211e-05
762 1.1772412243226211e-05
763 1.1772412243226211e-05
764 1.1772412243226211e-05
765 1.1772412243226211e-05
766 1.1772412243226211e-05
767 1.1772412243226211e-05
768 1.1772412243226211e-05
769 1.1772412243226211e-05
770 1.1772412243226211e-05
771 1.1772412243226211e-05
772 1.1772412243226211e-05
773 1.1772412243226211e-05
774 1.1772412243226211e-05
775 1.1772412243226211e-05
776 1.1772412243226211e-05
777 1.1772412243226211e-05
778 1.1772412243226211e-05
779 1.1772412243226211e-05
780 1.1772412243226211e-05
781 1.1772412243226211e-05
782 1.1772412243226211e-05
783 1.1772412243226211e-05
784 1.1772412243226211e-05
785 1.1772412243226211e-05
786 1.1772412243226211e-05
787 1.1772412243226211e-05
788 1.1772412243226211e-05
789 1.1772412243226211e-05
790 1.1772412243226211e-05
791 1.1772412243226211e-05
792 1.1772412243226211e-05
793 1.1772412243226211e-05
794 1.1772412243226211e-05
795 1.1772412243226211e-05
796 1.1772412243226211e-05
797 1.1772412243226211e-05
798 1.1772412243226211e-05
799 1.1772412243226211e-05
800 1.1772412243226211e-05
801 1.1772412243226211e-05
802 1.1772412243226211e-05
803 1.1772412243226211e-05
804 1.1772412243226211e-05
805 1.1772412243226211e-05
806 1.1772412243226211e-05
807 1.1772412243226211e-05
808 1.1772412243226211e-05
809 1.1772412243226211e-05
810 1.1772412243226211e-05
811 1.1772412243226211e-05
812 1.1772412243226211e-05
813 1.1772412243226211e-05
814 1.1772412243226211e-05
815 1.1772412243226211e-05
816 1.1772412243226211e-05
817 1.1772412243226211e-05
818 1.1772412243226211e-05
819 1.1772412243226211e-05
820 1.1772412243226211e-05
821 1.1772412243226211e-05
822 1.1772412243226211e-05
823 1.1772412243226211e-05
824 1.1772412243226211e-05
825 1.1772412243226211e-05
826 1.1772412243226211e-05
827 1.1772412243226211e-05
828 1.1772412243226211e-05
829 1.1772412243226211e-05
830 1.1772412243226211e-05
831 1.1772412243226211e-05
832 1.1772412243226211e-05
833 1.1772412243226211e-05
834 1.1772412243226211e-05
835 1.1772412243226211e-05
836 1.1772412243226211e-05
837 1.1772412243226211e-05
838 1.1772412243226211e-05
839 1.1772412243226211e-05
840 1.1772412243226211e-05
841 1.1772412243226211e-05
842 1.1772412243226211e-05
843 1.1772412243226211e-05
844 1.1772412243226211e-05
845 1.1772412243226211e-05
846 1.1772412243226211e-05
847 1.1772412243226211e-05
848 1.1772412243226211e-05
849 1.1772412243226211e-05
850 1.1772412243226211e-05
851 1.1772412243226211e-05
852 1.1772412243226211e-05
853 1.1772412243226211e-05
854 1.1772412243226211e-05
855 1.1772412243226211e-05
856 1.1772412243226211e-05
857 1.1772412243226211e-05
858 1.1772412243226211e-05
859 1.1772412243226211e-05
860 1.1772412243226211e-05
861 1.1772412243226211e-05
862 1.1772412243226211e-05
863 1.1772412243226211e-05
864 1.1772412243226211e-05
865 1.1772412243226211e-05
866 1.1772412243226211e-05
867 1.1772412243226211e-05
868 1.1772412243226211e-05
869 1.1772412243226211e-05
870 1.1772412243226211e-05
871 1.1772412243226211e-05
872 1.1772412243226211e-05
873 1.1772412243226211e-05
874 1.1772412243226211e-05
875 1.1772412243226211e-05
876 1.1772412243226211e-05
877 1.1772412243226211e-05
878 1.1772412243226211e-05
879 1.1772412243226211e-05
880 1.1772412243226211e-05
881 1.1772412243226211e-05
882 1.1772412243226211e-05
883 1.1772412243226211e-05
884 1.1772412243226211e-05
885 1.1772412243226211e-05
886 1.1772412243226211e-05
887 1.1772412243226211e-05
888 1.1772412243226211e-05
889 1.1772412243226211e-05
890 1.1772412243226211e-05
891 1.1772412243226211e-05
892 1.1772412243226211e-05
893 1.1772412243226211e-05
894 1.1772412243226211e-05
895 1.1772412243226211e-05
896 1.1772412243226211e-05
897 1.1772412243226211e-05
898 1.1772412243226211e-05
899 1.1772412243226211e-05
900 1.1772412243226211e-05
901 1.1772412243226211e-05
902 1.1772412243226211e-05
903 1.1772412243226211e-05
904 1.1772412243226211e-05
905 1.1772412243226211e-05
906 1.1772412243226211e-05
907 1.1772412243226211e-05
908 1.1772412243226211e-05
909 1.1772412243226211e-05
910 1.1772412243226211e-05
911 1.1772412243226211e-05
912 1.1772412243226211e-05
913 1.1772412243226211e-05
914 1.1772412243226211e-05
915 1.1772412243226211e-05
916 1.1772412243226211e-05
917 1.1772412243226211e-05
918 1.1772412243226211e-05
919 1.1772412243226211e-05
920 1.1772412243226211e-05
921 1.1772412243226211e-05
922 1.1772412243226211e-05
923 1.1772412243226211e-05
924 1.1772412243226211e-05
925 1.1772412243226211e-05
926 1.1772412243226211e-05
927 1.1772412243226211e-05
928 1.1772412243226211e-05
929 1.1772412243226211e-05
930 1.1772412243226211e-05
931 1.1772412243226211e-05
932 1.1772412243226211e-05
933 1.1772412243226211e-05
934 1.1772412243226211e-05
935 1.1772412243226211e-05
936 1.1772412243226211e-05
937 1.1772412243226211e-05
938 1.1772412243226211e-05
939 1.1772412243226211e-05
940 1.1772412243226211e-05
941 1.1772412243226211e-05
942 1.1772412243226211e-05
943 1.1772412243226211e-05
944 1.1772412243226211e-05
945 1.1772412243226211e-05
946 1.1772412243226211e-05
947 1.1772412243226211e-05
948 1.1772412243226211e-05
949 1.1772412243226211e-05
950 1.1772412243226211e-05
951 1.1772412243226211e-05
952 1.1772412243226211e-05
953 1.1772412243226211e-05
954 1.1772412243226211e-05
955 1.1772412243226211e-05
956 1.1772412243226211e-05
957 1.1772412243226211e-05
958 1.1772412243226211e-05
959 1.1772412243226211e-05
960 1.1772412243226211e-05
961 1.1772412243226211e-05
962 1.1772412243226211e-05
963 1.1772412243226211e-05
964 1.1772412243226211e-05
965 1.1772412243226211e-05
966 1.1772412243226211e-05
967 1.1772412243226211e-05
968 1.1772412243226211e-05
969 1.1772412243226211e-05
970 1.1772412243226211e-05
971 1.1772412243226211e-05
972 1.1772412243226211e-05
973 1.1772412243226211e-05
974 1.1772412243226211e-05
975 1.1772412243226211e-05
976 1.1772412243226211e-05
977 1.1772412243226211e-05
978 1.1772412243226211e-05
979 1.1772412243226211e-05
980 1.1772412243226211e-05
981 1.1772412243226211e-05
982 1.1772412243226211e-05
983 1.1772412243226211e-05
984 1.1772412243226211e-05
985 1.1772412243226211e-05
986 1.1772412243226211e-05
987 1.1772412243226211e-05
988 1.1772412243226211e-05
989 1.1772412243226211e-05
990 1.1772412243226211e-05
991 1.1772412243226211e-05
992 1.1772412243226211e-05
993 1.1772412243226211e-05
994 1.1772412243226211e-05
995 1.1772412243226211e-05
996 1.1772412243226211e-05
997 1.1772412243226211e-05
998 1.1772412243226211e-05
999 1.1772412243226211e-05
1000 1.1772412243226211e-05
1001 1.1772412243226211e-05
1002 1.1772412243226211e-05
1003 1.1772412243226211e-05
1004 1.1772412243226211e-05
1005 1.1772412243226211e-05
1006 1.1772412243226211e-05
1007 1.1772412243226211e-05
1008 1.1772412243226211e-05
1009 1.1772412243226211e-05
1010 1.1772412243226211e-05
1011 1.1772412243226211e-05
1012 1.1772412243226211e-05
1013 1.1772412243226211e-05
1014 1.1772412243226211e-05
1015 1.1772412243226211e-05
1016 1.1772412243226211e-05
1017 1.1772412243226211e-05
1018 1.1772412243226211e-05
1019 1.1772412243226211e-05
1020 1.1772412243226211e-05
1021 1.1772412243226211e-05
1022 1.1772412243226211e-05
1023 1.1772412243226211e-05
1024 1.1772412243226211e-05
1025 1.1772412243226211e-05
1026 1.1772412243226211e-05
1027 1.1772412243226211e-05
1028 1.1772412243226211e-05
1029 1.1772412243226211e-05
1030 1.1772412243226211e-05
1031 1.1772412243226211e-05
1032 1.1772412243226211e-05
1033 1.1772412243226211e-05
1034 1.1772412243226211e-05
1035 1.1772412243226211e-05
1036 1.1772412243226211e-05
1037 1.1772412243226211e-05
1038 1.1772412243226211e-05
1039 1.1772412243226211e-05
1040 1.1772412243226211e-05
1041 1.1772412243226211e-05
1042 1.1772412243226211e-05
1043 1.1772412243226211e-05
1044 1.1772412243226211e-05
1045 1.1772412243226211e-05
1046 1.1772412243226211e-05
1047 1.1772412243226211e-05
1048 1.1772412243226211e-05
1049 1.1772412243226211e-05
1050 1.1772412243226211e-05
1051 1.1772412243226211e-05
1052 1.1772412243226211e-05
1053 1.1772412243226211e-05
1054 1.1772412243226211e-05
1055 1.1772412243226211e-05
1056 1.1772412243226211e-05
1057 1.1772412243226211e-05
1058 1.1772412243226211e-05
1059 1.1772412243226211e-05
1060 1.1772412243226211e-05
1061 1.1772412243226211e-05
1062 1.1772412243226211e-05
1063 1.1772412243226211e-05
1064 1.1772412243226211e-05
1065 1.1772412243226211e-05
1066 1.1772412243226211e-05
1067 1.1772412243226211e-05
1068 1.1772412243226211e-05
1069 1.1772412243226211e-05
1070 1.1772412243226211e-05
1071 1.1772412243226211e-05
1072 1.1772412243226211e-05
1073 1.1772412243226211e-05
1074 1.1772412243226211e-05
1075 1.1772412243226211e-05
1076 1.1772412243226211e-05
1077 1.1772412243226211e-05
1078 1.1772412243226211e-05
1079 1.1772412243226211e-05
1080 1.1772412243226211e-05
1081 1.1772412243226211e-05
1082 1.1772412243226211e-05
1083 1.1772412243226211e-05
1084 1.1772412243226211e-05
1085 1.1772412243226211e-05
1086 1.1772412243226211e-05
1087 1.1772412243226211e-05
1088 1.1772412243226211e-05
1089 1.1772412243226211e-05
1090 1.1772412243226211e-05
1091 1.1772412243226211e-05
1092 1.1772412243226211e-05
1093 1.1772412243226211e-05
1094 1.1772412243226211e-05
1095 1.1772412243226211e-05
1096 1.1772412243226211e-05
1097 1.1772412243226211e-05
1098 1.1772412243226211e-05
1099 1.1772412243226211e-05
1100 1.1772412243226211e-05
1101 1.1772412243226211e-05
1102 1.1772412243226211e-05
1103 1.1772412243226211e-05
1104 1.1772412243226211e-05
1105 1.1772412243226211e-05
1106 1.1772412243226211e-05
1107 1.1772412243226211e-05
1108 1.1772412243226211e-05
1109 1.1772412243226211e-05
1110 1.1772412243226211e-05
1111 1.1772412243226211e-05
1112 1.1772412243226211e-05
1113 1.1772412243226211e-05
1114 1.1772412243226211e-05
1115 1.1772412243226211e-05
1116 1.1772412243226211e-05
1117 1.1772412243226211e-05
1118 1.1772412243226211e-05
1119 1.1772412243226211e-05
1120 1.1772412243226211e-05
1121 1.1772412243226211e-05
1122 1.1772412243226211e-05
1123 1.1772412243226211e-05
1124 1.1772412243226211e-05
1125 1.1772412243226211e-05
1126 1.1772412243226211e-05
1127 1.1772412243226211e-05
1128 1.1772412243226211e-05
1129 1.1772412243226211e-05
1130 1.1772412243226211e-05
1131 1.1772412243226211e-05
1132 1.1772412243226211e-05
1133 1.1772412243226211e-05
1134 1.1772412243226211e-05
1135 1.1772412243226211e-05
1136 1.1772412243226211e-05
1137 1.1772412243226211e-05
1138 1.1772412243226211e-05
1139 1.1772412243226211e-05
1140 1.1772412243226211e-05
1141 1.1772412243226211e-05
1142 1.1772412243226211e-05
1143 1.1772412243226211e-05
1144 1.1772412243226211e-05
1145 1.1772412243226211e-05
1146 1.1772412243226211e-05
1147 1.1772412243226211e-05
1148 1.1772412243226211e-05
1149 1.1772412243226211e-05
1150 1.1772412243226211e-05
1151 1.1772412243226211e-05
1152 1.1772412243226211e-05
1153 1.1772412243226211e-05
1154 1.1772412243226211e-05
1155 1.1772412243226211e-05
1156 1.1772412243226211e-05
1157 1.1772412243226211e-05
1158 1.1772412243226211e-05
1159 1.1772412243226211e-05
1160 1.1772412243226211e-05
1161 1.1772412243226211e-05
1162 1.1772412243226211e-05
1163 1.1772412243226211e-05
1164 1.1772412243226211e-05
1165 1.1772412243226211e-05
1166 1.1772412243226211e-05
1167 1.1772412243226211e-05
1168 1.1772412243226211e-05
1169 1.1772412243226211e-05
1170 1.1772412243226211e-05
1171 1.1772412243226211e-05
1172 1.1772412243226211e-05
1173 1.1772412243226211e-05
1174 1.1772412243226211e-05
1175 1.1772412243226211e-05
1176 1.1772412243226211e-05
1177 1.1772412243226211e-05
1178 1.1772412243226211e-05
1179 1.1772412243226211e-05
1180 1.1772412243226211e-05
1181 1.1772412243226211e-05
1182 1.1772412243226211e-05
1183 1.1772412243226211e-05
1184 1.1772412243226211e-05
1185 1.1772412243226211e-05
1186 1.1772412243226211e-05
1187 1.1772412243226211e-05
1188 1.1772412243226211e-05
1189 1.1772412243226211e-05
1190 1.1772412243226211e-05
1191 1.1772412243226211e-05
1192 1.1772412243226211e-05
1193 1.1772412243226211e-05
1194 1.1772412243226211e-05
1195 1.1772412243226211e-05
1196 1.1772412243226211e-05
1197 1.1772412243226211e-05
1198 1.1772412243226211e-05
1199 1.1772412243226211e-05
1200 1.1772412243226211e-05
1201 1.1772412243226211e-05
1202 1.1772412243226211e-05
1203 1.1772412243226211e-05
1204 1.1772412243226211e-05
1205 1.1772412243226211e-05
1206 1.1772412243226211e-05
1207 1.1772412243226211e-05
1208 1.1772412243226211e-05
1209 1.1772412243226211e-05
1210 1.1772412243226211e-05
1211 1.1772412243226211e-05
1212 1.1772412243226211e-05
1213 1.1772412243226211e-05
1214 1.1772412243226211e-05
1215 1.1772412243226211e-05
1216 1.1772412243226211e-05
1217 1.1772412243226211e-05
1218 1.1772412243226211e-05
1219 1.1772412243226211e-05
1220 1.1772412243226211e-05
1221 1.1772412243226211e-05
1222 1.1772412243226211e-05
1223 1.1772412243226211e-05
1224 1.1772412243226211e-05
1225 1.1772412243226211e-05
1226 1.1772412243226211e-05
1227 5.138404090615046e-06
1228 5.138404090615046e-06
1229 5.138404090615046e-06
1230 5.138404090615046e-06
1231 1.1772412243226211e-05
1232 1.1772412243226211e-05
1233 5.138404090615046e-06
1234 5.138404090615046e-06
1235 5.138404090615046e-06
1236 5.138404090615046e-06
1237 1.1772412243226211e-05
1238 1.1772412243226211e-05
1239 5.138404090615046e-06
1240 5.138404090615046e-06
1241 5.138404090615046e-06
1242 5.138404090615046e-06
1243 1.1772412243226211e-05
1244 1.1772412243226211e-05
1245 5.138404090615046e-06
1246 5.138404090615046e-06
1247 5.138404090615046e-06
1248 5.138404090615046e-06
1249 1.1772412243226211e-05
1250 1.1772412243226211e-05
1251 5.138404090615046e-06
1252 5.138404090615046e-06
1253 5.138404090615046e-06
1254 5.138404090615046e-06
1255 1.1772412243226211e-05
1256 1.1772412243226211e-05
1257 5.138404090615046e-06
1258 5.138404090615046e-06
1259 5.138404090615046e-06
1260 5.138404090615046e-06
1261 1.1772412243226211e-05
1262 1.1772412243226211e-05
1263 5.138404090615046e-06
1264 5.138404090615046e-06
1265 5.138404090615046e-06
1266 5.138404090615046e-06
1267 1.1772412243226211e-05
1268 1.1772412243226211e-05
1269 5.138404090615046e-06
1270 5.138404090615046e-06
1271 5.138404090615046e-06
1272 5.138404090615046e-06
1273 1.1772412243226211e-05
1274 1.1772412243226211e-05
1275 5.138404090615046e-06
1276 5.138404090615046e-06
1277 5.138404090615046e-06
1278 5.138404090615046e-06
1279 1.1772412243226211e-05
1280 1.1772412243226211e-05
1281 5.138404090615046e-06
1282 5.138404090615046e-06
1283 5.138404090615046e-06
1284 5.138404090615046e-06
1285 1.1772412243226211e-05
1286 1.1772412243226211e-05
1287 5.138404090615046e-06
1288 5.138404090615046e-06
1289 5.138404090615046e-06
1290 5.138404090615046e-06
1291 1.1772412243226211e-05
1292 5.138404090615046e-06
1293 5.138404090615046e-06
1294 5.138404090615046e-06
1295 5.138404090615046e-06
1296 1.1772412243226211e-05
1297 1.1772412243226211e-05
1298 5.138404090615046e-06
1299 5.138404090615046e-06
1300 5.138404090615046e-06
1301 5.138404090615046e-06
1302 1.1772412243226211e-05
1303 1.1772412243226211e-05
1304 5.138404090615046e-06
1305 5.138404090615046e-06
1306 5.138404090615046e-06
1307 5.138404090615046e-06
1308 1.1772412243226211e-05
1309 1.1772412243226211e-05
1310 5.138404090615046e-06
1311 5.138404090615046e-06
1312 5.138404090615046e-06
1313 5.138404090615046e-06
1314 1.1772412243226211e-05
1315 1.1772412243226211e-05
1316 5.138404090615046e-06
1317 5.138404090615046e-06
1318 5.138404090615046e-06
1319 5.138404090615046e-06
1320 1.1772412243226211e-05
1321 1.1772412243226211e-05
1322 5.138404090615046e-06
1323 5.138404090615046e-06
1324 5.138404090615046e-06
1325 5.138404090615046e-06
1326 1.1772412243226211e-05
1327 1.1772412243226211e-05
1328 5.138404090615046e-06
1329 5.138404090615046e-06
1330 5.138404090615046e-06
1331 5.138404090615046e-06
1332 1.1772412243226211e-05
1333 1.1772412243226211e-05
1334 5.138404090615046e-06
1335 5.138404090615046e-06
1336 5.138404090615046e-06
1337 5.138404090615046e-06
1338 1.1772412243226211e-05
1339 1.1772412243226211e-05
1340 5.138404090615046e-06
1341 5.138404090615046e-06
1342 5.138404090615046e-06
1343 5.138404090615046e-06
1344 1.1772412243226211e-05
1345 1.1772412243226211e-05
1346 5.138404090615046e-06
1347 5.138404090615046e-06
1348 5.138404090615046e-06
1349 5.138404090615046e-06
1350 1.1772412243226211e-05
1351 1.1772412243226211e-05
1352 5.138404090615046e-06
1353 5.138404090615046e-06
1354 5.138404090615046e-06
1355 5.138404090615046e-06
1356 1.1772412243226211e-05
1357 1.1772412243226211e-05
1358 5.138404090615046e-06
1359 5.138404090615046e-06
1360 5.138404090615046e-06
1361 5.138404090615046e-06
1362 1.1772412243226211e-05
1363 5.138404090615046e-06
1364 5.138404090615046e-06
1365 5.138404090615046e-06
1366 5.138404090615046e-06
1367 1.1772412243226211e-05
1368 1.1772412243226211e-05
1369 5.138404090615046e-06
1370 5.138404090615046e-06
1371 5.138404090615046e-06
1372 5.138404090615046e-06
1373 1.1772412243226211e-05
1374 1.1772412243226211e-05
1375 5.138404090615046e-06
1376 5.138404090615046e-06
1377 5.138404090615046e-06
1378 5.138404090615046e-06
1379 1.1772412243226211e-05
1380 1.1772412243226211e-05
1381 5.138404090615046e-06
1382 5.138404090615046e-06
1383 5.138404090615046e-06
1384 5.138404090615046e-06
1385 1.1772412243226211e-05
1386 1.1772412243226211e-05
1387 5.138404090615046e-06
1388 5.138404090615046e-06
1389 5.138404090615046e-06
1390 5.138404090615046e-06
1391 1.1772412243226211e-05
1392 1.1772412243226211e-05
1393 5.138404090615046e-06
1394 5.138404090615046e-06
1395 5.138404090615046e-06
1396 5.138404090615046e-06
1397 1.1772412243226211e-05
1398 1.1772412243226211e-05
1399 5.138404090615046e-06
1400 5.138404090615046e-06
1401 5.138404090615046e-06
1402 5.138404090615046e-06
1403 1.1772412243226211e-05
1404 1.1772412243226211e-05
1405 5.138404090615046e-06
1406 5.138404090615046e-06
1407 5.138404090615046e-06
1408 5.138404090615046e-06
1409 1.1772412243226211e-05
1410 1.1772412243226211e-05
1411 5.138404090615046e-06
1412 5.138404090615046e-06
1413 5.138404090615046e-06
1414 5.138404090615046e-06
1415 1.1772412243226211e-05
1416 1.1772412243226211e-05
1417 5.138404090615046e-06
1418 5.138404090615046e-06
1419 5.138404090615046e-06
1420 5.138404090615046e-06
1421 1.1772412243226211e-05
1422 1.1772412243226211e-05
1423 5.138404090615046e-06
1424 5.138404090615046e-06
1425 5.138404090615046e-06
1426 5.138404090615046e-06
1427 1.1772412243226211e-05
1428 1.1772412243226211e-05
1429 5.138404090615046e-06
1430 5.138404090615046e-06
1431 5.138404090615046e-06
1432 5.138404090615046e-06
1433 1.1772412243226211e-05
1434 5.138404090615046e-06
1435 5.138404090615046e-06
1436 5.138404090615046e-06
1437 5.138404090615046e-06
1438 1.1772412243226211e-05
1439 1.1772412243226211e-05
1440 5.138404090615046e-06
1441 5.138404090615046e-06
1442 5.138404090615046e-06
1443 5.138404090615046e-06
1444 1.1772412243226211e-05
1445 1.1772412243226211e-05
1446 5.138404090615046e-06
1447 5.138404090615046e-06
1448 5.138404090615046e-06
1449 5.138404090615046e-06
1450 1.1772412243226211e-05
1451 1.1772412243226211e-05
1452 5.138404090615046e-06
1453 5.138404090615046e-06
1454 5.138404090615046e-06
1455 5.138404090615046e-06
1456 1.1772412243226211e-05
1457 1.1772412243226211e-05
1458 5.138404090615046e-06
1459 5.138404090615046e-06
1460 5.138404090615046e-06
1461 5.138404090615046e-06
1462 1.1772412243226211e-05
1463 1.1772412243226211e-05
1464 5.138404090615046e-06
1465 5.138404090615046e-06
1466 5.138404090615046e-06
1467 5.138404090615046e-06
1468 1.1772412243226211e-05
1469 1.1772412243226211e-05
1470 5.138404090615046e-06
1471 5.138404090615046e-06
1472 5.138404090615046e-06
1473 5.138404090615046e-06
1474 1.1772412243226211e-05
1475 1.1772412243226211e-05
1476 5.138404090615046e-06
1477 5.138404090615046e-06
1478 5.138404090615046e-06
1479 5.138404090615046e-06
1480 1.1772412243226211e-05
1481 1.1772412243226211e-05
1482 5.138404090615046e-06
1483 5.138404090615046e-06
1484 5.138404090615046e-06
1485 5.138404090615046e-06
1486 1.1772412243226211e-05
1487 1.1772412243226211e-05
1488 5.138404090615046e-06
1489 5.138404090615046e-06
1490 5.138404090615046e-06
1491 5.138404090615046e-06
1492 1.1772412243226211e-05
1493 1.1772412243226211e-05
1494 5.138404090615046e-06
1495 5.138404090615046e-06
1496 5.138404090615046e-06
1497 5.138404090615046e-06
1498 1.1772412243226211e-05
1499 1.1772412243226211e-05
1500 5.138404090615046e-06
1501 5.138404090615046e-06
1502 5.138404090615046e-06
1503 5.138404090615046e-06
1504 1.1772412243226211e-05
1505 5.138404090615046e-06
1506 5.138404090615046e-06
1507 5.138404090615046e-06
1508 5.138404090615046e-06
1509 1.1772412243226211e-05
1510 1.1772412243226211e-05
1511 5.138404090615046e-06
1512 5.138404090615046e-06
1513 5.138404090615046e-06
1514 5.138404090615046e-06
1515 1.1772412243226211e-05
1516 1.1772412243226211e-05
1517 5.138404090615046e-06
1518 5.138404090615046e-06
1519 5.138404090615046e-06
1520 5.138404090615046e-06
1521 1.1772412243226211e-05
1522 1.1772412243226211e-05
1523 5.138404090615046e-06
1524 5.138404090615046e-06
1525 5.138404090615046e-06
1526 5.138404090615046e-06
1527 1.1772412243226211e-05
1528 1.1772412243226211e-05
1529 5.138404090615046e-06
1530 5.138404090615046e-06
1531 5.138404090615046e-06
1532 5.138404090615046e-06
1533 1.1772412243226211e-05
1534 1.1772412243226211e-05
1535 5.138404090615046e-06
1536 5.138404090615046e-06
1537 5.138404090615046e-06
1538 5.138404090615046e-06
1539 1.1772412243226211e-05
1540 1.1772412243226211e-05
1541 5.138404090615046e-06
1542 5.138404090615046e-06
1543 5.138404090615046e-06
1544 5.138404090615046e-06
1545 1.1772412243226211e-05
1546 1.1772412243226211e-05
1547 5.138404090615046e-06
1548 5.138404090615046e-06
1549 5.138404090615046e-06
1550 5.138404090615046e-06
1551 1.1772412243226211e-05
1552 1.1772412243226211e-05
1553 5.138404090615046e-06
1554 5.138404090615046e-06
1555 5.138404090615046e-06
1556 5.138404090615046e-06
1557 1.1772412243226211e-05
1558 1.1772412243226211e-05
1559 5.138404090615046e-06
1560 5.138404090615046e-06
1561 5.138404090615046e-06
1562 5.138404090615046e-06
1563 1.1772412243226211e-05
1564 1.1772412243226211e-05
1565 5.138404090615046e-06
1566 5.138404090615046e-06
1567 5.138404090615046e-06
1568 5.138404090615046e-06
1569 1.1772412243226211e-05
1570 1.1772412243226211e-05
1571 5.138404090615046e-06
1572 5.138404090615046e-06
1573 5.138404090615046e-06
1574 5.138404090615046e-06
1575 1.1772412243226211e-05
1576 5.138404090615046e-06
1577 5.138404090615046e-06
1578 5.138404090615046e-06
1579 5.138404090615046e-06
1580 1.1772412243226211e-05
1581 1.1772412243226211e-05
1582 5.138404090615046e-06
1583 5.138404090615046e-06
1584 5.138404090615046e-06
1585 5.138404090615046e-06
1586 1.1772412243226211e-05
1587 1.1772412243226211e-05
1588 5.138404090615046e-06
1589 5.138404090615046e-06
1590 5.138404090615046e-06
1591 5.138404090615046e-06
1592 1.1772412243226211e-05
1593 1.1772412243226211e-05
1594 5.138404090615046e-06
1595 5.138404090615046e-06
1596 5.138404090615046e-06
1597 5.138404090615046e-06
1598 1.1772412243226211e-05
1599 1.1772412243226211e-05
1600 5.138404090615046e-06
1601 5.138404090615046e-06
1602 5.138404090615046e-06
1603 5.138404090615046e-06
1604 1.1772412243226211e-05
1605 1.1772412243226211e-05
1606 5.138404090615046e-06
1607 5.138404090615046e-06
1608 5.138404090615046e-06
1609 5.138404090615046e-06
1610 1.1772412243226211e-05
1611 1.1772412243226211e-05
1612 5.138404090615046e-06
1613 5.138404090615046e-06
1614 5.138404090615046e-06
1615 5.138404090615046e-06
1616 1.1772412243226211e-05
1617 1.1772412243226211e-05
1618 5.138404090615046e-06
1619 5.138404090615046e-06
1620 5.138404090615046e-06
1621 5.138404090615046e-06
1622 1.1772412243226211e-05
1623 1.1772412243226211e-05
1624 5.138404090615046e-06
1625 5.138404090615046e-06
1626 5.138404090615046e-06
1627 5.138404090615046e-06
1628 1.1772412243226211e-05
1629 1.1772412243226211e-05
1630 5.138404090615046e-06
1631 5.138404090615046e-06
1632 5.138404090615046e-06
1633 5.138404090615046e-06
1634 1.1772412243226211e-05
1635 1.1772412243226211e-05
1636 5.138404090615046e-06
1637 5.138404090615046e-06
1638 5.138404090615046e-06
1639 5.138404090615046e-06
1640 1.1772412243226211e-05
1641 1.1772412243226211e-05
1642 5.138404090615046e-06
1643 5.138404090615046e-06
1644 5.138404090615046e-06
1645 5.138404090615046e-06
1646 1.1772412243226211e-05
1647 5.138404090615046e-06
1648 5.138404090615046e-06
1649 5.138404090615046e-06
1650 5.138404090615046e-06
1651 1.1772412243226211e-05
1652 1.1772412243226211e-05
1653 5.138404090615046e-06
1654 5.138404090615046e-06
1655 5.138404090615046e-06
1656 5.138404090615046e-06
1657 1.1772412243226211e-05
1658 1.1772412243226211e-05
1659 5.138404090615046e-06
1660 5.138404090615046e-06
1661 5.138404090615046e-06
1662 5.138404090615046e-06
1663 1.1772412243226211e-05
1664 1.1772412243226211e-05
1665 5.138404090615046e-06
1666 5.138404090615046e-06
1667 5.138404090615046e-06
1668 5.138404090615046e-06
1669 1.1772412243226211e-05
1670 1.1772412243226211e-05
1671 5.138404090615046e-06
1672 5.138404090615046e-06
1673 5.138404090615046e-06
1674 5.138404090615046e-06
1675 1.1772412243226211e-05
1676 1.1772412243226211e-05
1677 5.138404090615046e-06
1678 5.138404090615046e-06
1679 5.138404090615046e-06
1680 5.138404090615046e-06
1681 1.1772412243226211e-05
1682 1.1772412243226211e-05
1683 5.138404090615046e-06
1684 5.138404090615046e-06
1685 5.138404090615046e-06
1686 5.138404090615046e-06
1687 1.1772412243226211e-05
1688 1.1772412243226211e-05
1689 5.138404090615046e-06
1690 5.138404090615046e-06
1691 5.138404090615046e-06
1692 5.138404090615046e-06
1693 1.1772412243226211e-05
1694 1.1772412243226211e-05
1695 5.138404090615046e-06
1696 5.138404090615046e-06
1697 5.138404090615046e-06
1698 5.138404090615046e-06
1699 1.1772412243226211e-05
1700 1.1772412243226211e-05
1701 5.138404090615046e-06
1702 5.138404090615046e-06
1703 5.138404090615046e-06
1704 5.138404090615046e-06
1705 1.1772412243226211e-05
1706 1.1772412243226211e-05
1707 5.138404090615046e-06
1708 5.138404090615046e-06
1709 5.138404090615046e-06
1710 5.138404090615046e-06
1711 1.1772412243226211e-05
1712 1.1772412243226211e-05
1713 5.138404090615046e-06
1714 5.138404090615046e-06
1715 5.138404090615046e-06
1716 5.138404090615046e-06
1717 1.1772412243226211e-05
1718 5.138404090615046e-06
1719 5.138404090615046e-06
1720 5.138404090615046e-06
1721 5.138404090615046e-06
1722 1.1772412243226211e-05
1723 1.1772412243226211e-05
1724 5.138404090615046e-06
1725 5.138404090615046e-06
1726 5.138404090615046e-06
1727 5.138404090615046e-06
1728 1.1772412243226211e-05
1729 1.1772412243226211e-05
1730 5.138404090615046e-06
1731 5.138404090615046e-06
1732 5.138404090615046e-06
1733 5.138404090615046e-06
1734 1.1772412243226211e-05
1735 1.1772412243226211e-05
1736 5.138404090615046e-06
1737 5.138404090615046e-06
1738 5.138404090615046e-06
1739 5.138404090615046e-06
1740 1.1772412243226211e-05
1741 1.1772412243226211e-05
1742 5.138404090615046e-06
1743 5.138404090615046e-06
1744 5.138404090615046e-06
1745 5.138404090615046e-06
1746 1.1772412243226211e-05
1747 1.1772412243226211e-05
1748 5.138404090615046e-06
1749 5.138404090615046e-06
1750 5.138404090615046e-06
1751 5.138404090615046e-06
1752 1.1772412243226211e-05
1753 1.1772412243226211e-05
1754 5.138404090615046e-06
1755 5.138404090615046e-06
1756 5.138404090615046e-06
1757 5.138404090615046e-06
1758 1.1772412243226211e-05
1759 1.1772412243226211e-05
1760 5.138404090615046e-06
1761 5.138404090615046e-06
1762 5.138404090615046e-06
1763 5.138404090615046e-06
1764 1.1772412243226211e-05
1765 1.1772412243226211e-05
1766 5.138404090615046e-06
1767 5.138404090615046e-06
1768 5.138404090615046e-06
1769 5.138404090615046e-06
1770 1.1772412243226211e-05
1771 1.1772412243226211e-05
1772 5.138404090615046e-06
1773 5.138404090615046e-06
1774 5.138404090615046e-06
1775 5.138404090615046e-06
1776 1.1772412243226211e-05
1777 1.1772412243226211e-05
1778 5.138404090615046e-06
1779 5.138404090615046e-06
1780 5.138404090615046e-06
1781 5.138404090615046e-06
1782 1.1772412243226211e-05
1783 1.1772412243226211e-05
1784 5.138404090615046e-06
1785 5.138404090615046e-06
1786 5.138404090615046e-06
1787 5.138404090615046e-06
1788 1.1772412243226211e-05
1789 5.138404090615046e-06
1790 5.138404090615046e-06
1791 5.138404090615046e-06
1792 5.138404090615046e-06
1793 1.1772412243226211e-05
1794 1.1772412243226211e-05
1795 5.138404090615046e-06
1796 5.138404090615046e-06
1797 5.138404090615046e-06
1798 5.138404090615046e-06
1799 1.1772412243226211e-05
1800 1.1772412243226211e-05
1801 5.138404090615046e-06
1802 5.138404090615046e-06
1803 5.138404090615046e-06
1804 5.138404090615046e-06
1805 1.1772412243226211e-05
1806 1.1772412243226211e-05
1807 5.138404090615046e-06
1808 5.138404090615046e-06
1809 5.138404090615046e-06
1810 5.138404090615046e-06
1811 1.1772412243226211e-05
1812 1.1772412243226211e-05
1813 5.138404090615046e-06
1814 5.138404090615046e-06
1815 5.138404090615046e-06
1816 5.138404090615046e-06
1817 1.1772412243226211e-05
1818 1.1772412243226211e-05
1819 5.138404090615046e-06
1820 5.138404090615046e-06
1821 5.138404090615046e-06
1822 5.138404090615046e-06
1823 1.1772412243226211e-05
1824 1.1772412243226211e-05
1825 5.138404090615046e-06
1826 5.138404090615046e-06
1827 5.138404090615046e-06
1828 5.138404090615046e-06
1829 1.1772412243226211e-05
1830 1.1772412243226211e-05
1831 5.138404090615046e-06
1832 5.138404090615046e-06
1833 5.138404090615046e-06
1834 5.138404090615046e-06
1835 1.1772412243226211e-05
1836 1.1772412243226211e-05
1837 5.138404090615046e-06
1838 5.138404090615046e-06
1839 5.138404090615046e-06
1840 5.138404090615046e-06
1841 1.1772412243226211e-05
1842 1.1772412243226211e-05
1843 5.138404090615046e-06
1844 5.138404090615046e-06
1845 5.138404090615046e-06
1846 5.138404090615046e-06
1847 1.1772412243226211e-05
1848 1.1772412243226211e-05
1849 5.138404090615046e-06
1850 5.138404090615046e-06
1851 5.138404090615046e-06
1852 5.138404090615046e-06
1853 1.1772412243226211e-05
1854 1.1772412243226211e-05
1855 5.138404090615046e-06
1856 5.138404090615046e-06
1857 5.138404090615046e-06
1858 5.138404090615046e-06
1859 1.1772412243226211e-05
1860 5.138404090615046e-06
1861 5.138404090615046e-06
1862 5.138404090615046e-06
1863 5.138404090615046e-06
1864 1.1772412243226211e-05
1865 1.1772412243226211e-05
1866 5.138404090615046e-06
1867 5.138404090615046e-06
1868 5.138404090615046e-06
1869 5.138404090615046e-06
1870 1.1772412243226211e-05
1871 1.1772412243226211e-05
1872 5.138404090615046e-06
1873 5.138404090615046e-06
1874 5.138404090615046e-06
1875 5.138404090615046e-06
1876 1.1772412243226211e-05
1877 1.1772412243226211e-05
1878 5.138404090615046e-06
1879 5.138404090615046e-06
1880 5.138404090615046e-06
1881 5.138404090615046e-06
1882 1.1772412243226211e-05
1883 1.1772412243226211e-05
1884 5.138404090615046e-06
1885 5.138404090615046e-06
1886 5.138404090615046e-06
1887 5.138404090615046e-06
1888 1.1772412243226211e-05
1889 1.1772412243226211e-05
1890 5.138404090615046e-06
1891 5.138404090615046e-06
1892 5.138404090615046e-06
1893 5.138404090615046e-06
1894 1.1772412243226211e-05
1895 1.1772412243226211e-05
1896 5.138404090615046e-06
1897 5.138404090615046e-06
1898 5.138404090615046e-06
1899 5.138404090615046e-06
1900 1.1772412243226211e-05
1901 1.1772412243226211e-05
1902 5.138404090615046e-06
1903 5.138404090615046e-06
1904 5.138404090615046e-06
1905 5.138404090615046e-06
1906 1.1772412243226211e-05
1907 1.1772412243226211e-05
1908 5.138404090615046e-06
1909 5.138404090615046e-06
1910 5.138404090615046e-06
1911 5.138404090615046e-06
1912 1.1772412243226211e-05
1913 1.1772412243226211e-05
1914 5.138404090615046e-06
1915 5.138404090615046e-06
1916 5.138404090615046e-06
1917 5.138404090615046e-06
1918 1.1772412243226211e-05
1919 1.1772412243226211e-05
1920 5.138404090615046e-06
1921 5.138404090615046e-06
1922 5.138404090615046e-06
1923 5.138404090615046e-06
1924 1.1772412243226211e-05
1925 1.1772412243226211e-05
1926 5.138404090615046e-06
1927 5.138404090615046e-06
1928 5.138404090615046e-06
1929 5.138404090615046e-06
1930 1.1772412243226211e-05
1931 5.138404090615046e-06
1932 5.138404090615046e-06
1933 5.138404090615046e-06
1934 5.138404090615046e-06
1935 1.1772412243226211e-05
1936 1.1772412243226211e-05
1937 5.138404090615046e-06
1938 5.138404090615046e-06
1939 5.138404090615046e-06
1940 5.138404090615046e-06
1941 1.1772412243226211e-05
1942 1.1772412243226211e-05
1943 5.138404090615046e-06
1944 5.138404090615046e-06
1945 5.138404090615046e-06
1946 5.138404090615046e-06
1947 1.1772412243226211e-05
1948 1.1772412243226211e-05
1949 5.138404090615046e-06
1950 5.138404090615046e-06
1951 5.138404090615046e-06
1952 5.138404090615046e-06
1953 1.1772412243226211e-05
1954 1.1772412243226211e-05
1955 5.138404090615046e-06
1956 5.138404090615046e-06
1957 5.138404090615046e-06
1958 5.138404090615046e-06
1959 1.1772412243226211e-05
1960 1.1772412243226211e-05
1961 5.138404090615046e-06
1962 5.138404090615046e-06
1963 5.138404090615046e-06
1964 5.138404090615046e-06
1965 1.1772412243226211e-05
1966 1.1772412243226211e-05
1967 5.138404090615046e-06
1968 5.138404090615046e-06
1969 5.138404090615046e-06
1970 5.138404090615046e-06
1971 1.1772412243226211e-05
1972 1.1772412243226211e-05
1973 5.138404090615046e-06
1974 5.138404090615046e-06
1975 5.138404090615046e-06
1976 5.138404090615046e-06
1977 1.1772412243226211e-05
1978 1.1772412243226211e-05
1979 5.138404090615046e-06
1980 5.138404090615046e-06
1981 5.138404090615046e-06
1982 5.138404090615046e-06
1983 1.1772412243226211e-05
1984 1.1772412243226211e-05
1985 5.138404090615046e-06
1986 5.138404090615046e-06
1987 5.138404090615046e-06
1988 5.138404090615046e-06
1989 1.1772412243226211e-05
1990 1.1772412243226211e-05
1991 5.138404090615046e-06
1992 5.138404090615046e-06
1993 5.138404090615046e-06
1994 5.138404090615046e-06
1995 1.1772412243226211e-05
1996 1.1772412243226211e-05
1997 5.138404090615046e-06
1998 5.138404090615046e-06
1999 5.138404090615046e-06
2000 5.138404090615046e-06
2001 1.1772412243226211e-05
2002 5.138404090615046e-06
2003 5.138404090615046e-06
2004 5.138404090615046e-06
2005 5.138404090615046e-06
2006 1.1772412243226211e-05
2007 1.1772412243226211e-05
2008 5.138404090615046e-06
2009 5.138404090615046e-06
2010 5.138404090615046e-06
2011 5.138404090615046e-06
2012 1.1772412243226211e-05
2013 1.1772412243226211e-05
2014 5.138404090615046e-06
2015 5.138404090615046e-06
2016 5.138404090615046e-06
2017 5.138404090615046e-06
2018 1.1772412243226211e-05
2019 1.1772412243226211e-05
2020 5.138404090615046e-06
2021 5.138404090615046e-06
2022 5.138404090615046e-06
2023 5.138404090615046e-06
2024 1.1772412243226211e-05
2025 1.1772412243226211e-05
2026 5.138404090615046e-06
2027 5.138404090615046e-06
2028 5.138404090615046e-06
2029 5.138404090615046e-06
2030 1.1772412243226211e-05
2031 1.1772412243226211e-05
2032 5.138404090615046e-06
2033 5.138404090615046e-06
2034 5.138404090615046e-06
2035 5.138404090615046e-06
2036 1.1772412243226211e-05
2037 1.1772412243226211e-05
2038 5.138404090615046e-06
2039 5.138404090615046e-06
2040 5.138404090615046e-06
2041 5.138404090615046e-06
2042 1.1772412243226211e-05
2043 1.1772412243226211e-05
2044 5.138404090615046e-06
2045 5.138404090615046e-06
2046 5.138404090615046e-06
2047 5.138404090615046e-06
2048 1.1772412243226211e-05
2049 1.1772412243226211e-05
2050 5.138404090615046e-06
2051 5.138404090615046e-06
2052 5.138404090615046e-06
2053 5.138404090615046e-06
2054 1.1772412243226211e-05
2055 1.1772412243226211e-05
2056 5.138404090615046e-06
2057 5.138404090615046e-06
2058 5.138404090615046e-06
2059 5.138404090615046e-06
2060 1.1772412243226211e-05
2061 1.1772412243226211e-05
2062 5.138404090615046e-06
2063 5.138404090615046e-06
2064 5.138404090615046e-06
2065 5.138404090615046e-06
2066 1.1772412243226211e-05
2067 1.1772412243226211e-05
2068 5.138404090615046e-06
2069 5.138404090615046e-06
2070 5.138404090615046e-06
2071 5.138404090615046e-06
2072 1.1772412243226211e-05
2073 5.138404090615046e-06
2074 5.138404090615046e-06
2075 5.138404090615046e-06
2076 5.138404090615046e-06
2077 1.1772412243226211e-05
2078 1.1772412243226211e-05
2079 5.138404090615046e-06
2080 5.138404090615046e-06
2081 5.138404090615046e-06
2082 5.138404090615046e-06
2083 1.1772412243226211e-05
2084 1.1772412243226211e-05
2085 5.138404090615046e-06
2086 5.138404090615046e-06
2087 5.138404090615046e-06
2088 5.138404090615046e-06
2089 1.1772412243226211e-05
2090 1.1772412243226211e-05
2091 5.138404090615046e-06
2092 5.138404090615046e-06
2093 5.138404090615046e-06
2094 5.138404090615046e-06
2095 1.1772412243226211e-05
2096 1.1772412243226211e-05
2097 5.138404090615046e-06
2098 5.138404090615046e-06
2099 5.138404090615046e-06
2100 5.138404090615046e-06
2101 1.1772412243226211e-05
2102 1.1772412243226211e-05
2103 5.138404090615046e-06
2104 5.138404090615046e-06
2105 5.138404090615046e-06
2106 5.138404090615046e-06
2107 1.1772412243226211e-05
2108 1.1772412243226211e-05
2109 5.138404090615046e-06
2110 5.138404090615046e-06
2111 5.138404090615046e-06
2112 5.138404090615046e-06
2113 1.1772412243226211e-05
2114 1.1772412243226211e-05
2115 5.138404090615046e-06
2116 5.138404090615046e-06
2117 5.138404090615046e-06
2118 5.138404090615046e-06
2119 1.1772412243226211e-05
2120 1.1772412243226211e-05
2121 5.138404090615046e-06
2122 5.138404090615046e-06
2123 5.138404090615046e-06
2124 5.138404090615046e-06
2125 1.1772412243226211e-05
2126 1.1772412243226211e-05
2127 5.138404090615046e-06
2128 5.138404090615046e-06
2129 5.138404090615046e-06
2130 5.138404090615046e-06
2131 1.1772412243226211e-05
2132 1.1772412243226211e-05
2133 5.138404090615046e-06
2134 5.138404090615046e-06
2135 5.138404090615046e-06
2136 5.138404090615046e-06
2137 1.1772412243226211e-05
2138 1.1772412243226211e-05
2139 5.138404090615046e-06
2140 5.138404090615046e-06
2141 5.138404090615046e-06
2142 5.138404090615046e-06
2143 1.1772412243226211e-05
2144 5.138404090615046e-06
2145 5.138404090615046e-06
2146 5.138404090615046e-06
2147 5.138404090615046e-06
2148 1.1772412243226211e-05
2149 1.1772412243226211e-05
2150 5.138404090615046e-06
2151 5.138404090615046e-06
2152 5.138404090615046e-06
2153 5.138404090615046e-06
2154 1.1772412243226211e-05
2155 1.1772412243226211e-05
2156 5.138404090615046e-06
2157 5.138404090615046e-06
2158 5.138404090615046e-06
2159 5.138404090615046e-06
2160 1.1772412243226211e-05
2161 1.1772412243226211e-05
2162 5.138404090615046e-06
2163 5.138404090615046e-06
2164 5.138404090615046e-06
2165 5.138404090615046e-06
2166 1.1772412243226211e-05
2167 1.1772412243226211e-05
2168 5.138404090615046e-06
2169 5.138404090615046e-06
2170 5.138404090615046e-06
2171 5.138404090615046e-06
2172 1.1772412243226211e-05
2173 1.1772412243226211e-05
2174 5.138404090615046e-06
2175 5.138404090615046e-06
2176 5.138404090615046e-06
2177 5.138404090615046e-06
2178 1.1772412243226211e-05
2179 1.1772412243226211e-05
2180 5.138404090615046e-06
2181 5.138404090615046e-06
2182 5.138404090615046e-06
2183 5.138404090615046e-06
2184 1.1772412243226211e-05
2185 1.1772412243226211e-05
2186 5.138404090615046e-06
2187 5.138404090615046e-06
2188 5.138404090615046e-06
2189 5.138404090615046e-06
2190 1.1772412243226211e-05
2191 1.1772412243226211e-05
2192 5.138404090615046e-06
2193 5.138404090615046e-06
2194 5.138404090615046e-06
2195 5.138404090615046e-06
2196 1.1772412243226211e-05
2197 1.1772412243226211e-05
2198 5.138404090615046e-06
2199 5.138404090615046e-06
2200 5.138404090615046e-06
2201 5.138404090615046e-06
2202 1.1772412243226211e-05
2203 1.1772412243226211e-05
2204 5.138404090615046e-06
2205 5.138404090615046e-06
2206 5.138404090615046e-06
2207 5.138404090615046e-06
2208 1.1772412243226211e-05
2209 1.1772412243226211e-05
2210 5.138404090615046e-06
2211 5.138404090615046e-06
2212 5.138404090615046e-06
2213 5.138404090615046e-06
2214 1.1772412243226211e-05
2215 5.138404090615046e-06
2216 5.138404090615046e-06
2217 5.138404090615046e-06
2218 5.138404090615046e-06
2219 1.1772412243226211e-05
2220 1.1772412243226211e-05
2221 5.138404090615046e-06
2222 5.138404090615046e-06
2223 5.138404090615046e-06
2224 5.138404090615046e-06
2225 1.1772412243226211e-05
2226 1.1772412243226211e-05
2227 5.138404090615046e-06
2228 5.138404090615046e-06
2229 5.138404090615046e-06
2230 5.138404090615046e-06
2231 1.1772412243226211e-05
2232 1.1772412243226211e-05
2233 5.138404090615046e-06
2234 5.138404090615046e-06
2235 5.138404090615046e-06
2236 5.138404090615046e-06
2237 1.1772412243226211e-05
2238 1.1772412243226211e-05
2239 5.138404090615046e-06
2240 5.138404090615046e-06
2241 5.138404090615046e-06
2242 5.138404090615046e-06
2243 1.1772412243226211e-05
2244 1.1772412243226211e-05
2245 5.138404090615046e-06
2246 5.138404090615046e-06
2247 5.138404090615046e-06
2248 5.138404090615046e-06
2249 1.1772412243226211e-05
2250 1.1772412243226211e-05
2251 5.138404090615046e-06
2252 5.138404090615046e-06
2253 5.138404090615046e-06
2254 5.138404090615046e-06
2255 1.1772412243226211e-05
2256 1.1772412243226211e-05
2257 5.138404090615046e-06
2258 5.138404090615046e-06
2259 5.138404090615046e-06
2260 5.138404090615046e-06
2261 1.1772412243226211e-05
2262 1.1772412243226211e-05
2263 5.138404090615046e-06
2264 5.138404090615046e-06
2265 5.138404090615046e-06
2266 5.138404090615046e-06
2267 1.1772412243226211e-05
2268 1.1772412243226211e-05
2269 5.138404090615046e-06
2270 5.138404090615046e-06
2271 5.138404090615046e-06
2272 5.138404090615046e-06
2273 1.1772412243226211e-05
2274 1.1772412243226211e-05
2275 5.138404090615046e-06
2276 5.138404090615046e-06
2277 5.138404090615046e-06
2278 5.138404090615046e-06
2279 1.1772412243226211e-05
2280 1.1772412243226211e-05
2281 5.138404090615046e-06
2282 5.138404090615046e-06
2283 5.138404090615046e-06
2284 5.138404090615046e-06
2285 1.1772412243226211e-05
2286 5.138404090615046e-06
2287 5.138404090615046e-06
2288 5.138404090615046e-06
2289 5.138404090615046e-06
2290 1.1772412243226211e-05
2291 1.1772412243226211e-05
2292 5.138404090615046e-06
2293 5.138404090615046e-06
2294 5.138404090615046e-06
2295 5.138404090615046e-06
2296 1.1772412243226211e-05
2297 1.1772412243226211e-05
2298 5.138404090615046e-06
2299 5.138404090615046e-06
2300 5.138404090615046e-06
2301 5.138404090615046e-06
2302 1.1772412243226211e-05
2303 1.1772412243226211e-05
2304 5.138404090615046e-06
2305 5.138404090615046e-06
2306 5.138404090615046e-06
2307 5.138404090615046e-06
2308 1.1772412243226211e-05
2309 1.1772412243226211e-05
2310 5.138404090615046e-06
2311 5.138404090615046e-06
2312 5.138404090615046e-06
2313 5.138404090615046e-06
2314 1.1772412243226211e-05
2315 1.1772412243226211e-05
2316 5.138404090615046e-06
2317 5.138404090615046e-06
2318 5.138404090615046e-06
2319 5.138404090615046e-06
2320 1.1772412243226211e-05
2321 1.1772412243226211e-05
2322 5.138404090615046e-06
2323 5.138404090615046e-06
2324 5.138404090615046e-06
2325 5.138404090615046e-06
2326 1.1772412243226211e-05
2327 1.1772412243226211e-05
2328 5.138404090615046e-06
2329 5.138404090615046e-06
2330 5.138404090615046e-06
2331 5.138404090615046e-06
2332 1.1772412243226211e-05
2333 1.1772412243226211e-05
2334 5.138404090615046e-06
2335 5.138404090615046e-06
2336 5.138404090615046e-06
2337 5.138404090615046e-06
2338 1.1772412243226211e-05
2339 1.1772412243226211e-05
2340 5.138404090615046e-06
2341 5.138404090615046e-06
2342 5.138404090615046e-06
2343 5.138404090615046e-06
2344 1.1772412243226211e-05
2345 1.1772412243226211e-05
2346 5.138404090615046e-06
2347 5.138404090615046e-06
2348 5.138404090615046e-06
2349 5.138404090615046e-06
2350 1.1772412243226211e-05
2351 1.1772412243226211e-05
2352 5.138404090615046e-06
2353 5.138404090615046e-06
2354 5.138404090615046e-06
2355 5.138404090615046e-06
2356 1.1772412243226211e-05
2357 5.138404090615046e-06
2358 5.138404090615046e-06
2359 5.138404090615046e-06
2360 5.138404090615046e-06
2361 1.1772412243226211e-05
2362 1.1772412243226211e-05
2363 5.138404090615046e-06
2364 5.138404090615046e-06
2365 5.138404090615046e-06
2366 5.138404090615046e-06
2367 1.1772412243226211e-05
2368 1.1772412243226211e-05
2369 5.138404090615046e-06
2370 5.138404090615046e-06
2371 5.138404090615046e-06
2372 5.138404090615046e-06
2373 1.1772412243226211e-05
2374 1.1772412243226211e-05
2375 5.138404090615046e-06
2376 5.138404090615046e-06
2377 5.138404090615046e-06
2378 5.138404090615046e-06
2379 1.1772412243226211e-05
2380 1.1772412243226211e-05
2381 5.138404090615046e-06
2382 5.138404090615046e-06
2383 5.138404090615046e-06
2384 5.138404090615046e-06
2385 1.1772412243226211e-05
2386 1.1772412243226211e-05
2387 5.138404090615046e-06
2388 5.138404090615046e-06
2389 5.138404090615046e-06
2390 5.138404090615046e-06
2391 1.1772412243226211e-05
2392 1.1772412243226211e-05
2393 5.138404090615046e-06
2394 5.138404090615046e-06
2395 5.138404090615046e-06
2396 5.138404090615046e-06
2397 1.1772412243226211e-05
2398 1.1772412243226211e-05
2399 5.138404090615046e-06
2400 5.138404090615046e-06
2401 5.138404090615046e-06
2402 5.138404090615046e-06
2403 1.1772412243226211e-05
2404 1.1772412243226211e-05
2405 5.138404090615046e-06
2406 5.138404090615046e-06
2407 5.138404090615046e-06
2408 5.138404090615046e-06
2409 1.1772412243226211e-05
2410 1.1772412243226211e-05
2411 5.138404090615046e-06
2412 5.138404090615046e-06
2413 5.138404090615046e-06
2414 5.138404090615046e-06
2415 1.1772412243226211e-05
2416 1.1772412243226211e-05
2417 5.138404090615046e-06
2418 5.138404090615046e-06
2419 5.138404090615046e-06
2420 5.138404090615046e-06
2421 1.1772412243226211e-05
2422 1.1772412243226211e-05
2423 5.138404090615046e-06
2424 5.138404090615046e-06
2425 5.138404090615046e-06
2426 5.138404090615046e-06
2427 1.1772412243226211e-05
2428 5.138404090615046e-06
2429 5.138404090615046e-06
2430 5.138404090615046e-06
2431 5.138404090615046e-06
2432 1.1772412243226211e-05
2433 1.1772412243226211e-05
2434 5.138404090615046e-06
2435 5.138404090615046e-06
2436 5.138404090615046e-06
2437 5.138404090615046e-06
2438 1.1772412243226211e-05
2439 1.1772412243226211e-05
2440 5.138404090615046e-06
2441 5.138404090615046e-06
2442 5.138404090615046e-06
2443 5.138404090615046e-06
2444 1.1772412243226211e-05
2445 1.1772412243226211e-05
2446 5.138404090615046e-06
2447 5.138404090615046e-06
2448 5.138404090615046e-06
2449 5.138404090615046e-06
2450 1.1772412243226211e-05
2451 1.1772412243226211e-05
2452 5.138404090615046e-06
2453 5.138404090615046e-06
2454 5.138404090615046e-06
2455 5.138404090615046e-06
2456 1.1772412243226211e-05
2457 1.1772412243226211e-05
2458 5.138404090615046e-06
2459 5.138404090615046e-06
2460 5.138404090615046e-06
2461 5.138404090615046e-06
2462 1.1772412243226211e-05
2463 1.1772412243226211e-05
2464 5.138404090615046e-06
2465 5.138404090615046e-06
2466 5.138404090615046e-06
2467 5.138404090615046e-06
2468 1.1772412243226211e-05
2469 1.1772412243226211e-05
2470 5.138404090615046e-06
2471 5.138404090615046e-06
2472 5.138404090615046e-06
2473 5.138404090615046e-06
2474 1.1772412243226211e-05
2475 1.1772412243226211e-05
2476 5.138404090615046e-06
2477 5.138404090615046e-06
2478 5.138404090615046e-06
2479 5.138404090615046e-06
2480 1.1772412243226211e-05
2481 1.1772412243226211e-05
2482 5.138404090615046e-06
2483 5.138404090615046e-06
2484 5.138404090615046e-06
2485 5.138404090615046e-06
2486 1.1772412243226211e-05
2487 1.1772412243226211e-05
2488 5.138404090615046e-06
2489 5.138404090615046e-06
2490 5.138404090615046e-06
2491 5.138404090615046e-06
2492 1.1772412243226211e-05
2493 1.1772412243226211e-05
2494 5.138404090615046e-06
2495 5.138404090615046e-06
2496 5.138404090615046e-06
2497 5.138404090615046e-06
2498 1.1772412243226211e-05
2499 5.138404090615046e-06
2500 5.138404090615046e-06
2501 5.138404090615046e-06
2502 5.138404090615046e-06
2503 1.1772412243226211e-05
2504 1.1772412243226211e-05
2505 5.138404090615046e-06
2506 5.138404090615046e-06
2507 5.138404090615046e-06
2508 5.138404090615046e-06
2509 1.1772412243226211e-05
2510 1.1772412243226211e-05
2511 5.138404090615046e-06
2512 5.138404090615046e-06
2513 5.138404090615046e-06
2514 5.138404090615046e-06
2515 1.1772412243226211e-05
2516 1.1772412243226211e-05
2517 5.138404090615046e-06
2518 5.138404090615046e-06
2519 5.138404090615046e-06
2520 5.138404090615046e-06
2521 1.1772412243226211e-05
2522 1.1772412243226211e-05
2523 5.138404090615046e-06
2524 5.138404090615046e-06
2525 5.138404090615046e-06
2526 5.138404090615046e-06
2527 1.1772412243226211e-05
2528 1.1772412243226211e-05
2529 5.138404090615046e-06
2530 5.138404090615046e-06
2531 5.138404090615046e-06
2532 5.138404090615046e-06
2533 1.1772412243226211e-05
2534 1.1772412243226211e-05
2535 5.138404090615046e-06
2536 5.138404090615046e-06
2537 5.138404090615046e-06
2538 5.138404090615046e-06
2539 1.1772412243226211e-05
2540 1.1772412243226211e-05
2541 5.138404090615046e-06
2542 5.138404090615046e-06
2543 5.138404090615046e-06
2544 5.138404090615046e-06
2545 1.1772412243226211e-05
2546 1.1772412243226211e-05
2547 5.138404090615046e-06
2548 5.138404090615046e-06
2549 5.138404090615046e-06
2550 5.138404090615046e-06
2551 1.1772412243226211e-05
2552 1.1772412243226211e-05
2553 5.138404090615046e-06
2554 5.138404090615046e-06
2555 5.138404090615046e-06
2556 5.138404090615046e-06
2557 1.1772412243226211e-05
2558 1.1772412243226211e-05
2559 5.138404090615046e-06
2560 5.138404090615046e-06
2561 5.138404090615046e-06
2562 5.138404090615046e-06
2563 1.1772412243226211e-05
2564 1.1772412243226211e-05
2565 5.138404090615046e-06
2566 5.138404090615046e-06
2567 5.138404090615046e-06
2568 5.138404090615046e-06
2569 1.1772412243226211e-05
2570 5.138404090615046e-06
2571 5.138404090615046e-06
2572 5.138404090615046e-06
2573 5.138404090615046e-06
2574 1.1772412243226211e-05
2575 1.1772412243226211e-05
2576 5.138404090615046e-06
2577 5.138404090615046e-06
2578 5.138404090615046e-06
2579 5.138404090615046e-06
2580 1.1772412243226211e-05
2581 1.1772412243226211e-05
2582 5.138404090615046e-06
2583 5.138404090615046e-06
2584 5.138404090615046e-06
2585 5.138404090615046e-06
2586 1.1772412243226211e-05
2587 1.1772412243226211e-05
2588 5.138404090615046e-06
2589 5.138404090615046e-06
2590 5.138404090615046e-06
2591 5.138404090615046e-06
2592 1.1772412243226211e-05
2593 1.1772412243226211e-05
2594 5.138404090615046e-06
2595 5.138404090615046e-06
2596 5.138404090615046e-06
2597 5.138404090615046e-06
2598 1.1772412243226211e-05
2599 1.1772412243226211e-05
2600 5.138404090615046e-06
2601 5.138404090615046e-06
2602 5.138404090615046e-06
2603 5.138404090615046e-06
2604 1.1772412243226211e-05
2605 1.1772412243226211e-05
2606 5.138404090615046e-06
2607 5.138404090615046e-06
2608 5.138404090615046e-06
2609 5.138404090615046e-06
2610 1.1772412243226211e-05
2611 1.1772412243226211e-05
2612 5.138404090615046e-06
2613 5.138404090615046e-06
2614 5.138404090615046e-06
2615 5.138404090615046e-06
2616 1.1772412243226211e-05
2617 1.1772412243226211e-05
2618 5.138404090615046e-06
2619 5.138404090615046e-06
2620 5.138404090615046e-06
2621 5.138404090615046e-06
2622 1.1772412243226211e-05
2623 1.1772412243226211e-05
2624 5.138404090615046e-06
2625 5.138404090615046e-06
2626 5.138404090615046e-06
2627 5.138404090615046e-06
2628 1.1772412243226211e-05
2629 1.1772412243226211e-05
2630 5.138404090615046e-06
2631 5.138404090615046e-06
2632 5.138404090615046e-06
2633 5.138404090615046e-06
2634 1.1772412243226211e-05
2635 1.1772412243226211e-05
2636 5.138404090615046e-06
2637 5.138404090615046e-06
2638 5.138404090615046e-06
2639 5.138404090615046e-06
2640 1.1772412243226211e-05
2641 5.138404090615046e-06
2642 5.138404090615046e-06
2643 5.138404090615046e-06
2644 5.138404090615046e-06
2645 1.1772412243226211e-05
2646 1.1772412243226211e-05
2647 5.138404090615046e-06
2648 5.138404090615046e-06
2649 5.138404090615046e-06
2650 5.138404090615046e-06
2651 1.1772412243226211e-05
2652 1.1772412243226211e-05
2653 5.138404090615046e-06
2654 5.138404090615046e-06
2655 5.138404090615046e-06
2656 5.138404090615046e-06
2657 1.1772412243226211e-05
2658 1.1772412243226211e-05
2659 5.138404090615046e-06
2660 5.138404090615046e-06
2661 5.138404090615046e-06
2662 5.138404090615046e-06
2663 1.1772412243226211e-05
2664 1.1772412243226211e-05
2665 5.138404090615046e-06
2666 5.138404090615046e-06
2667 5.138404090615046e-06
2668 5.138404090615046e-06
2669 1.1772412243226211e-05
2670 1.1772412243226211e-05
2671 5.138404090615046e-06
2672 5.138404090615046e-06
2673 5.138404090615046e-06
2674 5.138404090615046e-06
2675 1.1772412243226211e-05
2676 1.1772412243226211e-05
2677 5.138404090615046e-06
2678 5.138404090615046e-06
2679 5.138404090615046e-06
2680 5.138404090615046e-06
2681 1.1772412243226211e-05
2682 1.1772412243226211e-05
2683 5.138404090615046e-06
2684 5.138404090615046e-06
2685 5.138404090615046e-06
2686 5.138404090615046e-06
2687 1.1772412243226211e-05
2688 1.1772412243226211e-05
2689 5.138404090615046e-06
2690 5.138404090615046e-06
2691 5.138404090615046e-06
2692 5.138404090615046e-06
2693 1.1772412243226211e-05
2694 1.1772412243226211e-05
2695 5.138404090615046e-06
2696 5.138404090615046e-06
2697 5.138404090615046e-06
2698 5.138404090615046e-06
2699 1.1772412243226211e-05
2700 1.1772412243226211e-05
2701 5.138404090615046e-06
2702 5.138404090615046e-06
2703 5.138404090615046e-06
2704 5.138404090615046e-06
2705 1.1772412243226211e-05
2706 1.1772412243226211e-05
2707 5.138404090615046e-06
2708 5.138404090615046e-06
2709 5.138404090615046e-06
2710 5.138404090615046e-06
2711 1.1772412243226211e-05
2712 5.138404090615046e-06
2713 5.138404090615046e-06
2714 5.138404090615046e-06
2715 5.138404090615046e-06
2716 1.1772412243226211e-05
2717 1.1772412243226211e-05
2718 5.138404090615046e-06
2719 5.138404090615046e-06
2720 5.138404090615046e-06
2721 5.138404090615046e-06
2722 1.1772412243226211e-05
2723 1.1772412243226211e-05
2724 5.138404090615046e-06
2725 5.138404090615046e-06
2726 5.138404090615046e-06
2727 5.138404090615046e-06
2728 1.1772412243226211e-05
2729 1.1772412243226211e-05
2730 5.138404090615046e-06
2731 5.138404090615046e-06
2732 5.138404090615046e-06
2733 5.138404090615046e-06
2734 1.1772412243226211e-05
2735 1.1772412243226211e-05
2736 5.138404090615046e-06
2737 5.138404090615046e-06
2738 5.138404090615046e-06
2739 5.138404090615046e-06
2740 1.1772412243226211e-05
2741 1.1772412243226211e-05
2742 5.138404090615046e-06
2743 5.138404090615046e-06
2744 5.138404090615046e-06
2745 5.138404090615046e-06
2746 1.1772412243226211e-05
2747 1.1772412243226211e-05
2748 5.138404090615046e-06
2749 5.138404090615046e-06
2750 5.138404090615046e-06
2751 5.138404090615046e-06
2752 1.1772412243226211e-05
2753 1.1772412243226211e-05
2754 5.138404090615046e-06
2755 5.138404090615046e-06
2756 5.138404090615046e-06
2757 5.138404090615046e-06
2758 1.1772412243226211e-05
2759 1.1772412243226211e-05
2760 5.138404090615046e-06
2761 5.138404090615046e-06
2762 5.138404090615046e-06
2763 5.138404090615046e-06
2764 1.1772412243226211e-05
2765 1.1772412243226211e-05
2766 5.138404090615046e-06
2767 5.138404090615046e-06
2768 5.138404090615046e-06
2769 5.138404090615046e-06
2770 1.1772412243226211e-05
2771 1.1772412243226211e-05
2772 5.138404090615046e-06
2773 5.138404090615046e-06
2774 5.138404090615046e-06
2775 5.138404090615046e-06
2776 1.1772412243226211e-05
2777 1.1772412243226211e-05
2778 5.138404090615046e-06
2779 5.138404090615046e-06
2780 5.138404090615046e-06
2781 5.138404090615046e-06
2782 1.1772412243226211e-05
2783 5.138404090615046e-06
2784 5.138404090615046e-06
2785 5.138404090615046e-06
2786 5.138404090615046e-06
2787 1.1772412243226211e-05
2788 1.1772412243226211e-05
2789 5.138404090615046e-06
2790 5.138404090615046e-06
2791 5.138404090615046e-06
2792 5.138404090615046e-06
2793 1.1772412243226211e-05
2794 1.1772412243226211e-05
2795 5.138404090615046e-06
2796 5.138404090615046e-06
2797 5.138404090615046e-06
2798 5.138404090615046e-06
2799 1.1772412243226211e-05
2800 1.1772412243226211e-05
2801 5.138404090615046e-06
2802 5.138404090615046e-06
2803 5.138404090615046e-06
2804 5.138404090615046e-06
2805 1.1772412243226211e-05
2806 1.1772412243226211e-05
2807 5.138404090615046e-06
2808 5.138404090615046e-06
2809 5.138404090615046e-06
2810 5.138404090615046e-06
2811 1.1772412243226211e-05
2812 1.1772412243226211e-05
2813 5.138404090615046e-06
2814 5.138404090615046e-06
2815 5.138404090615046e-06
2816 5.138404090615046e-06
2817 1.1772412243226211e-05
2818 1.1772412243226211e-05
2819 5.138404090615046e-06
2820 5.138404090615046e-06
2821 5.138404090615046e-06
2822 5.138404090615046e-06
2823 1.1772412243226211e-05
2824 1.1772412243226211e-05
2825 5.138404090615046e-06
2826 5.138404090615046e-06
2827 5.138404090615046e-06
2828 5.138404090615046e-06
2829 1.1772412243226211e-05
2830 1.1772412243226211e-05
2831 5.138404090615046e-06
2832 5.138404090615046e-06
2833 5.138404090615046e-06
2834 5.138404090615046e-06
2835 1.1772412243226211e-05
2836 1.1772412243226211e-05
2837 5.138404090615046e-06
2838 5.138404090615046e-06
2839 5.138404090615046e-06
2840 5.138404090615046e-06
2841 1.1772412243226211e-05
2842 1.1772412243226211e-05
2843 5.138404090615046e-06
2844 5.138404090615046e-06
2845 5.138404090615046e-06
2846 5.138404090615046e-06
2847 1.1772412243226211e-05
2848 1.1772412243226211e-05
2849 5.138404090615046e-06
2850 5.138404090615046e-06
2851 5.138404090615046e-06
2852 5.138404090615046e-06
2853 1.1772412243226211e-05
2854 5.138404090615046e-06
2855 5.138404090615046e-06
2856 5.138404090615046e-06
2857 5.138404090615046e-06
2858 1.1772412243226211e-05
2859 5.138404090615046e-06
2860 5.138404090615046e-06
2861 5.138404090615046e-06
2862 5.138404090615046e-06
2863 1.1772412243226211e-05
2864 5.138404090615046e-06
2865 5.138404090615046e-06
2866 5.138404090615046e-06
2867 5.138404090615046e-06
2868 1.1772412243226211e-05
2869 5.138404090615046e-06
2870 5.138404090615046e-06
2871 5.138404090615046e-06
2872 5.138404090615046e-06
2873 1.1772412243226211e-05
2874 5.138404090615046e-06
2875 5.138404090615046e-06
2876 5.138404090615046e-06
2877 5.138404090615046e-06
2878 1.1772412243226211e-05
2879 5.138404090615046e-06
2880 5.138404090615046e-06
2881 5.138404090615046e-06
2882 5.138404090615046e-06
2883 1.1772412243226211e-05
2884 5.138404090615046e-06
2885 5.138404090615046e-06
2886 5.138404090615046e-06
2887 5.138404090615046e-06
2888 1.1772412243226211e-05
2889 5.138404090615046e-06
2890 5.138404090615046e-06
2891 5.138404090615046e-06
2892 5.138404090615046e-06
2893 1.1772412243226211e-05
2894 5.138404090615046e-06
2895 5.138404090615046e-06
2896 5.138404090615046e-06
2897 5.138404090615046e-06
2898 1.1772412243226211e-05
2899 5.138404090615046e-06
2900 5.138404090615046e-06
2901 5.138404090615046e-06
2902 5.138404090615046e-06
2903 1.1772412243226211e-05
2904 5.138404090615046e-06
2905 5.138404090615046e-06
2906 5.138404090615046e-06
2907 5.138404090615046e-06
2908 1.1772412243226211e-05
2909 5.138404090615046e-06
2910 5.138404090615046e-06
2911 5.138404090615046e-06
2912 5.138404090615046e-06
2913 5.138404090615046e-06
2914 5.138404090615046e-06
2915 5.138404090615046e-06
2916 5.138404090615046e-06
2917 3.557463075636816e-06
2918 0.0002969305925097061
2919 3.557463075636816e-06
2920 0.0002969305925097061
2921 3.557463075636816e-06
2922 0.0002969305925097061
2923 3.557463075636816e-06
2924 0.0002969305925097061
2925 3.557463075636816e-06
2926 0.0002969305925097061
2927 3.557463075636816e-06
2928 0.0002969305925097061
2929 3.557463075636816e-06
2930 0.0002969305925097061
2931 3.557463075636816e-06
2932 0.0002969305925097061
2933 3.557463075636816e-06
2934 0.0002969305925097061
2935 3.557463075636816e-06
2936 0.0002969305925097061
2937 3.557463075636816e-06
2938 0.0002969305925097061
2939 3.557463075636816e-06
2940 0.0002969305925097061
2941 3.557463075636816e-06
2942 0.0002969305925097061
2943 3.557463075636816e-06
2944 0.0002969305925097061
2945 3.557463075636816e-06
2946 0.0002969305925097061
2947 3.557463075636816e-06
2948 0.0002969305925097061
2949 3.557463075636816e-06
2950 0.0002969305925097061
2951 3.557463075636816e-06
2952 0.0002969305925097061
2953 3.557463075636816e-06
2954 0.0002969305925097061
2955 3.557463075636816e-06
2956 0.0002969305925097061
2957 3.557463075636816e-06
2958 0.0002969305925097061
2959 3.557463075636816e-06
2960 0.0002969305925097061
2961 3.557463075636816e-06
2962 0.0002969305925097061
2963 3.557463075636816e-06
2964 0.0002969305925097061
2965 3.557463075636816e-06
2966 0.0002969305925097061
2967 3.557463075636816e-06
2968 0.0002969305925097061
2969 3.557463075636816e-06
2970 0.0002969305925097061
2971 3.557463075636816e-06
2972 0.0002969305925097061
2973 3.557463075636816e-06
2974 0.0002969305925097061
2975 3.557463075636816e-06
2976 0.0002969305925097061
2977 3.557463075636816e-06
2978 0.0002969305925097061
2979 3.557463075636816e-06
2980 0.0002969305925097061
2981 3.557463075636816e-06
2982 0.0002969305925097061
2983 3.557463075636816e-06
2984 0.0002969305925097061
2985 3.557463075636816e-06
2986 0.0002969305925097061
2987 3.557463075636816e-06
2988 0.0002969305925097061
2989 3.557463075636816e-06
2990 0.0002969305925097061
2991 3.557463075636816e-06
2992 0.0002969305925097061
2993 3.557463075636816e-06
2994 0.0002969305925097061
2995 3.557463075636816e-06
2996 0.0002969305925097061
2997 3.557463075636816e-06
2998 0.0002969305925097061
2999 3.557463075636816e-06
3000 0.0002969305925097061
3001 3.557463075636816e-06
3002 0.0002969305925097061
3003 3.557463075636816e-06
3004 0.0002969305925097061
3005 3.557463075636816e-06
3006 0.0002969305925097061
3007 3.557463075636816e-06
3008 0.0002969305925097061
3009 3.557463075636816e-06
3010 0.0002969305925097061
3011 3.557463075636816e-06
3012 0.0002969305925097061
3013 3.557463075636816e-06
3014 0.0002969305925097061
3015 3.557463075636816e-06
3016 0.0002969305925097061
3017 3.557463075636816e-06
3018 0.0002969305925097061
3019 3.557463075636816e-06
3020 0.0002969305925097061
3021 3.557463075636816e-06
3022 0.0002969305925097061
3023 3.557463075636816e-06
3024 0.0002969305925097061
3025 3.557463075636816e-06
3026 0.0002969305925097061
3027 3.557463075636816e-06
3028 0.0002969305925097061
3029 3.557463075636816e-06
3030 0.0002969305925097061
3031 3.557463075636816e-06
3032 0.0002969305925097061
3033 3.557463075636816e-06
3034 0.0002969305925097061
3035 3.557463075636816e-06
3036 0.0002969305925097061
3037 3.557463075636816e-06
3038 0.0002969305925097061
3039 3.557463075636816e-06
3040 0.0002969305925097061
3041 3.557463075636816e-06
3042 0.0002969305925097061
3043 3.557463075636816e-06
3044 0.0002969305925097061
3045 3.557463075636816e-06
3046 0.0002969305925097061
3047 3.557463075636816e-06
3048 0.0002969305925097061
3049 3.557463075636816e-06
3050 0.0002969305925097061
3051 3.557463075636816e-06
3052 0.0002969305925097061
3053 3.557463075636816e-06
3054 0.0002969305925097061
3055 3.557463075636816e-06
3056 0.0002969305925097061
3057 3.557463075636816e-06
3058 0.0002969305925097061
3059 3.557463075636816e-06
3060 0.0002969305925097061
3061 3.557463075636816e-06
3062 0.0002969305925097061
3063 3.557463075636816e-06
3064 0.0002969305925097061
3065 3.557463075636816e-06
3066 0.0002969305925097061
3067 3.557463075636816e-06
3068 0.0002969305925097061
3069 3.557463075636816e-06
3070 0.0002969305925097061
3071 3.557463075636816e-06
3072 0.0002969305925097061
3073 3.557463075636816e-06
3074 0.0002969305925097061
3075 3.557463075636816e-06
3076 0.0002969305925097061
3077 3.557463075636816e-06
3078 0.0002969305925097061
3079 3.557463075636816e-06
3080 0.0002969305925097061
3081 3.557463075636816e-06
3082 0.0002969305925097061
3083 3.557463075636816e-06
3084 0.0002969305925097061
3085 3.557463075636816e-06
3086 0.0002969305925097061
3087 3.557463075636816e-06
3088 0.0002969305925097061
3089 3.557463075636816e-06
3090 0.0002969305925097061
3091 3.557463075636816e-06
3092 0.0002969305925097061
3093 3.557463075636816e-06
3094 0.0002969305925097061
3095 3.557463075636816e-06
3096 0.0002969305925097061
3097 3.557463075636816e-06
3098 0.0002969305925097061
$EndElementData
$ElementData
1
"Attribute:UniformLoadGlobalX"
1
0
3
0
1
3098
1 0
2 0
3 0
4 0
5 0
6 0
7 0
8 0
9 0
10 0
11 0
12 0
13 0
14 0
15 0
16 0
17 0
18 0
19 0
20 0
21 0
22 0
23 0
24 0
25 0
26 0
27 0
28 0
29 0
30 0
31 0
32 0
33 0
34 0
35 0
36 0
37 0
38 0
39 0
40 0
41 0
42 0
43 0
44 0
45 0
46 0
47 0
48 0
49 0
50 0
51 0
52 0
53 0
54 0
55 0
56 0
57 0
58 0
59 0
60 0
61 0
62 0
63 0
64 0
65 0
66 0
67 0
68 0
69 0
70 0
71 0
72 0
73 0
74 0
75 0
76 0
77 0
78 0
79 0
80 0
81 0
82 0
83 0
84 0
85 0
86 0
87 0
88 0
89 0
90 0
91 0
92 0
93 0
94 0
95 0
96 0
97 0
98 0
99 0
100 0
101 0
102 0
103 0
104 0
105 0
106 0
107 0
108 0
109 0
110 0
111 0
112 0
113 0
114 0
115 0
116 0
117 0
118 0
119 0
120 0
121 0
122 0
123 0
124 0
125 0
126 0
127 0
128 0
129 0
130 0
131 0
132 0
133 0
134 0
135 0
136 0
137 0
138 0
139 0
140 0
141 0
142 0
143 0
144 0
145 0
146 0
147 0
148 0
149 0
150 0
151 0
152 0
153 0
154 0
155 0
156 0
157 0
158 0
159 0
160 0
161 0
162 0
163 0
164 0
165 0
166 0
167 0
168 0
169 0
170 0
171 0
172 0
173 0
174 0
175 0
176 0
177 0
178 0
179 0
180 0
181 0
182 0
183 0
184 0
185 0
186 0
187 0
188 0
189 0
190 0
191 0
192 0
193 0
194 0
195 0
196 0
197 0
198 0
199 0
200 0
201 0
202 0
203 0
204 0
205 0
206 0
207 0
208 0
209 0
210 0
211 0
212 0
213 0
214 0
215 0
216 0
217 0
218 0
219 0
220 0
221 0
222 0
223 0
224 0
225 0
226 0
227 0
228 0
229 0
230 0
231 0
232 0
233 0
234 0
235 0
236 0
237 0
238 0
239 0
240 0
241 0
242 0
243 0
244 0
245 0
246 0
247 0
248 0
249 0
250 0
251 0
252 0
253 0
254 0
255 0
256 0
257 0
258 0
259 0
260 0
261 0
262 0
263 0
264 0
265 0
266 0
267 0
268 0
269 0
270 0
271 0
272 0
273 0
274 0
275 0
276 0
277 0
278 0
279 0
280 0
281 0
282 0
283 0
284 0
285 0
286 0
287 0
288 0
289 0
290 0
291 0
292 0
293 0
294 0
295 0
296 0
297 0
298 0
299 0
300 0
301 0
302 0
303 0
304 0
305 0
306 0
307 0
308 0
309 0
310 0
311 0
312 0
313 0
314 0
315 0
316 0
317 0
318 0
319 0
320 0
321 0
322 0
323 0
324 0
325 0
326 0
327 0
328 0
329 0
330 0
331 0
332 0
333 0
334 0
335 0
336 0
337 0
338 0
339 0
340 0
341 0
342 0
343 0
344 0
345 0
346 0
347 0
348 0
349 0
350 0
351 0
352 0
353 0
354 0
355 0
356 0
357 0
358 0
359 0
360 0
361 0
362 0
363 0
364 0
365 0
366 0
367 0
368 0
369 0
370 0
371 0
372 0
373 0
374 0
375 0
376 0
377 0
378 0
379 0
380 0
381 0
382 0
383 0
384 0
385 0
386 0
387 0
388 0
389 0
390 0
391 0
392 0
393 0
394 0
395 0
396 0
397 0
398 0
399 0
400 0
401 0
402 0
403 0
404 0
405 0
406 0
407 0
408 0
409 0
410 0
411 0
412 0
413 0
414 0
415 0
416 0
417 0
418 0
419 0
420 0
421 0
422 0
423 0
424 0
425 0
426 0
427 0
428 0
429 0
430 0
431 0
432 0
433 0
434 0
435 0
436 0
437 0
438 0
439 0
440 0
441 0
442 0
443 0
444 0
445 0
446 0
447 0
448 0
449 0
450 0
451 0
452 0
453 0
454 0
455 0
456 0
457 0
458 0
459 0
460 0
461 0
462 0
463 0
464 0
465 0
466 0
467 0
468 0
469 0
470 0
471 0
472 0
473 0
474 0
475 0
476 0
477 0
478 0
479 0
480 0
481 0
482 0
483 0
484 0
485 0
486 0
487 0
488 0
489 0
490 0
491 0
492 0
493 0
494 0
495 0
496 0
497 0
498 0
499 0
500 0
501 0
502 0
503 0
504 0
505 0
506 0
507 0
508 0
509 0
510 0
511 0
512 0
513 0
514 0
515 0
516 0
517 0
518 0
519 0
520 0
521 0
522 0
523 0
524 0
525 0
526 0
527 0
528 0
529 0
530 0
531 0
532 0
533 0
534 0
535 0
536 0
537 0
538 0
539 0
540 0
541 0
542 0
543 0
544 0
545 0
546 0
547 0
548 0
549 0
550 0
551 0
552 0
553 0
554 0
555 0
556 0
557 0
558 0
559 0
560 0
561 0
562 0
563 0
564 0
565 0
566 0
567 0
568 0
569 0
570 0
571 0
572 0
573 0
574 0
575 0
576 0
577 0
578 0
579 0
580 0
581 0
582 0
583 0
584 0
585 0
586 0
587 0
588 0
589 0
590 0
591 0
592 0
593 0
594 0
595 0
596 0
597 0
598 0
599 0
600 0
601 0
602 0
603 0
604 0
605 0
606 0
607 0
608 0
609 0
610 0
611 0
612 0
613 0
614 0
615 0
616 0
617 0
618 0
619 0
620 0
621 0
622 0
623 0
624 0
625 0
626 0
627 0
628 0
629 0
630 0
631 0
632 0
633 0
634 0
635 0
636 0
637 0
638 0
639 0
640 0
641 0
642 0
643 0
644 0
645 0
646 0
647 0
648 0
649 0
650 0
651 0
652 0
653 0
654 0
655 0
656 0
657 0
658 0
659 0
660 0
661 0
662 0
663 0
664 0
665 0
666 0
667 0
668 0
669 0
670 0
671 0
672 0
673 0
674 0
675 0
676 0
677 0
678 0
679 0
680 0
681 0
682 0
683 0
684 0
685 0
686 0
687 0
688 0
689 0
690 0
691 0
692 0
693 0
694 0
695 0
696 0
697 0
698 0
699 0
700 0
701 0
702 0
703 0
704 0
705 0
706 0
707 0
708 0
709 0
710 0
711 0
712 0
713 0
714 0
715 0
716 0
717 0
718 0
719 0
720 0
721 0
722 0
723 0
724 0
725 0
726 0
727 0
728 0
729 0
730 0
731 0
732 0
733 0
734 0
735 0
736 0
737 0
738 0
739 0
740 0
741 0
742 0
743 0
744 0
745 0
746 0
747 0
748 0
749 0
750 0
751 0
752 0
753 0
754 0
755 0
756 0
757 0
758 0
759 0
760 0
761 0
762 0
763 0
764 0
765 0
766 0
767 0
768 0
769 0
770 0
771 0
772 0
773 0
774 0
775 0
776 0
777 0
778 0
779 0
780 0
781 0
782 0
783 0
784 0
785 0
786 0
787 0
788 0
789 0
790 0
791 0
792 0
793 0
794 0
795 0
796 0
797 0
798 0
799 0
800 0
801 0
802 0
803 0
804 0
805 0
806 0
807 0
808 0
809 0
810 0
811 0
812 0
813 0
814 0
815 0
816 0
817 0
818 0
819 0
820 0
821 0
822 0
823 0
824 0
825 0
826 0
827 0
828 0
829 0
830 0
831 0
832 0
833 0
834 0
835 0
836 0
837 0
838 0
839 0
840 0
841 0
842 0
843 0
844 0
845 0
846 0
847 0
848 0
849 0
850 0
851 0
852 0
853 0
854 0
855 0
856 0
857 0
858 0
859 0
860 0
861 0
862 0
863 0
864 0
865 0
866 0
867 0
868 0
869 0
870 0
871 0
872 0
873 0
874 0
875 0
876 0
877 0
878 0
879 0
880 0
881 0
882 0
883 0
884 0
885 0
886 0
887 0
888 0
889 0
890 0
891 0
892 0
893 0
894 0
895 0
896 0
897 0
898 0
899 0
900 0
901 0
902 0
903 0
904 0
905 0
906 0
907 0
908 0
909 0
910 0
911 0
912 0
913 0
914 0
915 0
916 0
917 0
918 0
919 0
920 0
921 0
922 0
923 0
924 0
925 0
926 0
927 0
928 0
929 0
930 0
931 0
932 0
933 0
934 0
935 0
936 0
937 0
938 0
939 0
940 0
941 0
942 0
943 0
944 0
945 0
946 0
947 0
948 0
949 0
950 0
951 0
952 0
953 0
954 0
955 0
956 0
957 0
958 0
959 0
960 0
961 0
962 0
963 0
964 0
965 0
966 0
967 0
968 0
969 0
970 0
971 0
972 0
973 0
974 0
975 0
976 0
977 0
978 0
979 0
980 0
981 0
982 0
983 0
984 0
985 0
986 0
987 0
988 0
989 0
990 0
991 0
992 0
993 0
994 0
995 0
996 0
997 0
998 0
999 0
1000 0
1001 0
1002 0
1003 0
1004 0
1005 0
1006 0
1007 0
1008 0
1009 0
1010 0
1011 0
1012 0
1013 0
1014 0
1015 0
1016 0
1017 0
1018 0
1019 0
1020 0
1021 0
1022 0
1023 0
1024 0
1025 0
1026 0
1027 0
1028 0
1029 0
1030 0
1031 0
1032 0
1033 0
1034 0
1035 0
1036 0
1037 0
1038 0
1039 0
1040 0
1041 0
1042 0
1043 0
1044 0
1045 0
1046 0
1047 0
1048 0
1049 0
1050 0
1051 0
1052 0
1053 0
1054 0
1055 0
1056 0
1057 0
1058 0
1059 0
1060 0
1061 0
1062 0
1063 0
1064 0
1065 0
1066 0
1067 0
1068 0
1069 0
1070 0
1071 0
1072 0
1073 0
1074 0
1075 0
1076 0
1077 0
1078 0
1079 0
1080 0
1081 0
1082 0
1083 0
1084 0
1085 0
1086 0
1087 0
1088 0
1089 0
1090 0
1091 0
1092 0
1093 0
1094 0
1095 0
1096 0
1097 0
1098 0
1099 0
1100 0
1101 0
1102 0
1103 0
1104 0
1105 0
1106 0
1107 0
1108 0
1109 0
1110 0
1111 0
1112 0
1113 0
1114 0
1115 0
1116 0
1117 0
1118 0
1119 0
1120 0
1121 0
1122 0
1123 0
1124 0
1125 0
1126 0
1127 0
1128 0
1129 0
1130 0
1131 0
1132 0
1133 0
1134 0
1135 0
1136 0
1137 0
1138 0
1139 0
1140 0
1141 0
1142 0
1143 0
1144 0
1145 0
1146 0
1147 0
1148 0
1149 0
1150 0
1151 0
1152 0
1153 0
1154 0
1155 0
1156 0
1157 0
1158 0
1159 0
1160 0
1161 0
1162 0
1163 0
1164 0
1165 0
1166 0
1167 0
1168 0
1169 0
1170 0
1171 0
1172 0
1173 0
1174 0
1175 0
1176 0
1177 0
1178 0
1179 0
1180 0
1181 0
1182 0
1183 0
1184 0
1185 0
1186 0
1187 0
1188 0
1189 0
1190 0
1191 0
1192 0
1193 0
1194 0
1195 0
1196 0
1197 0
1198 0
1199 0
1200 0
1201 0
1202 0
1203 0
1204 0
1205 0
1206 0
1207 0
1208 0
1209 0
1210 0
1211 0
1212 0
1213 0
1214 0
1215 0
1216 0
1217 0
1218 0
1219 0
1220 0
1221 0
1222 0
1223 0
1224 0
1225 0
1226 0
1227 0
1228 0
1229 0
1230 0
1231 0
1232 0
1233 0
1234 0
1235 0
1236 0
1237 0
1238 0
1239 0
1240 0
1241 0
1242 0
1243 0
1244 0
1245 0
1246 0
1247 0
1248 0
1249 0
1250 0
1251 0
1252 0
1253 0
1254 0
1255 0
1256 0
1257 0
1258 0
1259 0
1260 0
1261 0
1262 0
1263 0
1264 0
1265 0
1266 0
1267 0
1268 0
1269 0
1270 0
1271 0
1272 0
1273 0
1274 0
1275 0
1276 0
1277 0
1278 0
1279 0
1280 0
1281 0
1282 0
1283 0
1284 0
1285 0
1286 0
1287 0
1288 0
1289 0
1290 0
1291 0
1292 0
1293 0
1294 0
1295 0
1296 0
1297 0
1298 0
1299 0
1300 0
1301 0
1302 0
1303 0
1304 0
1305 0
1306 0
1307 0
1308 0
1309 0
1310 0
1311 0
1312 0
1313 0
1314 0
1315 0
1316 0
1317 0
1318 0
1319 0
1320 0
1321 0
1322 0
1323 0
1324 0
1325 0
1326 0
1327 0
1328 0
1329 0
1330 0
1331 0
1332 0
1333 0
1334 0
1335 0
1336 0
1337 0
1338 0
1339 0
1340 0
1341 0
1342 0
1343 0
1344 0
1345 0
1346 0
1347 0
1348 0
1349 0
1350 0
1351 0
1352 0
1353 0
1354 0
1355 0
1356 0
1357 0
1358 0
1359 0
1360 0
1361 0
1362 0
1363 0
1364 0
1365 0
1366 0
1367 0
1368 0
1369 0
1370 0
1371 0
1372 0
1373 0
1374 0
1375 0
1376 0
1377 0
1378 0
1379 0
1380 0
1381 0
1382 0
1383 0
1384 0
1385 0
1386 0
1387 0
1388 0
1389 0
1390 0
1391 0
1392 0
1393 0
1394 0
1395 0
1396 0
1397 0
1398 0
1399 0
1400 0
1401 0
1402 0
1403 0
1404 0
1405 0
1406 0
1407 0
1408 0
1409 0
1410 0
1411 0
1412 0
1413 0
1414 0
1415 0
1416 0
1417 0
1418 0
1419 0
1420 0
1421 0
1422 0
1423 0
1424 0
1425 0
1426 0
1427 0
1428 0
1429 0
1430 0
1431 0
1432 0
1433 0
1434 0
1435 0
1436 0
1437 0
1438 0
1439 0
1440 0
1441 0
1442 0
1443 0
1444 0
1445 0
1446 0
1447 0
1448 0
1449 0
1450 0
1451 0
1452 0
1453 0
1454 0
1455 0
1456 0
1457 0
1458 0
1459 0
1460 0
1461 0
1462 0
1463 0
1464 0
1465 0
1466 0
1467 0
1468 0
1469 0
1470 0
1471 0
1472 0
1473 0
1474 0
1475 0
1476 0
1477 0
1478 0
1479 0
1480 0
1481 0
1482 0
1483 0
1484 0
1485 0
1486 0
1487 0
1488 0
1489 0
1490 0
1491 0
1492 0
1493 0
1494 0
1495 0
1496 0
1497 0
1498 0
1499 0
1500 0
1501 0
1502 0
1503 0
1504 0
1505 0
1506 0
1507 0
1508 0
1509 0
1510 0
1511 0
1512 0
1513 0
1514 0
1515 0
1516 0
1517 0
1518 0
1519 0
1520 0
1521 0
1522 0
1523 0
1524 0
1525 0
1526 0
1527 0
1528 0
1529 0
1530 0
1531 0
1532 0
1533 0
1534 0
1535 0
1536 0
1537 0
1538 0
1539 0
1540 0
1541 0
1542 0
1543 0
1544 0
1545 0
1546 0
1547 0
1548 0
1549 0
1550 0
1551 0
1552 0
1553 0
1554 0
1555 0
1556 0
1557 0
1558 0
1559 0
1560 0
1561 0
1562 0
1563 0
1564 0
1565 0
1566 0
1567 0
1568 0
1569 0
1570 0
1571 0
1572 0
1573 0
1574 0
1575 0
1576 0
1577 0
1578 0
1579 0
1580 0
1581 0
1582 0
1583 0
1584 0
1585 0
1586 0
1587 0
1588 0
1589 0
1590 0
1591 0
1592 0
1593 0
1594 0
1595 0
1596 0
1597 0
1598 0
1599 0
1600 0
1601 0
1602 0
1603 0
1604 0
1605 0
1606 0
1607 0
1608 0
1609 0
1610 0
1611 0
1612 0
1613 0
1614 0
1615 0
1616 0
1617 0
1618 0
1619 0
1620 0
1621 0
1622 0
1623 0
1624 0
1625 0
1626 0
1627 0
1628 0
1629 0
1630 0
1631 0
1632 0
1633 0
1634 0
1635 0
1636 0
1637 0
1638 0
1639 0
1640 0
1641 0
1642 0
1643 0
1644 0
1645 0
1646 0
1647 0
1648 0
1649 0
1650 0
1651 0
1652 0
1653 0
1654 0
1655 0
1656 0
1657 0
1658 0
1659 0
1660 0
1661 0
1662 0
1663 0
1664 0
1665 0
1666 0
1667 0
1668 0
1669 0
1670 0
1671 0
1672 0
1673 0
1674 0
1675 0
1676 0
1677 0
1678 0
1679 0
1680 0
1681 0
1682 0
1683 0
1684 0
1685 0
1686 0
1687 0
1688 0
1689 0
1690 0
1691 0
1692 0
1693 0
1694 0
1695 0
1696 0
1697 0
1698 0
1699 0
1700 0
1701 0
1702 0
1703 0
1704 0
1705 0
1706 0
1707 0
1708 0
1709 0
1710 0
1711 0
1712 0
1713 0
1714 0
1715 0
1716 0
1717 0
1718 0
1719 0
1720 0
1721 0
1722 0
1723 0
1724 0
1725 0
1726 0
1727 0
1728 0
1729 0
1730 0
1731 0
1732 0
1733 0
1734 0
1735 0
1736 0
1737 0
1738 0
1739 0
1740 0
1741 0
1742 0
1743 0
1744 0
1745 0
1746 0
1747 0
1748 0
1749 0
1750 0
1751 0
1752 0
1753 0
1754 0
1755 0
1756 0
1757 0
1758 0
1759 0
1760 0
1761 0
1762 0
1763 0
1764 0
1765 0
1766 0
1767 0
1768 0
1769 0
1770 0
1771 0
1772 0
1773 0
1774 0
1775 0
1776 0
1777 0
1778 0
1779 0
1780 0
1781 0
1782 0
1783 0
1784 0
1785 0
1786 0
1787 0
1788 0
1789 0
1790 0
1791 0
1792 0
1793 0
1794 0
1795 0
1796 0
1797 0
1798 0
1799 0
1800 0
1801 0
1802 0
1803 0
1804 0
1805 0
1806 0
1807 0
1808 0
1809 0
1810 0
1811 0
1812 0
1813 0
1814 0
1815 0
1816 0
1817 0
1818 0
1819 0
1820 0
1821 0
1822 0
1823 0
1824 0
1825 0
1826 0
1827 0
1828 0
1829 0
1830 0
1831 0
1832 0
1833 0
1834 0
1835 0
1836 0
1837 0
1838 0
1839 0
1840 0
1841 0
1842 0
1843 0
1844 0
1845 0
1846 0
1847 0
1848 0
1849 0
1850 0
1851 0
1852 0
1853 0
1854 0
1855 0
1856 0
1857 0
1858 0
1859 0
1860 0
1861 0
1862 0
1863 0
1864 0
1865 0
1866 0
1867 0
1868 0
1869 0
1870 0
1871 0
1872 0
1873 0
1874 0
1875 0
1876 0
1877 0
1878 0
1879 0
1880 0
1881 0
1882 0
1883 0
1884 0
1885 0
1886 0
1887 0
1888 0
1889 0
1890 0
1891 0
1892 0
1893 0
1894 0
1895 0
1896 0
1897 0
1898 0
1899 0
1900 0
1901 0
1902 0
1903 0
1904 0
1905 0
1906 0
1907 0
1908 0
1909 0
1910 0
1911 0
1912 0
1913 0
1914 0
1915 0
1916 0
1917 0
1918 0
1919 0
1920 0
1921 0
1922 0
1923 0
1924 0
1925 0
1926 0
1927 0
1928 0
1929 0
1930 0
1931 0
1932 0
1933 0
1934 0
1935 0
1936 0
1937 0
1938 0
1939 0
1940 0
1941 0
1942 0
1943 0
1944 0
1945 0
1946 0
1947 0
1948 0
1949 0
1950 0
1951 0
1952 0
1953 0
1954 0
1955 0
1956 0
1957 0
1958 0
1959 0
1960 0
1961 0
1962 0
1963 0
1964 0
1965 0
1966 0
1967 0
1968 0
1969 0
1970 0
1971 0
1972 0
1973 0
1974 0
1975 0
1976 0
1977 0
1978 0
1979 0
1980 0
1981 0
1982 0
1983 0
1984 0
1985 0
1986 0
1987 0
1988 0
1989 0
1990 0
1991 0
1992 0
1993 0
1994 0
1995 0
1996 0
1997 0
1998 0
1999 0
2000 0
2001 0
2002 0
2003 0
2004 0
2005 0
2006 0
2007 0
2008 0
2009 0
2010 0
2011 0
2012 0
2013 0
2014 0
2015 0
2016 0
2017 0
2018 0
2019 0
2020 0
2021 0
2022 0
2023 0
2024 0
2025 0
2026 0
2027 0
2028 0
2029 0
2030 0
2031 0
2032 0
2033 0
2034 0
2035 0
2036 0
2037 0
2038 0
2039 0
2040 0
2041 0
2042 0
2043 0
2044 0
2045 0
2046 0
2047 0
2048 0
2049 0
2050 0
2051 0
2052 0
2053 0
2054 0
2055 0
2056 0
2057 0
2058 0
2059 0
2060 0
2061 0
2062 0
2063 0
2064 0
2065 0
2066 0
2067 0
2068 0
2069 0
2070 0
2071 0
2072 0
2073 0
2074 0
2075 0
2076 0
2077 0
2078 0
2079 0
2080 0
2081 0
2082 0
2083 0
2084 0
2085 0
2086 0
2087 0
2088 0
2089 0
2090 0
2091 0
2092 0
2093 0
2094 0
2095 0
2096 0
2097 0
2098 0
2099 0
2100 0
2101 0
2102 0
2103 0
2104 0
2105 0
2106 0
2107 0
2108 0
2109 0
2110 0
2111 0
2112 0
2113 0
2114 0
2115 0
2116 0
2117 0
2118 0
2119 0
2120 0
2121 0
2122 0
2123 0
2124 0
2125 0
2126 0
2127 0
2128 0
2129 0
2130 0
2131 0
2132 0
2133 0
2134 0
2135 0
2136 0
2137 0
2138 0
2139 0
2140 0
2141 0
2142 0
2143 0
2144 0
2145 0
2146 0
2147 0
2148 0
2149 0
2150 0
2151 0
2152 0
2153 0
2154 0
2155 0
2156 0
2157 0
2158 0
2159 0
2160 0
2161 0
2162 0
2163 0
2164 0
2165 0
2166 0
2167 0
2168 0
2169 0
2170 0
2171 0
2172 0
2173 0
2174 0
2175 0
2176 0
2177 0
2178 0
2179 0
2180 0
2181 0
2182 0
2183 0
2184 0
2185 0
2186 0
2187 0
2188 0
2189 0
2190 0
2191 0
2192 0
2193 0
2194 0
2195 0
2196 0
2197 0
2198 0
2199 0
2200 0
2201 0
2202 0
2203 0
2204 0
2205 0
2206 0
2207 0
2208 0
2209 0
2210 0
2211 0
2212 0
2213 0
2214 0
2215 0
2216 0
2217 0
2218 0
2219 0
2220 0
2221 0
2222 0
2223 0
2224 0
2225 0
2226 0
2227 0
2228 0
2229 0
2230 0
2231 0
2232 0
2233 0
2234 0
2235 0
2236 0
2237 0
2238 0
2239 0
2240 0
2241 0
2242 0
2243 0
2244 0
2245 0
2246 0
2247 0
2248 0
2249 0
2250 0
2251 0
2252 0
2253 0
2254 0
2255 0
2256 0
2257 0
2258 0
2259 0
2260 0
2261 0
2262 0
2263 0
2264 0
2265 0
2266 0
2267 0
2268 0
2269 0
2270 0
2271 0
2272 0
2273 0
2274 0
2275 0
2276 0
2277 0
2278 0
2279 0
2280 0
2281 0
2282 0
2283 0
2284 0
2285 0
2286 0
2287 0
2288 0
2289 0
2290 0
2291 0
2292 0
2293 0
2294 0
2295 0
2296 0
2297 0
2298 0
2299 0
2300 0
2301 0
2302 0
2303 0
2304 0
2305 0
2306 0
2307 0
2308 0
2309 0
2310 0
2311 0
2312 0
2313 0
2314 0
2315 0
2316 0
2317 0
2318 0
2319 0
2320 0
2321 0
2322 0
2323 0
2324 0
2325 0
2326 0
2327 0
2328 0
2329 0
2330 0
2331 0
2332 0
2333 0
2334 0
2335 0
2336 0
2337 0
2338 0
2339 0
2340 0
2341 0
2342 0
2343 0
2344 0
2345 0
2346 0
2347 0
2348 0
2349 0
2350 0
2351 0
2352 0
2353 0
2354 0
2355 0
2356 0
2357 0
2358 0
2359 0
2360 0
2361 0
2362 0
2363 0
2364 0
2365 0
2366 0
2367 0
2368 0
2369 0
2370 0
2371 0
2372 0
2373 0
2374 0
2375 0
2376 0
2377 0
2378 0
2379 0
2380 0
2381 0
2382 0
2383 0
2384 0
2385 0
2386 0
2387 0
2388 0
2389 0
2390 0
2391 0
2392 0
2393 0
2394 0
2395 0
2396 0
2397 0
2398 0
2399 0
2400 0
2401 0
2402 0
2403 0
2404 0
2405 0
2406 0
2407 0
2408 0
2409 0
2410 0
2411 0
2412 0
2413 0
2414 0
2415 0
2416 0
2417 0
2418 0
2419 0
2420 0
2421 0
2422 0
2423 0
2424 0
2425 0
2426 0
2427 0
2428 0
2429 0
2430 0
2431 0
2432 0
2433 0
2434 0
2435 0
2436 0
2437 0
2438 0
2439 0
2440 0
2441 0
2442 0
2443 0
2444 0
2445 0
2446 0
2447 0
2448 0
2449 0
2450 0
2451 0
2452 0
2453 0
2454 0
2455 0
2456 0
2457 0
2458 0
2459 0
2460 0
2461 0
2462 0
2463 0
2464 0
2465 0
2466 0
2467 0
2468 0
2469 0
2470 0
2471 0
2472 0
2473 0
2474 0
2475 0
2476 0
2477 0
2478 0
2479 0
2480 0
2481 0
2482 0
2483 0
2484 0
2485 0
2486 0
2487 0
2488 0
2489 0
2490 0
2491 0
2492 0
2493 0
2494 0
2495 0
2496 0
2497 0
2498 0
2499 0
2500 0
2501 0
2502 0
2503 0
2504 0
2505 0
2506 0
2507 0
2508 0
2509 0
2510 0
2511 0
2512 0
2513 0
2514 0
2515 0
2516 0
2517 0
2518 0
2519 0
2520 0
2521 0
2522 0
2523 0
2524 0
2525 0
2526 0
2527 0
2528 0
2529 0
2530 0
2531 0
2532 0
2533 0
2534 0
2535 0
2536 0
2537 0
2538 0
2539 0
2540 0
2541 0
2542 0
2543 0
2544 0
2545 0
2546 0
2547 0
2548 0
2549 0
2550 0
2551 0
2552 0
2553 0
2554 0
2555 0
2556 0
2557 0
2558 0
2559 0
2560 0
2561 0
2562 0
2563 0
2564 0
2565 0
2566 0
2567 0
2568 0
2569 0
2570 0
2571 0
2572 0
2573 0
2574 0
2575 0
2576 0
2577 0
2578 0
2579 0
2580 0
2581 0
2582 0
2583 0
2584 0
2585 0
2586 0
2587 0
2588 0
2589 0
2590 0
2591 0
2592 0
2593 0
2594 0
2595 0
2596 0
2597 0
2598 0
2599 0
2600 0
2601 0
2602 0
2603 0
2604 0
2605 0
2606 0
2607 0
2608 0
2609 0
2610 0
2611 0
2612 0
2613 0
2614 0
2615 0
2616 0
2617 0
2618 0
2619 0
2620 0
2621 0
2622 0
2623 0
2624 0
2625 0
2626 0
2627 0
2628 0
2629 0
2630 0
2631 0
2632 0
2633 0
2634 0
2635 0
2636 0
2637 0
2638 0
2639 0
2640 0
2641 0
2642 0
2643 0
2644 0
2645 0
2646 0
2647 0
2648 0
2649 0
2650 0
2651 0
2652 0
2653 0
2654 0
2655 0
2656 0
2657 0
2658 0
2659 0
2660 0
2661 0
2662 0
2663 0
2664 0
2665 0
2666 0
2667 0
2668 0
2669 0
2670 0
2671 0
2672 0
2673 0
2674 0
2675 0
2676 0
2677 0
2678 0
2679 0
2680 0
2681 0
2682 0
2683 0
2684 0
2685 0
2686 0
2687 0
2688 0
2689 0
2690 0
2691 0
2692 0
2693 0
2694 0
2695 0
2696 0
2697 0
2698 0
2699 0
2700 0
2701 0
2702 0
2703 0
2704 0
2705 0
2706 0
2707 0
2708 0
2709 0
2710 0
2711 0
2712 0
2713 0
2714 0
2715 0
2716 0
2717 0
2718 0
2719 0
2720 0
2721 0
2722 0
2723 0
2724 0
2725 0
2726 0
2727 0
2728 0
2729 0
2730 0
2731 0
2732 0
2733 0
2734 0
2735 0
2736 0
2737 0
2738 0
2739 0
2740 0
2741 0
2742 0
2743 0
2744 0
2745 0
2746 0
2747 0
2748 0
2749 0
2750 0
2751 0
2752 0
2753 0
2754 0
2755 0
2756 0
2757 0
2758 0
2759 0
2760 0
2761 0
2762 0
2763 0
2764 0
2765 0
2766 0
2767 0
2768 0
2769 0
2770 0
2771 0
2772 0
2773 0
2774 0
2775 0
2776 0
2777 0
2778 0
2779 0
2780 0
2781 0
2782 0
2783 0
2784 0
2785 0
2786 0
2787 0
2788 0
2789 0
2790 0
2791 0
2792 0
2793 0
2794 0
2795 0
2796 0
2797 0
2798 0
2799 0
2800 0
2801 0
2802 0
2803 0
2804 0
2805 0
2806 0
2807 0
2808 0
2809 0
2810 0
2811 0
2812 0
2813 0
2814 0
2815 0
2816 0
2817 0
2818 0
2819 0
2820 0
2821 0
2822 0
2823 0
2824 0
2825 0
2826 0
2827 0
2828 0
2829 0
2830 0
2831 0
2832 0
2833 0
2834 0
2835 0
2836 0
2837 0
2838 0
2839 0
2840 0
2841 0
2842 0
2843 0
2844 0
2845 0
2846 0
2847 0
2848 0
2849 0
2850 0
2851 0
2852 0
2853 0
2854 0
2855 0
2856 0
2857 0
2858 0
2859 0
2860 0
2861 0
2862 0
2863 0
2864 0
2865 0
2866 0
2867 0
2868 0
2869 0
2870 0
2871 0
2872 0
2873 0
2874 0
2875 0
2876 0
2877 0
2878 0
2879 0
2880 0
2881 0
2882 0
2883 0
2884 0
2885 0
2886 0
2887 0
2888 0
2889 0
2890 0
2891 0
2892 0
2893 0
2894 0
2895 0
2896 0
2897 0
2898 0
2899 0
2900 0
2901 0
2902 0
2903 0
2904 0
2905 0
2906 0
2907 0
2908 0
2909 0
2910 0
2911 0
2912 0
2913 0
2914 0
2915 0
2916 0
2917 0
2918 0
2919 0
2920 0
2921 0
2922 0
2923 0
2924 0
2925 0
2926 0
2927 0
2928 0
2929 0
2930 0
2931 0
2932 0
2933 0
2934 0
2935 0
2936 0
2937 0
2938 0
2939 0
2940 0
2941 0
2942 0
2943 0
2944 0
2945 0
2946 0
2947 0
2948 0
2949 0
2950 0
2951 0
2952 0
2953 0
2954 0
2955 0
2956 0
2957 0
2958 0
2959 0
2960 0
2961 0
2962 0
2963 0
2964 0
2965 0
2966 0
2967 0
2968 0
2969 0
2970 0
2971 0
2972 0
2973 0
2974 0
2975 0
2976 0
2977 0
2978 0
2979 0
2980 0
2981 0
2982 0
2983 0
2984 0
2985 0
2986 0
2987 0
2988 0
2989 0
2990 0
2991 0
2992 0
2993 0
2994 0
2995 0
2996 0
2997 0
2998 0
2999 0
3000 0
3001 0
3002 0
3003 0
3004 0
3005 0
3006 0
3007 0
3008 0
3009 0
3010 0
3011 0
3012 0
3013 0
3014 0
3015 0
3016 0
3017 0
3018 0
3019 0
3020 0
3021 0
3022 0
3023 0
3024 0
3025 0
3026 0
3027 0
3028 0
3029 0
3030 0
3031 0
3032 0
3033 0
3034 0
3035 0
3036 0
3037 0
3038 0
3039 0
3040 0
3041 0
3042 0
3043 0
3044 0
3045 0
3046 0
3047 0
3048 0
3049 0
3050 0
3051 0
3052 0
3053 0
3054 0
3055 0
3056 0
3057 0
3058 0
3059 0
3060 0
3061 0
3062 0
3063 0
3064 0
3065 0
3066 0
3067 0
3068 0
3069 0
3070 0
3071 0
3072 0
3073 0
3074 0
3075 0
3076 0
3077 0
3078 0
3079 0
3080 0
3081 0
3082 0
3083 0
3084 0
3085 0
3086 0
3087 0
3088 0
3089 0
3090 0
3091 0
3092 0
3093 0
3094 0
3095 0
3096 0
3097 0
3098 0
$EndElementData
$ElementData
1
"Attribute:UniformLoadGlobalY"
1
0
3
0
1
3098
1 -12000
2 -12000
3 -12000
4 -12000
5 -12000
6 -12000
7 -12000
8 -12000
9 -12000
10 -12000
11 -12000
12 -12000
13 -12000
14 -12000
15 -12000
16 -12000
17 -12000
18 -12000
19 -12000
20 -12000
21 -12000
22 -12000
23 -12000
24 -12000
25 -24000
26 -24000
27 -24000
28 -24000
29 -24000
30 -24000
31 -24000
32 -24000
33 -24000
34 -24000
35 -24000
36 -24000
37 -24000
38 -24000
39 -24000
40 -24000
41 -24000
42 -24000
43 -24000
44 -24000
45 -24000
46 -24000
47 -24000
48 -24000
49 -24000
50 -24000
51 -24000
52 -24000
53 -24000
54 -24000
55 -24000
56 -24000
57 -24000
58 -24000
59 -24000
60 -24000
61 -24000
62 -24000
63 -24000
64 -24000
65 -24000
66 -24000
67 -24000
68 -24000
69 -24000
70 -24000
71 -24000
72 -24000
73 -24000
74 -24000
75 -24000
76 -24000
77 -24000
78 -24000
79 -24000
80 -24000
81 -24000
82 -24000
83 -24000
84 -24000
85 -24000
86 -24000
87 -24000
88 -24000
89 -24000
90 -24000
91 -24000
92 -24000
93 -24000
94 -24000
95 -24000
96 -24000
97 -24000
98 -24000
99 -24000
100 -24000
101 -24000
102 -24000
103 -24000
104 -24000
105 -24000
106 -24000
107 -24000
108 -24000
109 -24000
110 -24000
111 -24000
112 -24000
113 -24000
114 -24000
115 -24000
116 -24000
117 -24000
118 -24000
119 -24000
120 -24000
121 -24000
122 -24000
123 -24000
124 -24000
125 -24000
126 -24000
127 -24000
128 -24000
129 -24000
130 -24000
131 -24000
132 -24000
133 -24000
134 -24000
135 -24000
136 -24000
137 -24000
138 -24000
139 -24000
140 -24000
141 -24000
142 -24000
143 -24000
144 -24000
145 -24000
146 -24000
147 -24000
148 -24000
149 -24000
150 -24000
151 -24000
152 -24000
153 -24000
154 -24000
155 -24000
156 -24000
157 -24000
158 -24000
159 -24000
160 -24000
161 -24000
162 -24000
163 -24000
164 -24000
165 -24000
166 -24000
167 -24000
168 -24000
169 -24000
170 -24000
171 -24000
172 -24000
173 -24000
174 -24000
175 -24000
176 -24000
177 -24000
178 -24000
179 -24000
180 -24000
181 -24000
182 -24000
183 -24000
184 -24000
185 -24000
186 -24000
187 -24000
188 -24000
189 -24000
190 -24000
191 -24000
192 -24000
193 -24000
194 -24000
195 -24000
196 -24000
197 -24000
198 -24000
199 -24000
200 -24000
201 -24000
202 -24000
203 -24000
204 -24000
205 -24000
206 -24000
207 -24000
208 -24000
209 -24000
210 -24000
211 -24000
212 -24000
213 -24000
214 -24000
215 -24000
216 -24000
217 -24000
218 -24000
219 -24000
220 -24000
221 -24000
222 -24000
223 -24000
224 -24000
225 -24000
226 -24000
227 -24000
228 -24000
229 -24000
230 -24000
231 -24000
232 -24000
233 -24000
234 -24000
235 -24000
236 -24000
237 -24000
238 -24000
239 -24000
240 -24000
241 -24000
242 -24000
243 -24000
244 -24000
245 -24000
246 -24000
247 -24000
248 -24000
249 -24000
250 -24000
251 -24000
252 -24000
253 -24000
254 -24000
255 -24000
256 -24000
257 -24000
258 -24000
259 -24000
260 -24000
261 -24000
262 -24000
263 -24000
264 -24000
265 -24000
266 -24000
267 -24000
268 -24000
269 -24000
270 -24000
271 -24000
272 -24000
273 -24000
274 -24000
275 -24000
276 -24000
277 -24000
278 -24000
279 -24000
280 -24000
281 -24000
282 -24000
283 -24000
284 -24000
285 -24000
286 -24000
287 -24000
288 -24000
289 -12000
290 -12000
291 -12000
292 -12000
293 -12000
294 -12000
295 -12000
296 -12000
297 -12000
298 -12000
299 -12000
300 -12000
301 -12000
302 -12000
303 -12000
304 -12000
305 -12000
306 -12000
307 -12000
308 -12000
309 -12000
310 -12000
311 -12000
312 -12000
313 0
314 0
315 0
316 0
317 0
318 0
319 0
320 0
321 0
322 0
323 0
324 0
325 0
326 0
327 0
328 0
329 0
330 0
331 0
332 0
333 0
334 0
335 0
336 0
337 0
338 0
339 0
340 0
341 0
342 0
343 0
344 0
345 0
346 0
347 0
348 0
349 0
350 0
351 0
352 0
353 0
354 0
355 0
356 0
357 0
358 0
359 0
360 0
361 0
362 0
363 0
364 0
365 0
366 0
367 0
368 0
369 0
370 0
371 0
372 0
373 0
374 0
375 0
376 0
377 0
378 0
379 0
380 0
381 0
382 0
383 0
384 0
385 0
386 0
387 0
388 0
389 0
390 0
391 0
392 0
393 0
394 0
395 0
396 0
397 0
398 0
399 0
400 0
401 0
402 0
403 0
404 0
405 0
406 0
407 0
408 0
409 0
410 0
411 0
412 0
413 0
414 0
415 0
416 0
417 0
418 0
419 0
420 0
421 0
422 0
423 0
424 0
425 0
426 0
427 0
428 0
429 0
430 0
431 0
432 0
433 0
434 0
435 0
436 0
437 0
438 0
439 0
440 0
441 0
442 0
443 0
444 0
445 0
446 0
447 0
448 0
449 0
450 0
451 0
452 0
453 0
454 0
455 0
456 0
457 0
458 0
459 0
460 0
461 0
462 0
463 0
464 0
465 0
466 0
467 0
468 0
469 0
470 0
471 0
472 0
473 0
474 0
475 0
476 0
477 0
478 0
479 0
480 0
481 0
482 0
483 0
484 0
485 0
486 0
487 0
488 0
489 0
490 0
491 0
492 0
493 0
494 0
495 0
496 0
497 0
498 0
499 0
500 0
501 0
502 0
503 0
504 0
505 0
506 0
507 0
508 0
509 0
510 0
511 0
512 0
513 0
514 0
515 0
516 0
517 0
518 0
519 0
520 0
521 0
522 0
523 0
524 0
525 0
526 0
527 0
528 0
529 0
530 0
531 0
532 0
533 0
534 0
535 0
536 0
537 0
538 0
539 0
540 0
541 0
542 0
543 0
544 0
545 0
546 0
547 0
548 0
549 0
550 0
551 0
552 0
553 0
554 0
555 0
556 0
557 0
558 0
559 0
560 0
561 0
562 0
563 0
564 0
565 0
566 0
567 0
568 0
569 0
570 0
571 0
572 0
573 0
574 0
575 0
576 0
577 0
578 0
579 0
580 0
581 0
582 0
583 0
584 0
585 0
586 0
587 0
588 0
589 0
590 0
591 0
592 0
593 0
594 0
595 0
596 0
597 0
598 0
599 0
600 0
601 0
602 0
603 0
604 0
605 0
606 0
607 0
608 0
609 0
610 0
611 0
612 0
613 0
614 0
615 0
616 0
617 0
618 0
619 0
620 0
621 0
622 0
623 0
624 0
625 0
626 0
627 0
628 0
629 0
630 0
631 0
632 0
633 0
634 0
635 0
636 0
637 0
638 0
639 0
640 0
641 0
642 0
643 0
644 0
645 0
646 0
647 0
648 0
649 0
650 0
651 0
652 0
653 0
654 0
655 0
656 0
657 0
658 0
659 0
660 0
661 0
662 0
663 0
664 0
665 0
666 0
667 0
668 0
669 0
670 0
671 0
672 0
673 0
674 0
675 0
676 0
677 0
678 0
679 0
680 0
681 0
682 0
683 0
684 0
685 0
686 0
687 0
688 0
689 0
690 0
691 0
692 0
693 0
694 0
695 0
696 0
697 0
698 0
699 0
700 0
701 0
702 0
703 0
704 0
705 0
706 0
707 0
708 0
709 0
710 0
711 0
712 0
713 0
714 0
715 0
716 0
717 0
718 0
719 0
720 0
721 0
722 0
723 0
724 0
725 0
726 0
727 0
728 0
729 0
730 0
731 0
732 0
733 0
734 0
735 0
736 0
737 0
738 0
739 0
740 0
741 0
742 0
743 0
744 0
745 0
746 0
747 0
748 0
749 0
750 0
751 0
752 0
753 0
754 0
755 0
756 0
757 0
758 0
759 0
760 0
761 0
762 0
763 0
764 0
765 0
766 0
767 0
768 0
769 0
770 0
771 0
772 0
773 0
774 0
775 0
776 0
777 0
778 0
779 0
780 0
781 0
782 0
783 0
784 0
785 0
786 0
787 0
788 0
789 0
790 0
791 0
792 0
793 0
794 0
795 0
796 0
797 0
798 0
799 0
800 0
801 0
802 0
803 0
804 0
805 0
806 0
807 0
808 0
809 0
810 0
811 0
812 0
813 0
814 0
815 0
816 0
817 0
818 0
819 0
820 0
821 0
822 0
823 0
824 0
825 0
826 0
827 0
828 0
829 0
830 0
831 0
832 0
833 0
834 0
835 0
836 0
837 0
838 0
839 0
840 0
841 0
842 0
843 0
844 0
845 0
846 0
847 0
848 0
849 0
850 0
851 0
852 0
853 0
854 0
855 0
856 0
857 0
858 0
859 0
860 0
861 0
862 0
863 0
864 0
865 0
866 0
867 0
868 0
869 0
870 0
871 0
872 0
873 0
874 0
875 0
876 0
877 0
878 0
879 0
880 0
881 0
882 0
883 0
884 0
885 0
886 0
887 0
888 0
889 0
890 0
891 0
892 0
893 0
894 0
895 0
896 0
897 0
898 0
899 0
900 0
901 0
902 0
903 0
904 0
905 0
906 0
907 0
908 0
909 0
910 0
911 0
912 0
913 0
914 0
915 0
916 0
917 0
918 0
919 0
920 0
921 0
922 0
923 0
924 0
925 0
926 0
927 0
928 0
929 0
930 0
931 0
932 0
933 0
934 0
935 0
936 0
937 0
938 0
939 0
940 0
941 0
942 0
943 0
944 0
945 0
946 0
947 0
948 0
949 0
950 0
951 0
952 0
953 0
954 0
955 0
956 0
957 0
958 0
959 0
960 0
961 0
962 0
963 0
964 0
965 0
966 0
967 0
968 0
969 0
970 0
971 0
972 0
973 0
974 0
975 0
976 0
977 0
978 0
979 0
980 0
981 0
982 0
983 0
984 0
985 0
986 0
987 0
988 0
989 0
990 0
991 0
992 0
993 0
994 0
995 0
996 0
997 0
998 0
999 0
1000 0
1001 0
1002 0
1003 0
1004 0
1005 0
1006 0
1007 0
1008 0
1009 0
1010 0
1011 0
1012 0
1013 0
1014 0
1015 0
1016 0
1017 0
1018 0
1019 0
1020 0
1021 0
1022 0
1023 0
1024 0
1025 0
1026 0
1027 0
1028 0
1029 0
1030 0
1031 0
1032 0
1033 0
1034 0
1035 0
1036 0
1037 0
1038 0
1039 0
1040 0
1041 0
1042 0
1043 0
1044 0
1045 0
1046 0
1047 0
1048 0
1049 0
1050 0
1051 0
1052 0
1053 0
1054 0
1055 0
1056 0
1057 0
1058 0
1059 0
1060 0
1061 0
1062 0
1063 0
1064 0
1065 0
1066 0
1067 0
1068 0
1069 0
1070 0
1071 0
1072 0
1073 0
1074 0
1075 0
1076 0
1077 0
1078 0
1079 0
1080 0
1081 0
1082 0
1083 0
1084 0
1085 0
1086 0
1087 0
1088 0
1089 0
1090 0
1091 0
1092 0
1093 0
1094 0
1095 0
1096 0
1097 0
1098 0
1099 0
1100 0
1101 0
1102 0
1103 0
1104 0
1105 0
1106 0
1107 0
1108 0
1109 0
1110 0
1111 0
1112 0
1113 0
1114 0
1115 0
1116 0
1117 0
1118 0
1119 0
1120 0
1121 0
1122 0
1123 0
1124 0
1125 0
1126 0
1127 0
1128 0
1129 0
1130 0
1131 0
1132 0
1133 0
1134 0
1135 0
1136 0
1137 0
1138 0
1139 0
1140 0
1141 0
1142 0
1143 0
1144 0
1145 0
1146 0
1147 0
1148 0
1149 0
1150 0
1151 0
1152 0
1153 0
1154 0
1155 0
1156 0
1157 0
1158 0
1159 0
1160 0
1161 0
1162 0
1163 0
1164 0
1165 0
1166 0
1167 0
1168 0
1169 0
1170 0
1171 0
1172 0
1173 0
1174 0
1175 0
1176 0
1177 0
1178 0
1179 0
1180 0
1181 0
1182 0
1183 0
1184 0
1185 0
1186 0
1187 0
1188 0
1189 0
1190 0
1191 0
1192 0
1193 0
1194 0
1195 0
1196 0
1197 0
1198 0
1199 0
1200 0
1201 0
1202 0
1203 0
1204 0
1205 0
1206 0
1207 0
1208 0
1209 0
1210 0
1211 0
1212 0
1213 0
1214 0
1215 0
1216 0
1217 0
1218 0
1219 0
1220 0
1221 0
1222 0
1223 0
1224 0
1225 0
1226 0
1227 0
1228 0
1229 0
1230 0
1231 0
1232 0
1233 0
1234 0
1235 0
1236 0
1237 0
1238 0
1239 0
1240 0
1241 0
1242 0
1243 0
1244 0
1245 0
1246 0
1247 0
1248 0
1249 0
1250 0
1251 0
1252 0
1253 0
1254 0
1255 0
1256 0
1257 0
1258 0
1259 0
1260 0
1261 0
1262 0
1263 0
1264 0
1265 0
1266 0
1267 0
1268 0
1269 0
1270 0
1271 0
1272 0
1273 0
1274 0
1275 0
1276 0
1277 0
1278 0
1279 0
1280 0
1281 0
1282 0
1283 0
1284 0
1285 0
1286 0
1287 0
1288 0
1289 0
1290 0
1291 0
1292 0
1293 0
1294 0
1295 0
1296 0
1297 0
1298 0
1299 0
1300 0
1301 0
1302 0
1303 0
1304 0
1305 0
1306 0
1307 0
1308 0
1309 0
1310 0
1311 0
1312 0
1313 0
1314 0
1315 0
1316 0
1317 0
1318 0
1319 0
1320 0
1321 0
1322 0
1323 0
1324 0
1325 0
1326 0
1327 0
1328 0
1329 0
1330 0
1331 0
1332 0
1333 0
1334 0
1335 0
1336 0
1337 0
1338 0
1339 0
1340 0
1341 0
1342 0
1343 0
1344 0
1345 0
1346 0
1347 0
1348 0
1349 0
1350 0
1351 0
1352 0
1353 0
1354 0
1355 0
1356 0
1357 0
1358 0
1359 0
1360 0
1361 0
1362 0
1363 0
1364 0
1365 0
1366 0
1367 0
1368 0
1369 0
1370 0
1371 0
1372 0
1373 0
1374 0
1375 0
1376 0
1377 0
1378 0
1379 0
1380 0
1381 0
1382 0
1383 0
1384 0
1385 0
1386 0
1387 0
1388 0
1389 0
1390 0
1391 0
1392 0
1393 0
1394 0
1395 0
1396 0
1397 0
1398 0
1399 0
1400 0
1401 0
1402 0
1403 0
1404 0
1405 0
1406 0
1407 0
1408 0
1409 0
1410 0
1411 0
1412 0
1413 0
1414 0
1415 0
1416 0
1417 0
1418 0
1419 0
1420 0
1421 0
1422 0
1423 0
1424 0
1425 0
1426 0
1427 0
1428 0
1429 0
1430 0
1431 0
1432 0
1433 0
1434 0
1435 0
1436 0
1437 0
1438 0
1439 0
1440 0
1441 0
1442 0
1443 0
1444 0
1445 0
1446 0
1447 0
1448 0
1449 0
1450 0
1451 0
1452 0
1453 0
1454 0
1455 0
1456 0
1457 0
1458 0
1459 0
1460 0
1461 0
1462 0
1463 0
1464 0
1465 0
1466 0
1467 0
1468 0
1469 0
1470 0
1471 0
1472 0
1473 0
1474 0
1475 0
1476 0
1477 0
1478 0
1479 0
1480 0
1481 0
1482 0
1483 0
1484 0
1485 0
1486 0
1487 0
1488 0
1489 0
1490 0
1491 0
1492 0
1493 0
1494 0
1495 0
1496 0
1497 0
1498 0
1499 0
1500 0
1501 0
1502 0
1503 0
1504 0
1505 0
1506 0
1507 0
1508 0
1509 0
1510 0
1511 0
1512 0
1513 0
1514 0
1515 0
1516 0
1517 0
1518 0
1519 0
1520 0
1521 0
1522 0
1523 0
1524 0
1525 0
1526 0
1527 0
1528 0
1529 0
1530 0
1531 0
1532 0
1533 0
1534 0
1535 0
1536 0
1537 0
1538 0
1539 0
1540 0
1541 0
1542 0
1543 0
1544 0
1545 0
1546 0
1547 0
1548 0
1549 0
1550 0
1551 0
1552 0
1553 0
1554 0
1555 0
1556 0
1557 0
1558 0
1559 0
1560 0
1561 0
1562 0
1563 0
1564 0
1565 0
1566 0
1567 0
1568 0
1569 0
1570 0
1571 0
1572 0
1573 0
1574 0
1575 0
1576 0
1577 0
1578 0
1579 0
1580 0
1581 0
1582 0
1583 0
1584 0
1585 0
1586 0
1587 0
1588 0
1589 0
1590 0
1591 0
1592 0
1593 0
1594 0
1595 0
1596 0
1597 0
1598 0
1599 0
1600 0
1601 0
1602 0
1603 0
1604 0
1605 0
1606 0
1607 0
1608 0
1609 0
1610 0
1611 0
1612 0
1613 0
1614 0
1615 0
1616 0
1617 0
1618 0
1619 0
1620 0
1621 0
1622 0
1623 0
1624 0
1625 0
1626 0
1627 0
1628 0
1629 0
1630 0
1631 0
1632 0
1633 0
1634 0
1635 0
1636 0
1637 0
1638 0
1639 0
1640 0
1641 0
1642 0
1643 0
1644 0
1645 0
1646 0
1647 0
1648 0
1649 0
1650 0
1651 0
1652 0
1653 0
1654 0
1655 0
1656 0
1657 0
1658 0
1659 0
1660 0
1661 0
1662 0
1663 0
1664 0
1665 0
1666 0
1667 0
1668 0
1669 0
1670 0
1671 0
1672 0
1673 0
1674 0
1675 0
1676 0
1677 0
1678 0
1679 0
1680 0
1681 0
1682 0
1683 0
1684 0
1685 0
1686 0
1687 0
1688 0
1689 0
1690 0
1691 0
1692 0
1693 0
1694 0
1695 0
1696 0
1697 0
1698 0
1699 0
1700 0
1701 0
1702 0
1703 0
1704 0
1705 0
1706 0
1707 0
1708 0
1709 0
1710 0
1711 0
1712 0
1713 0
1714 0
1715 0
1716 0
1717 0
1718 0
1719 0
1720 0
1721 0
1722 0
1723 0
1724 0
1725 0
1726 0
1727 0
1728 0
1729 0
1730 0
1731 0
1732 0
1733 0
1734 0
1735 0
1736 0
1737 0
1738 0
1739 0
1740 0
1741 0
1742 0
1743 0
1744 0
1745 0
1746 0
1747 0
1748 0
1749 0
1750 0
1751 0
1752 0
1753 0
1754 0
1755 0
1756 0
1757 0
1758 0
1759 0
1760 0
1761 0
1762 0
1763 0
1764 0
1765 0
1766 0
1767 0
1768 0
1769 0
1770 0
1771 0
1772 0
1773 0
1774 0
1775 0
1776 0
1777 0
1778 0
1779 0
1780 0
1781 0
1782 0
1783 0
1784 0
1785 0
1786 0
1787 0
1788 0
1789 0
1790 0
1791 0
1792 0
1793 0
1794 0
1795 0
1796 0
1797 0
1798 0
1799 0
1800 0
1801 0
1802 0
1803 0
1804 0
1805 0
1806 0
1807 0
1808 0
1809 0
1810 0
1811 0
1812 0
1813 0
1814 0
1815 0
1816 0
1817 0
1818 0
1819 0
1820 0
1821 0
1822 0
1823 0
1824 0
1825 0
1826 0
1827 0
1828 0
1829 0
1830 0
1831 0
1832 0
1833 0
1834 0
1835 0
1836 0
1837 0
1838 0
1839 0
1840 0
1841 0
1842 0
1843 0
1844 0
1845 0
1846 0
1847 0
1848 0
1849 0
1850 0
1851 0
1852 0
1853 0
1854 0
1855 0
1856 0
1857 0
1858 0
1859 0
1860 0
1861 0
1862 0
1863 0
1864 0
1865 0
1866 0
1867 0
1868 0
1869 0
1870 0
1871 0
1872 0
1873 0
1874 0
1875 0
1876 0
1877 0
1878 0
1879 0
1880 0
1881 0
1882 0
1883 0
1884 0
1885 0
1886 0
1887 0
1888 0
1889 0
1890 0
1891 0
1892 0
1893 0
1894 0
1895 0
1896 0
1897 0
1898 0
1899 0
1900 0
1901 0
1902 0
1903 0
1904 0
1905 0
1906 0
1907 0
1908 0
1909 0
1910 0
1911 0
1912 0
1913 0
1914 0
1915 0
1916 0
1917 0
1918 0
1919 0
1920 0
1921 0
1922 0
1923 0
1924 0
1925 0
1926 0
1927 0
1928 0
1929 0
1930 0
1931 0
1932 0
1933 0
1934 0
1935 0
1936 0
1937 0
1938 0
1939 0
1940 0
1941 0
1942 0
1943 0
1944 0
1945 0
1946 0
1947 0
1948 0
1949 0
1950 0
1951 0
1952 0
1953 0
1954 0
1955 0
1956 0
1957 0
1958 0
1959 0
1960 0
1961 0
1962 0
1963 0
1964 0
1965 0
1966 0
1967 0
1968 0
1969 0
1970 0
1971 0
1972 0
1973 0
1974 0
1975 0
1976 0
1977 0
1978 0
1979 0
1980 0
1981 0
1982 0
1983 0
1984 0
1985 0
1986 0
1987 0
1988 0
1989 0
1990 0
1991 0
1992 0
1993 0
1994 0
1995 0
1996 0
1997 0
1998 0
1999 0
2000 0
2001 0
2002 0
2003 0
2004 0
2005 0
2006 0
2007 0
2008 0
2009 0
2010 0
2011 0
2012 0
2013 0
2014 0
2015 0
2016 0
2017 0
2018 0
2019 0
2020 0
2021 0
2022 0
2023 0
2024 0
2025 0
2026 0
2027 0
2028 0
2029 0
2030 0
2031 0
2032 0
2033 0
2034 0
2035 0
2036 0
2037 0
2038 0
2039 0
2040 0
2041 0
2042 0
2043 0
2044 0
2045 0
2046 0
2047 0
2048 0
2049 0
2050 0
2051 0
2052 0
2053 0
2054 0
2055 0
2056 0
2057 0
2058 0
2059 0
2060 0
2061 0
2062 0
2063 0
2064 0
2065 0
2066 0
2067 0
2068 0
2069 0
2070 0
2071 0
2072 0
2073 0
2074 0
2075 0
2076 0
2077 0
2078 0
2079 0
2080 0
2081 0
2082 0
2083 0
2084 0
2085 0
2086 0
2087 0
2088 0
2089 0
2090 0
2091 0
2092 0
2093 0
2094 0
2095 0
2096 0
2097 0
2098 0
2099 0
2100 0
2101 0
2102 0
2103 0
2104 0
2105 0
2106 0
2107 0
2108 0
2109 0
2110 0
2111 0
2112 0
2113 0
2114 0
2115 0
2116 0
2117 0
2118 0
2119 0
2120 0
2121 0
2122 0
2123 0
2124 0
2125 0
2126 0
2127 0
2128 0
2129 0
2130 0
2131 0
2132 0
2133 0
2134 0
2135 0
2136 0
2137 0
2138 0
2139 0
2140 0
2141 0
2142 0
2143 0
2144 0
2145 0
2146 0
2147 0
2148 0
2149 0
2150 0
2151 0
2152 0
2153 0
2154 0
2155 0
2156 0
2157 0
2158 0
2159 0
2160 0
2161 0
2162 0
2163 0
2164 0
2165 0
2166 0
2167 0
2168 0
2169 0
2170 0
2171 0
2172 0
2173 0
2174 0
2175 0
2176 0
2177 0
2178 0
2179 0
2180 0
2181 0
2182 0
2183 0
2184 0
2185 0
2186 0
2187 0
2188 0
2189 0
2190 0
2191 0
2192 0
2193 0
2194 0
2195 0
2196 0
2197 0
2198 0
2199 0
2200 0
2201 0
2202 0
2203 0
2204 0
2205 0
2206 0
2207 0
2208 0
2209 0
2210 0
2211 0
2212 0
2213 0
2214 0
2215 0
2216 0
2217 0
2218 0
2219 0
2220 0
2221 0
2222 0
2223 0
2224 0
2225 0
2226 0
2227 0
2228 0
2229 0
2230 0
2231 0
2232 0
2233 0
2234 0
2235 0
2236 0
2237 0
2238 0
2239 0
2240 0
2241 0
2242 0
2243 0
2244 0
2245 0
2246 0
2247 0
2248 0
2249 0
2250 0
2251 0
2252 0
2253 0
2254 0
2255 0
2256 0
2257 0
2258 0
2259 0
2260 0
2261 0
2262 0
2263 0
2264 0
2265 0
2266 0
2267 0
2268 0
2269 0
2270 0
2271 0
2272 0
2273 0
2274 0
2275 0
2276 0
2277 0
2278 0
2279 0
2280 0
2281 0
2282 0
2283 0
2284 0
2285 0
2286 0
2287 0
2288 0
2289 0
2290 0
2291 0
2292 0
2293 0
2294 0
2295 0
2296 0
2297 0
2298 0
2299 0
2300 0
2301 0
2302 0
2303 0
2304 0
2305 0
2306 0
2307 0
2308 0
2309 0
2310 0
2311 0
2312 0
2313 0
2314 0
2315 0
2316 0
2317 0
2318 0
2319 0
2320 0
2321 0
2322 0
2323 0
2324 0
2325 0
2326 0
2327 0
2328 0
2329 0
2330 0
2331 0
2332 0
2333 0
2334 0
2335 0
2336 0
2337 0
2338 0
2339 0
2340 0
2341 0
2342 0
2343 0
2344 0
2345 0
2346 0
2347 0
2348 0
2349 0
2350 0
2351 0
2352 0
2353 0
2354 0
2355 0
2356 0
2357 0
2358 0
2359 0
2360 0
2361 0
2362 0
2363 0
2364 0
2365 0
2366 0
2367 0
2368 0
2369 0
2370 0
2371 0
2372 0
2373 0
2374 0
2375 0
2376 0
2377 0
2378 0
2379 0
2380 0
2381 0
2382 0
2383 0
2384 0
2385 0
2386 0
2387 0
2388 0
2389 0
2390 0
2391 0
2392 0
2393 0
2394 0
2395 0
2396 0
2397 0
2398 0
2399 0
2400 0
2401 0
2402 0
2403 0
2404 0
2405 0
2406 0
2407 0
2408 0
2409 0
2410 0
2411 0
2412 0
2413 0
2414 0
2415 0
2416 0
2417 0
2418 0
2419 0
2420 0
2421 0
2422 0
2423 0
2424 0
2425 0
2426 0
2427 0
2428 0
2429 0
2430 0
2431 0
2432 0
2433 0
2434 0
2435 0
2436 0
2437 0
2438 0
2439 0
2440 0
2441 0
2442 0
2443 0
2444 0
2445 0
2446 0
2447 0
2448 0
2449 0
2450 0
2451 0
2452 0
2453 0
2454 0
2455 0
2456 0
2457 0
2458 0
2459 0
2460 0
2461 0
2462 0
2463 0
2464 0
2465 0
2466 0
2467 0
2468 0
2469 0
2470 0
2471 0
2472 0
2473 0
2474 0
2475 0
2476 0
2477 0
2478 0
2479 0
2480 0
2481 0
2482 0
2483 0
2484 0
2485 0
2486 0
2487 0
2488 0
2489 0
2490 0
2491 0
2492 0
2493 0
2494 0
2495 0
2496 0
2497 0
2498 0
2499 0
2500 0
2501 0
2502 0
2503 0
2504 0
2505 0
2506 0
2507 0
2508 0
2509 0
2510 0
2511 0
2512 0
2513 0
2514 0
2515 0
2516 0
2517 0
2518 0
2519 0
2520 0
2521 0
2522 0
2523 0
2524 0
2525 0
2526 0
2527 0
2528 0
2529 0
2530 0
2531 0
2532 0
2533 0
2534 0
2535 0
2536 0
2537 0
2538 0
2539 0
2540 0
2541 0
2542 0
2543 0
2544 0
2545 0
2546 0
2547 0
2548 0
2549 0
2550 0
2551 0
2552 0
2553 0
2554 0
2555 0
2556 0
2557 0
2558 0
2559 0
2560 0
2561 0
2562 0
2563 0
2564 0
2565 0
2566 0
2567 0
2568 0
2569 0
2570 0
2571 0
2572 0
2573 0
2574 0
2575 0
2576 0
2577 0
2578 0
2579 0
2580 0
2581 0
2582 0
2583 0
2584 0
2585 0
2586 0
2587 0
2588 0
2589 0
2590 0
2591 0
2592 0
2593 0
2594 0
2595 0
2596 0
2597 0
2598 0
2599 0
2600 0
2601 0
2602 0
2603 0
2604 0
2605 0
2606 0
2607 0
2608 0
2609 0
2610 0
2611 0
2612 0
2613 0
2614 0
2615 0
2616 0
2617 0
2618 0
2619 0
2620 0
2621 0
2622 0
2623 0
2624 0
2625 0
2626 0
2627 0
2628 0
2629 0
2630 0
2631 0
2632 0
2633 0
2634 0
2635 0
2636 0
2637 0
2638 0
2639 0
2640 0
2641 0
2642 0
2643 0
2644 0
2645 0
2646 0
2647 0
2648 0
2649 0
2650 0
2651 0
2652 0
2653 0
2654 0
2655 0
2656 0
2657 0
2658 0
2659 0
2660 0
2661 0
2662 0
2663 0
2664 0
2665 0
2666 0
2667 0
2668 0
2669 0
2670 0
2671 0
2672 0
2673 0
2674 0
2675 0
2676 0
2677 0
2678 0
2679 0
2680 0
2681 0
2682 0
2683 0
2684 0
2685 0
2686 0
2687 0
2688 0
2689 0
2690 0
2691 0
2692 0
2693 0
2694 0
2695 0
2696 0
2697 0
2698 0
2699 0
2700 0
2701 0
2702 0
2703 0
2704 0
2705 0
2706 0
2707 0
2708 0
2709 0
2710 0
2711 0
2712 0
2713 0
2714 0
2715 0
2716 0
2717 0
2718 0
2719 0
2720 0
2721 0
2722 0
2723 0
2724 0
2725 0
2726 0
2727 0
2728 0
2729 0
2730 0
2731 0
2732 0
2733 0
2734 0
2735 0
2736 0
2737 0
2738 0
2739 0
2740 0
2741 0
2742 0
2743 0
2744 0
2745 0
2746 0
2747 0
2748 0
2749 0
2750 0
2751 0
2752 0
2753 0
2754 0
2755 0
2756 0
2757 0
2758 0
2759 0
2760 0
2761 0
2762 0
2763 0
2764 0
2765 0
2766 0
2767 0
2768 0
2769 0
2770 0
2771 0
2772 0
2773 0
2774 0
2775 0
2776 0
2777 0
2778 0
2779 0
2780 0
2781 0
2782 0
2783 0
2784 0
2785 0
2786 0
2787 0
2788 0
2789 0
2790 0
2791 0
2792 0
2793 0
2794 0
2795 0
2796 0
2797 0
2798 0
2799 0
2800 0
2801 0
2802 0
2803 0
2804 0
2805 0
2806 0
2807 0
2808 0
2809 0
2810 0
2811 0
2812 0
2813 0
2814 0
2815 0
2816 0
2817 0
2818 0
2819 0
2820 0
2821 0
2822 0
2823 0
2824 0
2825 0
2826 0
2827 0
2828 0
2829 0
2830 0
2831 0
2832 0
2833 0
2834 0
2835 0
2836 0
2837 0
2838 0
2839 0
2840 0
2841 0
2842 0
2843 0
2844 0
2845 0
2846 0
2847 0
2848 0
2849 0
2850 0
2851 0
2852 0
2853 0
2854 0
2855 0
2856 0
2857 0
2858 0
2859 0
2860 0
2861 0
2862 0
2863 0
2864 0
2865 0
2866 0
2867 0
2868 0
2869 0
2870 0
2871 0
2872 0
2873 0
2874 0
2875 0
2876 0
2877 0
2878 0
2879 0
2880 0
2881 0
2882 0
2883 0
2884 0
2885 0
2886 0
2887 0
2888 0
2889 0
2890 0
2891 0
2892 0
2893 0
2894 0
2895 0
2896 0
2897 0
2898 0
2899 0
2900 0
2901 0
2902 0
2903 0
2904 0
2905 0
2906 0
2907 0
2908 0
2909 0
2910 0
2911 0
2912 0
2913 0
2914 0
2915 0
2916 0
2917 0
2918 0
2919 0
2920 0
2921 0
2922 0
2923 0
2924 0
2925 0
2926 0
2927 0
2928 0
2929 0
2930 0
2931 0
2932 0
2933 0
2934 0
2935 0
2936 0
2937 0
2938 0
2939 0
2940 0
2941 0
2942 0
2943 0
2944 0
2945 0
2946 0
2947 0
2948 0
2949 0
2950 0
2951 0
2952 0
2953 0
2954 0
2955 0
2956 0
2957 0
2958 0
2959 0
2960 0
2961 0
2962 0
2963 0
2964 0
2965 0
2966 0
2967 0
2968 0
2969 0
2970 0
2971 0
2972 0
2973 0
2974 0
2975 0
2976 0
2977 0
2978 0
2979 0
2980 0
2981 0
2982 0
2983 0
2984 0
2985 0
2986 0
2987 0
2988 0
2989 0
2990 0
2991 0
2992 0
2993 0
2994 0
2995 0
2996 0
2997 0
2998 0
2999 0
3000 0
3001 0
3002 0
3003 0
3004 0
3005 0
3006 0
3007 0
3008 0
3009 0
3010 0
3011 0
3012 0
3013 0
3014 0
3015 0
3016 0
3017 0
3018 0
3019 0
3020 0
3021 0
3022 0
3023 0
3024 0
3025 0
3026 0
3027 0
3028 0
3029 0
3030 0
3031 0
3032 0
3033 0
3034 0
3035 0
3036 0
3037 0
3038 0
3039 0
3040 0
3041 0
3042 0
3043 0
3044 0
3045 0
3046 0
3047 0
3048 0
3049 0
3050 0
3051 0
3052 0
3053 0
3054 0
3055 0
3056 0
3057 0
3058 0
3059 0
3060 0
3061 0
3062 0
3063 0
3064 0
3065 0
3066 0
3067 0
3068 0
3069 0
3070 0
3071 0
3072 0
3073 0
3074 0
3075 0
3076 0
3077 0
3078 0
3079 0
3080 0
3081 0
3082 0
3083 0
3084 0
3085 0
3086 0
3087 0
3088 0
3089 0
3090 0
3091 0
3092 0
3093 0
3094 0
3095 0
3096 0
3097 0
3098 0
$EndElementData
$ElementData
1
"Attribute:UniformLoadGlobalZ"
1
0
3
0
1
3098
1 0
2 0
3 0
4 0
5 0
6 0
7 0
8 0
9 0
10 0
11 0
12 0
13 0
14 0
15 0
16 0
17 0
18 0
19 0
20 0
21 0
22 0
23 0
24 0
25 0
26 0
27 0
28 0
29 0
30 0
31 0
32 0
33 0
34 0
35 0
36 0
37 0
38 0
39 0
40 0
41 0
42 0
43 0
44 0
45 0
46 0
47 0
48 0
49 0
50 0
51 0
52 0
53 0
54 0
55 0
56 0
57 0
58 0
59 0
60 0
61 0
62 0
63 0
64 0
65 0
66 0
67 0
68 0
69 0
70 0
71 0
72 0
73 0
74 0
75 0
76 0
77 0
78 0
79 0
80 0
81 0
82 0
83 0
84 0
85 0
86 0
87 0
88 0
89 0
90 0
91 0
92 0
93 0
94 0
95 0
96 0
97 0
98 0
99 0
100 0
101 0
102 0
103 0
104 0
105 0
106 0
107 0
108 0
109 0
110 0
111 0
112 0
113 0
114 0
115 0
116 0
117 0
118 0
119 0
120 0
121 0
122 0
123 0
124 0
125 0
126 0
127 0
128 0
129 0
130 0
131 0
132 0
133 0
134 0
135 0
136 0
137 0
138 0
139 0
140 0
141 0
142 0
143 0
144 0
145 0
146 0
147 0
148 0
149 0
150 0
151 0
152 0
153 0
154 0
155 0
156 0
157 0
158 0
159 0
160 0
161 0
162 0
163 0
164 0
165 0
166 0
167 0
168 0
169 0
170 0
171 0
172 0
173 0
174 0
175 0
176 0
177 0
178 0
179 0
180 0
181 0
182 0
183 0
184 0
185 0
186 0
187 0
188 0
189 0
190 0
191 0
192 0
193 0
194 0
195 0
196 0
197 0
198 0
199 0
200 0
201 0
202 0
203 0
204 0
205 0
206 0
207 0
208 0
209 0
210 0
211 0
212 0
213 0
214 0
215 0
216 0
217 0
218 0
219 0
220 0
221 0
222 0
223 0
224 0
225 0
226 0
227 0
228 0
229 0
230 0
231 0
232 0
233 0
234 0
235 0
236 0
237 0
238 0
239 0
240 0
241 0
242 0
243 0
244 0
245 0
246 0
247 0
248 0
249 0
250 0
251 0
252 0
253 0
254 0
255 0
256 0
257 0
258 0
259 0
260 0
261 0
262 0
263 0
264 0
265 0
266 0
267 0
268 0
269 0
270 0
271 0
272 0
273 0
274 0
275 0
276 0
277 0
278 0
279 0
280 0
281 0
282 0
283 0
284 0
285 0
286 0
287 0
288 0
289 0
290 0
291 0
292 0
293 0
294 0
295 0
296 0
297 0
298 0
299 0
300 0
301 0
302 0
303 0
304 0
305 0
306 0
307 0
308 0
309 0
310 0
311 0
312 0
313 0
314 0
315 0
316 0
317 0
318 0
319 0
320 0
321 0
322 0
323 0
324 0
325 0
326 0
327 0
328 0
329 0
330 0
331 0
332 0
333 0
334 0
335 0
336 0
337 0
338 0
339 0
340 0
341 0
342 0
343 0
344 0
345 0
346 0
347 0
348 0
349 0
350 0
351 0
352 0
353 0
354 0
355 0
356 0
357 0
358 0
359 0
360 0
361 0
362 0
363 0
364 0
365 0
366 0
367 0
368 0
369 0
370 0
371 0
372 0
373 0
374 0
375 0
376 0
377 0
378 0
379 0
380 0
381 0
382 0
383 0
384 0
385 0
386 0
387 0
388 0
389 0
390 0
391 0
392 0
393 0
394 0
395 0
396 0
397 0
398 0
399 0
400 0
401 0
402 0
403 0
404 0
405 0
406 0
407 0
408 0
409 0
410 0
411 0
412 0
413 0
414 0
415 0
416 0
417 0
418 0
419 0
420 0
421 0
422 0
423 0
424 0
425 0
426 0
427 0
428 0
429 0
430 0
431 0
432 0
433 0
434 0
435 0
436 0
437 0
438 0
439 0
440 0
441 0
442 0
443 0
444 0
445 0
446 0
447 0
448 0
449 0
450 0
451 0
452 0
453 0
454 0
455 0
456 0
457 0
458 0
459 0
460 0
461 0
462 0
463 0
464 0
465 0
466 0
467 0
468 0
469 0
470 0
471 0
472 0
473 0
474 0
475 0
476 0
477 0
478 0
479 0
480 0
481 0
482 0
483 0
484 0
485 0
486 0
487 0
488 0
489 0
490 0
491 0
492 0
493 0
494 0
495 0
496 0
497 0
498 0
499 0
500 0
501 0
502 0
503 0
504 0
505 0
506 0
507 0
508 0
509 0
510 0
511 0
512 0
513 0
514 0
515 0
516 0
517 0
518 0
519 0
520 0
521 0
522 0
523 0
524 0
525 0
526 0
527 0
528 0
529 0
530 0
531 0
532 0
533 0
534 0
535 0
536 0
537 0
538 0
539 0
540 0
541 0
542 0
543 0
544 0
545 0
546 0
547 0
548 0
549 0
550 0
551 0
552 0
553 0
554 0
555 0
556 0
557 0
558 0
559 0
560 0
561 0
562 0
563 0
564 0
565 0
566 0
567 0
568 0
569 0
570 0
571 0
572 0
573 0
574 0
575 0
576 0
577 0
578 0
579 0
580 0
581 0
582 0
583 0
584 0
585 0
586 0
587 0
588 0
589 0
590 0
591 0
592 0
593 0
594 0
595 0
596 0
597 0
598 0
599 0
600 0
601 0
602 0
603 0
604 0
605 0
606 0
607 0
608 0
609 0
610 0
611 0
612 0
613 0
614 0
615 0
616 0
617 0
618 0
619 0
620 0
621 0
622 0
623 0
624 0
625 0
626 0
627 0
628 0
629 0
630 0
631 0
632 0
633 0
634 0
635 0
636 0
637 0
638 0
639 0
640 0
641 0
642 0
643 0
644 0
645 0
646 0
647 0
648 0
649 0
650 0
651 0
652 0
653 0
654 0
655 0
656 0
657 0
658 0
659 0
660 0
661 0
662 0
663 0
664 0
665 0
666 0
667 0
668 0
669 0
670 0
671 0
672 0
673 0
674 0
675 0
676 0
677 0
678 0
679 0
680 0
681 0
682 0
683 0
684 0
685 0
686 0
687 0
688 0
689 0
690 0
691 0
692 0
693 0
694 0
695 0
696 0
697 0
698 0
699 0
700 0
701 0
702 0
703 0
704 0
705 0
706 0
707 0
708 0
709 0
710 0
711 0
712 0
713 0
714 0
715 0
716 0
717 0
718 0
719 0
720 0
721 0
722 0
723 0
724 0
725 0
726 0
727 0
728 0
729 0
730 0
731 0
732 0
733 0
734 0
735 0
736 0
737 0
738 0
739 0
740 0
741 0
742 0
743 0
744 0
745 0
746 0
747 0
748 0
749 0
750 0
751 0
752 0
753 0
754 0
755 0
756 0
757 0
758 0
759 0
760 0
761 0
762 0
763 0
764 0
765 0
766 0
767 0
768 0
769 0
770 0
771 0
772 0
773 0
774 0
775 0
776 0
777 0
778 0
779 0
780 0
781 0
782 0
783 0
784 0
785 0
786 0
787 0
788 0
789 0
790 0
791 0
792 0
793 0
794 0
795 0
796 0
797 0
798 0
799 0
800 0
801 0
802 0
803 0
804 0
805 0
806 0
807 0
808 0
809 0
810 0
811 0
812 0
813 0
814 0
815 0
816 0
817 0
818 0
819 0
820 0
821 0
822 0
823 0
824 0
825 0
826 0
827 0
828 0
829 0
830 0
831 0
832 0
833 0
834 0
835 0
836 0
837 0
838 0
839 0
840 0
841 0
842 0
843 0
844 0
845 0
846 0
847 0
848 0
849 0
850 0
851 0
852 0
853 0
854 0
855 0
856 0
857 0
858 0
859 0
860 0
861 0
862 0
863 0
864 0
865 0
866 0
867 0
868 0
869 0
870 0
871 0
872 0
873 0
874 0
875 0
876 0
877 0
878 0
879 0
880 0
881 0
882 0
883 0
884 0
885 0
886 0
887 0
888 0
889 0
890 0
891 0
892 0
893 0
894 0
895 0
896 0
897 0
898 0
899 0
900 0
901 0
902 0
903 0
904 0
905 0
906 0
907 0
908 0
909 0
910 0
911 0
912 0
913 0
914 0
915 0
916 0
917 0
918 0
919 0
920 0
921 0
922 0
923 0
924 0
925 0
926 0
927 0
928 0
929 0
930 0
931 0
932 0
933 0
934 0
935 0
936 0
937 0
938 0
939 0
940 0
941 0
942 0
943 0
944 0
945 0
946 0
947 0
948 0
949 0
950 0
951 0
952 0
953 0
954 0
955 0
956 0
957 0
958 0
959 0
960 0
961 0
962 0
963 0
964 0
965 0
966 0
967 0
968 0
969 0
970 0
971 0
972 0
973 0
974 0
975 0
976 0
977 0
978 0
979 0
980 0
981 0
982 0
983 0
984 0
985 0
986 0
987 0
988 0
989 0
990 0
991 0
992 0
993 0
994 0
995 0
996 0
997 0
998 0
999 0
1000 0
1001 0
1002 0
1003 0
1004 0
1005 0
1006 0
1007 0
1008 0
1009 0
1010 0
1011 0
1012 0
1013 0
1014 0
1015 0
1016 0
1017 0
1018 0
1019 0
1020 0
1021 0
1022 0
1023 0
1024 0
1025 0
1026 0
1027 0
1028 0
1029 0
1030 0
1031 0
1032 0
1033 0
1034 0
1035 0
1036 0
1037 0
1038 0
1039 0
1040 0
1041 0
1042 0
1043 0
1044 0
1045 0
1046 0
1047 0
1048 0
1049 0
1050 0
1051 0
1052 0
1053 0
1054 0
1055 0
1056 0
1057 0
1058 0
1059 0
1060 0
1061 0
1062 0
1063 0
1064 0
1065 0
1066 0
1067 0
1068 0
1069 0
1070 0
1071 0
1072 0
1073 0
1074 0
1075 0
1076 0
1077 0
1078 0
1079 0
1080 0
1081 0
1082 0
1083 0
1084 0
1085 0
1086 0
1087 0
1088 0
1089 0
1090 0
1091 0
1092 0
1093 0
1094 0
1095 0
1096 0
1097 0
1098 0
1099 0
1100 0
1101 0
1102 0
1103 0
1104 0
1105 0
1106 0
1107 0
1108 0
1109 0
1110 0
1111 0
1112 0
1113 0
1114 0
1115 0
1116 0
1117 0
1118 0
1119 0
1120 0
1121 0
1122 0
1123 0
1124 0
1125 0
1126 0
1127 0
1128 0
1129 0
1130 0
1131 0
1132 0
1133 0
1134 0
1135 0
1136 0
1137 0
1138 0
1139 0
1140 0
1141 0
1142 0
1143 0
1144 0
1145 0
1146 0
1147 0
1148 0
1149 0
1150 0
1151 0
1152 0
1153 0
1154 0
1155 0
1156 0
1157 0
1158 0
1159 0
1160 0
1161 0
1162 0
1163 0
1164 0
1165 0
1166 0
1167 0
1168 0
1169 0
1170 0
1171 0
1172 0
1173 0
1174 0
1175 0
1176 0
1177 0
1178 0
1179 0
1180 0
1181 0
1182 0
1183 0
1184 0
1185 0
1186 0
1187 0
1188 0
1189 0
1190 0
1191 0
1192 0
1193 0
1194 0
1195 0
1196 0
1197 0
1198 0
1199 0
1200 0
1201 0
1202 0
1203 0
1204 0
1205 0
1206 0
1207 0
1208 0
1209 0
1210 0
1211 0
1212 0
1213 0
1214 0
1215 0
1216 0
1217 0
1218 0
1219 0
1220 0
1221 0
1222 0
1223 0
1224 0
1225 0
1226 0
1227 0
1228 0
1229 0
1230 0
1231 0
1232 0
1233 0
1234 0
1235 0
1236 0
1237 0
1238 0
1239 0
1240 0
1241 0
1242 0
1243 0
1244 0
1245 0
1246 0
1247 0
1248 0
1249 0
1250 0
1251 0
1252 0
1253 0
1254 0
1255 0
1256 0
1257 0
1258 0
1259 0
1260 0
1261 0
1262 0
1263 0
1264 0
1265 0
1266 0
1267 0
1268 0
1269 0
1270 0
1271 0
1272 0
1273 0
1274 0
1275 0
1276 0
1277 0
1278 0
1279 0
1280 0
1281 0
1282 0
1283 0
1284 0
1285 0
1286 0
1287 0
1288 0
1289 0
1290 0
1291 0
1292 0
1293 0
1294 0
1295 0
1296 0
1297 0
1298 0
1299 0
1300 0
1301 0
1302 0
1303 0
1304 0
1305 0
1306 0
1307 0
1308 0
1309 0
1310 0
1311 0
1312 0
1313 0
1314 0
1315 0
1316 0
1317 0
1318 0
1319 0
1320 0
1321 0
1322 0
1323 0
1324 0
1325 0
1326 0
1327 0
1328 0
1329 0
1330 0
1331 0
1332 0
1333 0
1334 0
1335 0
1336 0
1337 0
1338 0
1339 0
1340 0
1341 0
1342 0
1343 0
1344 0
1345 0
1346 0
1347 0
1348 0
1349 0
1350 0
1351 0
1352 0
1353 0
1354 0
1355 0
1356 0
1357 0
1358 0
1359 0
1360 0
1361 0
1362 0
1363 0
1364 0
1365 0
1366 0
1367 0
1368 0
1369 0
1370 0
1371 0
1372 0
1373 0
1374 0
1375 0
1376 0
1377 0
1378 0
1379 0
1380 0
1381 0
1382 0
1383 0
1384 0
1385 0
1386 0
1387 0
1388 0
1389 0
1390 0
1391 0
1392 0
1393 0
1394 0
1395 0
1396 0
1397 0
1398 0
1399 0
1400 0
1401 0
1402 0
1403 0
1404 0
1405 0
1406 0
1407 0
1408 0
1409 0
1410 0
1411 0
1412 0
1413 0
1414 0
1415 0
1416 0
1417 0
1418 0
1419 0
1420 0
1421 0
1422 0
1423 0
1424 0
1425 0
1426 0
1427 0
1428 0
1429 0
1430 0
1431 0
1432 0
1433 0
1434 0
1435 0
1436 0
1437 0
1438 0
1439 0
1440 0
1441 0
1442 0
1443 0
1444 0
1445 0
1446 0
1447 0
1448 0
1449 0
1450 0
1451 0
1452 0
1453 0
1454 0
1455 0
1456 0
1457 0
1458 0
1459 0
1460 0
1461 0
1462 0
1463 0
1464 0
1465 0
1466 0
1467 0
1468 0
1469 0
1470 0
1471 0
1472 0
1473 0
1474 0
1475 0
1476 0
1477 0
1478 0
1479 0
1480 0
1481 0
1482 0
1483 0
1484 0
1485 0
1486 0
1487 0
1488 0
1489 0
1490 0
1491 0
1492 0
1493 0
1494 0
1495 0
1496 0
1497 0
1498 0
1499 0
1500 0
1501 0
1502 0
1503 0
1504 0
1505 0
1506 0
1507 0
1508 0
1509 0
1510 0
1511 0
1512 0
1513 0
1514 0
1515 0
1516 0
1517 0
1518 0
1519 0
1520 0
1521 0
1522 0
1523 0
1524 0
1525 0
1526 0
1527 0
1528 0
1529 0
1530 0
1531 0
1532 0
1533 0
1534 0
1535 0
1536 0
1537 0
1538 0
1539 0
1540 0
1541 0
1542 0
1543 0
1544 0
1545 0
1546 0
1547 0
1548 0
1549 0
1550 0
1551 0
1552 0
1553 0
1554 0
1555 0
1556 0
1557 0
1558 0
1559 0
1560 0
1561 0
1562 0
1563 0
1564 0
1565 0
1566 0
1567 0
1568 0
1569 0
1570 0
1571 0
1572 0
1573 0
1574 0
1575 0
1576 0
1577 0
1578 0
1579 0
1580 0
1581 0
1582 0
1583 0
1584 0
1585 0
1586 0
1587 0
1588 0
1589 0
1590 0
1591 0
1592 0
1593 0
1594 0
1595 0
1596 0
1597 0
1598 0
1599 0
1600 0
1601 0
1602 0
1603 0
1604 0
1605 0
1606 0
1607 0
1608 0
1609 0
1610 0
1611 0
1612 0
1613 0
1614 0
1615 0
1616 0
1617 0
1618 0
1619 0
1620 0
1621 0
1622 0
1623 0
1624 0
1625 0
1626 0
1627 0
1628 0
1629 0
1630 0
1631 0
1632 0
1633 0
1634 0
1635 0
1636 0
1637 0
1638 0
1639 0
1640 0
1641 0
1642 0
1643 0
1644 0
1645 0
1646 0
1647 0
1648 0
1649 0
1650 0
1651 0
1652 0
1653 0
1654 0
1655 0
1656 0
1657 0
1658 0
1659 0
1660 0
1661 0
1662 0
1663 0
1664 0
1665 0
1666 0
1667 0
1668 0
1669 0
1670 0
1671 0
1672 0
1673 0
1674 0
1675 0
1676 0
1677 0
1678 0
1679 0
1680 0
1681 0
1682 0
1683 0
1684 0
1685 0
1686 0
1687 0
1688 0
1689 0
1690 0
1691 0
1692 0
1693 0
1694 0
1695 0
1696 0
1697 0
1698 0
1699 0
1700 0
1701 0
1702 0
1703 0
1704 0
1705 0
1706 0
1707 0
1708 0
1709 0
1710 0
1711 0
1712 0
1713 0
1714 0
1715 0
1716 0
1717 0
1718 0
1719 0
1720 0
1721 0
1722 0
1723 0
1724 0
1725 0
1726 0
1727 0
1728 0
1729 0
1730 0
1731 0
1732 0
1733 0
1734 0
1735 0
1736 0
1737 0
1738 0
1739 0
1740 0
1741 0
1742 0
1743 0
1744 0
1745 0
1746 0
1747 0
1748 0
1749 0
1750 0
1751 0
1752 0
1753 0
1754 0
1755 0
1756 0
1757 0
1758 0
1759 0
1760 0
1761 0
1762 0
1763 0
1764 0
1765 0
1766 0
1767 0
1768 0
1769 0
1770 0
1771 0
1772 0
1773 0
1774 0
1775 0
1776 0
1777 0
1778 0
1779 0
1780 0
1781 0
1782 0
1783 0
1784 0
1785 0
1786 0
1787 0
1788 0
1789 0
1790 0
1791 0
1792 0
1793 0
1794 0
1795 0
1796 0
1797 0
1798 0
1799 0
1800 0
1801 0
1802 0
1803 0
1804 0
1805 0
1806 0
1807 0
1808 0
1809 0
1810 0
1811 0
1812 0
1813 0
1814 0
1815 0
1816 0
1817 0
1818 0
1819 0
1820 0
1821 0
1822 0
1823 0
1824 0
1825 0
1826 0
1827 0
1828 0
1829 0
1830 0
1831 0
1832 0
1833 0
1834 0
1835 0
1836 0
1837 0
1838 0
1839 0
1840 0
1841 0
1842 0
1843 0
1844 0
1845 0
1846 0
1847 0
1848 0
1849 0
1850 0
1851 0
1852 0
1853 0
1854 0
1855 0
1856 0
1857 0
1858 0
1859 0
1860 0
1861 0
1862 0
1863 0
1864 0
1865 0
1866 0
1867 0
1868 0
1869 0
1870 0
1871 0
1872 0
1873 0
1874 0
1875 0
1876 0
1877 0
1878 0
1879 0
1880 0
1881 0
1882 0
1883 0
1884 0
1885 0
1886 0
1887 0
1888 0
1889 0
1890 0
1891 0
1892 0
1893 0
1894 0
1895 0
1896 0
1897 0
1898 0
1899 0
1900 0
1901 0
1902 0
1903 0
1904 0
1905 0
1906 0
1907 0
1908 0
1909 0
1910 0
1911 0
1912 0
1913 0
1914 0
1915 0
1916 0
1917 0
1918 0
1919 0
1920 0
1921 0
1922 0
1923 0
1924 0
1925 0
1926 0
1927 0
1928 0
1929 0
1930 0
1931 0
1932 0
1933 0
1934 0
1935 0
1936 0
1937 0
1938 0
1939 0
1940 0
1941 0
1942 0
1943 0
1944 0
1945 0
1946 0
1947 0
1948 0
1949 0
1950 0
1951 0
1952 0
1953 0
1954 0
1955 0
1956 0
1957 0
1958 0
1959 0
1960 0
1961 0
1962 0
1963 0
1964 0
1965 0
1966 0
1967 0
1968 0
1969 0
1970 0
1971 0
1972 0
1973 0
1974 0
1975 0
1976 0
1977 0
1978 0
1979 0
1980 0
1981 0
1982 0
1983 0
1984 0
1985 0
1986 0
1987 0
1988 0
1989 0
1990 0
1991 0
1992 0
1993 0
1994 0
1995 0
1996 0
1997 0
1998 0
1999 0
2000 0
2001 0
2002 0
2003 0
2004 0
2005 0
2006 0
2007 0
2008 0
2009 0
2010 0
2011 0
2012 0
2013 0
2014 0
2015 0
2016 0
2017 0
2018 0
2019 0
2020 0
2021 0
2022 0
2023 0
2024 0
2025 0
2026 0
2027 0
2028 0
2029 0
2030 0
2031 0
2032 0
2033 0
2034 0
2035 0
2036 0
2037 0
2038 0
2039 0
2040 0
2041 0
2042 0
2043 0
2044 0
2045 0
2046 0
2047 0
2048 0
2049 0
2050 0
2051 0
2052 0
2053 0
2054 0
2055 0
2056 0
2057 0
2058 0
2059 0
2060 0
2061 0
2062 0
2063 0
2064 0
2065 0
2066 0
2067 0
2068 0
2069 0
2070 0
2071 0
2072 0
2073 0
2074 0
2075 0
2076 0
2077 0
2078 0
2079 0
2080 0
2081 0
2082 0
2083 0
2084 0
2085 0
2086 0
2087 0
2088 0
2089 0
2090 0
2091 0
2092 0
2093 0
2094 0
2095 0
2096 0
2097 0
2098 0
2099 0
2100 0
2101 0
2102 0
2103 0
2104 0
2105 0
2106 0
2107 0
2108 0
2109 0
2110 0
2111 0
2112 0
2113 0
2114 0
2115 0
2116 0
2117 0
2118 0
2119 0
2120 0
2121 0
2122 0
2123 0
2124 0
2125 0
2126 0
2127 0
2128 0
2129 0
2130 0
2131 0
2132 0
2133 0
2134 0
2135 0
2136 0
2137 0
2138 0
2139 0
2140 0
2141 0
2142 0
2143 0
2144 0
2145 0
2146 0
2147 0
2148 0
2149 0
2150 0
2151 0
2152 0
2153 0
2154 0
2155 0
2156 0
2157 0
2158 0
2159 0
2160 0
2161 0
2162 0
2163 0
2164 0
2165 0
2166 0
2167 0
2168 0
2169 0
2170 0
2171 0
2172 0
2173 0
2174 0
2175 0
2176 0
2177 0
2178 0
2179 0
2180 0
2181 0
2182 0
2183 0
2184 0
2185 0
2186 0
2187 0
2188 0
2189 0
2190 0
2191 0
2192 0
2193 0
2194 0
2195 0
2196 0
2197 0
2198 0
2199 0
2200 0
2201 0
2202 0
2203 0
2204 0
2205 0
2206 0
2207 0
2208 0
2209 0
2210 0
2211 0
2212 0
2213 0
2214 0
2215 0
2216 0
2217 0
2218 0
2219 0
2220 0
2221 0
2222 0
2223 0
2224 0
2225 0
2226 0
2227 0
2228 0
2229 0
2230 0
2231 0
2232 0
2233 0
2234 0
2235 0
2236 0
2237 0
2238 0
2239 0
2240 0
2241 0
2242 0
2243 0
2244 0
2245 0
2246 0
2247 0
2248 0
2249 0
2250 0
2251 0
2252 0
2253 0
2254 0
2255 0
2256 0
2257 0
2258 0
2259 0
2260 0
2261 0
2262 0
2263 0
2264 0
2265 0
2266 0
2267 0
2268 0
2269 0
2270 0
2271 0
2272 0
2273 0
2274 0
2275 0
2276 0
2277 0
2278 0
2279 0
2280 0
2281 0
2282 0
2283 0
2284 0
2285 0
2286 0
2287 0
2288 0
2289 0
2290 0
2291 0
2292 0
2293 0
2294 0
2295 0
2296 0
2297 0
2298 0
2299 0
2300 0
2301 0
2302 0
2303 0
2304 0
2305 0
2306 0
2307 0
2308 0
2309 0
2310 0
2311 0
2312 0
2313 0
2314 0
2315 0
2316 0
2317 0
2318 0
2319 0
2320 0
2321 0
2322 0
2323 0
2324 0
2325 0
2326 0
2327 0
2328 0
2329 0
2330 0
2331 0
2332 0
2333 0
2334 0
2335 0
2336 0
2337 0
2338 0
2339 0
2340 0
2341 0
2342 0
2343 0
2344 0
2345 0
2346 0
2347 0
2348 0
2349 0
2350 0
2351 0
2352 0
2353 0
2354 0
2355 0
2356 0
2357 0
2358 0
2359 0
2360 0
2361 0
2362 0
2363 0
2364 0
2365 0
2366 0
2367 0
2368 0
2369 0
2370 0
2371 0
2372 0
2373 0
2374 0
2375 0
2376 0
2377 0
2378 0
2379 0
2380 0
2381 0
2382 0
2383 0
2384 0
2385 0
2386 0
2387 0
2388 0
2389 0
2390 0
2391 0
2392 0
2393 0
2394 0
2395 0
2396 0
2397 0
2398 0
2399 0
2400 0
2401 0
2402 0
2403 0
2404 0
2405 0
2406 0
2407 0
2408 0
2409 0
2410 0
2411 0
2412 0
2413 0
2414 0
2415 0
2416 0
2417 0
2418 0
2419 0
2420 0
2421 0
2422 0
2423 0
2424 0
2425 0
2426 0
2427 0
2428 0
2429 0
2430 0
2431 0
2432 0
2433 0
2434 0
2435 0
2436 0
2437 0
2438 0
2439 0
2440 0
2441 0
2442 0
2443 0
2444 0
2445 0
2446 0
2447 0
2448 0
2449 0
2450 0
2451 0
2452 0
2453 0
2454 0
2455 0
2456 0
2457 0
2458 0
2459 0
2460 0
2461 0
2462 0
2463 0
2464 0
2465 0
2466 0
2467 0
2468 0
2469 0
2470 0
2471 0
2472 0
2473 0
2474 0
2475 0
2476 0
2477 0
2478 0
2479 0
2480 0
2481 0
2482 0
2483 0
2484 0
2485 0
2486 0
2487 0
2488 0
2489 0
2490 0
2491 0
2492 0
2493 0
2494 0
2495 0
2496 0
2497 0
2498 0
2499 0
2500 0
2501 0
2502 0
2503 0
2504 0
2505 0
2506 0
2507 0
2508 0
2509 0
2510 0
2511 0
2512 0
2513 0
2514 0
2515 0
2516 0
2517 0
2518 0
2519 0
2520 0
2521 0
2522 0
2523 0
2524 0
2525 0
2526 0
2527 0
2528 0
2529 0
2530 0
2531 0
2532 0
2533 0
2534 0
2535 0
2536 0
2537 0
2538 0
2539 0
2540 0
2541 0
2542 0
2543 0
2544 0
2545 0
2546 0
2547 0
2548 0
2549 0
2550 0
2551 0
2552 0
2553 0
2554 0
2555 0
2556 0
2557 0
2558 0
2559 0
2560 0
2561 0
2562 0
2563 0
2564 0
2565 0
2566 0
2567 0
2568 0
2569 0
2570 0
2571 0
2572 0
2573 0
2574 0
2575 0
2576 0
2577 0
2578 0
2579 0
2580 0
2581 0
2582 0
2583 0
2584 0
2585 0
2586 0
2587 0
2588 0
2589 0
2590 0
2591 0
2592 0
2593 0
2594 0
2595 0
2596 0
2597 0
2598 0
2599 0
2600 0
2601 0
2602 0
2603 0
2604 0
2605 0
2606 0
2607 0
2608 0
2609 0
2610 0
2611 0
2612 0
2613 0
2614 0
2615 0
2616 0
2617 0
2618 0
2619 0
2620 0
2621 0
2622 0
2623 0
2624 0
2625 0
2626 0
2627 0
2628 0
2629 0
2630 0
2631 0
2632 0
2633 0
2634 0
2635 0
2636 0
2637 0
2638 0
2639 0
2640 0
2641 0
2642 0
2643 0
2644 0
2645 0
2646 0
2647 0
2648 0
2649 0
2650 0
2651 0
2652 0
2653 0
2654 0
2655 0
2656 0
2657 0
2658 0
2659 0
2660 0
2661 0
2662 0
2663 0
2664 0
2665 0
2666 0
2667 0
2668 0
2669 0
2670 0
2671 0
2672 0
2673 0
2674 0
2675 0
2676 0
2677 0
2678 0
2679 0
2680 0
2681 0
2682 0
2683 0
2684 0
2685 0
2686 0
2687 0
2688 0
2689 0
2690 0
2691 0
2692 0
2693 0
2694 0
2695 0
2696 0
2697 0
2698 0
2699 0
2700 0
2701 0
2702 0
2703 0
2704 0
2705 0
2706 0
2707 0
2708 0
2709 0
2710 0
2711 0
2712 0
2713 0
2714 0
2715 0
2716 0
2717 0
2718 0
2719 0
2720 0
2721 0
2722 0
2723 0
2724 0
2725 0
2726 0
2727 0
2728 0
2729 0
2730 0
2731 0
2732 0
2733 0
2734 0
2735 0
2736 0
2737 0
2738 0
2739 0
2740 0
2741 0
2742 0
2743 0
2744 0
2745 0
2746 0
2747 0
2748 0
2749 0
2750 0
2751 0
2752 0
2753 0
2754 0
2755 0
2756 0
2757 0
2758 0
2759 0
2760 0
2761 0
2762 0
2763 0
2764 0
2765 0
2766 0
2767 0
2768 0
2769 0
2770 0
2771 0
2772 0
2773 0
2774 0
2775 0
2776 0
2777 0
2778 0
2779 0
2780 0
2781 0
2782 0
2783 0
2784 0
2785 0
2786 0
2787 0
2788 0
2789 0
2790 0
2791 0
2792 0
2793 0
2794 0
2795 0
2796 0
2797 0
2798 0
2799 0
2800 0
2801 0
2802 0
2803 0
2804 0
2805 0
2806 0
2807 0
2808 0
2809 0
2810 0
2811 0
2812 0
2813 0
2814 0
2815 0
2816 0
2817 0
2818 0
2819 0
2820 0
2821 0
2822 0
2823 0
2824 0
2825 0
2826 0
2827 0
2828 0
2829 0
2830 0
2831 0
2832 0
2833 0
2834 0
2835 0
2836 0
2837 0
2838 0
2839 0
2840 0
2841 0
2842 0
2843 0
2844 0
2845 0
2846 0
2847 0
2848 0
2849 0
2850 0
2851 0
2852 0
2853 0
2854 0
2855 0
2856 0
2857 0
2858 0
2859 0
2860 0
2861 0
2862 0
2863 0
2864 0
2865 0
2866 0
2867 0
2868 0
2869 0
2870 0
2871 0
2872 0
2873 0
2874 0
2875 0
2876 0
2877 0
2878 0
2879 0
2880 0
2881 0
2882 0
2883 0
2884 0
2885 0
2886 0
2887 0
2888 0
2889 0
2890 0
2891 0
2892 0
2893 0
2894 0
2895 0
2896 0
2897 0
2898 0
2899 0
2900 0
2901 0
2902 0
2903 0
2904 0
2905 0
2906 0
2907 0
2908 0
2909 0
2910 0
2911 0
2912 0
2913 0
2914 0
2915 0
2916 0
2917 0
2918 0
2919 0
2920 0
2921 0
2922 0
2923 0
2924 0
2925 0
2926 0
2927 0
2928 0
2929 0
2930 0
2931 0
2932 0
2933 0
2934 0
2935 0
2936 0
2937 0
2938 0
2939 0
2940 0
2941 0
2942 0
2943 0
2944 0
2945 0
2946 0
2947 0
2948 0
2949 0
2950 0
2951 0
2952 0
2953 0
2954 0
2955 0
2956 0
2957 0
2958 0
2959 0
2960 0
2961 0
2962 0
2963 0
2964 0
2965 0
2966 0
2967 0
2968 0
2969 0
2970 0
2971 0
2972 0
2973 0
2974 0
2975 0
2976 0
2977 0
2978 0
2979 0
2980 0
2981 0
2982 0
2983 0
2984 0
2985 0
2986 0
2987 0
2988 0
2989 0
2990 0
2991 0
2992 0
2993 0
2994 0
2995 0
2996 0
2997 0
2998 0
2999 0
3000 0
3001 0
3002 0
3003 0
3004 0
3005 0
3006 0
3007 0
3008 0
3009 0
3010 0
3011 0
3012 0
3013 0
3014 0
3015 0
3016 0
3017 0
3018 0
3019 0
3020 0
3021 0
3022 0
3023 0
3024 0
3025 0
3026 0
3027 0
3028 0
3029 0
3030 0
3031 0
3032 0
3033 0
3034 0
3035 0
3036 0
3037 0
3038 0
3039 0
3040 0
3041 0
3042 0
3043 0
3044 0
3045 0
3046 0
3047 0
3048 0
3049 0
3050 0
3051 0
3052 0
3053 0
3054 0
3055 0
3056 0
3057 0
3058 0
3059 0
3060 0
3061 0
3062 0
3063 0
3064 0
3065 0
3066 0
3067 0
3068 0
3069 0
3070 0
3071 0
3072 0
3073 0
3074 0
3075 0
3076 0
3077 0
3078 0
3079 0
3080 0
3081 0
3082 0
3083 0
3084 0
3085 0
3086 0
3087 0
3088 0
3089 0
3090 0
3091 0
3092 0
3093 0
3094 0
3095 0
3096 0
3097 0
3098 0
$EndElementData
$ElementData
1
"Attribute:UniformLoadLocalX"
1
0
3
0
1
3098
1 0
2 0
3 0
4 0
5 0
6 0
7 0
8 0
9 0
10 0
11 0
12 0
13 0
14 0
15 0
16 0
17 0
18 0
19 0
20 0
21 0
22 0
23 0
24 0
25 0
26 0
27 0
28 0
29 0
30 0
31 0
32 0
33 0
34 0
35 0
36 0
37 0
38 0
39 0
40 0
41 0
42 0
43 0
44 0
45 0
46 0
47 0
48 0
49 0
50 0
51 0
52 0
53 0
54 0
55 0
56 0
57 0
58 0
59 0
60 0
61 0
62 0
63 0
64 0
65 0
66 0
67 0
68 0
69 0
70 0
71 0
72 0
73 0
74 0
75 0
76 0
77 0
78 0
79 0
80 0
81 0
82 0
83 0
84 0
85 0
86 0
87 0
88 0
89 0
90 0
91 0
92 0
93 0
94 0
95 0
96 0
97 0
98 0
99 0
100 0
101 0
102 0
103 0
104 0
105 0
106 0
107 0
108 0
109 0
110 0
111 0
112 0
113 0
114 0
115 0
116 0
117 0
118 0
119 0
120 0
121 0
122 0
123 0
124 0
125 0
126 0
127 0
128 0
129 0
130 0
131 0
132 0
133 0
134 0
135 0
136 0
137 0
138 0
139 0
140 0
141 0
142 0
143 0
144 0
145 0
146 0
147 0
148 0
149 0
150 0
151 0
152 0
153 0
154 0
155 0
156 0
157 0
158 0
159 0
160 0
161 0
162 0
163 0
164 0
165 0
166 0
167 0
168 0
169 0
170 0
171 0
172 0
173 0
174 0
175 0
176 0
177 0
178 0
179 0
180 0
181 0
182 0
183 0
184 0
185 0
186 0
187 0
188 0
189 0
190 0
191 0
192 0
193 0
194 0
195 0
196 0
197 0
198 0
199 0
200 0
201 0
202 0
203 0
204 0
205 0
206 0
207 0
208 0
209 0
210 0
211 0
212 0
213 0
214 0
215 0
216 0
217 0
218 0
219 0
220 0
221 0
222 0
223 0
224 0
225 0
226 0
227 0
228 0
229 0
230 0
231 0
232 0
233 0
234 0
235 0
236 0
237 0
238 0
239 0
240 0
241 0
242 0
243 0
244 0
245 0
246 0
247 0
248 0
249 0
250 0
251 0
252 0
253 0
254 0
255 0
256 0
257 0
258 0
259 0
260 0
261 0
262 0
263 0
264 0
265 0
266 0
267 0
268 0
269 0
270 0
271 0
272 0
273 0
274 0
275 0
276 0
277 0
278 0
279 0
280 0
281 0
282 0
283 0
284 0
285 0
286 0
287 0
288 0
289 0
290 0
291 0
292 0
293 0
294 0
295 0
296 0
297 0
298 0
299 0
300 0
301 0
302 0
303 0
304 0
305 0
306 0
307 0
308 0
309 0
310 0
311 0
312 0
313 0
314 0
315 0
316 0
317 0
318 0
319 0
320 0
321 0
322 0
323 0
324 0
325 0
326 0
327 0
328 0
329 0
330 0
331 0
332 0
333 0
334 0
335 0
336 0
337 0
338 0
339 0
340 0
341 0
342 0
343 0
344 0
345 0
346 0
347 0
348 0
349 0
350 0
351 0
352 0
353 0
354 0
355 0
356 0
357 0
358 0
359 0
360 0
361 0
362 0
363 0
364 0
365 0
366 0
367 0
368 0
369 0
370 0
371 0
372 0
373 0
374 0
375 0
376 0
377 0
378 0
379 0
380 0
381 0
382 0
383 0
384 0
385 0
386 0
387 0
388 0
389 0
390 0
391 0
392 0
393 0
394 0
395 0
396 0
397 0
398 0
399 0
400 0
401 0
402 0
403 0
404 0
405 0
406 0
407 0
408 0
409 0
410 0
411 0
412 0
413 0
414 0
415 0
416 0
417 0
418 0
419 0
420 0
421 0
422 0
423 0
424 0
425 0
426 0
427 0
428 0
429 0
430 0
431 0
432 0
433 0
434 0
435 0
436 0
437 0
438 0
439 0
440 0
441 0
442 0
443 0
444 0
445 0
446 0
447 0
448 0
449 0
450 0
451 0
452 0
453 0
454 0
455 0
456 0
457 0
458 0
459 0
460 0
461 0
462 0
463 0
464 0
465 0
466 0
467 0
468 0
469 0
470 0
471 0
472 0
473 0
474 0
475 0
476 0
477 0
478 0
479 0
480 0
481 0
482 0
483 0
484 0
485 0
486 0
487 0
488 0
489 0
490 0
491 0
492 0
493 0
494 0
495 0
496 0
497 0
498 0
499 0
500 0
501 0
502 0
503 0
504 0
505 0
506 0
507 0
508 0
509 0
510 0
511 0
512 0
513 0
514 0
515 0
516 0
517 0
518 0
519 0
520 0
521 0
522 0
523 0
524 0
525 0
526 0
527 0
528 0
529 0
530 0
531 0
532 0
533 0
534 0
535 0
536 0
537 0
538 0
539 0
540 0
541 0
542 0
543 0
544 0
545 0
546 0
547 0
548 0
549 0
550 0
551 0
552 0
553 0
554 0
555 0
556 0
557 0
558 0
559 0
560 0
561 0
562 0
563 0
564 0
565 0
566 0
567 0
568 0
569 0
570 0
571 0
572 0
573 0
574 0
575 0
576 0
577 0
578 0
579 0
580 0
581 0
582 0
583 0
584 0
585 0
586 0
587 0
588 0
589 0
590 0
591 0
592 0
593 0
594 0
595 0
596 0
597 0
598 0
599 0
600 0
601 0
602 0
603 0
604 0
605 0
606 0
607 0
608 0
609 0
610 0
611 0
612 0
613 0
614 0
615 0
616 0
617 0
618 0
619 0
620 0
621 0
622 0
623 0
624 0
625 0
626 0
627 0
628 0
629 0
630 0
631 0
632 0
633 0
634 0
635 0
636 0
637 0
638 0
639 0
640 0
641 0
642 0
643 0
644 0
645 0
646 0
647 0
648 0
649 0
650 0
651 0
652 0
653 0
654 0
655 0
656 0
657 0
658 0
659 0
660 0
661 0
662 0
663 0
664 0
665 0
666 0
667 0
668 0
669 0
670 0
671 0
672 0
673 0
674 0
675 0
676 0
677 0
678 0
679 0
680 0
681 0
682 0
683 0
684 0
685 0
686 0
687 0
688 0
689 0
690 0
691 0
692 0
693 0
694 0
695 0
696 0
697 0
698 0
699 0
700 0
701 0
702 0
703 0
704 0
705 0
706 0
707 0
708 0
709 0
710 0
711 0
712 0
713 0
714 0
715 0
716 0
717 0
718 0
719 0
720 0
721 0
722 0
723 0
724 0
725 0
726 0
727 0
728 0
729 0
730 0
731 0
732 0
733 0
734 0
735 0
736 0
737 0
738 0
739 0
740 0
741 0
742 0
743 0
744 0
745 0
746 0
747 0
748 0
749 0
750 0
751 0
752 0
753 0
754 0
755 0
756 0
757 0
758 0
759 0
760 0
761 0
762 0
763 0
764 0
765 0
766 0
767 0
768 0
769 0
770 0
771 0
772 0
773 0
774 0
775 0
776 0
777 0
778 0
779 0
780 0
781 0
782 0
783 0
784 0
785 0
786 0
787 0
788 0
789 0
790 0
791 0
792 0
793 0
794 0
795 0
796 0
797 0
798 0
799 0
800 0
801 0
802 0
803 0
804 0
805 0
806 0
807 0
808 0
809 0
810 0
811 0
812 0
813 0
814 0
815 0
816 0
817 0
818 0
819 0
820 0
821 0
822 0
823 0
824 0
825 0
826 0
827 0
828 0
829 0
830 0
831 0
832 0
833 0
834 0
835 0
836 0
837 0
838 0
839 0
840 0
841 0
842 0
843 0
844 0
845 0
846 0
847 0
848 0
849 0
850 0
851 0
852 0
853 0
854 0
855 0
856 0
857 0
858 0
859 0
860 0
861 0
862 0
863 0
864 0
865 0
866 0
867 0
868 0
869 0
870 0
871 0
872 0
873 0
874 0
875 0
876 0
877 0
878 0
879 0
880 0
881 0
882 0
883 0
884 0
885 0
886 0
887 0
888 0
889 0
890 0
891 0
892 0
893 0
894 0
895 0
896 0
897 0
898 0
899 0
900 0
901 0
902 0
903 0
904 0
905 0
906 0
907 0
908 0
909 0
910 0
911 0
912 0
913 0
914 0
915 0
916 0
917 0
918 0
919 0
920 0
921 0
922 0
923 0
924 0
925 0
926 0
927 0
928 0
929 0
930 0
931 0
932 0
933 0
934 0
935 0
936 0
937 0
938 0
939 0
940 0
941 0
942 0
943 0
944 0
945 0
946 0
947 0
948 0
949 0
950 0
951 0
952 0
953 0
954 0
955 0
956 0
957 0
958 0
959 0
960 0
961 0
962 0
963 0
964 0
965 0
966 0
967 0
968 0
969 0
970 0
971 0
972 0
973 0
974 0
975 0
976 0
977 0
978 0
979 0
980 0
981 0
982 0
983 0
984 0
985 0
986 0
987 0
988 0
989 0
990 0
991 0
992 0
993 0
994 0
995 0
996 0
997 0
998 0
999 0
1000 0
1001 0
1002 0
1003 0
1004 0
1005 0
1006 0
1007 0
1008 0
1009 0
1010 0
1011 0
1012 0
1013 0
1014 0
1015 0
1016 0
1017 0
1018 0
1019 0
1020 0
1021 0
1022 0
1023 0
1024 0
1025 0
1026 0
1027 0
1028 0
1029 0
1030 0
1031 0
1032 0
1033 0
1034 0
1035 0
1036 0
1037 0
1038 0
1039 0
1040 0
1041 0
1042 0
1043 0
1044 0
1045 0
1046 0
1047 0
1048 0
1049 0
1050 0
1051 0
1052 0
1053 0
1054 0
1055 0
1056 0
1057 0
1058 0
1059 0
1060 0
1061 0
1062 0
1063 0
1064 0
1065 0
1066 0
1067 0
1068 0
1069 0
1070 0
1071 0
1072 0
1073 0
1074 0
1075 0
1076 0
1077 0
1078 0
1079 0
1080 0
1081 0
1082 0
1083 0
1084 0
1085 0
1086 0
1087 0
1088 0
1089 0
1090 0
1091 0
1092 0
1093 0
1094 0
1095 0
1096 0
1097 0
1098 0
1099 0
1100 0
1101 0
1102 0
1103 0
1104 0
1105 0
1106 0
1107 0
1108 0
1109 0
1110 0
1111 0
1112 0
1113 0
1114 0
1115 0
1116 0
1117 0
1118 0
1119 0
1120 0
1121 0
1122 0
1123 0
1124 0
1125 0
1126 0
1127 0
1128 0
1129 0
1130 0
1131 0
1132 0
1133 0
1134 0
1135 0
1136 0
1137 0
1138 0
1139 0
1140 0
1141 0
1142 0
1143 0
1144 0
1145 0
1146 0
1147 0
1148 0
1149 0
1150 0
1151 0
1152 0
1153 0
1154 0
1155 0
1156 0
1157 0
1158 0
1159 0
1160 0
1161 0
1162 0
1163 0
1164 0
1165 0
1166 0
1167 0
1168 0
1169 0
1170 0
1171 0
1172 0
1173 0
1174 0
1175 0
1176 0
1177 0
1178 0
1179 0
1180 0
1181 0
1182 0
1183 0
1184 0
1185 0
1186 0
1187 0
1188 0
1189 0
1190 0
1191 0
1192 0
1193 0
1194 0
1195 0
1196 0
1197 0
1198 0
1199 0
1200 0
1201 0
1202 0
1203 0
1204 0
1205 0
1206 0
1207 0
1208 0
1209 0
1210 0
1211 0
1212 0
1213 0
1214 0
1215 0
1216 0
1217 0
1218 0
1219 0
1220 0
1221 0
1222 0
1223 0
1224 0
1225 0
1226 0
1227 0
1228 0
1229 0
1230 0
1231 0
1232 0
1233 0
1234 0
1235 0
1236 0
1237 0
1238 0
1239 0
1240 0
1241 0
1242 0
1243 0
1244 0
1245 0
1246 0
1247 0
1248 0
1249 0
1250 0
1251 0
1252 0
1253 0
1254 0
1255 0
1256 0
1257 0
1258 0
1259 0
1260 0
1261 0
1262 0
1263 0
1264 0
1265 0
1266 0
1267 0
1268 0
1269 0
1270 0
1271 0
1272 0
1273 0
1274 0
1275 0
1276 0
1277 0
1278 0
1279 0
1280 0
1281 0
1282 0
1283 0
1284 0
1285 0
1286 0
1287 0
1288 0
1289 0
1290 0
1291 0
1292 0
1293 0
1294 0
1295 0
1296 0
1297 0
1298 0
1299 0
1300 0
1301 0
1302 0
1303 0
1304 0
1305 0
1306 0
1307 0
1308 0
1309 0
1310 0
1311 0
1312 0
1313 0
1314 0
1315 0
1316 0
1317 0
1318 0
1319 0
1320 0
1321 0
1322 0
1323 0
1324 0
1325 0
1326 0
1327 0
1328 0
1329 0
1330 0
1331 0
1332 0
1333 0
1334 0
1335 0
1336 0
1337 0
1338 0
1339 0
1340 0
1341 0
1342 0
1343 0
1344 0
1345 0
1346 0
1347 0
1348 0
1349 0
1350 0
1351 0
1352 0
1353 0
1354 0
1355 0
1356 0
1357 0
1358 0
1359 0
1360 0
1361 0
1362 0
1363 0
1364 0
1365 0
1366 0
1367 0
1368 0
1369 0
1370 0
1371 0
1372 0
1373 0
1374 0
1375 0
1376 0
1377 0
1378 0
1379 0
1380 0
1381 0
1382 0
1383 0
1384 0
1385 0
1386 0
1387 0
1388 0
1389 0
1390 0
1391 0
1392 0
1393 0
1394 0
1395 0
1396 0
1397 0
1398 0
1399 0
1400 0
1401 0
1402 0
1403 0
1404 0
1405 0
1406 0
1407 0
1408 0
1409 0
1410 0
1411 0
1412 0
1413 0
1414 0
1415 0
1416 0
1417 0
1418 0
1419 0
1420 0
1421 0
1422 0
1423 0
1424 0
1425 0
1426 0
1427 0
1428 0
1429 0
1430 0
1431 0
1432 0
1433 0
1434 0
1435 0
1436 0
1437 0
1438 0
1439 0
1440 0
1441 0
1442 0
1443 0
1444 0
1445 0
1446 0
1447 0
1448 0
1449 0
1450 0
1451 0
1452 0
1453 0
1454 0
1455 0
1456 0
1457 0
1458 0
1459 0
1460 0
1461 0
1462 0
1463 0
1464 0
1465 0
1466 0
1467 0
1468 0
1469 0
1470 0
1471 0
1472 0
1473 0
1474 0
1475 0
1476 0
1477 0
1478 0
1479 0
1480 0
1481 0
1482 0
1483 0
1484 0
1485 0
1486 0
1487 0
1488 0
1489 0
1490 0
1491 0
1492 0
1493 0
1494 0
1495 0
1496 0
1497 0
1498 0
1499 0
1500 0
1501 0
1502 0
1503 0
1504 0
1505 0
1506 0
1507 0
1508 0
1509 0
1510 0
1511 0
1512 0
1513 0
1514 0
1515 0
1516 0
1517 0
1518 0
1519 0
1520 0
1521 0
1522 0
1523 0
1524 0
1525 0
1526 0
1527 0
1528 0
1529 0
1530 0
1531 0
1532 0
1533 0
1534 0
1535 0
1536 0
1537 0
1538 0
1539 0
1540 0
1541 0
1542 0
1543 0
1544 0
1545 0
1546 0
1547 0
1548 0
1549 0
1550 0
1551 0
1552 0
1553 0
1554 0
1555 0
1556 0
1557 0
1558 0
1559 0
1560 0
1561 0
1562 0
1563 0
1564 0
1565 0
1566 0
1567 0
1568 0
1569 0
1570 0
1571 0
1572 0
1573 0
1574 0
1575 0
1576 0
1577 0
1578 0
1579 0
1580 0
1581 0
1582 0
1583 0
1584 0
1585 0
1586 0
1587 0
1588 0
1589 0
1590 0
1591 0
1592 0
1593 0
1594 0
1595 0
1596 0
1597 0
1598 0
1599 0
1600 0
1601 0
1602 0
1603 0
1604 0
1605 0
1606 0
1607 0
1608 0
1609 0
1610 0
1611 0
1612 0
1613 0
1614 0
1615 0
1616 0
1617 0
1618 0
1619 0
1620 0
1621 0
1622 0
1623 0
1624 0
1625 0
1626 0
1627 0
1628 0
1629 0
1630 0
1631 0
1632 0
1633 0
1634 0
1635 0
1636 0
1637 0
1638 0
1639 0
1640 0
1641 0
1642 0
1643 0
1644 0
1645 0
1646 0
1647 0
1648 0
1649 0
1650 0
1651 0
1652 0
1653 0
1654 0
1655 0
1656 0
1657 0
1658 0
1659 0
1660 0
1661 0
1662 0
1663 0
1664 0
1665 0
1666 0
1667 0
1668 0
1669 0
1670 0
1671 0
1672 0
1673 0
1674 0
1675 0
1676 0
1677 0
1678 0
1679 0
1680 0
1681 0
1682 0
1683 0
1684 0
1685 0
1686 0
1687 0
1688 0
1689 0
1690 0
1691 0
1692 0
1693 0
1694 0
1695 0
1696 0
1697 0
1698 0
1699 0
1700 0
1701 0
1702 0
1703 0
1704 0
1705 0
1706 0
1707 0
1708 0
1709 0
1710 0
1711 0
1712 0
1713 0
1714 0
1715 0
1716 0
1717 0
1718 0
1719 0
1720 0
1721 0
1722 0
1723 0
1724 0
1725 0
1726 0
1727 0
1728 0
1729 0
1730 0
1731 0
1732 0
1733 0
1734 0
1735 0
1736 0
1737 0
1738 0
1739 0
1740 0
1741 0
1742 0
1743 0
1744 0
1745 0
1746 0
1747 0
1748 0
1749 0
1750 0
1751 0
1752 0
1753 0
1754 0
1755 0
1756 0
1757 0
1758 0
1759 0
1760 0
1761 0
1762 0
1763 0
1764 0
1765 0
1766 0
1767 0
1768 0
1769 0
1770 0
1771 0
1772 0
1773 0
1774 0
1775 0
1776 0
1777 0
1778 0
1779 0
1780 0
1781 0
1782 0
1783 0
1784 0
1785 0
1786 0
1787 0
1788 0
1789 0
1790 0
1791 0
1792 0
1793 0
1794 0
1795 0
1796 0
1797 0
1798 0
1799 0
1800 0
1801 0
1802 0
1803 0
1804 0
1805 0
1806 0
1807 0
1808 0
1809 0
1810 0
1811 0
1812 0
1813 0
1814 0
1815 0
1816 0
1817 0
1818 0
1819 0
1820 0
1821 0
1822 0
1823 0
1824 0
1825 0
1826 0
1827 0
1828 0
1829 0
1830 0
1831 0
1832 0
1833 0
1834 0
1835 0
1836 0
1837 0
1838 0
1839 0
1840 0
1841 0
1842 0
1843 0
1844 0
1845 0
1846 0
1847 0
1848 0
1849 0
1850 0
1851 0
1852 0
1853 0
1854 0
1855 0
1856 0
1857 0
1858 0
1859 0
1860 0
1861 0
1862 0
1863 0
1864 0
1865 0
1866 0
1867 0
1868 0
1869 0
1870 0
1871 0
1872 0
1873 0
1874 0
1875 0
1876 0
1877 0
1878 0
1879 0
1880 0
1881 0
1882 0
1883 0
1884 0
1885 0
1886 0
1887 0
1888 0
1889 0
1890 0
1891 0
1892 0
1893 0
1894 0
1895 0
1896 0
1897 0
1898 0
1899 0
1900 0
1901 0
1902 0
1903 0
1904 0
1905 0
1906 0
1907 0
1908 0
1909 0
1910 0
1911 0
1912 0
1913 0
1914 0
1915 0
1916 0
1917 0
1918 0
1919 0
1920 0
1921 0
1922 0
1923 0
1924 0
1925 0
1926 0
1927 0
1928 0
1929 0
1930 0
1931 0
1932 0
1933 0
1934 0
1935 0
1936 0
1937 0
1938 0
1939 0
1940 0
1941 0
1942 0
1943 0
1944 0
1945 0
1946 0
1947 0
1948 0
1949 0
1950 0
1951 0
1952 0
1953 0
1954 0
1955 0
1956 0
1957 0
1958 0
1959 0
1960 0
1961 0
1962 0
1963 0
1964 0
1965 0
1966 0
1967 0
1968 0
1969 0
1970 0
1971 0
1972 0
1973 0
1974 0
1975 0
1976 0
1977 0
1978 0
1979 0
1980 0
1981 0
1982 0
1983 0
1984 0
1985 0
1986 0
1987 0
1988 0
1989 0
1990 0
1991 0
1992 0
1993 0
1994 0
1995 0
1996 0
1997 0
1998 0
1999 0
2000 0
2001 0
2002 0
2003 0
2004 0
2005 0
2006 0
2007 0
2008 0
2009 0
2010 0
2011 0
2012 0
2013 0
2014 0
2015 0
2016 0
2017 0
2018 0
2019 0
2020 0
2021 0
2022 0
2023 0
2024 0
2025 0
2026 0
2027 0
2028 0
2029 0
2030 0
2031 0
2032 0
2033 0
2034 0
2035 0
2036 0
2037 0
2038 0
2039 0
2040 0
2041 0
2042 0
2043 0
2044 0
2045 0
2046 0
2047 0
2048 0
2049 0
2050 0
2051 0
2052 0
2053 0
2054 0
2055 0
2056 0
2057 0
2058 0
2059 0
2060 0
2061 0
2062 0
2063 0
2064 0
2065 0
2066 0
2067 0
2068 0
2069 0
2070 0
2071 0
2072 0
2073 0
2074 0
2075 0
2076 0
2077 0
2078 0
2079 0
2080 0
2081 0
2082 0
2083 0
2084 0
2085 0
2086 0
2087 0
2088 0
2089 0
2090 0
2091 0
2092 0
2093 0
2094 0
2095 0
2096 0
2097 0
2098 0
2099 0
2100 0
2101 0
2102 0
2103 0
2104 0
2105 0
2106 0
2107 0
2108 0
2109 0
2110 0
2111 0
2112 0
2113 0
2114 0
2115 0
2116 0
2117 0
2118 0
2119 0
2120 0
2121 0
2122 0
2123 0
2124 0
2125 0
2126 0
2127 0
2128 0
2129 0
2130 0
2131 0
2132 0
2133 0
2134 0
2135 0
2136 0
2137 0
2138 0
2139 0
2140 0
2141 0
2142 0
2143 0
2144 0
2145 0
2146 0
2147 0
2148 0
2149 0
2150 0
2151 0
2152 0
2153 0
2154 0
2155 0
2156 0
2157 0
2158 0
2159 0
2160 0
2161 0
2162 0
2163 0
2164 0
2165 0
2166 0
2167 0
2168 0
2169 0
2170 0
2171 0
2172 0
2173 0
2174 0
2175 0
2176 0
2177 0
2178 0
2179 0
2180 0
2181 0
2182 0
2183 0
2184 0
2185 0
2186 0
2187 0
2188 0
2189 0
2190 0
2191 0
2192 0
2193 0
2194 0
2195 0
2196 0
2197 0
2198 0
2199 0
2200 0
2201 0
2202 0
2203 0
2204 0
2205 0
2206 0
2207 0
2208 0
2209 0
2210 0
2211 0
2212 0
2213 0
2214 0
2215 0
2216 0
2217 0
2218 0
2219 0
2220 0
2221 0
2222 0
2223 0
2224 0
2225 0
2226 0
2227 0
2228 0
2229 0
2230 0
2231 0
2232 0
2233 0
2234 0
2235 0
2236 0
2237 0
2238 0
2239 0
2240 0
2241 0
2242 0
2243 0
2244 0
2245 0
2246 0
2247 0
2248 0
2249 0
2250 0
2251 0
2252 0
2253 0
2254 0
2255 0
2256 0
2257 0
2258 0
2259 0
2260 0
2261 0
2262 0
2263 0
2264 0
2265 0
2266 0
2267 0
2268 0
2269 0
2270 0
2271 0
2272 0
2273 0
2274 0
2275 0
2276 0
2277 0
2278 0
2279 0
2280 0
2281 0
2282 0
2283 0
2284 0
2285 0
2286 0
2287 0
2288 0
2289 0
2290 0
2291 0
2292 0
2293 0
2294 0
2295 0
2296 0
2297 0
2298 0
2299 0
2300 0
2301 0
2302 0
2303 0
2304 0
2305 0
2306 0
2307 0
2308 0
2309 0
2310 0
2311 0
2312 0
2313 0
2314 0
2315 0
2316 0
2317 0
2318 0
2319 0
2320 0
2321 0
2322 0
2323 0
2324 0
2325 0
2326 0
2327 0
2328 0
2329 0
2330 0
2331 0
2332 0
2333 0
2334 0
2335 0
2336 0
2337 0
2338 0
2339 0
2340 0
2341 0
2342 0
2343 0
2344 0
2345 0
2346 0
2347 0
2348 0
2349 0
2350 0
2351 0
2352 0
2353 0
2354 0
2355 0
2356 0
2357 0
2358 0
2359 0
2360 0
2361 0
2362 0
2363 0
2364 0
2365 0
2366 0
2367 0
2368 0
2369 0
2370 0
2371 0
2372 0
2373 0
2374 0
2375 0
2376 0
2377 0
2378 0
2379 0
2380 0
2381 0
2382 0
2383 0
2384 0
2385 0
2386 0
2387 0
2388 0
2389 0
2390 0
2391 0
2392 0
2393 0
2394 0
2395 0
2396 0
2397 0
2398 0
2399 0
2400 0
2401 0
2402 0
2403 0
2404 0
2405 0
2406 0
2407 0
2408 0
2409 0
2410 0
2411 0
2412 0
2413 0
2414 0
2415 0
2416 0
2417 0
2418 0
2419 0
2420 0
2421 0
2422 0
2423 0
2424 0
2425 0
2426 0
2427 0
2428 0
2429 0
2430 0
2431 0
2432 0
2433 0
2434 0
2435 0
2436 0
2437 0
2438 0
2439 0
2440 0
2441 0
2442 0
2443 0
2444 0
2445 0
2446 0
2447 0
2448 0
2449 0
2450 0
2451 0
2452 0
2453 0
2454 0
2455 0
2456 0
2457 0
2458 0
2459 0
2460 0
2461 0
2462 0
2463 0
2464 0
2465 0
2466 0
2467 0
2468 0
2469 0
2470 0
2471 0
2472 0
2473 0
2474 0
2475 0
2476 0
2477 0
2478 0
2479 0
2480 0
2481 0
2482 0
2483 0
2484 0
2485 0
2486 0
2487 0
2488 0
2489 0
2490 0
2491 0
2492 0
2493 0
2494 0
2495 0
2496 0
2497 0
2498 0
2499 0
2500 0
2501 0
2502 0
2503 0
2504 0
2505 0
2506 0
2507 0
2508 0
2509 0
2510 0
2511 0
2512 0
2513 0
2514 0
2515 0
2516 0
2517 0
2518 0
2519 0
2520 0
2521 0
2522 0
2523 0
2524 0
2525 0
2526 0
2527 0
2528 0
2529 0
2530 0
2531 0
2532 0
2533 0
2534 0
2535 0
2536 0
2537 0
2538 0
2539 0
2540 0
2541 0
2542 0
2543 0
2544 0
2545 0
2546 0
2547 0
2548 0
2549 0
2550 0
2551 0
2552 0
2553 0
2554 0
2555 0
2556 0
2557 0
2558 0
2559 0
2560 0
2561 0
2562 0
2563 0
2564 0
2565 0
2566 0
2567 0
2568 0
2569 0
2570 0
2571 0
2572 0
2573 0
2574 0
2575 0
2576 0
2577 0
2578 0
2579 0
2580 0
2581 0
2582 0
2583 0
2584 0
2585 0
2586 0
2587 0
2588 0
2589 0
2590 0
2591 0
2592 0
2593 0
2594 0
2595 0
2596 0
2597 0
2598 0
2599 0
2600 0
2601 0
2602 0
2603 0
2604 0
2605 0
2606 0
2607 0
2608 0
2609 0
2610 0
2611 0
2612 0
2613 0
2614 0
2615 0
2616 0
2617 0
2618 0
2619 0
2620 0
2621 0
2622 0
2623 0
2624 0
2625 0
2626 0
2627 0
2628 0
2629 0
2630 0
2631 0
2632 0
2633 0
2634 0
2635 0
2636 0
2637 0
2638 0
2639 0
2640 0
2641 0
2642 0
2643 0
2644 0
2645 0
2646 0
2647 0
2648 0
2649 0
2650 0
2651 0
2652 0
2653 0
2654 0
2655 0
2656 0
2657 0
2658 0
2659 0
2660 0
2661 0
2662 0
2663 0
2664 0
2665 0
2666 0
2667 0
2668 0
2669 0
2670 0
2671 0
2672 0
2673 0
2674 0
2675 0
2676 0
2677 0
2678 0
2679 0
2680 0
2681 0
2682 0
2683 0
2684 0
2685 0
2686 0
2687 0
2688 0
2689 0
2690 0
2691 0
2692 0
2693 0
2694 0
2695 0
2696 0
2697 0
2698 0
2699 0
2700 0
2701 0
2702 0
2703 0
2704 0
2705 0
2706 0
2707 0
2708 0
2709 0
2710 0
2711 0
2712 0
2713 0
2714 0
2715 0
2716 0
2717 0
2718 0
2719 0
2720 0
2721 0
2722 0
2723 0
2724 0
2725 0
2726 0
2727 0
2728 0
2729 0
2730 0
2731 0
2732 0
2733 0
2734 0
2735 0
2736 0
2737 0
2738 0
2739 0
2740 0
2741 0
2742 0
2743 0
2744 0
2745 0
2746 0
2747 0
2748 0
2749 0
2750 0
2751 0
2752 0
2753 0
2754 0
2755 0
2756 0
2757 0
2758 0
2759 0
2760 0
2761 0
2762 0
2763 0
2764 0
2765 0
2766 0
2767 0
2768 0
2769 0
2770 0
2771 0
2772 0
2773 0
2774 0
2775 0
2776 0
2777 0
2778 0
2779 0
2780 0
2781 0
2782 0
2783 0
2784 0
2785 0
2786 0
2787 0
2788 0
2789 0
2790 0
2791 0
2792 0
2793 0
2794 0
2795 0
2796 0
2797 0
2798 0
2799 0
2800 0
2801 0
2802 0
2803 0
2804 0
2805 0
2806 0
2807 0
2808 0
2809 0
2810 0
2811 0
2812 0
2813 0
2814 0
2815 0
2816 0
2817 0
2818 0
2819 0
2820 0
2821 0
2822 0
2823 0
2824 0
2825 0
2826 0
2827 0
2828 0
2829 0
2830 0
2831 0
2832 0
2833 0
2834 0
2835 0
2836 0
2837 0
2838 0
2839 0
2840 0
2841 0
2842 0
2843 0
2844 0
2845 0
2846 0
2847 0
2848 0
2849 0
2850 0
2851 0
2852 0
2853 0
2854 0
2855 0
2856 0
2857 0
2858 0
2859 0
2860 0
2861 0
2862 0
2863 0
2864 0
2865 0
2866 0
2867 0
2868 0
2869 0
2870 0
2871 0
2872 0
2873 0
2874 0
2875 0
2876 0
2877 0
2878 0
2879 0
2880 0
2881 0
2882 0
2883 0
2884 0
2885 0
2886 0
2887 0
2888 0
2889 0
2890 0
2891 0
2892 0
2893 0
2894 0
2895 0
2896 0
2897 0
2898 0
2899 0
2900 0
2901 0
2902 0
2903 0
2904 0
2905 0
2906 0
2907 0
2908 0
2909 0
2910 0
2911 0
2912 0
2913 0
2914 0
2915 0
2916 0
2917 0
2918 0
2919 0
2920 0
2921 0
2922 0
2923 0
2924 0
2925 0
2926 0
2927 0
2928 0
2929 0
2930 0
2931 0
2932 0
2933 0
2934 0
2935 0
2936 0
2937 0
2938 0
2939 0
2940 0
2941 0
2942 0
2943 0
2944 0
2945 0
2946 0
2947 0
2948 0
2949 0
2950 0
2951 0
2952 0
2953 0
2954 0
2955 0
2956 0
2957 0
2958 0
2959 0
2960 0
2961 0
2962 0
2963 0
2964 0
2965 0
2966 0
2967 0
2968 0
2969 0
2970 0
2971 0
2972 0
2973 0
2974 0
2975 0
2976 0
2977 0
2978 0
2979 0
2980 0
2981 0
2982 0
2983 0
2984 0
2985 0
2986 0
2987 0
2988 0
2989 0
2990 0
2991 0
2992 0
2993 0
2994 0
2995 0
2996 0
2997 0
2998 0
2999 0
3000 0
3001 0
3002 0
3003 0
3004 0
3005 0
3006 0
3007 0
3008 0
3009 0
3010 0
3011 0
3012 0
3013 0
3014 0
3015 0
3016 0
3017 0
3018 0
3019 0
3020 0
3021 0
3022 0
3023 0
3024 0
3025 0
3026 0
3027 0
3028 0
3029 0
3030 0
3031 0
3032 0
3033 0
3034 0
3035 0
3036 0
3037 0
3038 0
3039 0
3040 0
3041 0
3042 0
3043 0
3044 0
3045 0
3046 0
3047 0
3048 0
3049 0
3050 0
3051 0
3052 0
3053 0
3054 0
3055 0
3056 0
3057 0
3058 0
3059 0
3060 0
3061 0
3062 0
3063 0
3064 0
3065 0
3066 0
3067 0
3068 0
3069 0
3070 0
3071 0
3072 0
3073 0
3074 0
3075 0
3076 0
3077 0
3078 0
3079 0
3080 0
3081 0
3082 0
3083 0
3084 0
3085 0
3086 0
3087 0
3088 0
3089 0
3090 0
3091 0
3092 0
3093 0
3094 0
3095 0
3096 0
3097 0
3098 0
$EndElementData
$ElementData
1
"Attribute:UniformLoadLocalY"
1
0
3
0
1
3098
1 0
2 0
3 0
4 0
5 0
6 0
7 0
8 0
9 0
10 0
11 0
12 0
13 0
14 0
15 0
16 0
17 0
18 0
19 0
20 0
21 0
22 0
23 0
24 0
25 0
26 0
27 0
28 0
29 0
30 0
31 0
32 0
33 0
34 0
35 0
36 0
37 0
38 0
39 0
40 0
41 0
42 0
43 0
44 0
45 0
46 0
47 0
48 0
49 0
50 0
51 0
52 0
53 0
54 0
55 0
56 0
57 0
58 0
59 0
60 0
61 0
62 0
63 0
64 0
65 0
66 0
67 0
68 0
69 0
70 0
71 0
72 0
73 0
74 0
75 0
76 0
77 0
78 0
79 0
80 0
81 0
82 0
83 0
84 0
85 0
86 0
87 0
88 0
89 0
90 0
91 0
92 0
93 0
94 0
95 0
96 0
97 0
98 0
99 0
100 0
101 0
102 0
103 0
104 0
105 0
106 0
107 0
108 0
109 0
110 0
111 0
112 0
113 0
114 0
115 0
116 0
117 0
118 0
119 0
120 0
121 0
122 0
123 0
124 0
125 0
126 0
127 0
128 0
129 0
130 0
131 0
132 0
133 0
134 0
135 0
136 0
137 0
138 0
139 0
140 0
141 0
142 0
143 0
144 0
145 0
146 0
147 0
148 0
149 0
150 0
151 0
152 0
153 0
154 0
155 0
156 0
157 0
158 0
159 0
160 0
161 0
162 0
163 0
164 0
165 0
166 0
167 0
168 0
169 0
170 0
171 0
172 0
173 0
174 0
175 0
176 0
177 0
178 0
179 0
180 0
181 0
182 0
183 0
184 0
185 0
186 0
187 0
188 0
189 0
190 0
191 0
192 0
193 0
194 0
195 0
196 0
197 0
198 0
199 0
200 0
201 0
202 0
203 0
204 0
205 0
206 0
207 0
208 0
209 0
210 0
211 0
212 0
213 0
214 0
215 0
216 0
217 0
218 0
219 0
220 0
221 0
222 0
223 0
224 0
225 0
226 0
227 0
228 0
229 0
230 0
231 0
232 0
233 0
234 0
235 0
236 0
237 0
238 0
239 0
240 0
241 0
242 0
243 0
244 0
245 0
246 0
247 0
248 0
249 0
250 0
251 0
252 0
253 0
254 0
255 0
256 0
257 0
258 0
259 0
260 0
261 0
262 0
263 0
264 0
265 0
266 0
267 0
268 0
269 0
270 0
271 0
272 0
273 0
274 0
275 0
276 0
277 0
278 0
279 0
280 0
281 0
282 0
283 0
284 0
285 0
286 0
287 0
288 0
289 0
290 0
291 0
292 0
293 0
294 0
295 0
296 0
297 0
298 0
299 0
300 0
301 0
302 0
303 0
304 0
305 0
306 0
307 0
308 0
309 0
310 0
311 0
312 0
313 0
314 0
315 0
316 0
317 0
318 0
319 0
320 0
321 0
322 0
323 0
324 0
325 0
326 0
327 0
328 0
329 0
330 0
331 0
332 0
333 0
334 0
335 0
336 0
337 0
338 0
339 0
340 0
341 0
342 0
343 0
344 0
345 0
346 0
347 0
348 0
349 0
350 0
351 0
352 0
353 0
354 0
355 0
356 0
357 0
358 0
359 0
360 0
361 0
362 0
363 0
364 0
365 0
366 0
367 0
368 0
369 0
370 0
371 0
372 0
373 0
374 0
375 0
376 0
377 0
378 0
379 0
380 0
381 0
382 0
383 0
384 0
385 0
386 0
387 0
388 0
389 0
390 0
391 0
392 0
393 0
394 0
395 0
396 0
397 0
398 0
399 0
400 0
401 0
402 0
403 0
404 0
405 0
406 0
407 0
408 0
409 0
410 0
411 0
412 0
413 0
414 0
415 0
416 0
417 0
418 0
419 0
420 0
421 0
422 0
423 0
424 0
425 0
426 0
427 0
428 0
429 0
430 0
431 0
432 0
433 0
434 0
435 0
436 0
437 0
438 0
439 0
440 0
441 0
442 0
443 0
444 0
445 0
446 0
447 0
448 0
449 0
450 0
451 0
452 0
453 0
454 0
455 0
456 0
457 0
458 0
459 0
460 0
461 0
462 0
463 0
464 0
465 0
466 0
467 0
468 0
469 0
470 0
471 0
472 0
473 0
474 0
475 0
476 0
477 0
478 0
479 0
480 0
481 0
482 0
483 0
484 0
485 0
486 0
487 0
488 0
489 0
490 0
491 0
492 0
493 0
494 0
495 0
496 0
497 0
498 0
499 0
500 0
501 0
502 0
503 0
504 0
505 0
506 0
507 0
508 0
509 0
510 0
511 0
512 0
513 0
514 0
515 0
516 0
517 0
518 0
519 0
520 0
521 0
522 0
523 0
524 0
525 0
526 0
527 0
528 0
529 0
530 0
531 0
532 0
533 0
534 0
535 0
536 0
537 0
538 0
539 0
540 0
541 0
542 0
543 0
544 0
545 0
546 0
547 0
548 0
549 0
550 0
551 0
552 0
553 0
554 0
555 0
556 0
557 0
558 0
559 0
560 0
561 0
562 0
563 0
564 0
565 0
566 0
567 0
568 0
569 0
570 0
571 0
572 0
573 0
574 0
575 0
576 0
577 0
578 0
579 0
580 0
581 0
582 0
583 0
584 0
585 0
586 0
587 0
588 0
589 0
590 0
591 0
592 0
593 0
594 0
595 0
596 0
597 0
598 0
599 0
600 0
601 0
602 0
603 0
604 0
605 0
606 0
607 0
608 0
609 0
610 0
611 0
612 0
613 0
614 0
615 0
616 0
617 0
618 0
619 0
620 0
621 0
622 0
623 0
624 0
625 0
626 0
627 0
628 0
629 0
630 0
631 0
632 0
633 0
634 0
635 0
636 0
637 0
638 0
639 0
640 0
641 0
642 0
643 0
644 0
645 0
646 0
647 0
648 0
649 0
650 0
651 0
652 0
653 0
654 0
655 0
656 0
657 0
658 0
659 0
660 0
661 0
662 0
663 0
664 0
665 0
666 0
667 0
668 0
669 0
670 0
671 0
672 0
673 0
674 0
675 0
676 0
677 0
678 0
679 0
680 0
681 0
682 0
683 0
684 0
685 0
686 0
687 0
688 0
689 0
690 0
691 0
692 0
693 0
694 0
695 0
696 0
697 0
698 0
699 0
700 0
701 0
702 0
703 0
704 0
705 0
706 0
707 0
708 0
709 0
710 0
711 0
712 0
713 0
714 0
715 0
716 0
717 0
718 0
719 0
720 0
721 0
722 0
723 0
724 0
725 0
726 0
727 0
728 0
729 0
730 0
731 0
732 0
733 0
734 0
735 0
736 0
737 0
738 0
739 0
740 0
741 0
742 0
743 0
744 0
745 0
746 0
747 0
748 0
749 0
750 0
751 0
752 0
753 0
754 0
755 0
756 0
757 0
758 0
759 0
760 0
761 0
762 0
763 0
764 0
765 0
766 0
767 0
768 0
769 0
770 0
771 0
772 0
773 0
774 0
775 0
776 0
777 0
778 0
779 0
780 0
781 0
782 0
783 0
784 0
785 0
786 0
787 0
788 0
789 0
790 0
791 0
792 0
793 0
794 0
795 0
796 0
797 0
798 0
799 0
800 0
801 0
802 0
803 0
804 0
805 0
806 0
807 0
808 0
809 0
810 0
811 0
812 0
813 0
814 0
815 0
816 0
817 0
818 0
819 0
820 0
821 0
822 0
823 0
824 0
825 0
826 0
827 0
828 0
829 0
830 0
831 0
832 0
833 0
834 0
835 0
836 0
837 0
838 0
839 0
840 0
841 0
842 0
843 0
844 0
845 0
846 0
847 0
848 0
849 0
850 0
851 0
852 0
853 0
854 0
855 0
856 0
857 0
858 0
859 0
860 0
861 0
862 0
863 0
864 0
865 0
866 0
867 0
868 0
869 0
870 0
871 0
872 0
873 0
874 0
875 0
876 0
877 0
878 0
879 0
880 0
881 0
882 0
883 0
884 0
885 0
886 0
887 0
888 0
889 0
890 0
891 0
892 0
893 0
894 0
895 0
896 0
897 0
898 0
899 0
900 0
901 0
902 0
903 0
904 0
905 0
906 0
907 0
908 0
909 0
910 0
911 0
912 0
913 0
914 0
915 0
916 0
917 0
918 0
919 0
920 0
921 0
922 0
923 0
924 0
925 0
926 0
927 0
928 0
929 0
930 0
931 0
932 0
933 0
934 0
935 0
936 0
937 0
938 0
939 0
940 0
941 0
942 0
943 0
944 0
945 0
946 0
947 0
948 0
949 0
950 0
951 0
952 0
953 0
954 0
955 0
956 0
957 0
958 0
959 0
960 0
961 0
962 0
963 0
964 0
965 0
966 0
967 0
968 0
969 0
970 0
971 0
972 0
973 0
974 0
975 0
976 0
977 0
978 0
979 0
980 0
981 0
982 0
983 0
984 0
985 0
986 0
987 0
988 0
989 0
990 0
991 0
992 0
993 0
994 0
995 0
996 0
997 0
998 0
999 0
1000 0
1001 0
1002 0
1003 0
1004 0
1005 0
1006 0
1007 0
1008 0
1009 0
1010 0
1011 0
1012 0
1013 0
1014 0
1015 0
1016 0
1017 0
1018 0
1019 0
1020 0
1021 0
1022 0
1023 0
1024 0
1025 0
1026 0
1027 0
1028 0
1029 0
1030 0
1031 0
1032 0
1033 0
1034 0
1035 0
1036 0
1037 0
1038 0
1039 0
1040 0
1041 0
1042 0
1043 0
1044 0
1045 0
1046 0
1047 0
1048 0
1049 0
1050 0
1051 0
1052 0
1053 0
1054 0
1055 0
1056 0
1057 0
1058 0
1059 0
1060 0
1061 0
1062 0
1063 0
1064 0
1065 0
1066 0
1067 0
1068 0
1069 0
1070 0
1071 0
1072 0
1073 0
1074 0
1075 0
1076 0
1077 0
1078 0
1079 0
1080 0
1081 0
1082 0
1083 0
1084 0
1085 0
1086 0
1087 0
1088 0
1089 0
1090 0
1091 0
1092 0
1093 0
1094 0
1095 0
1096 0
1097 0
1098 0
1099 0
1100 0
1101 0
1102 0
1103 0
1104 0
1105 0
1106 0
1107 0
1108 0
1109 0
1110 0
1111 0
1112 0
1113 0
1114 0
1115 0
1116 0
1117 0
1118 0
1119 0
1120 0
1121 0
1122 0
1123 0
1124 0
1125 0
1126 0
1127 0
1128 0
1129 0
1130 0
1131 0
1132 0
1133 0
1134 0
1135 0
1136 0
1137 0
1138 0
1139 0
1140 0
1141 0
1142 0
1143 0
1144 0
1145 0
1146 0
1147 0
1148 0
1149 0
1150 0
1151 0
1152 0
1153 0
1154 0
1155 0
1156 0
1157 0
1158 0
1159 0
1160 0
1161 0
1162 0
1163 0
1164 0
1165 0
1166 0
1167 0
1168 0
1169 0
1170 0
1171 0
1172 0
1173 0
1174 0
1175 0
1176 0
1177 0
1178 0
1179 0
1180 0
1181 0
1182 0
1183 0
1184 0
1185 0
1186 0
1187 0
1188 0
1189 0
1190 0
1191 0
1192 0
1193 0
1194 0
1195 0
1196 0
1197 0
1198 0
1199 0
1200 0
1201 0
1202 0
1203 0
1204 0
1205 0
1206 0
1207 0
1208 0
1209 0
1210 0
1211 0
1212 0
1213 0
1214 0
1215 0
1216 0
1217 0
1218 0
1219 0
1220 0
1221 0
1222 0
1223 0
1224 0
1225 0
1226 0
1227 0
1228 0
1229 0
1230 0
1231 0
1232 0
1233 0
1234 0
1235 0
1236 0
1237 0
1238 0
1239 0
1240 0
1241 0
1242 0
1243 0
1244 0
1245 0
1246 0
1247 0
1248 0
1249 0
1250 0
1251 0
1252 0
1253 0
1254 0
1255 0
1256 0
1257 0
1258 0
1259 0
1260 0
1261 0
1262 0
1263 0
1264 0
1265 0
1266 0
1267 0
1268 0
1269 0
1270 0
1271 0
1272 0
1273 0
1274 0
1275 0
1276 0
1277 0
1278 0
1279 0
1280 0
1281 0
1282 0
1283 0
1284 0
1285 0
1286 0
1287 0
1288 0
1289 0
1290 0
1291 0
1292 0
1293 0
1294 0
1295 0
1296 0
1297 0
1298 0
1299 0
1300 0
1301 0
1302 0
1303 0
1304 0
1305 0
1306 0
1307 0
1308 0
1309 0
1310 0
1311 0
1312 0
1313 0
1314 0
1315 0
1316 0
1317 0
1318 0
1319 0
1320 0
1321 0
1322 0
1323 0
1324 0
1325 0
1326 0
1327 0
1328 0
1329 0
1330 0
1331 0
1332 0
1333 0
1334 0
1335 0
1336 0
1337 0
1338 0
1339 0
1340 0
1341 0
1342 0
1343 0
1344 0
1345 0
1346 0
1347 0
1348 0
1349 0
1350 0
1351 0
1352 0
1353 0
1354 0
1355 0
1356 0
1357 0
1358 0
1359 0
1360 0
1361 0
1362 0
1363 0
1364 0
1365 0
1366 0
1367 0
1368 0
1369 0
1370 0
1371 0
1372 0
1373 0
1374 0
1375 0
1376 0
1377 0
1378 0
1379 0
1380 0
1381 0
1382 0
1383 0
1384 0
1385 0
1386 0
1387 0
1388 0
1389 0
1390 0
1391 0
1392 0
1393 0
1394 0
1395 0
1396 0
1397 0
1398 0
1399 0
1400 0
1401 0
1402 0
1403 0
1404 0
1405 0
1406 0
1407 0
1408 0
1409 0
1410 0
1411 0
1412 0
1413 0
1414 0
1415 0
1416 0
1417 0
1418 0
1419 0
1420 0
1421 0
1422 0
1423 0
1424 0
1425 0
1426 0
1427 0
1428 0
1429 0
1430 0
1431 0
1432 0
1433 0
1434 0
1435 0
1436 0
1437 0
1438 0
1439 0
1440 0
1441 0
1442 0
1443 0
1444 0
1445 0
1446 0
1447 0
1448 0
1449 0
1450 0
1451 0
1452 0
1453 0
1454 0
1455 0
1456 0
1457 0
1458 0
1459 0
1460 0
1461 0
1462 0
1463 0
1464 0
1465 0
1466 0
1467 0
1468 0
1469 0
1470 0
1471 0
1472 0
1473 0
1474 0
1475 0
1476 0
1477 0
1478 0
1479 0
1480 0
1481 0
1482 0
1483 0
1484 0
1485 0
1486 0
1487 0
1488 0
1489 0
1490 0
1491 0
1492 0
1493 0
1494 0
1495 0
1496 0
1497 0
1498 0
1499 0
1500 0
1501 0
1502 0
1503 0
1504 0
1505 0
1506 0
1507 0
1508 0
1509 0
1510 0
1511 0
1512 0
1513 0
1514 0
1515 0
1516 0
1517 0
1518 0
1519 0
1520 0
1521 0
1522 0
1523 0
1524 0
1525 0
1526 0
1527 0
1528 0
1529 0
1530 0
1531 0
1532 0
1533 0
1534 0
1535 0
1536 0
1537 0
1538 0
1539 0
1540 0
1541 0
1542 0
1543 0
1544 0
1545 0
1546 0
1547 0
1548 0
1549 0
1550 0
1551 0
1552 0
1553 0
1554 0
1555 0
1556 0
1557 0
1558 0
1559 0
1560 0
1561 0
1562 0
1563 0
1564 0
1565 0
1566 0
1567 0
1568 0
1569 0
1570 0
1571 0
1572 0
1573 0
1574 0
1575 0
1576 0
1577 0
1578 0
1579 0
1580 0
1581 0
1582 0
1583 0
1584 0
1585 0
1586 0
1587 0
1588 0
1589 0
1590 0
1591 0
1592 0
1593 0
1594 0
1595 0
1596 0
1597 0
1598 0
1599 0
1600 0
1601 0
1602 0
1603 0
1604 0
1605 0
1606 0
1607 0
1608 0
1609 0
1610 0
1611 0
1612 0
1613 0
1614 0
1615 0
1616 0
1617 0
1618 0
1619 0
1620 0
1621 0
1622 0
1623 0
1624 0
1625 0
1626 0
1627 0
1628 0
1629 0
1630 0
1631 0
1632 0
1633 0
1634 0
1635 0
1636 0
1637 0
1638 0
1639 0
1640 0
1641 0
1642 0
1643 0
1644 0
1645 0
1646 0
1647 0
1648 0
1649 0
1650 0
1651 0
1652 0
1653 0
1654 0
1655 0
1656 0
1657 0
1658 0
1659 0
1660 0
1661 0
1662 0
1663 0
1664 0
1665 0
1666 0
1667 0
1668 0
1669 0
1670 0
1671 0
1672 0
1673 0
1674 0
1675 0
1676 0
1677 0
1678 0
1679 0
1680 0
1681 0
1682 0
1683 0
1684 0
1685 0
1686 0
1687 0
1688 0
1689 0
1690 0
1691 0
1692 0
1693 0
1694 0
1695 0
1696 0
1697 0
1698 0
1699 0
1700 0
1701 0
1702 0
1703 0
1704 0
1705 0
1706 0
1707 0
1708 0
1709 0
1710 0
1711 0
1712 0
1713 0
1714 0
1715 0
1716 0
1717 0
1718 0
1719 0
1720 0
1721 0
1722 0
1723 0
1724 0
1725 0
1726 0
1727 0
1728 0
1729 0
1730 0
1731 0
1732 0
1733 0
1734 0
1735 0
1736 0
1737 0
1738 0
1739 0
1740 0
1741 0
1742 0
1743 0
1744 0
1745 0
1746 0
1747 0
1748 0
1749 0
1750 0
1751 0
1752 0
1753 0
1754 0
1755 0
1756 0
1757 0
1758 0
1759 0
1760 0
1761 0
1762 0
1763 0
1764 0
1765 0
1766 0
1767 0
1768 0
1769 0
1770 0
1771 0
1772 0
1773 0
1774 0
1775 0
1776 0
1777 0
1778 0
1779 0
1780 0
1781 0
1782 0
1783 0
1784 0
1785 0
1786 0
1787 0
1788 0
1789 0
1790 0
1791 0
1792 0
1793 0
1794 0
1795 0
1796 0
1797 0
1798 0
1799 0
1800 0
1801 0
1802 0
1803 0
1804 0
1805 0
1806 0
1807 0
1808 0
1809 0
1810 0
1811 0
1812 0
1813 0
1814 0
1815 0
1816 0
1817 0
1818 0
1819 0
1820 0
1821 0
1822 0
1823 0
1824 0
1825 0
1826 0
1827 0
1828 0
1829 0
1830 0
1831 0
1832 0
1833 0
1834 0
1835 0
1836 0
1837 0
1838 0
1839 0
1840 0
1841 0
1842 0
1843 0
1844 0
1845 0
1846 0
1847 0
1848 0
1849 0
1850 0
1851 0
1852 0
1853 0
1854 0
1855 0
1856 0
1857 0
1858 0
1859 0
1860 0
1861 0
1862 0
1863 0
1864 0
1865 0
1866 0
1867 0
1868 0
1869 0
1870 0
1871 0
1872 0
1873 0
1874 0
1875 0
1876 0
1877 0
1878 0
1879 0
1880 0
1881 0
1882 0
1883 0
1884 0
1885 0
1886 0
1887 0
1888 0
1889 0
1890 0
1891 0
1892 0
1893 0
1894 0
1895 0
1896 0
1897 0
1898 0
1899 0
1900 0
1901 0
1902 0
1903 0
1904 0
1905 0
1906 0
1907 0
1908 0
1909 0
1910 0
1911 0
1912 0
1913 0
1914 0
1915 0
1916 0
1917 0
1918 0
1919 0
1920 0
1921 0
1922 0
1923 0
1924 0
1925 0
1926 0
1927 0
1928 0
1929 0
1930 0
1931 0
1932 0
1933 0
1934 0
1935 0
1936 0
1937 0
1938 0
1939 0
1940 0
1941 0
1942 0
1943 0
1944 0
1945 0
1946 0
1947 0
1948 0
1949 0
1950 0
1951 0
1952 0
1953 0
1954 0
1955 0
1956 0
1957 0
1958 0
1959 0
1960 0
1961 0
1962 0
1963 0
1964 0
1965 0
1966 0
1967 0
1968 0
1969 0
1970 0
1971 0
1972 0
1973 0
1974 0
1975 0
1976 0
1977 0
1978 0
1979 0
1980 0
1981 0
1982 0
1983 0
1984 0
1985 0
1986 0
1987 0
1988 0
1989 0
1990 0
1991 0
1992 0
1993 0
1994 0
1995 0
1996 0
1997 0
1998 0
1999 0
2000 0
2001 0
2002 0
2003 0
2004 0
2005 0
2006 0
2007 0
2008 0
2009 0
2010 0
2011 0
2012 0
2013 0
2014 0
2015 0
2016 0
2017 0
2018 0
2019 0
2020 0
2021 0
2022 0
2023 0
2024 0
2025 0
2026 0
2027 0
2028 0
2029 0
2030 0
2031 0
2032 0
2033 0
2034 0
2035 0
2036 0
2037 0
2038 0
2039 0
2040 0
2041 0
2042 0
2043 0
2044 0
2045 0
2046 0
2047 0
2048 0
2049 0
2050 0
2051 0
2052 0
2053 0
2054 0
2055 0
2056 0
2057 0
2058 0
2059 0
2060 0
2061 0
2062 0
2063 0
2064 0
2065 0
2066 0
2067 0
2068 0
2069 0
2070 0
2071 0
2072 0
2073 0
2074 0
2075 0
2076 0
2077 0
2078 0
2079 0
2080 0
2081 0
2082 0
2083 0
2084 0
2085 0
2086 0
2087 0
2088 0
2089 0
2090 0
2091 0
2092 0
2093 0
2094 0
2095 0
2096 0
2097 0
2098 0
2099 0
2100 0
2101 0
2102 0
2103 0
2104 0
2105 0
2106 0
2107 0
2108 0
2109 0
2110 0
2111 0
2112 0
2113 0
2114 0
2115 0
2116 0
2117 0
2118 0
2119 0
2120 0
2121 0
2122 0
2123 0
2124 0
2125 0
2126 0
2127 0
2128 0
2129 0
2130 0
2131 0
2132 0
2133 0
2134 0
2135 0
2136 0
2137 0
2138 0
2139 0
2140 0
2141 0
2142 0
2143 0
2144 0
2145 0
2146 0
2147 0
2148 0
2149 0
2150 0
2151 0
2152 0
2153 0
2154 0
2155 0
2156 0
2157 0
2158 0
2159 0
2160 0
2161 0
2162 0
2163 0
2164 0
2165 0
2166 0
2167 0
2168 0
2169 0
2170 0
2171 0
2172 0
2173 0
2174 0
2175 0
2176 0
2177 0
2178 0
2179 0
2180 0
2181 0
2182 0
2183 0
2184 0
2185 0
2186 0
2187 0
2188 0
2189 0
2190 0
2191 0
2192 0
2193 0
2194 0
2195 0
2196 0
2197 0
2198 0
2199 0
2200 0
2201 0
2202 0
2203 0
2204 0
2205 0
2206 0
2207 0
2208 0
2209 0
2210 0
2211 0
2212 0
2213 0
2214 0
2215 0
2216 0
2217 0
2218 0
2219 0
2220 0
2221 0
2222 0
2223 0
2224 0
2225 0
2226 0
2227 0
2228 0
2229 0
2230 0
2231 0
2232 0
2233 0
2234 0
2235 0
2236 0
2237 0
2238 0
2239 0
2240 0
2241 0
2242 0
2243 0
2244 0
2245 0
2246 0
2247 0
2248 0
2249 0
2250 0
2251 0
2252 0
2253 0
2254 0
2255 0
2256 0
2257 0
2258 0
2259 0
2260 0
2261 0
2262 0
2263 0
2264 0
2265 0
2266 0
2267 0
2268 0
2269 0
2270 0
2271 0
2272 0
2273 0
2274 0
2275 0
2276 0
2277 0
2278 0
2279 0
2280 0
2281 0
2282 0
2283 0
2284 0
2285 0
2286 0
2287 0
2288 0
2289 0
2290 0
2291 0
2292 0
2293 0
2294 0
2295 0
2296 0
2297 0
2298 0
2299 0
2300 0
2301 0
2302 0
2303 0
2304 0
2305 0
2306 0
2307 0
2308 0
2309 0
2310 0
2311 0
2312 0
2313 0
2314 0
2315 0
2316 0
2317 0
2318 0
2319 0
2320 0
2321 0
2322 0
2323 0
2324 0
2325 0
2326 0
2327 0
2328 0
2329 0
2330 0
2331 0
2332 0
2333 0
2334 0
2335 0
2336 0
2337 0
2338 0
2339 0
2340 0
2341 0
2342 0
2343 0
2344 0
2345 0
2346 0
2347 0
2348 0
2349 0
2350 0
2351 0
2352 0
2353 0
2354 0
2355 0
2356 0
2357 0
2358 0
2359 0
2360 0
2361 0
2362 0
2363 0
2364 0
2365 0
2366 0
2367 0
2368 0
2369 0
2370 0
2371 0
2372 0
2373 0
2374 0
2375 0
2376 0
2377 0
2378 0
2379 0
2380 0
2381 0
2382 0
2383 0
2384 0
2385 0
2386 0
2387 0
2388 0
2389 0
2390 0
2391 0
2392 0
2393 0
2394 0
2395 0
2396 0
2397 0
2398 0
2399 0
2400 0
2401 0
2402 0
2403 0
2404 0
2405 0
2406 0
2407 0
2408 0
2409 0
2410 0
2411 0
2412 0
2413 0
2414 0
2415 0
2416 0
2417 0
2418 0
2419 0
2420 0
2421 0
2422 0
2423 0
2424 0
2425 0
2426 0
2427 0
2428 0
2429 0
2430 0
2431 0
2432 0
2433 0
2434 0
2435 0
2436 0
2437 0
2438 0
2439 0
2440 0
2441 0
2442 0
2443 0
2444 0
2445 0
2446 0
2447 0
2448 0
2449 0
2450 0
2451 0
2452 0
2453 0
2454 0
2455 0
2456 0
2457 0
2458 0
2459 0
2460 0
2461 0
2462 0
2463 0
2464 0
2465 0
2466 0
2467 0
2468 0
2469 0
2470 0
2471 0
2472 0
2473 0
2474 0
2475 0
2476 0
2477 0
2478 0
2479 0
2480 0
2481 0
2482 0
2483 0
2484 0
2485 0
2486 0
2487 0
2488 0
2489 0
2490 0
2491 0
2492 0
2493 0
2494 0
2495 0
2496 0
2497 0
2498 0
2499 0
2500 0
2501 0
2502 0
2503 0
2504 0
2505 0
2506 0
2507 0
2508 0
2509 0
2510 0
2511 0
2512 0
2513 0
2514 0
2515 0
2516 0
2517 0
2518 0
2519 0
2520 0
2521 0
2522 0
2523 0
2524 0
2525 0
2526 0
2527 0
2528 0
2529 0
2530 0
2531 0
2532 0
2533 0
2534 0
2535 0
2536 0
2537 0
2538 0
2539 0
2540 0
2541 0
2542 0
2543 0
2544 0
2545 0
2546 0
2547 0
2548 0
2549 0
2550 0
2551 0
2552 0
2553 0
2554 0
2555 0
2556 0
2557 0
2558 0
2559 0
2560 0
2561 0
2562 0
2563 0
2564 0
2565 0
2566 0
2567 0
2568 0
2569 0
2570 0
2571 0
2572 0
2573 0
2574 0
2575 0
2576 0
2577 0
2578 0
2579 0
2580 0
2581 0
2582 0
2583 0
2584 0
2585 0
2586 0
2587 0
2588 0
2589 0
2590 0
2591 0
2592 0
2593 0
2594 0
2595 0
2596 0
2597 0
2598 0
2599 0
2600 0
2601 0
2602 0
2603 0
2604 0
2605 0
2606 0
2607 0
2608 0
2609 0
2610 0
2611 0
2612 0
2613 0
2614 0
2615 0
2616 0
2617 0
2618 0
2619 0
2620 0
2621 0
2622 0
2623 0
2624 0
2625 0
2626 0
2627 0
2628 0
2629 0
2630 0
2631 0
2632 0
2633 0
2634 0
2635 0
2636 0
2637 0
2638 0
2639 0
2640 0
2641 0
2642 0
2643 0
2644 0
2645 0
2646 0
2647 0
2648 0
2649 0
2650 0
2651 0
2652 0
2653 0
2654 0
2655 0
2656 0
2657 0
2658 0
2659 0
2660 0
2661 0
2662 0
2663 0
2664 0
2665 0
2666 0
2667 0
2668 0
2669 0
2670 0
2671 0
2672 0
2673 0
2674 0
2675 0
2676 0
2677 0
2678 0
2679 0
2680 0
2681 0
2682 0
2683 0
2684 0
2685 0
2686 0
2687 0
2688 0
2689 0
2690 0
2691 0
2692 0
2693 0
2694 0
2695 0
2696 0
2697 0
2698 0
2699 0
2700 0
2701 0
2702 0
2703 0
2704 0
2705 0
2706 0
2707 0
2708 0
2709 0
2710 0
2711 0
2712 0
2713 0
2714 0
2715 0
2716 0
2717 0
2718 0
2719 0
2720 0
2721 0
2722 0
2723 0
2724 0
2725 0
2726 0
2727 0
2728 0
2729 0
2730 0
2731 0
2732 0
2733 0
2734 0
2735 0
2736 0
2737 0
2738 0
2739 0
2740 0
2741 0
2742 0
2743 0
2744 0
2745 0
2746 0
2747 0
2748 0
2749 0
2750 0
2751 0
2752 0
2753 0
2754 0
2755 0
2756 0
2757 0
2758 0
2759 0
2760 0
2761 0
2762 0
2763 0
2764 0
2765 0
2766 0
2767 0
2768 0
2769 0
2770 0
2771 0
2772 0
2773 0
2774 0
2775 0
2776 0
2777 0
2778 0
2779 0
2780 0
2781 0
2782 0
2783 0
2784 0
2785 0
2786 0
2787 0
2788 0
2789 0
2790 0
2791 0
2792 0
2793 0
2794 0
2795 0
2796 0
2797 0
2798 0
2799 0
2800 0
2801 0
2802 0
2803 0
2804 0
2805 0
2806 0
2807 0
2808 0
2809 0
2810 0
2811 0
2812 0
2813 0
2814 0
2815 0
2816 0
2817 0
2818 0
2819 0
2820 0
2821 0
2822 0
2823 0
2824 0
2825 0
2826 0
2827 0
2828 0
2829 0
2830 0
2831 0
2832 0
2833 0
2834 0
2835 0
2836 0
2837 0
2838 0
2839 0
2840 0
2841 0
2842 0
2843 0
2844 0
2845 0
2846 0
2847 0
2848 0
2849 0
2850 0
2851 0
2852 0
2853 0
2854 0
2855 0
2856 0
2857 0
2858 0
2859 0
2860 0
2861 0
2862 0
2863 0
2864 0
2865 0
2866 0
2867 0
2868 0
2869 0
2870 0
2871 0
2872 0
2873 0
2874 0
2875 0
2876 0
2877 0
2878 0
2879 0
2880 0
2881 0
2882 0
2883 0
2884 0
2885 0
2886 0
2887 0
2888 0
2889 0
2890 0
2891 0
2892 0
2893 0
2894 0
2895 0
2896 0
2897 0
2898 0
2899 0
2900 0
2901 0
2902 0
2903 0
2904 0
2905 0
2906 0
2907 0
2908 0
2909 0
2910 0
2911 0
2912 0
2913 0
2914 0
2915 0
2916 0
2917 0
2918 0
2919 0
2920 0
2921 0
2922 0
2923 0
2924 0
2925 0
2926 0
2927 0
2928 0
2929 0
2930 0
2931 0
2932 0
2933 0
2934 0
2935 0
2936 0
2937 0
2938 0
2939 0
2940 0
2941 0
2942 0
2943 0
2944 0
2945 0
2946 0
2947 0
2948 0
2949 0
2950 0
2951 0
2952 0
2953 0
2954 0
2955 0
2956 0
2957 0
2958 0
2959 0
2960 0
2961 0
2962 0
2963 0
2964 0
2965 0
2966 0
2967 0
2968 0
2969 0
2970 0
2971 0
2972 0
2973 0
2974 0
2975 0
2976 0
2977 0
2978 0
2979 0
2980 0
2981 0
2982 0
2983 0
2984 0
2985 0
2986 0
2987 0
2988 0
2989 0
2990 0
2991 0
2992 0
2993 0
2994 0
2995 0
2996 0
2997 0
2998 0
2999 0
3000 0
3001 0
3002 0
3003 0
3004 0
3005 0
3006 0
3007 0
3008 0
3009 0
3010 0
3011 0
3012 0
3013 0
3014 0
3015 0
3016 0
3017 0
3018 0
3019 0
3020 0
3021 0
3022 0
3023 0
3024 0
3025 0
3026 0
3027 0
3028 0
3029 0
3030 0
3031 0
3032 0
3033 0
3034 0
3035 0
3036 0
3037 0
3038 0
3039 0
3040 0
3041 0
3042 0
3043 0
3044 0
3045 0
3046 0
3047 0
3048 0
3049 0
3050 0
3051 0
3052 0
3053 0
3054 0
3055 0
3056 0
3057 0
3058 0
3059 0
3060 0
3061 0
3062 0
3063 0
3064 0
3065 0
3066 0
3067 0
3068 0
3069 0
3070 0
3071 0
3072 0
3073 0
3074 0
3075 0
3076 0
3077 0
3078 0
3079 0
3080 0
3081 0
3082 0
3083 0
3084 0
3085 0
3086 0
3087 0
3088 0
3089 0
3090 0
3091 0
3092 0
3093 0
3094 0
3095 0
3096 0
3097 0
3098 0
$EndElementData
$ElementData
1
"Attribute:UniformLoadLocalZ"
1
0
3
0
1
3098
1 0
2 0
3 0
4 0
5 0
6 0
7 0
8 0
9 0
10 0
11 0
12 0
13 0
14 0
15 0
16 0
17 0
18 0
19 0
20 0
21 0
22 0
23 0
24 0
25 0
26 0
27 0
28 0
29 0
30 0
31 0
32 0
33 0
34 0
35 0
36 0
37 0
38 0
39 0
40 0
41 0
42 0
43 0
44 0
45 0
46 0
47 0
48 0
49 0
50 0
51 0
52 0
53 0
54 0
55 0
56 0
57 0
58 0
59 0
60 0
61 0
62 0
63 0
64 0
65 0
66 0
67 0
68 0
69 0
70 0
71 0
72 0
73 0
74 0
75 0
76 0
77 0
78 0
79 0
80 0
81 0
82 0
83 0
84 0
85 0
86 0
87 0
88 0
89 0
90 0
91 0
92 0
93 0
94 0
95 0
96 0
97 0
98 0
99 0
100 0
101 0
102 0
103 0
104 0
105 0
106 0
107 0
108 0
109 0
110 0
111 0
112 0
113 0
114 0
115 0
116 0
117 0
118 0
119 0
120 0
121 0
122 0
123 0
124 0
125 0
126 0
127 0
128 0
129 0
130 0
131 0
132 0
133 0
134 0
135 0
136 0
137 0
138 0
139 0
140 0
141 0
142 0
143 0
144 0
145 0
146 0
147 0
148 0
149 0
150 0
151 0
152 0
153 0
154 0
155 0
156 0
157 0
158 0
159 0
160 0
161 0
162 0
163 0
164 0
165 0
166 0
167 0
168 0
169 0
170 0
171 0
172 0
173 0
174 0
175 0
176 0
177 0
178 0
179 0
180 0
181 0
182 0
183 0
184 0
185 0
186 0
187 0
188 0
189 0
190 0
191 0
192 0
193 0
194 0
195 0
196 0
197 0
198 0
199 0
200 0
201 0
202 0
203 0
204 0
205 0
206 0
207 0
208 0
209 0
210 0
211 0
212 0
213 0
214 0
215 0
216 0
217 0
218 0
219 0
220 0
221 0
222 0
223 0
224 0
225 0
226 0
227 0
228 0
229 0
230 0
231 0
232 0
233 0
234 0
235 0
236 0
237 0
238 0
239 0
240 0
241 0
242 0
243 0
244 0
245 0
246 0
247 0
248 0
249 0
250 0
251 0
252 0
253 0
254 0
255 0
256 0
257 0
258 0
259 0
260 0
261 0
262 0
263 0
264 0
265 0
266 0
267 0
268 0
269 0
270 0
271 0
272 0
273 0
274 0
275 0
276 0
277 0
278 0
279 0
280 0
281 0
282 0
283 0
284 0
285 0
286 0
287 0
288 0
289 0
290 0
291 0
292 0
293 0
294 0
295 0
296 0
297 0
298 0
299 0
300 0
301 0
302 0
303 0
304 0
305 0
306 0
307 0
308 0
309 0
310 0
311 0
312 0
313 0
314 0
315 0
316 0
317 0
318 0
319 0
320 0
321 0
322 0
323 0
324 0
325 0
326 0
327 0
328 0
329 0
330 0
331 0
332 0
333 0
334 0
335 0
336 0
337 0
338 0
339 0
340 0
341 0
342 0
343 0
344 0
345 0
346 0
347 0
348 0
349 0
350 0
351 0
352 0
353 0
354 0
355 0
356 0
357 0
358 0
359 0
360 0
361 0
362 0
363 0
364 0
365 0
366 0
367 0
368 0
369 0
370 0
371 0
372 0
373 0
374 0
375 0
376 0
377 0
378 0
379 0
380 0
381 0
382 0
383 0
384 0
385 0
386 0
387 0
388 0
389 0
390 0
391 0
392 0
393 0
394 0
395 0
396 0
397 0
398 0
399 0
400 0
401 0
402 0
403 0
404 0
405 0
406 0
407 0
408 0
409 0
410 0
411 0
412 0
413 0
414 0
415 0
416 0
417 0
418 0
419 0
420 0
421 0
422 0
423 0
424 0
425 0
426 0
427 0
428 0
429 0
430 0
431 0
432 0
433 0
434 0
435 0
436 0
437 0
438 0
439 0
440 0
441 0
442 0
443 0
444 0
445 0
446 0
447 0
448 0
449 0
450 0
451 0
452 0
453 0
454 0
455 0
456 0
457 0
458 0
459 0
460 0
461 0
462 0
463 0
464 0
465 0
466 0
467 0
468 0
469 0
470 0
471 0
472 0
473 0
474 0
475 0
476 0
477 0
478 0
479 0
480 0
481 0
482 0
483 0
484 0
485 0
486 0
487 0
488 0
489 0
490 0
491 0
492 0
493 0
494 0
495 0
496 0
497 0
498 0
499 0
500 0
501 0
502 0
503 0
504 0
505 0
506 0
507 0
508 0
509 0
510 0
511 0
512 0
513 0
514 0
515 0
516 0
517 0
518 0
519 0
520 0
521 0
522 0
523 0
524 0
525 0
526 0
527 0
528 0
529 0
530 0
531 0
532 0
533 0
534 0
535 0
536 0
537 0
538 0
539 0
540 0
541 0
542 0
543 0
544 0
545 0
546 0
547 0
548 0
549 0
550 0
551 0
552 0
553 0
554 0
555 0
556 0
557 0
558 0
559 0
560 0
561 0
562 0
563 0
564 0
565 0
566 0
567 0
568 0
569 0
570 0
571 0
572 0
573 0
574 0
575 0
576 0
577 0
578 0
579 0
580 0
581 0
582 0
583 0
584 0
585 0
586 0
587 0
588 0
589 0
590 0
591 0
592 0
593 0
594 0
595 0
596 0
597 0
598 0
599 0
600 0
601 0
602 0
603 0
604 0
605 0
606 0
607 0
608 0
609 0
610 0
611 0
612 0
613 0
614 0
615 0
616 0
617 0
618 0
619 0
620 0
621 0
622 0
623 0
624 0
625 0
626 0
627 0
628 0
629 0
630 0
631 0
632 0
633 0
634 0
635 0
636 0
637 0
638 0
639 0
640 0
641 0
642 0
643 0
644 0
645 0
646 0
647 0
648 0
649 0
650 0
651 0
652 0
653 0
654 0
655 0
656 0
657 0
658 0
659 0
660 0
661 0
662 0
663 0
664 0
665 0
666 0
667 0
668 0
669 0
670 0
671 0
672 0
673 0
674 0
675 0
676 0
677 0
678 0
679 0
680 0
681 0
682 0
683 0
684 0
685 0
686 0
687 0
688 0
689 0
690 0
691 0
692 0
693 0
694 0
695 0
696 0
697 0
698 0
699 0
700 0
701 0
702 0
703 0
704 0
705 0
706 0
707 0
708 0
709 0
710 0
711 0
712 0
713 0
714 0
715 0
716 0
717 0
718 0
719 0
720 0
721 0
722 0
723 0
724 0
725 0
726 0
727 0
728 0
729 0
730 0
731 0
732 0
733 0
734 0
735 0
736 0
737 0
738 0
739 0
740 0
741 0
742 0
743 0
744 0
745 0
746 0
747 0
748 0
749 0
750 0
751 0
752 0
753 0
754 0
755 0
756 0
757 0
758 0
759 0
760 0
761 0
762 0
763 0
764 0
765 0
766 0
767 0
768 0
769 0
770 0
771 0
772 0
773 0
774 0
775 0
776 0
777 0
778 0
779 0
780 0
781 0
782 0
783 0
784 0
785 0
786 0
787 0
788 0
789 0
790 0
791 0
792 0
793 0
794 0
795 0
796 0
797 0
798 0
799 0
800 0
801 0
802 0
803 0
804 0
805 0
806 0
807 0
808 0
809 0
810 0
811 0
812 0
813 0
814 0
815 0
816 0
817 0
818 0
819 0
820 0
821 0
822 0
823 0
824 0
825 0
826 0
827 0
828 0
829 0
830 0
831 0
832 0
833 0
834 0
835 0
836 0
837 0
838 0
839 0
840 0
841 0
842 0
843 0
844 0
845 0
846 0
847 0
848 0
849 0
850 0
851 0
852 0
853 0
854 0
855 0
856 0
857 0
858 0
859 0
860 0
861 0
862 0
863 0
864 0
865 0
866 0
867 0
868 0
869 0
870 0
871 0
872 0
873 0
874 0
875 0
876 0
877 0
878 0
879 0
880 0
881 0
882 0
883 0
884 0
885 0
886 0
887 0
888 0
889 0
890 0
891 0
892 0
893 0
894 0
895 0
896 0
897 0
898 0
899 0
900 0
901 0
902 0
903 0
904 0
905 0
906 0
907 0
908 0
909 0
910 0
911 0
912 0
913 0
914 0
915 0
916 0
917 0
918 0
919 0
920 0
921 0
922 0
923 0
924 0
925 0
926 0
927 0
928 0
929 0
930 0
931 0
932 0
933 0
934 0
935 0
936 0
937 0
938 0
939 0
940 0
941 0
942 0
943 0
944 0
945 0
946 0
947 0
948 0
949 0
950 0
951 0
952 0
953 0
954 0
955 0
956 0
957 0
958 0
959 0
960 0
961 0
962 0
963 0
964 0
965 0
966 0
967 0
968 0
969 0
970 0
971 0
972 0
973 0
974 0
975 0
976 0
977 0
978 0
979 0
980 0
981 0
982 0
983 0
984 0
985 0
986 0
987 0
988 0
989 0
990 0
991 0
992 0
993 0
994 0
995 0
996 0
997 0
998 0
999 0
1000 0
1001 0
1002 0
1003 0
1004 0
1005 0
1006 0
1007 0
1008 0
1009 0
1010 0
1011 0
1012 0
1013 0
1014 0
1015 0
1016 0
1017 0
1018 0
1019 0
1020 0
1021 0
1022 0
1023 0
1024 0
1025 0
1026 0
1027 0
1028 0
1029 0
1030 0
1031 0
1032 0
1033 0
1034 0
1035 0
1036 0
1037 0
1038 0
1039 0
1040 0
1041 0
1042 0
1043 0
1044 0
1045 0
1046 0
1047 0
1048 0
1049 0
1050 0
1051 0
1052 0
1053 0
1054 0
1055 0
1056 0
1057 0
1058 0
1059 0
1060 0
1061 0
1062 0
1063 0
1064 0
1065 0
1066 0
1067 0
1068 0
1069 0
1070 0
1071 0
1072 0
1073 0
1074 0
1075 0
1076 0
1077 0
1078 0
1079 0
1080 0
1081 0
1082 0
1083 0
1084 0
1085 0
1086 0
1087 0
1088 0
1089 0
1090 0
1091 0
1092 0
1093 0
1094 0
1095 0
1096 0
1097 0
1098 0
1099 0
1100 0
1101 0
1102 0
1103 0
1104 0
1105 0
1106 0
1107 0
1108 0
1109 0
1110 0
1111 0
1112 0
1113 0
1114 0
1115 0
1116 0
1117 0
1118 0
1119 0
1120 0
1121 0
1122 0
1123 0
1124 0
1125 0
1126 0
1127 0
1128 0
1129 0
1130 0
1131 0
1132 0
1133 0
1134 0
1135 0
1136 0
1137 0
1138 0
1139 0
1140 0
1141 0
1142 0
1143 0
1144 0
1145 0
1146 0
1147 0
1148 0
1149 0
1150 0
1151 0
1152 0
1153 0
1154 0
1155 0
1156 0
1157 0
1158 0
1159 0
1160 0
1161 0
1162 0
1163 0
1164 0
1165 0
1166 0
1167 0
1168 0
1169 0
1170 0
1171 0
1172 0
1173 0
1174 0
1175 0
1176 0
1177 0
1178 0
1179 0
1180 0
1181 0
1182 0
1183 0
1184 0
1185 0
1186 0
1187 0
1188 0
1189 0
1190 0
1191 0
1192 0
1193 0
1194 0
1195 0
1196 0
1197 0
1198 0
1199 0
1200 0
1201 0
1202 0
1203 0
1204 0
1205 0
1206 0
1207 0
1208 0
1209 0
1210 0
1211 0
1212 0
1213 0
1214 0
1215 0
1216 0
1217 0
1218 0
1219 0
1220 0
1221 0
1222 0
1223 0
1224 0
1225 0
1226 0
1227 0
1228 0
1229 0
1230 0
1231 0
1232 0
1233 0
1234 0
1235 0
1236 0
1237 0
1238 0
1239 0
1240 0
1241 0
1242 0
1243 0
1244 0
1245 0
1246 0
1247 0
1248 0
1249 0
1250 0
1251 0
1252 0
1253 0
1254 0
1255 0
1256 0
1257 0
1258 0
1259 0
1260 0
1261 0
1262 0
1263 0
1264 0
1265 0
1266 0
1267 0
1268 0
1269 0
1270 0
1271 0
1272 0
1273 0
1274 0
1275 0
1276 0
1277 0
1278 0
1279 0
1280 0
1281 0
1282 0
1283 0
1284 0
1285 0
1286 0
1287 0
1288 0
1289 0
1290 0
1291 0
1292 0
1293 0
1294 0
1295 0
1296 0
1297 0
1298 0
1299 0
1300 0
1301 0
1302 0
1303 0
1304 0
1305 0
1306 0
1307 0
1308 0
1309 0
1310 0
1311 0
1312 0
1313 0
1314 0
1315 0
1316 0
1317 0
1318 0
1319 0
1320 0
1321 0
1322 0
1323 0
1324 0
1325 0
1326 0
1327 0
1328 0
1329 0
1330 0
1331 0
1332 0
1333 0
1334 0
1335 0
1336 0
1337 0
1338 0
1339 0
1340 0
1341 0
1342 0
1343 0
1344 0
1345 0
1346 0
1347 0
1348 0
1349 0
1350 0
1351 0
1352 0
1353 0
1354 0
1355 0
1356 0
1357 0
1358 0
1359 0
1360 0
1361 0
1362 0
1363 0
1364 0
1365 0
1366 0
1367 0
1368 0
1369 0
1370 0
1371 0
1372 0
1373 0
1374 0
1375 0
1376 0
1377 0
1378 0
1379 0
1380 0
1381 0
1382 0
1383 0
1384 0
1385 0
1386 0
1387 0
1388 0
1389 0
1390 0
1391 0
1392 0
1393 0
1394 0
1395 0
1396 0
1397 0
1398 0
1399 0
1400 0
1401 0
1402 0
1403 0
1404 0
1405 0
1406 0
1407 0
1408 0
1409 0
1410 0
1411 0
1412 0
1413 0
1414 0
1415 0
1416 0
1417 0
1418 0
1419 0
1420 0
1421 0
1422 0
1423 0
1424 0
1425 0
1426 0
1427 0
1428 0
1429 0
1430 0
1431 0
1432 0
1433 0
1434 0
1435 0
1436 0
1437 0
1438 0
1439 0
1440 0
1441 0
1442 0
1443 0
1444 0
1445 0
1446 0
1447 0
1448 0
1449 0
1450 0
1451 0
1452 0
1453 0
1454 0
1455 0
1456 0
1457 0
1458 0
1459 0
1460 0
1461 0
1462 0
1463 0
1464 0
1465 0
1466 0
1467 0
1468 0
1469 0
1470 0
1471 0
1472 0
1473 0
1474 0
1475 0
1476 0
1477 0
1478 0
1479 0
1480 0
1481 0
1482 0
1483 0
1484 0
1485 0
1486 0
1487 0
1488 0
1489 0
1490 0
1491 0
1492 0
1493 0
1494 0
1495 0
1496 0
1497 0
1498 0
1499 0
1500 0
1501 0
1502 0
1503 0
1504 0
1505 0
1506 0
1507 0
1508 0
1509 0
1510 0
1511 0
1512 0
1513 0
1514 0
1515 0
1516 0
1517 0
1518 0
1519 0
1520 0
1521 0
1522 0
1523 0
1524 0
1525 0
1526 0
1527 0
1528 0
1529 0
1530 0
1531 0
1532 0
1533 0
1534 0
1535 0
1536 0
1537 0
1538 0
1539 0
1540 0
1541 0
1542 0
1543 0
1544 0
1545 0
1546 0
1547 0
1548 0
1549 0
1550 0
1551 0
1552 0
1553 0
1554 0
1555 0
1556 0
1557 0
1558 0
1559 0
1560 0
1561 0
1562 0
1563 0
1564 0
1565 0
1566 0
1567 0
1568 0
1569 0
1570 0
1571 0
1572 0
1573 0
1574 0
1575 0
1576 0
1577 0
1578 0
1579 0
1580 0
1581 0
1582 0
1583 0
1584 0
1585 0
1586 0
1587 0
1588 0
1589 0
1590 0
1591 0
1592 0
1593 0
1594 0
1595 0
1596 0
1597 0
1598 0
1599 0
1600 0
1601 0
1602 0
1603 0
1604 0
1605 0
1606 0
1607 0
1608 0
1609 0
1610 0
1611 0
1612 0
1613 0
1614 0
1615 0
1616 0
1617 0
1618 0
1619 0
1620 0
1621 0
1622 0
1623 0
1624 0
1625 0
1626 0
1627 0
1628 0
1629 0
1630 0
1631 0
1632 0
1633 0
1634 0
1635 0
1636 0
1637 0
1638 0
1639 0
1640 0
1641 0
1642 0
1643 0
1644 0
1645 0
1646 0
1647 0
1648 0
1649 0
1650 0
1651 0
1652 0
1653 0
1654 0
1655 0
1656 0
1657 0
1658 0
1659 0
1660 0
1661 0
1662 0
1663 0
1664 0
1665 0
1666 0
1667 0
1668 0
1669 0
1670 0
1671 0
1672 0
1673 0
1674 0
1675 0
1676 0
1677 0
1678 0
1679 0
1680 0
1681 0
1682 0
1683 0
1684 0
1685 0
1686 0
1687 0
1688 0
1689 0
1690 0
1691 0
1692 0
1693 0
1694 0
1695 0
1696 0
1697 0
1698 0
1699 0
1700 0
1701 0
1702 0
1703 0
1704 0
1705 0
1706 0
1707 0
1708 0
1709 0
1710 0
1711 0
1712 0
1713 0
1714 0
1715 0
1716 0
1717 0
1718 0
1719 0
1720 0
1721 0
1722 0
1723 0
1724 0
1725 0
1726 0
1727 0
1728 0
1729 0
1730 0
1731 0
1732 0
1733 0
1734 0
1735 0
1736 0
1737 0
1738 0
1739 0
1740 0
1741 0
1742 0
1743 0
1744 0
1745 0
1746 0
1747 0
1748 0
1749 0
1750 0
1751 0
1752 0
1753 0
1754 0
1755 0
1756 0
1757 0
1758 0
1759 0
1760 0
1761 0
1762 0
1763 0
1764 0
1765 0
1766 0
1767 0
1768 0
1769 0
1770 0
1771 0
1772 0
1773 0
1774 0
1775 0
1776 0
1777 0
1778 0
1779 0
1780 0
1781 0
1782 0
1783 0
1784 0
1785 0
1786 0
1787 0
1788 0
1789 0
1790 0
1791 0
1792 0
1793 0
1794 0
1795 0
1796 0
1797 0
1798 0
1799 0
1800 0
1801 0
1802 0
1803 0
1804 0
1805 0
1806 0
1807 0
1808 0
1809 0
1810 0
1811 0
1812 0
1813 0
1814 0
1815 0
1816 0
1817 0
1818 0
1819 0
1820 0
1821 0
1822 0
1823 0
1824 0
1825 0
1826 0
1827 0
1828 0
1829 0
1830 0
1831 0
1832 0
1833 0
1834 0
1835 0
1836 0
1837 0
1838 0
1839 0
1840 0
1841 0
1842 0
1843 0
1844 0
1845 0
1846 0
1847 0
1848 0
1849 0
1850 0
1851 0
1852 0
1853 0
1854 0
1855 0
1856 0
1857 0
1858 0
1859 0
1860 0
1861 0
1862 0
1863 0
1864 0
1865 0
1866 0
1867 0
1868 0
1869 0
1870 0
1871 0
1872 0
1873 0
1874 0
1875 0
1876 0
1877 0
1878 0
1879 0
1880 0
1881 0
1882 0
1883 0
1884 0
1885 0
1886 0
1887 0
1888 0
1889 0
1890 0
1891 0
1892 0
1893 0
1894 0
1895 0
1896 0
1897 0
1898 0
1899 0
1900 0
1901 0
1902 0
1903 0
1904 0
1905 0
1906 0
1907 0
1908 0
1909 0
1910 0
1911 0
1912 0
1913 0
1914 0
1915 0
1916 0
1917 0
1918 0
1919 0
1920 0
1921 0
1922 0
1923 0
1924 0
1925 0
1926 0
1927 0
1928 0
1929 0
1930 0
1931 0
1932 0
1933 0
1934 0
1935 0
1936 0
1937 0
1938 0
1939 0
1940 0
1941 0
1942 0
1943 0
1944 0
1945 0
1946 0
1947 0
1948 0
1949 0
1950 0
1951 0
1952 0
1953 0
1954 0
1955 0
1956 0
1957 0
1958 0
1959 0
1960 0
1961 0
1962 0
1963 0
1964 0
1965 0
1966 0
1967 0
1968 0
1969 0
1970 0
1971 0
1972 0
1973 0
1974 0
1975 0
1976 0
1977 0
1978 0
1979 0
1980 0
1981 0
1982 0
1983 0
1984 0
1985 0
1986 0
1987 0
1988 0
1989 0
1990 0
1991 0
1992 0
1993 0
1994 0
1995 0
1996 0
1997 0
1998 0
1999 0
2000 0
2001 0
2002 0
2003 0
2004 0
2005 0
2006 0
2007 0
2008 0
2009 0
2010 0
2011 0
2012 0
2013 0
2014 0
2015 0
2016 0
2017 0
2018 0
2019 0
2020 0
2021 0
2022 0
2023 0
2024 0
2025 0
2026 0
2027 0
2028 0
2029 0
2030 0
2031 0
2032 0
2033 0
2034 0
2035 0
2036 0
2037 0
2038 0
2039 0
2040 0
2041 0
2042 0
2043 0
2044 0
2045 0
2046 0
2047 0
2048 0
2049 0
2050 0
2051 0
2052 0
2053 0
2054 0
2055 0
2056 0
2057 0
2058 0
2059 0
2060 0
2061 0
2062 0
2063 0
2064 0
2065 0
2066 0
2067 0
2068 0
2069 0
2070 0
2071 0
2072 0
2073 0
2074 0
2075 0
2076 0
2077 0
2078 0
2079 0
2080 0
2081 0
2082 0
2083 0
2084 0
2085 0
2086 0
2087 0
2088 0
2089 0
2090 0
2091 0
2092 0
2093 0
2094 0
2095 0
2096 0
2097 0
2098 0
2099 0
2100 0
2101 0
2102 0
2103 0
2104 0
2105 0
2106 0
2107 0
2108 0
2109 0
2110 0
2111 0
2112 0
2113 0
2114 0
2115 0
2116 0
2117 0
2118 0
2119 0
2120 0
2121 0
2122 0
2123 0
2124 0
2125 0
2126 0
2127 0
2128 0
2129 0
2130 0
2131 0
2132 0
2133 0
2134 0
2135 0
2136 0
2137 0
2138 0
2139 0
2140 0
2141 0
2142 0
2143 0
2144 0
2145 0
2146 0
2147 0
2148 0
2149 0
2150 0
2151 0
2152 0
2153 0
2154 0
2155 0
2156 0
2157 0
2158 0
2159 0
2160 0
2161 0
2162 0
2163 0
2164 0
2165 0
2166 0
2167 0
2168 0
2169 0
2170 0
2171 0
2172 0
2173 0
2174 0
2175 0
2176 0
2177 0
2178 0
2179 0
2180 0
2181 0
2182 0
2183 0
2184 0
2185 0
2186 0
2187 0
2188 0
2189 0
2190 0
2191 0
2192 0
2193 0
2194 0
2195 0
2196 0
2197 0
2198 0
2199 0
2200 0
2201 0
2202 0
2203 0
2204 0
2205 0
2206 0
2207 0
2208 0
2209 0
2210 0
2211 0
2212 0
2213 0
2214 0
2215 0
2216 0
2217 0
2218 0
2219 0
2220 0
2221 0
2222 0
2223 0
2224 0
2225 0
2226 0
2227 0
2228 0
2229 0
2230 0
2231 0
2232 0
2233 0
2234 0
2235 0
2236 0
2237 0
2238 0
2239 0
2240 0
2241 0
2242 0
2243 0
2244 0
2245 0
2246 0
2247 0
2248 0
2249 0
2250 0
2251 0
2252 0
2253 0
2254 0
2255 0
2256 0
2257 0
2258 0
2259 0
2260 0
2261 0
2262 0
2263 0
2264 0
2265 0
2266 0
2267 0
2268 0
2269 0
2270 0
2271 0
2272 0
2273 0
2274 0
2275 0
2276 0
2277 0
2278 0
2279 0
2280 0
2281 0
2282 0
2283 0
2284 0
2285 0
2286 0
2287 0
2288 0
2289 0
2290 0
2291 0
2292 0
2293 0
2294 0
2295 0
2296 0
2297 0
2298 0
2299 0
2300 0
2301 0
2302 0
2303 0
2304 0
2305 0
2306 0
2307 0
2308 0
2309 0
2310 0
2311 0
2312 0
2313 0
2314 0
2315 0
2316 0
2317 0
2318 0
2319 0
2320 0
2321 0
2322 0
2323 0
2324 0
2325 0
2326 0
2327 0
2328 0
2329 0
2330 0
2331 0
2332 0
2333 0
2334 0
2335 0
2336 0
2337 0
2338 0
2339 0
2340 0
2341 0
2342 0
2343 0
2344 0
2345 0
2346 0
2347 0
2348 0
2349 0
2350 0
2351 0
2352 0
2353 0
2354 0
2355 0
2356 0
2357 0
2358 0
2359 0
2360 0
2361 0
2362 0
2363 0
2364 0
2365 0
2366 0
2367 0
2368 0
2369 0
2370 0
2371 0
2372 0
2373 0
2374 0
2375 0
2376 0
2377 0
2378 0
2379 0
2380 0
2381 0
2382 0
2383 0
2384 0
2385 0
2386 0
2387 0
2388 0
2389 0
2390 0
2391 0
2392 0
2393 0
2394 0
2395 0
2396 0
2397 0
2398 0
2399 0
2400 0
2401 0
2402 0
2403 0
2404 0
2405 0
2406 0
2407 0
2408 0
2409 0
2410 0
2411 0
2412 0
2413 0
2414 0
2415 0
2416 0
2417 0
2418 0
2419 0
2420 0
2421 0
2422 0
2423 0
2424 0
2425 0
2426 0
2427 0
2428 0
2429 0
2430 0
2431 0
2432 0
2433 0
2434 0
2435 0
2436 0
2437 0
2438 0
2439 0
2440 0
2441 0
2442 0
2443 0
2444 0
2445 0
2446 0
2447 0
2448 0
2449 0
2450 0
2451 0
2452 0
2453 0
2454 0
2455 0
2456 0
2457 0
2458 0
2459 0
2460 0
2461 0
2462 0
2463 0
2464 0
2465 0
2466 0
2467 0
2468 0
2469 0
2470 0
2471 0
2472 0
2473 0
2474 0
2475 0
2476 0
2477 0
2478 0
2479 0
2480 0
2481 0
2482 0
2483 0
2484 0
2485 0
2486 0
2487 0
2488 0
2489 0
2490 0
2491 0
2492 0
2493 0
2494 0
2495 0
2496 0
2497 0
2498 0
2499 0
2500 0
2501 0
2502 0
2503 0
2504 0
2505 0
2506 0
2507 0
2508 0
2509 0
2510 0
2511 0
2512 0
2513 0
2514 0
2515 0
2516 0
2517 0
2518 0
2519 0
2520 0
2521 0
2522 0
2523 0
2524 0
2525 0
2526 0
2527 0
2528 0
2529 0
2530 0
2531 0
2532 0
2533 0
2534 0
2535 0
2536 0
2537 0
2538 0
2539 0
2540 0
2541 0
2542 0
2543 0
2544 0
2545 0
2546 0
2547 0
2548 0
2549 0
2550 0
2551 0
2552 0
2553 0
2554 0
2555 0
2556 0
2557 0
2558 0
2559 0
2560 0
2561 0
2562 0
2563 0
2564 0
2565 0
2566 0
2567 0
2568 0
2569 0
2570 0
2571 0
2572 0
2573 0
2574 0
2575 0
2576 0
2577 0
2578 0
2579 0
2580 0
2581 0
2582 0
2583 0
2584 0
2585 0
2586 0
2587 0
2588 0
2589 0
2590 0
2591 0
2592 0
2593 0
2594 0
2595 0
2596 0
2597 0
2598 0
2599 0
2600 0
2601 0
2602 0
2603 0
2604 0
2605 0
2606 0
2607 0
2608 0
2609 0
2610 0
2611 0
2612 0
2613 0
2614 0
2615 0
2616 0
2617 0
2618 0
2619 0
2620 0
2621 0
2622 0
2623 0
2624 0
2625 0
2626 0
2627 0
2628 0
2629 0
2630 0
2631 0
2632 0
2633 0
2634 0
2635 0
2636 0
2637 0
2638 0
2639 0
2640 0
2641 0
2642 0
2643 0
2644 0
2645 0
2646 0
2647 0
2648 0
2649 0
2650 0
2651 0
2652 0
2653 0
2654 0
2655 0
2656 0
2657 0
2658 0
2659 0
2660 0
2661 0
2662 0
2663 0
2664 0
2665 0
2666 0
2667 0
2668 0
2669 0
2670 0
2671 0
2672 0
2673 0
2674 0
2675 0
2676 0
2677 0
2678 0
2679 0
2680 0
2681 0
2682 0
2683 0
2684 0
2685 0
2686 0
2687 0
2688 0
2689 0
2690 0
2691 0
2692 0
2693 0
2694 0
2695 0
2696 0
2697 0
2698 0
2699 0
2700 0
2701 0
2702 0
2703 0
2704 0
2705 0
2706 0
2707 0
2708 0
2709 0
2710 0
2711 0
2712 0
2713 0
2714 0
2715 0
2716 0
2717 0
2718 0
2719 0
2720 0
2721 0
2722 0
2723 0
2724 0
2725 0
2726 0
2727 0
2728 0
2729 0
2730 0
2731 0
2732 0
2733 0
2734 0
2735 0
2736 0
2737 0
2738 0
2739 0
2740 0
2741 0
2742 0
2743 0
2744 0
2745 0
2746 0
2747 0
2748 0
2749 0
2750 0
2751 0
2752 0
2753 0
2754 0
2755 0
2756 0
2757 0
2758 0
2759 0
2760 0
2761 0
2762 0
2763 0
2764 0
2765 0
2766 0
2767 0
2768 0
2769 0
2770 0
2771 0
2772 0
2773 0
2774 0
2775 0
2776 0
2777 0
2778 0
2779 0
2780 0
2781 0
2782 0
2783 0
2784 0
2785 0
2786 0
2787 0
2788 0
2789 0
2790 0
2791 0
2792 0
2793 0
2794 0
2795 0
2796 0
2797 0
2798 0
2799 0
2800 0
2801 0
2802 0
2803 0
2804 0
2805 0
2806 0
2807 0
2808 0
2809 0
2810 0
2811 0
2812 0
2813 0
2814 0
2815 0
2816 0
2817 0
2818 0
2819 0
2820 0
2821 0
2822 0
2823 0
2824 0
2825 0
2826 0
2827 0
2828 0
2829 0
2830 0
2831 0
2832 0
2833 0
2834 0
2835 0
2836 0
2837 0
2838 0
2839 0
2840 0
2841 0
2842 0
2843 0
2844 0
2845 0
2846 0
2847 0
2848 0
2849 0
2850 0
2851 0
2852 0
2853 0
2854 0
2855 0
2856 0
2857 0
2858 0
2859 0
2860 0
2861 0
2862 0
2863 0
2864 0
2865 0
2866 0
2867 0
2868 0
2869 0
2870 0
2871 0
2872 0
2873 0
2874 0
2875 0
2876 0
2877 0
2878 0
2879 0
2880 0
2881 0
2882 0
2883 0
2884 0
2885 0
2886 0
2887 0
2888 0
2889 0
2890 0
2891 0
2892 0
2893 0
2894 0
2895 0
2896 0
2897 0
2898 0
2899 0
2900 0
2901 0
2902 0
2903 0
2904 0
2905 0
2906 0
2907 0
2908 0
2909 0
2910 0
2911 0
2912 0
2913 0
2914 0
2915 0
2916 0
2917 0
2918 0
2919 0
2920 0
2921 0
2922 0
2923 0
2924 0
2925 0
2926 0
2927 0
2928 0
2929 0
2930 0
2931 0
2932 0
2933 0
2934 0
2935 0
2936 0
2937 0
2938 0
2939 0
2940 0
2941 0
2942 0
2943 0
2944 0
2945 0
2946 0
2947 0
2948 0
2949 0
2950 0
2951 0
2952 0
2953 0
2954 0
2955 0
2956 0
2957 0
2958 0
2959 0
2960 0
2961 0
2962 0
2963 0
2964 0
2965 0
2966 0
2967 0
2968 0
2969 0
2970 0
2971 0
2972 0
2973 0
2974 0
2975 0
2976 0
2977 0
2978 0
2979 0
2980 0
2981 0
2982 0
2983 0
2984 0
2985 0
2986 0
2987 0
2988 0
2989 0
2990 0
2991 0
2992 0
2993 0
2994 0
2995 0
2996 0
2997 0
2998 0
2999 0
3000 0
3001 0
3002 0
3003 0
3004 0
3005 0
3006 0
3007 0
3008 0
3009 0
3010 0
3011 0
3012 0
3013 0
3014 0
3015 0
3016 0
3017 0
3018 0
3019 0
3020 0
3021 0
3022 0
3023 0
3024 0
3025 0
3026 0
3027 0
3028 0
3029 0
3030 0
3031 0
3032 0
3033 0
3034 0
3035 0
3036 0
3037 0
3038 0
3039 0
3040 0
3041 0
3042 0
3043 0
3044 0
3045 0
3046 0
3047 0
3048 0
3049 0
3050 0
3051 0
3052 0
3053 0
3054 0
3055 0
3056 0
3057 0
3058 0
3059 0
3060 0
3061 0
3062 0
3063 0
3064 0
3065 0
3066 0
3067 0
3068 0
3069 0
3070 0
3071 0
3072 0
3073 0
3074 0
3075 0
3076 0
3077 0
3078 0
3079 0
3080 0
3081 0
3082 0
3083 0
3084 0
3085 0
3086 0
3087 0
3088 0
3089 0
3090 0
3091 0
3092 0
3093 0
3094 0
3095 0
3096 0
3097 0
3098 0
$EndElementData
$ElementData
1
"BeamOrientation"
1
0
3
0
3
3098
1 0 0 0
2 0 0 0
3 0 0 0
4 0 0 0
5 0 0 0
6 0 0 0
7 0 0 0
8 0 0 0
9 0 0 0
10 0 0 0
11 0 0 0
12 0 0 0
13 0 0 0
14 0 0 0
15 0 0 0
16 0 0 0
17 0 0 0
18 0 0 0
19 0 0 0
20 0 0 0
21 0 0 0
22 0 0 0
23 0 0 0
24 0 0 0
25 0 0 0
26 0 0 0
27 0 0 0
28 0 0 0
29 0 0 0
30 0 0 0
31 0 0 0
32 0 0 0
33 0 0 0
34 0 0 0
35 0 0 0
36 0 0 0
37 0 0 0
38 0 0 0
39 0 0 0
40 0 0 0
41 0 0 0
42 0 0 0
43 0 0 0
44 0 0 0
45 0 0 0
46 0 0 0
47 0 0 0
48 0 0 0
49 0 0 0
50 0 0 0
51 0 0 0
52 0 0 0
53 0 0 0
54 0 0 0
55 0 0 0
56 0 0 0
57 0 0 0
58 0 0 0
59 0 0 0
60 0 0 0
61 0 0 0
62 0 0 0
63 0 0 0
64 0 0 0
65 0 0 0
66 0 0 0
67 0 0 0
68 0 0 0
69 0 0 0
70 0 0 0
71 0 0 0
72 0 0 0
73 0 0 0
74 0 0 0
75 0 0 0
76 0 0 0
77 0 0 0
78 0 0 0
79 0 0 0
80 0 0 0
81 0 0 0
82 0 0 0
83 0 0 0
84 0 0 0
85 0 0 0
86 0 0 0
87 0 0 0
88 0 0 0
89 0 0 0
90 0 0 0
91 0 0 0
92 0 0 0
93 0 0 0
94 0 0 0
95 0 0 0
96 0 0 0
97 0 0 0
98 0 0 0
99 0 0 0
100 0 0 0
101 0 0 0
102 0 0 0
103 0 0 0
104 0 0 0
105 0 0 0
106 0 0 0
107 0 0 0
108 0 0 0
109 0 0 0
110 0 0 0
111 0 0 0
112 0 0 0
113 0 0 0
114 0 0 0
115 0 0 0
116 0 0 0
117 0 0 0
118 0 0 0
119 0 0 0
120 0 0 0
121 0 0 0
122 0 0 0
123 0 0 0
124 0 0 0
125 0 0 0
126 0 0 0
127 0 0 0
128 0 0 0
129 0 0 0
130 0 0 0
131 0 0 0
132 0 0 0
133 0 0 0
134 0 0 0
135 0 0 0
136 0 0 0
137 0 0 0
138 0 0 0
139 0 0 0
140 0 0 0
141 0 0 0
142 0 0 0
143 0 0 0
144 0 0 0
145 0 0 0
146 0 0 0
147 0 0 0
148 0 0 0
149 0 0 0
150 0 0 0
151 0 0 0
152 0 0 0
153 0 0 0
154 0 0 0
155 0 0 0
156 0 0 0
157 0 0 0
158 0 0 0
159 0 0 0
160 0 0 0
161 0 0 0
162 0 0 0
163 0 0 0
164 0 0 0
165 0 0 0
166 0 0 0
167 0 0 0
168 0 0 0
169 0 0 0
170 0 0 0
171 0 0 0
172 0 0 0
173 0 0 0
174 0 0 0
175 0 0 0
176 0 0 0
177 0 0 0
178 0 0 0
179 0 0 0
180 0 0 0
181 0 0 0
182 0 0 0
183 0 0 0
184 0 0 0
185 0 0 0
186 0 0 0
187 0 0 0
188 0 0 0
189 0 0 0
190 0 0 0
191 0 0 0
192 0 0 0
193 0 0 0
194 0 0 0
195 0 0 0
196 0 0 0
197 0 0 0
198 0 0 0
199 0 0 0
200 0 0 0
201 0 0 0
202 0 0 0
203 0 0 0
204 0 0 0
205 0 0 0
206 0 0 0
207 0 0 0
208 0 0 0
209 0 0 0
210 0 0 0
211 0 0 0
212 0 0 0
213 0 0 0
214 0 0 0
215 0 0 0
216 0 0 0
217 0 0 0
218 0 0 0
219 0 0 0
220 0 0 0
221 0 0 0
222 0 0 0
223 0 0 0
224 0 0 0
225 0 0 0
226 0 0 0
227 0 0 0
228 0 0 0
229 0 0 0
230 0 0 0
231 0 0 0
232 0 0 0
233 0 0 0
234 0 0 0
235 0 0 0
236 0 0 0
237 0 0 0
238 0 0 0
239 0 0 0
240 0 0 0
241 0 0 0
242 0 0 0
243 0 0 0
244 0 0 0
245 0 0 0
246 0 0 0
247 0 0 0
248 0 0 0
249 0 0 0
250 0 0 0
251 0 0 0
252 0 0 0
253 0 0 0
254 0 0 0
255 0 0 0
256 0 0 0
257 0 0 0
258 0 0 0
259 0 0 0
260 0 0 0
261 0 0 0
262 0 0 0
263 0 0 0
264 0 0 0
265 0 0 0
266 0 0 0
267 0 0 0
268 0 0 0
269 0 0 0
270 0 0 0
271 0 0 0
272 0 0 0
273 0 0 0
274 0 0 0
275 0 0 0
276 0 0 0
277 0 0 0
278 0 0 0
279 0 0 0
280 0 0 0
281 0 0 0
282 0 0 0
283 0 0 0
284 0 0 0
285 0 0 0
286 0 0 0
287 0 0 0
288 0 0 0
289 0 0 0
290 0 0 0
291 0 0 0
292 0 0 0
293 0 0 0
294 0 0 0
295 0 0 0
296 0 0 0
297 0 0 0
298 0 0 0
299 0 0 0
300 0 0 0
301 0 0 0
302 0 0 0
303 0 0 0
304 0 0 0
305 0 0 0
306 0 0 0
307 0 0 0
308 0 0 0
309 0 0 0
310 0 0 0
311 0 0 0
312 0 0 0
313 0 0 0
314 0 0 0
315 0 0 0
316 0 0 0
317 0 0 0
318 0 0 0
319 0 0 0
320 0 0 0
321 0 0 0
322 0 0 0
323 0 0 0
324 0 0 0
325 0 0 0
326 0 0 0
327 0 0 0
328 0 0 0
329 0 0 0
330 0 0 0
331 0 0 0
332 0 0 0
333 0 0 0
334 0 0 0
335 0 0 0
336 0 0 0
337 0 0 0
338 0 0 0
339 0 0 0
340 0 0 0
341 0 0 0
342 0 0 0
343 0 0 0
344 0 0 0
345 0 0 0
346 0 0 0
347 0 0 0
348 0 0 0
349 0 0 0
350 0 0 0
351 0 0 0
352 0 0 0
353 0 0 0
354 0 0 0
355 0 0 0
356 0 0 0
357 0 0 0
358 0 0 0
359 0 0 0
360 0 0 0
361 0 0 0
362 0 0 0
363 0 0 0
364 0 0 0
365 0 0 0
366 0 0 0
367 0 0 0
368 0 0 0
369 0 0 0
370 0 0 0
371 0 0 0
372 0 0 0
373 0 0 0
374 0 0 0
375 0 0 0
376 0 0 0
377 0 0 0
378 0 0 0
379 0 0 0
380 0 0 0
381 0 0 0
382 0 0 0
383 0 0 0
384 0 0 0
385 0 0 0
386 0 0 0
387 0 0 0
388 0 0 0
389 0 0 0
390 0 0 0
391 0 0 0
392 0 0 0
393 0 0 0
394 0 0 0
395 0 0 0
396 0 0 0
397 0 0 0
398 0 0 0
399 0 0 0
400 0 0 0
401 0 0 0
402 0 0 0
403 0 0 0
404 0 0 0
405 0 0 0
406 0 0 0
407 0 0 0
408 0 0 0
409 0 0 0
410 0 0 0
411 0 0 0
412 0 0 0
413 0 0 0
414 0 0 0
415 0 0 0
416 0 0 0
417 0 0 0
418 0 0 0
419 0 0 0
420 0 0 0
421 0 0 0
422 0 0 0
423 0 0 0
424 0 0 0
425 0 0 0
426 0 0 0
427 0 0 0
428 0 0 0
429 0 0 0
430 0 0 0
431 0 0 0
432 0 0 0
433 0 0 0
434 0 0 0
435 0 0 0
436 0 0 0
437 0 0 0
438 0 0 0
439 0 0 0
440 0 0 0
441 0 0 0
442 0 0 0
443 0 0 0
444 0 0 0
445 0 0 0
446 0 0 0
447 0 0 0
448 0 0 0
449 0 0 0
450 0 0 0
451 0 0 0
452 0 0 0
453 0 0 0
454 0 0 0
455 0 0 0
456 0 0 0
457 0 0 0
458 0 0 0
459 0 0 0
460 0 0 0
461 0 0 0
462 0 0 0
463 0 0 0
464 0 0 0
465 0 0 0
466 0 0 0
467 0 0 0
468 0 0 0
469 0 0 0
470 0 0 0
471 0 0 0
472 0 0 0
473 0 0 0
474 0 0 0
475 0 0 0
476 0 0 0
477 0 0 0
478 0 0 0
479 0 0 0
480 0 0 0
481 0 0 0
482 0 0 0
483 0 0 0
484 0 0 0
485 0 0 0
486 0 0 0
487 0 0 0
488 0 0 0
489 0 0 0
490 0 0 0
491 0 0 0
492 0 0 0
493 0 0 0
494 0 0 0
495 0 0 0
496 0 0 0
497 0 0 0
498 0 0 0
499 0 0 0
500 0 0 0
501 0 0 0
502 0 0 0
503 0 0 0
504 0 0 0
505 0 0 0
506 0 0 0
507 0 0 0
508 0 0 0
509 0 0 0
510 0 0 0
511 0 0 0
512 0 0 0
513 0 0 0
514 0 0 0
515 0 0 0
516 0 0 0
517 0 0 0
518 0 0 0
519 0 0 0
520 0 0 0
521 0 0 0
522 0 0 0
523 0 0 0
524 0 0 0
525 0 0 0
526 0 0 0
527 0 0 0
528 0 0 0
529 0 0 0
530 0 0 0
531 0 0 0
532 0 0 0
533 0 0 0
534 0 0 0
535 0 0 0
536 0 0 0
537 0 0 0
538 0 0 0
539 0 0 0
540 0 0 0
541 0 0 0
542 0 0 0
543 0 0 0
544 0 0 0
545 0 0 0
546 0 0 0
547 0 0 0
548 0 0 0
549 0 0 0
550 0 0 0
551 0 0 0
552 0 0 0
553 0 0 0
554 0 0 0
555 0 0 0
556 0 0 0
557 0 0 0
558 0 0 0
559 0 0 0
560 0 0 0
561 0 0 0
562 0 0 0
563 0 0 0
564 0 0 0
565 0 0 0
566 0 0 0
567 0 0 0
568 0 0 0
569 0 0 0
570 0 0 0
571 0 0 0
572 0 0 0
573 0 0 0
574 0 0 0
575 0 0 0
576 0 0 0
577 0 0 0
578 0 0 0
579 0 0 0
580 0 0 0
581 0 0 0
582 0 0 0
583 0 0 0
584 0 0 0
585 0 0 0
586 0 0 0
587 0 0 0
588 0 0 0
589 0 0 0
590 0 0 0
591 0 0 0
592 0 0 0
593 0 0 0
594 0 0 0
595 0 0 0
596 0 0 0
597 0 0 0
598 0 0 0
599 0 0 0
600 0 0 0
601 0 0 0
602 0 0 0
603 0 0 0
604 0 0 0
605 0 0 0
606 0 0 0
607 0 0 0
608 0 0 0
609 0 0 0
610 0 0 0
611 0 0 0
612 0 0 0
613 0 0 0
614 0 0 0
615 0 0 0
616 0 0 0
617 0 0 0
618 0 0 0
619 0 0 0
620 0 0 0
621 0 0 0
622 0 0 0
623 0 0 0
624 0 0 0
625 0 0 0
626 0 0 0
627 0 0 0
628 0 0 0
629 0 0 0
630 0 0 0
631 0 0 0
632 0 0 0
633 0 0 0
634 0 0 0
635 0 0 0
636 0 0 0
637 0 0 0
638 0 0 0
639 0 0 0
640 0 0 0
641 0 0 0
642 0 0 0
643 0 0 0
644 0 0 0
645 0 0 0
646 0 0 0
647 0 0 0
648 0 0 0
649 0 0 0
650 0 0 0
651 0 0 0
652 0 0 0
653 0 0 0
654 0 0 0
655 0 0 0
656 0 0 0
657 0 0 0
658 0 0 0
659 0 0 0
660 0 0 0
661 0 0 0
662 0 0 0
663 0 0 0
664 0 0 0
665 0 0 0
666 0 0 0
667 0 0 0
668 0 0 0
669 0 0 0
670 0 0 0
671 0 0 0
672 0 0 0
673 0 0 0
674 0 0 0
675 0 0 0
676 0 0 0
677 0 0 0
678 0 0 0
679 0 0 0
680 0 0 0
681 0 0 0
682 0 0 0
683 0 0 0
684 0 0 0
685 0 0 0
686 0 0 0
687 0 0 0
688 0 0 0
689 0 0 0
690 0 0 0
691 0 0 0
692 0 0 0
693 0 0 0
694 0 0 0
695 0 0 0
696 0 0 0
697 0 0 0
698 0 0 0
699 0 0 0
700 0 0 0
701 0 0 0
702 0 0 0
703 0 0 0
704 0 0 0
705 0 0 0
706 0 0 0
707 0 0 0
708 0 0 0
709 0 0 0
710 0 0 0
711 0 0 0
712 0 0 0
713 0 0 0
714 0 0 0
715 0 0 0
716 0 0 0
717 0 0 0
718 0 0 0
719 0 0 0
720 0 0 0
721 0 0 0
722 0 0 0
723 0 0 0
724 0 0 0
725 0 0 0
726 0 0 0
727 0 0 0
728 0 0 0
729 0 0 0
730 0 0 0
731 0 0 0
732 0 0 0
733 0 0 0
734 0 0 0
735 0 0 0
736 0 0 0
737 0 0 0
738 0 0 0
739 0 0 0
740 0 0 0
741 0 0 0
742 0 0 0
743 0 0 0
744 0 0 0
745 0 0 0
746 0 0 0
747 0 0 0
748 0 0 0
749 0 0 0
750 0 0 0
751 0 0 0
752 0 0 0
753 0 0 0
754 0 0 0
755 0 0 0
756 0 0 0
757 0 0 0
758 0 0 0
759 0 0 0
760 0 0 0
761 0 0 0
762 0 0 0
763 0 0 0
764 0 0 0
765 0 0 0
766 0 0 0
767 0 0 0
768 0 0 0
769 0 0 0
770 0 0 0
771 0 0 0
772 0 0 0
773 0 0 0
774 0 0 0
775 0 0 0
776 0 0 0
777 0 0 0
778 0 0 0
779 0 0 0
780 0 0 0
781 0 0 0
782 0 0 0
783 0 0 0
784 0 0 0
785 0 0 0
786 0 0 0
787 0 0 0
788 0 0 0
789 0 0 0
790 0 0 0
791 0 0 0
792 0 0 0
793 0 0 0
794 0 0 0
795 0 0 0
796 0 0 0
797 0 0 0
798 0 0 0
799 0 0 0
800 0 0 0
801 0 0 0
802 0 0 0
803 0 0 0
804 0 0 0
805 0 0 0
806 0 0 0
807 0 0 0
808 0 0 0
809 0 0 0
810 0 0 0
811 0 0 0
812 0 0 0
813 0 0 0
814 0 0 0
815 0 0 0
816 0 0 0
817 0 0 0
818 0 0 0
819 0 0 0
820 0 0 0
821 0 0 0
822 0 0 0
823 0 0 0
824 0 0 0
825 0 0 0
826 0 0 0
827 0 0 0
828 0 0 0
829 0 0 0
830 0 0 0
831 0 0 0
832 0 0 0
833 0 0 0
834 0 0 0
835 0 0 0
836 0 0 0
837 0 0 0
838 0 0 0
839 0 0 0
840 0 0 0
841 0 0 0
842 0 0 0
843 0 0 0
844 0 0 0
845 0 0 0
846 0 0 0
847 0 0 0
848 0 0 0
849 0 0 0
850 0 0 0
851 0 0 0
852 0 0 0
853 0 0 0
854 0 0 0
855 0 0 0
856 0 0 0
857 0 0 0
858 0 0 0
859 0 0 0
860 0 0 0
861 0 0 0
862 0 0 0
863 0 0 0
864 0 0 0
865 0 0 0
866 0 0 0
867 0 0 0
868 0 0 0
869 0 0 0
870 0 0 0
871 0 0 0
872 0 0 0
873 0 0 0
874 0 0 0
875 0 0 0
876 0 0 0
877 0 0 0
878 0 0 0
879 0 0 0
880 0 0 0
881 0 0 0
882 0 0 0
883 0 0 0
884 0 0 0
885 0 0 0
886 0 0 0
887 0 0 0
888 0 0 0
889 0 0 0
890 0 0 0
891 0 0 0
892 0 0 0
893 0 0 0
894 0 0 0
895 0 0 0
896 0 0 0
897 0 0 0
898 0 0 0
899 0 0 0
900 0 0 0
901 0 0 0
902 0 0 0
903 0 0 0
904 0 0 0
905 0 0 0
906 0 0 0
907 0 0 0
908 0 0 0
909 0 0 0
910 0 0 0
911 0 0 0
912 0 0 0
913 0 0 0
914 0 0 0
915 0 0 0
916 0 0 0
917 0 0 0
918 0 0 0
919 0 0 0
920 0 0 0
921 0 0 0
922 0 0 0
923 0 0 0
924 0 0 0
925 0 0 0
926 0 0 0
927 0 0 0
928 0 0 0
929 0 0 0
930 0 0 0
931 0 0 0
932 0 0 0
933 0 0 0
934 0 0 0
935 0 0 0
936 0 0 0
937 0 0 0
938 0 0 0
939 0 0 0
940 0 0 0
941 0 0 0
942 0 0 0
943 0 0 0
944 0 0 0
945 0 0 0
946 0 0 0
947 0 0 0
948 0 0 0
949 0 0 0
950 0 0 0
951 0 0 0
952 0 0 0
953 0 0 0
954 0 0 0
955 0 0 0
956 0 0 0
957 0 0 0
958 0 0 0
959 0 0 0
960 0 0 0
961 0 0 0
962 0 0 0
963 0 0 0
964 0 0 0
965 0 0 0
966 0 0 0
967 0 0 0
968 0 0 0
969 0 0 0
970 0 0 0
971 0 0 0
972 0 0 0
973 0 0 0
974 0 0 0
975 0 0 0
976 0 0 0
977 0 0 0
978 0 0 0
979 0 0 0
980 0 0 0
981 0 0 0
982 0 0 0
983 0 0 0
984 0 0 0
985 0 0 0
986 0 0 0
987 0 0 0
988 0 0 0
989 0 0 0
990 0 0 0
991 0 0 0
992 0 0 0
993 0 0 0
994 0 0 0
995 0 0 0
996 0 0 0
997 0 0 0
998 0 0 0
999 0 0 0
1000 0 0 0
1001 0 0 0
1002 0 0 0
1003 0 0 0
1004 0 0 0
1005 0 0 0
1006 0 0 0
1007 0 0 0
1008 0 0 0
1009 0 0 0
1010 0 0 0
1011 0 0 0
1012 0 0 0
1013 0 0 0
1014 0 0 0
1015 0 0 0
1016 0 0 0
1017 0 0 0
1018 0 0 0
1019 0 0 0
1020 0 0 0
1021 0 0 0
1022 0 0 0
1023 0 0 0
1024 0 0 0
1025 0 0 0
1026 0 0 0
1027 0 0 0
1028 0 0 0
1029 0 0 0
1030 0 0 0
1031 0 0 0
1032 0 0 0
1033 0 0 0
1034 0 0 0
1035 0 0 0
1036 0 0 0
1037 0 0 0
1038 0 0 0
1039 0 0 0
1040 0 0 0
1041 0 0 0
1042 0 0 0
1043 0 0 0
1044 0 0 0
1045 0 0 0
1046 0 0 0
1047 0 0 0
1048 0 0 0
1049 0 0 0
1050 0 0 0
1051 0 0 0
1052 0 0 0
1053 0 0 0
1054 0 0 0
1055 0 0 0
1056 0 0 0
1057 0 0 0
1058 0 0 0
1059 0 0 0
1060 0 0 0
1061 0 0 0
1062 0 0 0
1063 0 0 0
1064 0 0 0
1065 0 0 0
1066 0 0 0
1067 0 0 0
1068 0 0 0
1069 0 0 0
1070 0 0 0
1071 0 0 0
1072 0 0 0
1073 0 0 0
1074 0 0 0
1075 0 0 0
1076 0 0 0
1077 0 0 0
1078 0 0 0
1079 0 0 0
1080 0 0 0
1081 0 0 0
1082 0 0 0
1083 0 0 0
1084 0 0 0
1085 0 0 0
1086 0 0 0
1087 0 0 0
1088 0 0 0
1089 0 0 0
1090 0 0 0
1091 0 0 0
1092 0 0 0
1093 0 0 0
1094 0 0 0
1095 0 0 0
1096 0 0 0
1097 0 0 0
1098 0 0 0
1099 0 0 0
1100 0 0 0
1101 0 0 0
1102 0 0 0
1103 0 0 0
1104 0 0 0
1105 0 0 0
1106 0 0 0
1107 0 0 0
1108 0 0 0
1109 0 0 0
1110 0 0 0
1111 0 0 0
1112 0 0 0
1113 0 0 0
1114 0 0 0
1115 0 0 0
1116 0 0 0
1117 0 0 0
1118 0 0 0
1119 0 0 0
1120 0 0 0
1121 0 0 0
1122 0 0 0
1123 0 0 0
1124 0 0 0
1125 0 0 0
1126 0 0 0
1127 0 0 0
1128 0 0 0
1129 0 0 0
1130 0 0 0
1131 0 0 0
1132 0 0 0
1133 0 0 0
1134 0 0 0
1135 0 0 0
1136 0 0 0
1137 0 0 0
1138 0 0 0
1139 0 0 0
1140 0 0 0
1141 0 0 0
1142 0 0 0
1143 0 0 0
1144 0 0 0
1145 0 0 0
1146 0 0 0
1147 0 0 0
1148 0 0 0
1149 0 0 0
1150 0 0 0
1151 0 0 0
1152 0 0 0
1153 0 0 0
1154 0 0 0
1155 0 0 0
1156 0 0 0
1157 0 0 0
1158 0 0 0
1159 0 0 0
1160 0 0 0
1161 0 0 0
1162 0 0 0
1163 0 0 0
1164 0 0 0
1165 0 0 0
1166 0 0 0
1167 0 0 0
1168 0 0 0
1169 0 0 0
1170 0 0 0
1171 0 0 0
1172 0 0 0
1173 0 0 0
1174 0 0 0
1175 0 0 0
1176 0 0 0
1177 0 0 0
1178 0 0 0
1179 0 0 0
1180 0 0 0
1181 0 0 0
1182 0 0 0
1183 0 0 0
1184 0 0 0
1185 0 0 0
1186 0 0 0
1187 0 0 0
1188 0 0 0
1189 0 0 0
1190 0 0 0
1191 0 0 0
1192 0 0 0
1193 0 0 0
1194 0 0 0
1195 0 0 0
1196 0 0 0
1197 0 0 0
1198 0 0 0
1199 0 0 0
1200 0 0 0
1201 0 0 0
1202 0 0 0
1203 0 0 0
1204 0 0 0
1205 0 0 0
1206 0 0 0
1207 0 0 0
1208 0 0 0
1209 0 0 0
1210 0 0 0
1211 0 0 0
1212 0 0 0
1213 0 0 0
1214 0 0 0
1215 0 0 0
1216 0 0 0
1217 0 0 0
1218 0 0 0
1219 0 0 0
1220 0 0 0
1221 0 0 0
1222 0 0 0
1223 0 0 0
1224 0 0 0
1225 0 0 0
1226 0 0 0
1227 0 0 0
1228 0 0 0
1229 0 0 0
1230 0 0 0
1231 0 0 0
1232 0 0 0
1233 0 0 0
1234 0 0 0
1235 0 0 0
1236 0 0 0
1237 0 0 0
1238 0 0 0
1239 0 0 0
1240 0 0 0
1241 0 0 0
1242 0 0 0
1243 0 0 0
1244 0 0 0
1245 0 0 0
1246 0 0 0
1247 0 0 0
1248 0 0 0
1249 0 0 0
1250 0 0 0
1251 0 0 0
1252 0 0 0
1253 0 0 0
1254 0 0 0
1255 0 0 0
1256 0 0 0
1257 0 0 0
1258 0 0 0
1259 0 0 0
1260 0 0 0
1261 0 0 0
1262 0 0 0
1263 0 0 0
1264 0 0 0
1265 0 0 0
1266 0 0 0
1267 0 0 0
1268 0 0 0
1269 0 0 0
1270 0 0 0
1271 0 0 0
1272 0 0 0
1273 0 0 0
1274 0 0 0
1275 0 0 0
1276 0 0 0
1277 0 0 0
1278 0 0 0
1279 0 0 0
1280 0 0 0
1281 0 0 0
1282 0 0 0
1283 0 0 0
1284 0 0 0
1285 0 0 0
1286 0 0 0
1287 0 0 0
1288 0 0 0
1289 0 0 0
1290 0 0 0
1291 0 0 0
1292 0 0 0
1293 0 0 0
1294 0 0 0
1295 0 0 0
1296 0 0 0
1297 0 0 0
1298 0 0 0
1299 0 0 0
1300 0 0 0
1301 0 0 0
1302 0 0 0
1303 0 0 0
1304 0 0 0
1305 0 0 0
1306 0 0 0
1307 0 0 0
1308 0 0 0
1309 0 0 0
1310 0 0 0
1311 0 0 0
1312 0 0 0
1313 0 0 0
1314 0 0 0
1315 0 0 0
1316 0 0 0
1317 0 0 0
1318 0 0 0
1319 0 0 0
1320 0 0 0
1321 0 0 0
1322 0 0 0
1323 0 0 0
1324 0 0 0
1325 0 0 0
1326 0 0 0
1327 0 0 0
1328 0 0 0
1329 0 0 0
1330 0 0 0
1331 0 0 0
1332 0 0 0
1333 0 0 0
1334 0 0 0
1335 0 0 0
1336 0 0 0
1337 0 0 0
1338 0 0 0
1339 0 0 0
1340 0 0 0
1341 0 0 0
1342 0 0 0
1343 0 0 0
1344 0 0 0
1345 0 0 0
1346 0 0 0
1347 0 0 0
1348 0 0 0
1349 0 0 0
1350 0 0 0
1351 0 0 0
1352 0 0 0
1353 0 0 0
1354 0 0 0
1355 0 0 0
1356 0 0 0
1357 0 0 0
1358 0 0 0
1359 0 0 0
1360 0 0 0
1361 0 0 0
1362 0 0 0
1363 0 0 0
1364 0 0 0
1365 0 0 0
1366 0 0 0
1367 0 0 0
1368 0 0 0
1369 0 0 0
1370 0 0 0
1371 0 0 0
1372 0 0 0
1373 0 0 0
1374 0 0 0
1375 0 0 0
1376 0 0 0
1377 0 0 0
1378 0 0 0
1379 0 0 0
1380 0 0 0
1381 0 0 0
1382 0 0 0
1383 0 0 0
1384 0 0 0
1385 0 0 0
1386 0 0 0
1387 0 0 0
1388 0 0 0
1389 0 0 0
1390 0 0 0
1391 0 0 0
1392 0 0 0
1393 0 0 0
1394 0 0 0
1395 0 0 0
1396 0 0 0
1397 0 0 0
1398 0 0 0
1399 0 0 0
1400 0 0 0
1401 0 0 0
1402 0 0 0
1403 0 0 0
1404 0 0 0
1405 0 0 0
1406 0 0 0
1407 0 0 0
1408 0 0 0
1409 0 0 0
1410 0 0 0
1411 0 0 0
1412 0 0 0
1413 0 0 0
1414 0 0 0
1415 0 0 0
1416 0 0 0
1417 0 0 0
1418 0 0 0
1419 0 0 0
1420 0 0 0
1421 0 0 0
1422 0 0 0
1423 0 0 0
1424 0 0 0
1425 0 0 0
1426 0 0 0
1427 0 0 0
1428 0 0 0
1429 0 0 0
1430 0 0 0
1431 0 0 0
1432 0 0 0
1433 0 0 0
1434 0 0 0
1435 0 0 0
1436 0 0 0
1437 0 0 0
1438 0 0 0
1439 0 0 0
1440 0 0 0
1441 0 0 0
1442 0 0 0
1443 0 0 0
1444 0 0 0
1445 0 0 0
1446 0 0 0
1447 0 0 0
1448 0 0 0
1449 0 0 0
1450 0 0 0
1451 0 0 0
1452 0 0 0
1453 0 0 0
1454 0 0 0
1455 0 0 0
1456 0 0 0
1457 0 0 0
1458 0 0 0
1459 0 0 0
1460 0 0 0
1461 0 0 0
1462 0 0 0
1463 0 0 0
1464 0 0 0
1465 0 0 0
1466 0 0 0
1467 0 0 0
1468 0 0 0
1469 0 0 0
1470 0 0 0
1471 0 0 0
1472 0 0 0
1473 0 0 0
1474 0 0 0
1475 0 0 0
1476 0 0 0
1477 0 0 0
1478 0 0 0
1479 0 0 0
1480 0 0 0
1481 0 0 0
1482 0 0 0
1483 0 0 0
1484 0 0 0
1485 0 0 0
1486 0 0 0
1487 0 0 0
1488 0 0 0
1489 0 0 0
1490 0 0 0
1491 0 0 0
1492 0 0 0
1493 0 0 0
1494 0 0 0
1495 0 0 0
1496 0 0 0
1497 0 0 0
1498 0 0 0
1499 0 0 0
1500 0 0 0
1501 0 0 0
1502 0 0 0
1503 0 0 0
1504 0 0 0
1505 0 0 0
1506 0 0 0
1507 0 0 0
1508 0 0 0
1509 0 0 0
1510 0 0 0
1511 0 0 0
1512 0 0 0
1513 0 0 0
1514 0 0 0
1515 0 0 0
1516 0 0 0
1517 0 0 0
1518 0 0 0
1519 0 0 0
1520 0 0 0
1521 0 0 0
1522 0 0 0
1523 0 0 0
1524 0 0 0
1525 0 0 0
1526 0 0 0
1527 0 0 0
1528 0 0 0
1529 0 0 0
1530 0 0 0
1531 0 0 0
1532 0 0 0
1533 0 0 0
1534 0 0 0
1535 0 0 0
1536 0 0 0
1537 0 0 0
1538 0 0 0
1539 0 0 0
1540 0 0 0
1541 0 0 0
1542 0 0 0
1543 0 0 0
1544 0 0 0
1545 0 0 0
1546 0 0 0
1547 0 0 0
1548 0 0 0
1549 0 0 0
1550 0 0 0
1551 0 0 0
1552 0 0 0
1553 0 0 0
1554 0 0 0
1555 0 0 0
1556 0 0 0
1557 0 0 0
1558 0 0 0
1559 0 0 0
1560 0 0 0
1561 0 0 0
1562 0 0 0
1563 0 0 0
1564 0 0 0
1565 0 0 0
1566 0 0 0
1567 0 0 0
1568 0 0 0
1569 0 0 0
1570 0 0 0
1571 0 0 0
1572 0 0 0
1573 0 0 0
1574 0 0 0
1575 0 0 0
1576 0 0 0
1577 0 0 0
1578 0 0 0
1579 0 0 0
1580 0 0 0
1581 0 0 0
1582 0 0 0
1583 0 0 0
1584 0 0 0
1585 0 0 0
1586 0 0 0
1587 0 0 0
1588 0 0 0
1589 0 0 0
1590 0 0 0
1591 0 0 0
1592 0 0 0
1593 0 0 0
1594 0 0 0
1595 0 0 0
1596 0 0 0
1597 0 0 0
1598 0 0 0
1599 0 0 0
1600 0 0 0
1601 0 0 0
1602 0 0 0
1603 0 0 0
1604 0 0 0
1605 0 0 0
1606 0 0 0
1607 0 0 0
1608 0 0 0
1609 0 0 0
1610 0 0 0
1611 0 0 0
1612 0 0 0
1613 0 0 0
1614 0 0 0
1615 0 0 0
1616 0 0 0
1617 0 0 0
1618 0 0 0
1619 0 0 0
1620 0 0 0
1621 0 0 0
1622 0 0 0
1623 0 0 0
1624 0 0 0
1625 0 0 0
1626 0 0 0
1627 0 0 0
1628 0 0 0
1629 0 0 0
1630 0 0 0
1631 0 0 0
1632 0 0 0
1633 0 0 0
1634 0 0 0
1635 0 0 0
1636 0 0 0
1637 0 0 0
1638 0 0 0
1639 0 0 0
1640 0 0 0
1641 0 0 0
1642 0 0 0
1643 0 0 0
1644 0 0 0
1645 0 0 0
1646 0 0 0
1647 0 0 0
1648 0 0 0
1649 0 0 0
1650 0 0 0
1651 0 0 0
1652 0 0 0
1653 0 0 0
1654 0 0 0
1655 0 0 0
1656 0 0 0
1657 0 0 0
1658 0 0 0
1659 0 0 0
1660 0 0 0
1661 0 0 0
1662 0 0 0
1663 0 0 0
1664 0 0 0
1665 0 0 0
1666 0 0 0
1667 0 0 0
1668 0 0 0
1669 0 0 0
1670 0 0 0
1671 0 0 0
1672 0 0 0
1673 0 0 0
1674 0 0 0
1675 0 0 0
1676 0 0 0
1677 0 0 0
1678 0 0 0
1679 0 0 0
1680 0 0 0
1681 0 0 0
1682 0 0 0
1683 0 0 0
1684 0 0 0
1685 0 0 0
1686 0 0 0
1687 0 0 0
1688 0 0 0
1689 0 0 0
1690 0 0 0
1691 0 0 0
1692 0 0 0
1693 0 0 0
1694 0 0 0
1695 0 0 0
1696 0 0 0
1697 0 0 0
1698 0 0 0
1699 0 0 0
1700 0 0 0
1701 0 0 0
1702 0 0 0
1703 0 0 0
1704 0 0 0
1705 0 0 0
1706 0 0 0
1707 0 0 0
1708 0 0 0
1709 0 0 0
1710 0 0 0
1711 0 0 0
1712 0 0 0
1713 0 0 0
1714 0 0 0
1715 0 0 0
1716 0 0 0
1717 0 0 0
1718 0 0 0
1719 0 0 0
1720 0 0 0
1721 0 0 0
1722 0 0 0
1723 0 0 0
1724 0 0 0
1725 0 0 0
1726 0 0 0
1727 0 0 0
1728 0 0 0
1729 0 0 0
1730 0 0 0
1731 0 0 0
1732 0 0 0
1733 0 0 0
1734 0 0 0
1735 0 0 0
1736 0 0 0
1737 0 0 0
1738 0 0 0
1739 0 0 0
1740 0 0 0
1741 0 0 0
1742 0 0 0
1743 0 0 0
1744 0 0 0
1745 0 0 0
1746 0 0 0
1747 0 0 0
1748 0 0 0
1749 0 0 0
1750 0 0 0
1751 0 0 0
1752 0 0 0
1753 0 0 0
1754 0 0 0
1755 0 0 0
1756 0 0 0
1757 0 0 0
1758 0 0 0
1759 0 0 0
1760 0 0 0
1761 0 0 0
1762 0 0 0
1763 0 0 0
1764 0 0 0
1765 0 0 0
1766 0 0 0
1767 0 0 0
1768 0 0 0
1769 0 0 0
1770 0 0 0
1771 0 0 0
1772 0 0 0
1773 0 0 0
1774 0 0 0
1775 0 0 0
1776 0 0 0
1777 0 0 0
1778 0 0 0
1779 0 0 0
1780 0 0 0
1781 0 0 0
1782 0 0 0
1783 0 0 0
1784 0 0 0
1785 0 0 0
1786 0 0 0
1787 0 0 0
1788 0 0 0
1789 0 0 0
1790 0 0 0
1791 0 0 0
1792 0 0 0
1793 0 0 0
1794 0 0 0
1795 0 0 0
1796 0 0 0
1797 0 0 0
1798 0 0 0
1799 0 0 0
1800 0 0 0
1801 0 0 0
1802 0 0 0
1803 0 0 0
1804 0 0 0
1805 0 0 0
1806 0 0 0
1807 0 0 0
1808 0 0 0
1809 0 0 0
1810 0 0 0
1811 0 0 0
1812 0 0 0
1813 0 0 0
1814 0 0 0
1815 0 0 0
1816 0 0 0
1817 0 0 0
1818 0 0 0
1819 0 0 0
1820 0 0 0
1821 0 0 0
1822 0 0 0
1823 0 0 0
1824 0 0 0
1825 0 0 0
1826 0 0 0
1827 0 0 0
1828 0 0 0
1829 0 0 0
1830 0 0 0
1831 0 0 0
1832 0 0 0
1833 0 0 0
1834 0 0 0
1835 0 0 0
1836 0 0 0
1837 0 0 0
1838 0 0 0
1839 0 0 0
1840 0 0 0
1841 0 0 0
1842 0 0 0
1843 0 0 0
1844 0 0 0
1845 0 0 0
1846 0 0 0
1847 0 0 0
1848 0 0 0
1849 0 0 0
1850 0 0 0
1851 0 0 0
1852 0 0 0
1853 0 0 0
1854 0 0 0
1855 0 0 0
1856 0 0 0
1857 0 0 0
1858 0 0 0
1859 0 0 0
1860 0 0 0
1861 0 0 0
1862 0 0 0
1863 0 0 0
1864 0 0 0
1865 0 0 0
1866 0 0 0
1867 0 0 0
1868 0 0 0
1869 0 0 0
1870 0 0 0
1871 0 0 0
1872 0 0 0
1873 0 0 0
1874 0 0 0
1875 0 0 0
1876 0 0 0
1877 0 0 0
1878 0 0 0
1879 0 0 0
1880 0 0 0
1881 0 0 0
1882 0 0 0
1883 0 0 0
1884 0 0 0
1885 0 0 0
1886 0 0 0
1887 0 0 0
1888 0 0 0
1889 0 0 0
1890 0 0 0
1891 0 0 0
1892 0 0 0
1893 0 0 0
1894 0 0 0
1895 0 0 0
1896 0 0 0
1897 0 0 0
1898 0 0 0
1899 0 0 0
1900 0 0 0
1901 0 0 0
1902 0 0 0
1903 0 0 0
1904 0 0 0
1905 0 0 0
1906 0 0 0
1907 0 0 0
1908 0 0 0
1909 0 0 0
1910 0 0 0
1911 0 0 0
1912 0 0 0
1913 0 0 0
1914 0 0 0
1915 0 0 0
1916 0 0 0
1917 0 0 0
1918 0 0 0
1919 0 0 0
1920 0 0 0
1921 0 0 0
1922 0 0 0
1923 0 0 0
1924 0 0 0
1925 0 0 0
1926 0 0 0
1927 0 0 0
1928 0 0 0
1929 0 0 0
1930 0 0 0
1931 0 0 0
1932 0 0 0
1933 0 0 0
1934 0 0 0
1935 0 0 0
1936 0 0 0
1937 0 0 0
1938 0 0 0
1939 0 0 0
1940 0 0 0
1941 0 0 0
1942 0 0 0
1943 0 0 0
1944 0 0 0
1945 0 0 0
1946 0 0 0
1947 0 0 0
1948 0 0 0
1949 0 0 0
1950 0 0 0
1951 0 0 0
1952 0 0 0
1953 0 0 0
1954 0 0 0
1955 0 0 0
1956 0 0 0
1957 0 0 0
1958 0 0 0
1959 0 0 0
1960 0 0 0
1961 0 0 0
1962 0 0 0
1963 0 0 0
1964 0 0 0
1965 0 0 0
1966 0 0 0
1967 0 0 0
1968 0 0 0
1969 0 0 0
1970 0 0 0
1971 0 0 0
1972 0 0 0
1973 0 0 0
1974 0 0 0
1975 0 0 0
1976 0 0 0
1977 0 0 0
1978 0 0 0
1979 0 0 0
1980 0 0 0
1981 0 0 0
1982 0 0 0
1983 0 0 0
1984 0 0 0
1985 0 0 0
1986 0 0 0
1987 0 0 0
1988 0 0 0
1989 0 0 0
1990 0 0 0
1991 0 0 0
1992 0 0 0
1993 0 0 0
1994 0 0 0
1995 0 0 0
1996 0 0 0
1997 0 0 0
1998 0 0 0
1999 0 0 0
2000 0 0 0
2001 0 0 0
2002 0 0 0
2003 0 0 0
2004 0 0 0
2005 0 0 0
2006 0 0 0
2007 0 0 0
2008 0 0 0
2009 0 0 0
2010 0 0 0
2011 0 0 0
2012 0 0 0
2013 0 0 0
2014 0 0 0
2015 0 0 0
2016 0 0 0
2017 0 0 0
2018 0 0 0
2019 0 0 0
2020 0 0 0
2021 0 0 0
2022 0 0 0
2023 0 0 0
2024 0 0 0
2025 0 0 0
2026 0 0 0
2027 0 0 0
2028 0 0 0
2029 0 0 0
2030 0 0 0
2031 0 0 0
2032 0 0 0
2033 0 0 0
2034 0 0 0
2035 0 0 0
2036 0 0 0
2037 0 0 0
2038 0 0 0
2039 0 0 0
2040 0 0 0
2041 0 0 0
2042 0 0 0
2043 0 0 0
2044 0 0 0
2045 0 0 0
2046 0 0 0
2047 0 0 0
2048 0 0 0
2049 0 0 0
2050 0 0 0
2051 0 0 0
2052 0 0 0
2053 0 0 0
2054 0 0 0
2055 0 0 0
2056 0 0 0
2057 0 0 0
2058 0 0 0
2059 0 0 0
2060 0 0 0
2061 0 0 0
2062 0 0 0
2063 0 0 0
2064 0 0 0
2065 0 0 0
2066 0 0 0
2067 0 0 0
2068 0 0 0
2069 0 0 0
2070 0 0 0
2071 0 0 0
2072 0 0 0
2073 0 0 0
2074 0 0 0
2075 0 0 0
2076 0 0 0
2077 0 0 0
2078 0 0 0
2079 0 0 0
2080 0 0 0
2081 0 0 0
2082 0 0 0
2083 0 0 0
2084 0 0 0
2085 0 0 0
2086 0 0 0
2087 0 0 0
2088 0 0 0
2089 0 0 0
2090 0 0 0
2091 0 0 0
2092 0 0 0
2093 0 0 0
2094 0 0 0
2095 0 0 0
2096 0 0 0
2097 0 0 0
2098 0 0 0
2099 0 0 0
2100 0 0 0
2101 0 0 0
2102 0 0 0
2103 0 0 0
2104 0 0 0
2105 0 0 0
2106 0 0 0
2107 0 0 0
2108 0 0 0
2109 0 0 0
2110 0 0 0
2111 0 0 0
2112 0 0 0
2113 0 0 0
2114 0 0 0
2115 0 0 0
2116 0 0 0
2117 0 0 0
2118 0 0 0
2119 0 0 0
2120 0 0 0
2121 0 0 0
2122 0 0 0
2123 0 0 0
2124 0 0 0
2125 0 0 0
2126 0 0 0
2127 0 0 0
2128 0 0 0
2129 0 0 0
2130 0 0 0
2131 0 0 0
2132 0 0 0
2133 0 0 0
2134 0 0 0
2135 0 0 0
2136 0 0 0
2137 0 0 0
2138 0 0 0
2139 0 0 0
2140 0 0 0
2141 0 0 0
2142 0 0 0
2143 0 0 0
2144 0 0 0
2145 0 0 0
2146 0 0 0
2147 0 0 0
2148 0 0 0
2149 0 0 0
2150 0 0 0
2151 0 0 0
2152 0 0 0
2153 0 0 0
2154 0 0 0
2155 0 0 0
2156 0 0 0
2157 0 0 0
2158 0 0 0
2159 0 0 0
2160 0 0 0
2161 0 0 0
2162 0 0 0
2163 0 0 0
2164 0 0 0
2165 0 0 0
2166 0 0 0
2167 0 0 0
2168 0 0 0
2169 0 0 0
2170 0 0 0
2171 0 0 0
2172 0 0 0
2173 0 0 0
2174 0 0 0
2175 0 0 0
2176 0 0 0
2177 0 0 0
2178 0 0 0
2179 0 0 0
2180 0 0 0
2181 0 0 0
2182 0 0 0
2183 0 0 0
2184 0 0 0
2185 0 0 0
2186 0 0 0
2187 0 0 0
2188 0 0 0
2189 0 0 0
2190 0 0 0
2191 0 0 0
2192 0 0 0
2193 0 0 0
2194 0 0 0
2195 0 0 0
2196 0 0 0
2197 0 0 0
2198 0 0 0
2199 0 0 0
2200 0 0 0
2201 0 0 0
2202 0 0 0
2203 0 0 0
2204 0 0 0
2205 0 0 0
2206 0 0 0
2207 0 0 0
2208 0 0 0
2209 0 0 0
2210 0 0 0
2211 0 0 0
2212 0 0 0
2213 0 0 0
2214 0 0 0
2215 0 0 0
2216 0 0 0
2217 0 0 0
2218 0 0 0
2219 0 0 0
2220 0 0 0
2221 0 0 0
2222 0 0 0
2223 0 0 0
2224 0 0 0
2225 0 0 0
2226 0 0 0
2227 0 0 0
2228 0 0 0
2229 0 0 0
2230 0 0 0
2231 0 0 0
2232 0 0 0
2233 0 0 0
2234 0 0 0
2235 0 0 0
2236 0 0 0
2237 0 0 0
2238 0 0 0
2239 0 0 0
2240 0 0 0
2241 0 0 0
2242 0 0 0
2243 0 0 0
2244 0 0 0
2245 0 0 0
2246 0 0 0
2247 0 0 0
2248 0 0 0
2249 0 0 0
2250 0 0 0
2251 0 0 0
2252 0 0 0
2253 0 0 0
2254 0 0 0
2255 0 0 0
2256 0 0 0
2257 0 0 0
2258 0 0 0
2259 0 0 0
2260 0 0 0
2261 0 0 0
2262 0 0 0
2263 0 0 0
2264 0 0 0
2265 0 0 0
2266 0 0 0
2267 0 0 0
2268 0 0 0
2269 0 0 0
2270 0 0 0
2271 0 0 0
2272 0 0 0
2273 0 0 0
2274 0 0 0
2275 0 0 0
2276 0 0 0
2277 0 0 0
2278 0 0 0
2279 0 0 0
2280 0 0 0
2281 0 0 0
2282 0 0 0
2283 0 0 0
2284 0 0 0
2285 0 0 0
2286 0 0 0
2287 0 0 0
2288 0 0 0
2289 0 0 0
2290 0 0 0
2291 0 0 0
2292 0 0 0
2293 0 0 0
2294 0 0 0
2295 0 0 0
2296 0 0 0
2297 0 0 0
2298 0 0 0
2299 0 0 0
2300 0 0 0
2301 0 0 0
2302 0 0 0
2303 0 0 0
2304 0 0 0
2305 0 0 0
2306 0 0 0
2307 0 0 0
2308 0 0 0
2309 0 0 0
2310 0 0 0
2311 0 0 0
2312 0 0 0
2313 0 0 0
2314 0 0 0
2315 0 0 0
2316 0 0 0
2317 0 0 0
2318 0 0 0
2319 0 0 0
2320 0 0 0
2321 0 0 0
2322 0 0 0
2323 0 0 0
2324 0 0 0
2325 0 0 0
2326 0 0 0
2327 0 0 0
2328 0 0 0
2329 0 0 0
2330 0 0 0
2331 0 0 0
2332 0 0 0
2333 0 0 0
2334 0 0 0
2335 0 0 0
2336 0 0 0
2337 0 0 0
2338 0 0 0
2339 0 0 0
2340 0 0 0
2341 0 0 0
2342 0 0 0
2343 0 0 0
2344 0 0 0
2345 0 0 0
2346 0 0 0
2347 0 0 0
2348 0 0 0
2349 0 0 0
2350 0 0 0
2351 0 0 0
2352 0 0 0
2353 0 0 0
2354 0 0 0
2355 0 0 0
2356 0 0 0
2357 0 0 0
2358 0 0 0
2359 0 0 0
2360 0 0 0
2361 0 0 0
2362 0 0 0
2363 0 0 0
2364 0 0 0
2365 0 0 0
2366 0 0 0
2367 0 0 0
2368 0 0 0
2369 0 0 0
2370 0 0 0
2371 0 0 0
2372 0 0 0
2373 0 0 0
2374 0 0 0
2375 0 0 0
2376 0 0 0
2377 0 0 0
2378 0 0 0
2379 0 0 0
2380 0 0 0
2381 0 0 0
2382 0 0 0
2383 0 0 0
2384 0 0 0
2385 0 0 0
2386 0 0 0
2387 0 0 0
2388 0 0 0
2389 0 0 0
2390 0 0 0
2391 0 0 0
2392 0 0 0
2393 0 0 0
2394 0 0 0
2395 0 0 0
2396 0 0 0
2397 0 0 0
2398 0 0 0
2399 0 0 0
2400 0 0 0
2401 0 0 0
2402 0 0 0
2403 0 0 0
2404 0 0 0
2405 0 0 0
2406 0 0 0
2407 0 0 0
2408 0 0 0
2409 0 0 0
2410 0 0 0
2411 0 0 0
2412 0 0 0
2413 0 0 0
2414 0 0 0
2415 0 0 0
2416 0 0 0
2417 0 0 0
2418 0 0 0
2419 0 0 0
2420 0 0 0
2421 0 0 0
2422 0 0 0
2423 0 0 0
2424 0 0 0
2425 0 0 0
2426 0 0 0
2427 0 0 0
2428 0 0 0
2429 0 0 0
2430 0 0 0
2431 0 0 0
2432 0 0 0
2433 0 0 0
2434 0 0 0
2435 0 0 0
2436 0 0 0
2437 0 0 0
2438 0 0 0
2439 0 0 0
2440 0 0 0
2441 0 0 0
2442 0 0 0
2443 0 0 0
2444 0 0 0
2445 0 0 0
2446 0 0 0
2447 0 0 0
2448 0 0 0
2449 0 0 0
2450 0 0 0
2451 0 0 0
2452 0 0 0
2453 0 0 0
2454 0 0 0
2455 0 0 0
2456 0 0 0
2457 0 0 0
2458 0 0 0
2459 0 0 0
2460 0 0 0
2461 0 0 0
2462 0 0 0
2463 0 0 0
2464 0 0 0
2465 0 0 0
2466 0 0 0
2467 0 0 0
2468 0 0 0
2469 0 0 0
2470 0 0 0
2471 0 0 0
2472 0 0 0
2473 0 0 0
2474 0 0 0
2475 0 0 0
2476 0 0 0
2477 0 0 0
2478 0 0 0
2479 0 0 0
2480 0 0 0
2481 0 0 0
2482 0 0 0
2483 0 0 0
2484 0 0 0
2485 0 0 0
2486 0 0 0
2487 0 0 0
2488 0 0 0
2489 0 0 0
2490 0 0 0
2491 0 0 0
2492 0 0 0
2493 0 0 0
2494 0 0 0
2495 0 0 0
2496 0 0 0
2497 0 0 0
2498 0 0 0
2499 0 0 0
2500 0 0 0
2501 0 0 0
2502 0 0 0
2503 0 0 0
2504 0 0 0
2505 0 0 0
2506 0 0 0
2507 0 0 0
2508 0 0 0
2509 0 0 0
2510 0 0 0
2511 0 0 0
2512 0 0 0
2513 0 0 0
2514 0 0 0
2515 0 0 0
2516 0 0 0
2517 0 0 0
2518 0 0 0
2519 0 0 0
2520 0 0 0
2521 0 0 0
2522 0 0 0
2523 0 0 0
2524 0 0 0
2525 0 0 0
2526 0 0 0
2527 0 0 0
2528 0 0 0
2529 0 0 0
2530 0 0 0
2531 0 0 0
2532 0 0 0
2533 0 0 0
2534 0 0 0
2535 0 0 0
2536 0 0 0
2537 0 0 0
2538 0 0 0
2539 0 0 0
2540 0 0 0
2541 0 0 0
2542 0 0 0
2543 0 0 0
2544 0 0 0
2545 0 0 0
2546 0 0 0
2547 0 0 0
2548 0 0 0
2549 0 0 0
2550 0 0 0
2551 0 0 0
2552 0 0 0
2553 0 0 0
2554 0 0 0
2555 0 0 0
2556 0 0 0
2557 0 0 0
2558 0 0 0
2559 0 0 0
2560 0 0 0
2561 0 0 0
2562 0 0 0
2563 0 0 0
2564 0 0 0
2565 0 0 0
2566 0 0 0
2567 0 0 0
2568 0 0 0
2569 0 0 0
2570 0 0 0
2571 0 0 0
2572 0 0 0
2573 0 0 0
2574 0 0 0
2575 0 0 0
2576 0 0 0
2577 0 0 0
2578 0 0 0
2579 0 0 0
2580 0 0 0
2581 0 0 0
2582 0 0 0
2583 0 0 0
2584 0 0 0
2585 0 0 0
2586 0 0 0
2587 0 0 0
2588 0 0 0
2589 0 0 0
2590 0 0 0
2591 0 0 0
2592 0 0 0
2593 0 0 0
2594 0 0 0
2595 0 0 0
2596 0 0 0
2597 0 0 0
2598 0 0 0
2599 0 0 0
2600 0 0 0
2601 0 0 0
2602 0 0 0
2603 0 0 0
2604 0 0 0
2605 0 0 0
2606 0 0 0
2607 0 0 0
2608 0 0 0
2609 0 0 0
2610 0 0 0
2611 0 0 0
2612 0 0 0
2613 0 0 0
2614 0 0 0
2615 0 0 0
2616 0 0 0
2617 0 0 0
2618 0 0 0
2619 0 0 0
2620 0 0 0
2621 0 0 0
2622 0 0 0
2623 0 0 0
2624 0 0 0
2625 0 0 0
2626 0 0 0
2627 0 0 0
2628 0 0 0
2629 0 0 0
2630 0 0 0
2631 0 0 0
2632 0 0 0
2633 0 0 0
2634 0 0 0
2635 0 0 0
2636 0 0 0
2637 0 0 0
2638 0 0 0
2639 0 0 0
2640 0 0 0
2641 0 0 0
2642 0 0 0
2643 0 0 0
2644 0 0 0
2645 0 0 0
2646 0 0 0
2647 0 0 0
2648 0 0 0
2649 0 0 0
2650 0 0 0
2651 0 0 0
2652 0 0 0
2653 0 0 0
2654 0 0 0
2655 0 0 0
2656 0 0 0
2657 0 0 0
2658 0 0 0
2659 0 0 0
2660 0 0 0
2661 0 0 0
2662 0 0 0
2663 0 0 0
2664 0 0 0
2665 0 0 0
2666 0 0 0
2667 0 0 0
2668 0 0 0
2669 0 0 0
2670 0 0 0
2671 0 0 0
2672 0 0 0
2673 0 0 0
2674 0 0 0
2675 0 0 0
2676 0 0 0
2677 0 0 0
2678 0 0 0
2679 0 0 0
2680 0 0 0
2681 0 0 0
2682 0 0 0
2683 0 0 0
2684 0 0 0
2685 0 0 0
2686 0 0 0
2687 0 0 0
2688 0 0 0
2689 0 0 0
2690 0 0 0
2691 0 0 0
2692 0 0 0
2693 0 0 0
2694 0 0 0
2695 0 0 0
2696 0 0 0
2697 0 0 0
2698 0 0 0
2699 0 0 0
2700 0 0 0
2701 0 0 0
2702 0 0 0
2703 0 0 0
2704 0 0 0
2705 0 0 0
2706 0 0 0
2707 0 0 0
2708 0 0 0
2709 0 0 0
2710 0 0 0
2711 0 0 0
2712 0 0 0
2713 0 0 0
2714 0 0 0
2715 0 0 0
2716 0 0 0
2717 0 0 0
2718 0 0 0
2719 0 0 0
2720 0 0 0
2721 0 0 0
2722 0 0 0
2723 0 0 0
2724 0 0 0
2725 0 0 0
2726 0 0 0
2727 0 0 0
2728 0 0 0
2729 0 0 0
2730 0 0 0
2731 0 0 0
2732 0 0 0
2733 0 0 0
2734 0 0 0
2735 0 0 0
2736 0 0 0
2737 0 0 0
2738 0 0 0
2739 0 0 0
2740 0 0 0
2741 0 0 0
2742 0 0 0
2743 0 0 0
2744 0 0 0
2745 0 0 0
2746 0 0 0
2747 0 0 0
2748 0 0 0
2749 0 0 0
2750 0 0 0
2751 0 0 0
2752 0 0 0
2753 0 0 0
2754 0 0 0
2755 0 0 0
2756 0 0 0
2757 0 0 0
2758 0 0 0
2759 0 0 0
2760 0 0 0
2761 0 0 0
2762 0 0 0
2763 0 0 0
2764 0 0 0
2765 0 0 0
2766 0 0 0
2767 0 0 0
2768 0 0 0
2769 0 0 0
2770 0 0 0
2771 0 0 0
2772 0 0 0
2773 0 0 0
2774 0 0 0
2775 0 0 0
2776 0 0 0
2777 0 0 0
2778 0 0 0
2779 0 0 0
2780 0 0 0
2781 0 0 0
2782 0 0 0
2783 0 0 0
2784 0 0 0
2785 0 0 0
2786 0 0 0
2787 0 0 0
2788 0 0 0
2789 0 0 0
2790 0 0 0
2791 0 0 0
2792 0 0 0
2793 0 0 0
2794 0 0 0
2795 0 0 0
2796 0 0 0
2797 0 0 0
2798 0 0 0
2799 0 0 0
2800 0 0 0
2801 0 0 0
2802 0 0 0
2803 0 0 0
2804 0 0 0
2805 0 0 0
2806 0 0 0
2807 0 0 0
2808 0 0 0
2809 0 0 0
2810 0 0 0
2811 0 0 0
2812 0 0 0
2813 0 0 0
2814 0 0 0
2815 0 0 0
2816 0 0 0
2817 0 0 0
2818 0 0 0
2819 0 0 0
2820 0 0 0
2821 0 0 0
2822 0 0 0
2823 0 0 0
2824 0 0 0
2825 0 0 0
2826 0 0 0
2827 0 0 0
2828 0 0 0
2829 0 0 0
2830 0 0 0
2831 0 0 0
2832 0 0 0
2833 0 0 0
2834 0 0 0
2835 0 0 0
2836 0 0 0
2837 0 0 0
2838 0 0 0
2839 0 0 0
2840 0 0 0
2841 0 0 0
2842 0 0 0
2843 0 0 0
2844 0 0 0
2845 0 0 0
2846 0 0 0
2847 0 0 0
2848 0 0 0
2849 0 0 0
2850 0 0 0
2851 0 0 0
2852 0 0 0
2853 0 0 0
2854 0 0 0
2855 0 0 0
2856 0 0 0
2857 0 0 0
2858 0 0 0
2859 0 0 0
2860 0 0 0
2861 0 0 0
2862 0 0 0
2863 0 0 0
2864 0 0 0
2865 0 0 0
2866 0 0 0
2867 0 0 0
2868 0 0 0
2869 0 0 0
2870 0 0 0
2871 0 0 0
2872 0 0 0
2873 0 0 0
2874 0 0 0
2875 0 0 0
2876 0 0 0
2877 0 0 0
2878 0 0 0
2879 0 0 0
2880 0 0 0
2881 0 0 0
2882 0 0 0
2883 0 0 0
2884 0 0 0
2885 0 0 0
2886 0 0 0
2887 0 0 0
2888 0 0 0
2889 0 0 0
2890 0 0 0
2891 0 0 0
2892 0 0 0
2893 0 0 0
2894 0 0 0
2895 0 0 0
2896 0 0 0
2897 0 0 0
2898 0 0 0
2899 0 0 0
2900 0 0 0
2901 0 0 0
2902 0 0 0
2903 0 0 0
2904 0 0 0
2905 0 0 0
2906 0 0 0
2907 0 0 0
2908 0 0 0
2909 0 0 0
2910 0 0 0
2911 0 0 0
2912 0 0 0
2913 0 0 0
2914 0 0 0
2915 0 0 0
2916 0 0 0
2917 1 0 0
2918 1 0 0
2919 1 0 0
2920 1 0 0
2921 1 0 0
2922 1 0 0
2923 1 0 0
2924 1 0 0
2925 1 0 0
2926 1 0 0
2927 1 0 0
2928 1 0 0
2929 1 0 0
2930 1 0 0
2931 1 0 0
2932 1 0 0
2933 1 0 0
2934 1 0 0
2935 1 0 0
2936 1 0 0
2937 1 0 0
2938 1 0 0
2939 1 0 0
2940 1 0 0
2941 1 0 0
2942 1 0 0
2943 1 0 0
2944 1 0 0
2945 1 0 0
2946 1 0 0
2947 1 0 0
2948 1 0 0
2949 1 0 0
2950 1 0 0
2951 1 0 0
2952 1 0 0
2953 1 0 0
2954 1 0 0
2955 1 0 0
2956 1 0 0
2957 1 0 0
2958 1 0 0
2959 1 0 0
2960 1 0 0
2961 1 0 0
2962 1 0 0
2963 1 0 0
2964 1 0 0
2965 1 0 0
2966 1 0 0
2967 1 0 0
2968 1 0 0
2969 1 0 0
2970 1 0 0
2971 1 0 0
2972 1 0 0
2973 1 0 0
2974 1 0 0
2975 1 0 0
2976 1 0 0
2977 1 0 0
2978 1 0 0
2979 1 0 0
2980 1 0 0
2981 1 0 0
2982 1 0 0
2983 1 0 0
2984 1 0 0
2985 1 0 0
2986 1 0 0
2987 1 0 0
2988 1 0 0
2989 1 0 0
2990 1 0 0
2991 1 0 0
2992 1 0 0
2993 1 0 0
2994 1 0 0
2995 1 0 0
2996 1 0 0
2997 1 0 0
2998 1 0 0
2999 1 0 0
3000 1 0 0
3001 1 0 0
3002 1 0 0
3003 1 0 0
3004 1 0 0
3005 1 0 0
3006 1 0 0
3007 1 0 0
3008 1 0 0
3009 1 0 0
3010 1 0 0
3011 1 0 0
3012 1 0 0
3013 1 0 0
3014 1 0 0
3015 1 0 0
3016 1 0 0
3017 1 0 0
3018 1 0 0
3019 1 0 0
3020 1 0 0
3021 1 0 0
3022 1 0 0
3023 1 0 0
3024 1 0 0
3025 1 0 0
3026 1 0 0
3027 1 0 0
3028 1 0 0
3029 1 0 0
3030 1 0 0
3031 1 0 0
3032 1 0 0
3033 1 0 0
3034 1 0 0
3035 1 0 0
3036 1 0 0
3037 1 0 0
3038 1 0 0
3039 1 0 0
3040 1 0 0
3041 1 0 0
3042 1 0 0
3043 1 0 0
3044 1 0 0
3045 1 0 0
3046 1 0 0
3047 1 0 0
3048 1 0 0
3049 1 0 0
3050 1 0 0
3051 1 0 0
3052 1 0 0
3053 1 0 0
3054 1 0 0
3055 1 0 0
3056 1 0 0
3057 1 0 0
3058 1 0 0
3059 1 0 0
3060 1 0 0
3061 1 0 0
3062 1 0 0
3063 1 0 0
3064 1 0 0
3065 1 0 0
3066 1 0 0
3067 1 0 0
3068 1 0 0
3069 1 0 0
3070 1 0 0
3071 1 0 0
3072 1 0 0
3073 1 0 0
3074 1 0 0
3075 1 0 0
3076 1 0 0
3077 1 0 0
3078 1 0 0
3079 1 0 0
3080 1 0 0
3081 1 0 0
3082 1 0 0
3083 1 0 0
3084 1 0 0
3085 1 0 0
3086 1 0 0
3087 1 0 0
3088 1 0 0
3089 1 0 0
3090 1 0 0
3091 1 0 0
3092 1 0 0
3093 1 0 0
3094 1 0 0
3095 1 0 0
3096 1 0 0
3097 1 0 0
3098 1 0 0
$EndElementData
$AnafData
1
1
GLOBAL 3 1
"Gravity"
0 -9.80665 0
$EndAnafData
