$MeshFormat
4.1 0 8
$EndMeshFormat
$PhysicalNames
1
1 1 "Material:Aluminum 2024-T3"
$EndPhysicalNames
$Entities
0 1 0 0
1 0 -1.6 -1.2 18 1.6 1.2 1 1 0
$EndEntities
$Nodes
1 620 1 620
1 1 0 620
1
2
3
4
5
6
7
8
9
10
11
12
13
14
15
16
17
18
19
20
21
22
23
24
25
26
27
28
29
30
31
32
33
34
35
36
37
38
39
40
41
42
43
44
45
46
47
48
49
50
51
52
53
54
55
56
57
58
59
60
61
62
63
64
65
66
67
68
69
70
71
72
73
74
75
76
77
78
79
80
81
82
83
84
85
86
87
88
89
90
91
92
93
94
95
96
97
98
99
100
101
102
103
104
105
106
107
108
109
110
111
112
113
114
115
116
117
118
119
120
121
122
123
124
125
126
127
128
129
130
131
132
133
134
135
136
137
138
139
140
141
142
143
144
145
146
147
148
149
150
151
152
153
154
155
156
157
158
159
160
161
162
163
164
165
166
167
168
169
170
171
172
173
174
175
176
177
178
179
180
181
182
183
184
185
186
187
188
189
190
191
192
193
194
195
196
197
198
199
200
201
202
203
204
205
206
207
208
209
210
211
212
213
214
215
216
217
218
219
220
221
222
223
224
225
226
227
228
229
230
231
232
233
234
235
236
237
238
239
240
241
242
243
244
245
246
247
248
249
250
251
252
253
254
255
256
257
258
259
260
261
262
263
264
265
266
267
268
269
270
271
272
273
274
275
276
277
278
279
280
281
282
283
284
285
286
287
288
289
290
291
292
293
294
295
296
297
298
299
300
301
302
303
304
305
306
307
308
309
310
311
312
313
314
315
316
317
318
319
320
321
322
323
324
325
326
327
328
329
330
331
332
333
334
335
336
337
338
339
340
341
342
343
344
345
346
347
348
349
350
351
352
353
354
355
356
357
358
359
360
361
362
363
364
365
366
367
368
369
370
371
372
373
374
375
376
377
378
379
380
381
382
383
384
385
386
387
388
389
390
391
392
393
394
395
396
397
398
399
400
401
402
403
404
405
406
407
408
409
410
411
412
413
414
415
416
417
418
419
420
421
422
423
424
425
426
427
428
429
430
431
432
433
434
435
436
437
438
439
440
441
442
443
444
445
446
447
448
449
450
451
452
453
454
455
456
457
458
459
460
461
462
463
464
465
466
467
468
469
470
471
472
473
474
475
476
477
478
479
480
481
482
483
484
485
486
487
488
489
490
491
492
493
494
495
496
497
498
499
500
501
502
503
504
505
506
507
508
509
510
511
512
513
514
515
516
517
518
519
520
521
522
523
524
525
526
527
528
529
530
531
532
533
534
535
536
537
538
539
540
541
542
543
544
545
546
547
548
549
550
551
552
553
554
555
556
557
558
559
560
561
562
563
564
565
566
567
568
569
570
571
572
573
574
575
576
577
578
579
580
581
582
583
584
585
586
587
588
589
590
591
592
593
594
595
596
597
598
599
600
601
602
603
604
605
606
607
608
609
610
611
612
613
614
615
616
617
618
619
620
0 -0.8800000000000001 0
0 -0.8369297343397352 0.2039512162874653
0 -0.7119349550499539 0.3879382665130323
0 -0.5172510220173764 0.5339512162874653
0 -0.2719349550499538 0.6276973007548013
0 -5.388445916248355e-17 0.66
0 0.2719349550499537 0.6276973007548015
0 0.5172510220173764 0.5339512162874653
0 0.7119349550499537 0.38793826651303237
0 0.8369297343397352 0.20395121628746538
0 0.8800000000000001 8.082668874372532e-17
0 0.8369297343397354 -0.20395121628746496
0 0.711934955049954 -0.3879382665130322
0 0.5172510220173765 -0.5339512162874652
0 0.2719349550499539 -0.6276973007548013
0 1.6165337748745064e-16 -0.66
0 -0.2719349550499536 -0.6276973007548015
0 -0.5172510220173763 -0.5339512162874654
0 -0.7119349550499537 -0.3879382665130324
0 -0.8369297343397352 -0.20395121628746543
0.6 -1.1413055540095889 0.1355737810583202
0.6 -1.0295866144397507 0.39345043688689585
0.6 -0.8170845634967928 0.6128134226225946
0.6 -0.5246005825158612 0.7721899608298131
0.6 -0.18076504141109362 0.8559791655071917
0.6 0.18076504141109323 0.8559791655071917
0.6 0.5246005825158611 0.7721899608298132
0.6 0.8170845634967927 0.6128134226225946
0.6 1.0295866144397507 0.39345043688689596
0.6 1.1413055540095887 0.13557378105832027
0.6 1.1413055540095889 -0.13557378105832005
0.6 1.0295866144397507 -0.3934504368868958
0.6 0.817084563496793 -0.6128134226225946
0.6 0.5246005825158613 -0.7721899608298131
0.6 0.18076504141109376 -0.8559791655071917
0.6 -0.18076504141109334 -0.8559791655071917
0.6 -0.524600582515861 -0.7721899608298133
0.6 -0.8170845634967926 -0.6128134226225948
0.6 -1.0295866144397507 -0.39345043688689607
0.6 -1.1413055540095887 -0.13557378105832038
1.2 -1.3891168824543145 0
1.2 -1.3211286629537846 0.32194554288864696
1.2 -1.1238191650786866 0.6123768129128572
1.2 -0.816502417217143 0.8428643738090149
1.2 -0.42926072385152947 0.9908464972153382
1.2 -8.505887718696132e-17 1.0418376618407357
1.2 0.4292607238515293 0.9908464972153384
1.2 0.8165024172171429 0.8428643738090149
1.2 1.1238191650786866 0.6123768129128573
1.2 1.3211286629537846 0.3219455428886471
1.2 1.3891168824543145 1.2758831578044196e-16
1.2 1.321128662953785 -0.32194554288864646
1.2 1.1238191650786868 -0.6123768129128571
1.2 0.8165024172171431 -0.8428643738090147
1.2 0.4292607238515296 -0.9908464972153382
1.2 2.551766315608839e-16 -1.0418376618407357
1.2 -0.42926072385152914 -0.9908464972153384
1.2 -0.8165024172171427 -0.842864373809015
1.2 -1.1238191650786866 -0.6123768129128574
1.2 -1.3211286629537846 -0.3219455428886472
1.7999999999999998 -1.5261693702343582 0.1812911111587641
1.7999999999999998 -1.3767772788285562 0.5261272963866273
1.7999999999999998 -1.0926166347996575 0.8194624760997429
1.7999999999999998 -0.7015030618488366 1.0325829591214168
1.7999999999999998 -0.24172148154501893 1.1446270276757684
1.7999999999999998 0.2417214815450184 1.1446270276757684
1.7999999999999998 0.7015030618488365 1.0325829591214168
1.7999999999999998 1.0926166347996575 0.8194624760997431
1.7999999999999998 1.376777278828556 0.5261272963866275
1.7999999999999998 1.5261693702343582 0.18129111115876423
1.7999999999999998 1.5261693702343582 -0.18129111115876392
1.7999999999999998 1.3767772788285562 -0.5261272963866273
1.7999999999999998 1.0926166347996578 -0.8194624760997429
1.7999999999999998 0.7015030618488368 -1.0325829591214168
1.7999999999999998 0.2417214815450191 -1.1446270276757684
1.7999999999999998 -0.24172148154501855 -1.1446270276757684
1.7999999999999998 -0.7015030618488364 -1.032582959121417
1.7999999999999998 -1.0926166347996573 -0.8194624760997432
1.7999999999999998 -1.376777278828556 -0.5261272963866276
1.7999999999999998 -1.5261693702343582 -0.1812911111587644
2.4 -1.6 0
2.4 -1.5216904260722457 0.3708203932499369
2.4 -1.294427190999916 0.7053423027509678
2.4 -0.940456403667957 0.9708203932499369
2.4 -0.49442719099991594 1.141267819554184
2.4 -9.797174393178826e-17 1.2
2.4 0.4944271909999158 1.1412678195541843
2.4 0.9404564036679569 0.9708203932499369
2.4 1.2944271909999159 0.7053423027509679
2.4 1.5216904260722457 0.370820393249937
2.4 1.6 1.4695761589768238e-16
2.4 1.5216904260722461 -0.37082039324993626
2.4 1.294427190999916 -0.7053423027509677
2.4 0.9404564036679572 -0.9708203932499367
2.4 0.4944271909999161 -1.141267819554184
2.4 2.9391523179536476e-16 -1.2
2.4 -0.4944271909999156 -1.1412678195541843
2.4 -0.9404564036679567 -0.9708203932499371
2.4 -1.2944271909999159 -0.705342302750968
2.4 -1.5216904260722457 -0.37082039324993715
3 -1.5803013449522205 0.18772135804827703
3 -1.4256104387013888 0.5447885996874561
3 -1.1313708498984762 0.8485281374238569
3 -0.726384799583275 1.0692078290260414
3 -0.2502951440643695 1.1852260087141653
3 0.250295144064369 1.1852260087141653
3 0.7263847995832747 1.0692078290260414
3 1.131370849898476 0.848528137423857
3 1.4256104387013886 0.5447885996874562
3 1.5803013449522203 0.18772135804827716
3 1.5803013449522205 -0.18772135804827686
3 1.4256104387013888 -0.544788599687456
3 1.1313708498984762 -0.8485281374238569
3 0.7263847995832751 -1.0692078290260414
3 0.25029514406436965 -1.185226008714165
3 -0.2502951440643691 -1.1852260087141653
3 -0.7263847995832746 -1.0692078290260416
3 -1.1313708498984758 -0.8485281374238572
3 -1.4256104387013886 -0.5447885996874563
3 -1.5803013449522203 -0.18772135804827733
3.5999999999999996 -1.6 0
3.5999999999999996 -1.5216904260722457 0.3708203932499369
3.5999999999999996 -1.294427190999916 0.7053423027509678
3.5999999999999996 -0.940456403667957 0.9708203932499369
3.5999999999999996 -0.49442719099991594 1.141267819554184
3.5999999999999996 -9.797174393178826e-17 1.2
3.5999999999999996 0.4944271909999158 1.1412678195541843
3.5999999999999996 0.9404564036679569 0.9708203932499369
3.5999999999999996 1.2944271909999159 0.7053423027509679
3.5999999999999996 1.5216904260722457 0.370820393249937
3.5999999999999996 1.6 1.4695761589768238e-16
3.5999999999999996 1.5216904260722461 -0.37082039324993626
3.5999999999999996 1.294427190999916 -0.7053423027509677
3.5999999999999996 0.9404564036679572 -0.9708203932499367
3.5999999999999996 0.4944271909999161 -1.141267819554184
3.5999999999999996 2.9391523179536476e-16 -1.2
3.5999999999999996 -0.4944271909999156 -1.1412678195541843
3.5999999999999996 -0.9404564036679567 -0.9708203932499371
3.5999999999999996 -1.2944271909999159 -0.705342302750968
3.5999999999999996 -1.5216904260722457 -0.37082039324993715
4.2 -1.5803013449522205 0.18772135804827703
4.2 -1.4256104387013888 0.5447885996874561
4.2 -1.1313708498984762 0.8485281374238569
4.2 -0.726384799583275 1.0692078290260414
4.2 -0.2502951440643695 1.1852260087141653
4.2 0.250295144064369 1.1852260087141653
4.2 0.7263847995832747 1.0692078290260414
4.2 1.131370849898476 0.848528137423857
4.2 1.4256104387013886 0.5447885996874562
4.2 1.5803013449522203 0.18772135804827716
4.2 1.5803013449522205 -0.18772135804827686
4.2 1.4256104387013888 -0.544788599687456
4.2 1.1313708498984762 -0.8485281374238569
4.2 0.7263847995832751 -1.0692078290260414
4.2 0.25029514406436965 -1.185226008714165
4.2 -0.2502951440643691 -1.1852260087141653
4.2 -0.7263847995832746 -1.0692078290260416
4.2 -1.1313708498984758 -0.8485281374238572
4.2 -1.4256104387013886 -0.5447885996874563
4.2 -1.5803013449522203 -0.18772135804827733
4.8 -1.6 0
4.8 -1.5216904260722457 0.3708203932499369
4.8 -1.294427190999916 0.7053423027509678
4.8 -0.940456403667957 0.9708203932499369
4.8 -0.49442719099991594 1.141267819554184
4.8 -9.797174393178826e-17 1.2
4.8 0.4944271909999158 1.1412678195541843
4.8 0.9404564036679569 0.9708203932499369
4.8 1.2944271909999159 0.7053423027509679
4.8 1.5216904260722457 0.370820393249937
4.8 1.6 1.4695761589768238e-16
4.8 1.5216904260722461 -0.37082039324993626
4.8 1.294427190999916 -0.7053423027509677
4.8 0.9404564036679572 -0.9708203932499367
4.8 0.4944271909999161 -1.141267819554184
4.8 2.9391523179536476e-16 -1.2
4.8 -0.4944271909999156 -1.1412678195541843
4.8 -0.9404564036679567 -0.9708203932499371
4.8 -1.2944271909999159 -0.705342302750968
4.8 -1.5216904260722457 -0.37082039324993715
5.3999999999999995 -1.5803013449522205 0.18772135804827703
5.3999999999999995 -1.4256104387013888 0.5447885996874561
5.3999999999999995 -1.1313708498984762 0.8485281374238569
5.3999999999999995 -0.726384799583275 1.0692078290260414
5.3999999999999995 -0.2502951440643695 1.1852260087141653
5.3999999999999995 0.250295144064369 1.1852260087141653
5.3999999999999995 0.7263847995832747 1.0692078290260414
5.3999999999999995 1.131370849898476 0.848528137423857
5.3999999999999995 1.4256104387013886 0.5447885996874562
5.3999999999999995 1.5803013449522203 0.18772135804827716
5.3999999999999995 1.5803013449522205 -0.18772135804827686
5.3999999999999995 1.4256104387013888 -0.544788599687456
5.3999999999999995 1.1313708498984762 -0.8485281374238569
5.3999999999999995 0.7263847995832751 -1.0692078290260414
5.3999999999999995 0.25029514406436965 -1.185226008714165
5.3999999999999995 -0.2502951440643691 -1.1852260087141653
5.3999999999999995 -0.7263847995832746 -1.0692078290260416
5.3999999999999995 -1.1313708498984758 -0.8485281374238572
5.3999999999999995 -1.4256104387013886 -0.5447885996874563
5.3999999999999995 -1.5803013449522203 -0.18772135804827733
6 -1.6 0
6 -1.5216904260722457 0.3708203932499369
6 -1.294427190999916 0.7053423027509678
6 -0.940456403667957 0.9708203932499369
6 -0.49442719099991594 1.141267819554184
6 -9.797174393178826e-17 1.2
6 0.4944271909999158 1.1412678195541843
6 0.9404564036679569 0.9708203932499369
6 1.2944271909999159 0.7053423027509679
6 1.5216904260722457 0.370820393249937
6 1.6 1.4695761589768238e-16
6 1.5216904260722461 -0.37082039324993626
6 1.294427190999916 -0.7053423027509677
6 0.9404564036679572 -0.9708203932499367
6 0.4944271909999161 -1.141267819554184
6 2.9391523179536476e-16 -1.2
6 -0.4944271909999156 -1.1412678195541843
6 -0.9404564036679567 -0.9708203932499371
6 -1.2944271909999159 -0.705342302750968
6 -1.5216904260722457 -0.37082039324993715
6.6 -1.5803013449522205 0.18772135804827703
6.6 -1.4256104387013888 0.5447885996874561
6.6 -1.1313708498984762 0.8485281374238569
6.6 -0.726384799583275 1.0692078290260414
6.6 -0.2502951440643695 1.1852260087141653
6.6 0.250295144064369 1.1852260087141653
6.6 0.7263847995832747 1.0692078290260414
6.6 1.131370849898476 0.848528137423857
6.6 1.4256104387013886 0.5447885996874562
6.6 1.5803013449522203 0.18772135804827716
6.6 1.5803013449522205 -0.18772135804827686
6.6 1.4256104387013888 -0.544788599687456
6.6 1.1313708498984762 -0.8485281374238569
6.6 0.7263847995832751 -1.0692078290260414
6.6 0.25029514406436965 -1.185226008714165
6.6 -0.2502951440643691 -1.1852260087141653
6.6 -0.7263847995832746 -1.0692078290260416
6.6 -1.1313708498984758 -0.8485281374238572
6.6 -1.4256104387013886 -0.5447885996874563
6.6 -1.5803013449522203 -0.18772135804827733
7.199999999999999 -1.6 0
7.199999999999999 -1.5216904260722457 0.3708203932499369
7.199999999999999 -1.294427190999916 0.7053423027509678
7.199999999999999 -0.940456403667957 0.9708203932499369
7.199999999999999 -0.49442719099991594 1.141267819554184
7.199999999999999 -9.797174393178826e-17 1.2
7.199999999999999 0.4944271909999158 1.1412678195541843
7.199999999999999 0.9404564036679569 0.9708203932499369
7.199999999999999 1.2944271909999159 0.7053423027509679
7.199999999999999 1.5216904260722457 0.370820393249937
7.199999999999999 1.6 1.4695761589768238e-16
7.199999999999999 1.5216904260722461 -0.37082039324993626
7.199999999999999 1.294427190999916 -0.7053423027509677
7.199999999999999 0.9404564036679572 -0.9708203932499367
7.199999999999999 0.4944271909999161 -1.141267819554184
7.199999999999999 2.9391523179536476e-16 -1.2
7.199999999999999 -0.4944271909999156 -1.1412678195541843
7.199999999999999 -0.9404564036679567 -0.9708203932499371
7.199999999999999 -1.2944271909999159 -0.705342302750968
7.199999999999999 -1.5216904260722457 -0.37082039324993715
7.8 -1.5803013449522205 0.18772135804827703
7.8 -1.4256104387013888 0.5447885996874561
7.8 -1.1313708498984762 0.8485281374238569
7.8 -0.726384799583275 1.0692078290260414
7.8 -0.2502951440643695 1.1852260087141653
7.8 0.250295144064369 1.1852260087141653
7.8 0.7263847995832747 1.0692078290260414
7.8 1.131370849898476 0.848528137423857
7.8 1.4256104387013886 0.5447885996874562
7.8 1.5803013449522203 0.18772135804827716
7.8 1.5803013449522205 -0.18772135804827686
7.8 1.4256104387013888 -0.544788599687456
7.8 1.1313708498984762 -0.8485281374238569
7.8 0.7263847995832751 -1.0692078290260414
7.8 0.25029514406436965 -1.185226008714165
7.8 -0.2502951440643691 -1.1852260087141653
7.8 -0.7263847995832746 -1.0692078290260416
7.8 -1.1313708498984758 -0.8485281374238572
7.8 -1.4256104387013886 -0.5447885996874563
7.8 -1.5803013449522203 -0.18772135804827733
8.4 -1.6 0
8.4 -1.5216904260722457 0.3708203932499369
8.4 -1.294427190999916 0.7053423027509678
8.4 -0.940456403667957 0.9708203932499369
8.4 -0.49442719099991594 1.141267819554184
8.4 -9.797174393178826e-17 1.2
8.4 0.4944271909999158 1.1412678195541843
8.4 0.9404564036679569 0.9708203932499369
8.4 1.2944271909999159 0.7053423027509679
8.4 1.5216904260722457 0.370820393249937
8.4 1.6 1.4695761589768238e-16
8.4 1.5216904260722461 -0.37082039324993626
8.4 1.294427190999916 -0.7053423027509677
8.4 0.9404564036679572 -0.9708203932499367
8.4 0.4944271909999161 -1.141267819554184
8.4 2.9391523179536476e-16 -1.2
8.4 -0.4944271909999156 -1.1412678195541843
8.4 -0.9404564036679567 -0.9708203932499371
8.4 -1.2944271909999159 -0.705342302750968
8.4 -1.5216904260722457 -0.37082039324993715
9 -1.5803013449522205 0.18772135804827703
9 -1.4256104387013888 0.5447885996874561
9 -1.1313708498984762 0.8485281374238569
9 -0.726384799583275 1.0692078290260414
9 -0.2502951440643695 1.1852260087141653
9 0.250295144064369 1.1852260087141653
9 0.7263847995832747 1.0692078290260414
9 1.131370849898476 0.848528137423857
9 1.4256104387013886 0.5447885996874562
9 1.5803013449522203 0.18772135804827716
9 1.5803013449522205 -0.18772135804827686
9 1.4256104387013888 -0.544788599687456
9 1.1313708498984762 -0.8485281374238569
9 0.7263847995832751 -1.0692078290260414
9 0.25029514406436965 -1.185226008714165
9 -0.2502951440643691 -1.1852260087141653
9 -0.7263847995832746 -1.0692078290260416
9 -1.1313708498984758 -0.8485281374238572
9 -1.4256104387013886 -0.5447885996874563
9 -1.5803013449522203 -0.18772135804827733
9.6 -1.4906666666666668 0
9.6 -1.415750507609115 0.35475150954243956
9.6 -1.1983353460565864 0.6747774696317591
9.6 -0.8597032928423457 0.9287515095424396
9.6 -0.43300201272325295 1.0918128807068361
9.6 0.039999999999999876 1.148
9.6 0.5130020127232527 1.0918128807068364
9.6 0.9397032928423454 0.9287515095424396
9.6 1.2783353460565863 0.6747774696317592
9.6 1.495750507609115 0.3547515095424397
9.6 1.5706666666666669 1.4058945254211613e-16
9.6 1.4957505076091155 -0.354751509542439
9.6 1.2783353460565865 -0.674777469631759
9.6 0.9397032928423458 -0.9287515095424395
9.6 0.5130020127232531 -1.0918128807068361
9.6 0.04000000000000026 -1.148
9.6 -0.4330020127232526 -1.0918128807068364
9.6 -0.8597032928423454 -0.9287515095424397
9.6 -1.1983353460565862 -0.6747774696317593
9.6 -1.415750507609115 -0.35475150954243984
10.2 -1.3633418950563616 0.17145217368409302
10.2 -1.2220575340139352 0.4975735877145432
10.2 -0.9533187095739416 0.7749890321804559
10.2 -0.5834314502860578 0.9765431505104509
10.2 -0.14860289824545753 1.0825064212922708
10.2 0.30860289824545695 1.0825064212922708
10.2 0.7434314502860575 0.976543150510451
10.2 1.1133187095739412 0.774989032180456
10.2 1.3820575340139347 0.4975735877145433
10.2 1.523341895056361 0.17145217368409313
10.2 1.5233418950563613 -0.17145217368409285
10.2 1.382057534013935 -0.49757358771454313
10.2 1.1133187095739416 -0.7749890321804559
10.2 0.7434314502860578 -0.9765431505104509
10.2 0.30860289824545756 -1.0825064212922708
10.2 -0.14860289824545714 -1.0825064212922708
10.2 -0.5834314502860576 -0.9765431505104513
10.2 -0.9533187095739412 -0.7749890321804561
10.2 -1.222057534013935 -0.4975735877145434
10.2 -1.3633418950563614 -0.1714521736840933
10.799999999999999 -1.2720000000000005 0
10.799999999999999 -1.2038706706828541 0.3226137421274451
10.799999999999999 -1.0061516561699273 0.613647803393342
10.799999999999999 -0.698197071191123 0.8446137421274452
10.799999999999999 -0.310151656169927 0.9929030030121403
10.799999999999999 0.11999999999999983 1.044
10.799999999999999 0.5501516561699267 0.9929030030121404
10.799999999999999 0.9381970711911225 0.8446137421274452
10.799999999999999 1.2461516561699268 0.6136478033933421
10.799999999999999 1.443870670682854 0.3226137421274452
10.799999999999999 1.5120000000000002 1.2785312583098369e-16
10.799999999999999 1.4438706706828541 -0.3226137421274446
10.799999999999999 1.246151656169927 -0.6136478033933419
10.799999999999999 0.9381970711911228 -0.844613742127445
10.799999999999999 0.550151656169927 -0.9929030030121403
10.799999999999999 0.12000000000000016 -1.044
10.799999999999999 -0.3101516561699268 -0.9929030030121404
10.799999999999999 -0.6981970711911226 -0.8446137421274453
10.799999999999999 -1.006151656169927 -0.6136478033933422
10.799999999999999 -1.2038706706828541 -0.3226137421274453
11.4 -1.1463824451605023 0.155182989319909
11.4 -1.0185046293264812 0.45035857574163035
11.4 -0.7752665692494068 0.7014499269370551
11.4 -0.44047810098884055 0.8838784719948608
11.4 -0.04691065242654541 0.9797868338703767
11.4 0.366910652426545 0.9797868338703767
11.4 0.7604781009888405 0.8838784719948609
11.4 1.0952665692494068 0.7014499269370552
11.4 1.338504629326481 0.45035857574163046
11.4 1.466382445160502 0.15518298931990912
11.4 1.466382445160502 -0.15518298931990887
11.4 1.3385046293264815 -0.4503585757416303
11.4 1.0952665692494072 -0.7014499269370551
11.4 0.7604781009888407 -0.8838784719948608
11.4 0.36691065242654564 -0.9797868338703766
11.4 -0.046910652426545074 -0.9797868338703767
11.4 -0.4404781009888403 -0.883878471994861
11.4 -0.7752665692494066 -0.7014499269370553
11.4 -1.0185046293264812 -0.4503585757416306
11.4 -1.1463824451605023 -0.15518298931990926
12 -1.0533333333333335 0
12 -0.9919908337565926 0.2904759747124505
12 -0.8139679662832675 0.5525181371549247
12 -0.5366908495398998 0.7604759747124505
12 -0.18730129961660083 0.8939931253174442
12 0.1999999999999999 0.94
12 0.5873012996166007 0.8939931253174443
12 0.9366908495398996 0.7604759747124505
12 1.2139679662832674 0.5525181371549248
12 1.3919908337565925 0.2904759747124506
12 1.4533333333333334 1.151167991198512e-16
12 1.3919908337565927 -0.29047597471245007
12 1.2139679662832676 -0.5525181371549246
12 0.9366908495398998 -0.7604759747124504
12 0.5873012996166009 -0.8939931253174442
12 0.2000000000000002 -0.94
12 -0.18730129961660055 -0.8939931253174443
12 -0.5366908495398994 -0.7604759747124507
12 -0.8139679662832675 -0.5525181371549249
12 -0.9919908337565926 -0.29047597471245074
12.6 -0.9294229952646431 0.138913804955725
12.6 -0.8149517246390277 0.4031435637687175
12.6 -0.5972144289248723 0.6279108216936542
12.6 -0.2975247516916234 0.7912137934792706
12.6 0.054781593392366545 0.8770672464484823
12.6 0.425218406607633 0.8770672464484823
12.6 0.7775247516916233 0.7912137934792707
12.6 1.0772144289248722 0.6279108216936542
12.6 1.2949517246390274 0.4031435637687176
12.6 1.4094229952646429 0.1389138049557251
12.6 1.409422995264643 -0.1389138049557249
12.6 1.2949517246390276 -0.40314356376871746
12.6 1.0772144289248724 -0.6279108216936542
12.6 0.7775247516916235 -0.7912137934792706
12.6 0.4252184066076335 -0.8770672464484822
12.6 0.05478159339236685 -0.8770672464484823
12.6 -0.2975247516916232 -0.7912137934792708
12.6 -0.597214428924872 -0.6279108216936543
12.6 -0.8149517246390274 -0.40314356376871774
12.6 -0.9294229952646429 -0.13891380495572522
13.2 -0.834666666666667 0
13.2 -0.7801109968303314 0.25833820729745605
13.2 -0.6217842763966084 0.4913884709165076
13.2 -0.3751846278886769 0.6763382072974561
13.2 -0.06445094306327492 0.7950832476227484
13.2 0.27999999999999986 0.8360000000000001
13.2 0.6244509430632746 0.7950832476227485
13.2 0.9351846278886766 0.6763382072974561
13.2 1.1817842763966082 0.49138847091650767
13.2 1.3401109968303313 0.25833820729745616
13.2 1.3946666666666667 1.0238047240871874e-16
13.2 1.3401109968303317 -0.2583382072974556
13.2 1.1817842763966082 -0.4913884709165075
13.2 0.935184627888677 -0.6763382072974561
13.2 0.6244509430632749 -0.7950832476227484
13.2 0.28000000000000014 -0.8360000000000001
13.2 -0.06445094306327465 -0.7950832476227485
13.2 -0.3751846278886767 -0.6763382072974562
13.2 -0.6217842763966083 -0.4913884709165078
13.2 -0.7801109968303314 -0.2583382072974562
13.799999999999999 -0.7124635453687842 0.12264462059154102
13.799999999999999 -0.6113988199515741 0.35592855179580474
13.799999999999999 -0.41916228860033794 0.5543717164502533
13.799999999999999 -0.15457140239440642 0.6985491149636804
13.799999999999999 0.1564738392112785 0.7743476590265882
13.799999999999999 0.48352616078872096 0.7743476590265882
13.799999999999999 0.7945714023944062 0.6985491149636806
13.799999999999999 1.0591622886003376 0.5543717164502534
13.799999999999999 1.2513988199515738 0.3559285517958048
13.799999999999999 1.3524635453687839 0.1226446205915411
13.799999999999999 1.3524635453687839 -0.12264462059154091
13.799999999999999 1.251398819951574 -0.3559285517958047
13.799999999999999 1.0591622886003378 -0.5543717164502533
13.799999999999999 0.7945714023944064 -0.6985491149636804
13.799999999999999 0.48352616078872146 -0.7743476590265881
13.799999999999999 0.15647383921127875 -0.7743476590265882
13.799999999999999 -0.15457140239440625 -0.6985491149636807
13.799999999999999 -0.4191622886003377 -0.5543717164502535
13.799999999999999 -0.6113988199515741 -0.3559285517958049
13.799999999999999 -0.7124635453687842 -0.12264462059154121
14.399999999999999 -0.6160000000000003 0
14.399999999999999 -0.5682311599040701 0.22620043988246152
14.399999999999999 -0.429600586509949 0.4302588046780904
14.399999999999999 -0.213678406237454 0.5922004398824616
14.399999999999999 0.05839941349005118 0.6961733699280525
14.399999999999999 0.3599999999999999 0.7320000000000001
14.399999999999999 0.6616005865099486 0.6961733699280526
14.399999999999999 0.9336784062374537 0.5922004398824616
14.399999999999999 1.1496005865099488 0.43025880467809047
14.399999999999999 1.28823115990407 0.2262004398824616
14.399999999999999 1.336 8.964414569758627e-17
14.399999999999999 1.2882311599040701 -0.22620043988246116
14.399999999999999 1.149600586509949 -0.4302588046780903
14.399999999999999 0.9336784062374539 -0.5922004398824615
14.399999999999999 0.6616005865099488 -0.6961733699280525
14.399999999999999 0.3600000000000001 -0.7320000000000001
14.399999999999999 0.0583994134900514 -0.6961733699280526
14.399999999999999 -0.21367840623745377 -0.5922004398824617
14.399999999999999 -0.42960058650994887 -0.4302588046780906
14.399999999999999 -0.5682311599040701 -0.2262004398824617
15 -0.495504095472925 0.10637543622735698
15 -0.40784591526412034 0.30871353982289174
15 -0.24111014827580318 0.4808326112068522
15 -0.011618053097189163 0.6058844364480901
15 0.25816608503019056 0.6716280716046936
15 0.541833914969809 0.6716280716046936
15 0.811618053097189 0.6058844364480901
15 1.041110148275803 0.4808326112068523
15 1.20784591526412 0.30871353982289185
15 1.2955040954729249 0.10637543622735705
15 1.2955040954729249 -0.10637543622735689
15 1.2078459152641203 -0.30871353982289174
15 1.0411101482758032 -0.4808326112068522
15 0.8116180530971893 -0.6058844364480901
15 0.5418339149698095 -0.6716280716046935
15 0.2581660850301908 -0.6716280716046936
15 -0.011618053097188996 -0.6058844364480902
15 -0.24111014827580296 -0.4808326112068524
15 -0.40784591526412023 -0.3087135398228919
15 -0.4955040954729249 -0.10637543622735715
15.6 -0.3973333333333334 0
15.6 -0.3563513229778087 0.19406267246746697
15.6 -0.23741689662328946 0.36912913843967315
15.6 -0.05217218458623091 0.508062672467467
15.6 0.18124977004337728 0.5972634922333564
15.6 0.4399999999999999 0.628
15.6 0.6987502299566226 0.5972634922333565
15.6 0.9321721845862307 0.508062672467467
15.6 1.1174168966232894 0.3691291384396732
15.6 1.2363513229778085 0.19406267246746703
15.6 1.2773333333333334 7.690781898645378e-17
15.6 1.2363513229778087 -0.19406267246746664
15.6 1.1174168966232894 -0.36912913843967304
15.6 0.932172184586231 -0.508062672467467
15.6 0.6987502299566227 -0.5972634922333564
15.6 0.4400000000000001 -0.628
15.6 0.18124977004337745 -0.5972634922333565
15.6 -0.05217218458623074 -0.5080626724674671
15.6 -0.23741689662328935 -0.36912913843967327
15.6 -0.3563513229778087 -0.1940626724674671
16.2 -0.2785446455770659 0.09010625186317298
16.2 -0.20429301057666666 0.2614985278499789
16.2 -0.06305800795126865 0.4072935059634513
16.2 0.13133529620002798 0.5132197579324999
16.2 0.35985833084910257 0.5689084841827993
16.2 0.6001416691508971 0.5689084841827993
16.2 0.8286647037999718 0.5132197579324999
16.2 1.0230580079512683 0.4072935059634514
16.2 1.1642930105766665 0.26149852784997896
16.2 1.2385446455770657 0.09010625186317303
16.2 1.2385446455770657 -0.09010625186317289
16.2 1.1642930105766665 -0.2614985278499789
16.2 1.0230580079512686 -0.4072935059634513
16.2 0.8286647037999719 -0.5132197579324999
16.2 0.6001416691508974 -0.5689084841827993
16.2 0.3598583308491028 -0.5689084841827993
16.2 0.1313352962000281 -0.5132197579325
16.2 -0.06305800795126842 -0.40729350596345143
16.2 -0.20429301057666654 -0.261498527849979
16.2 -0.27854464557706576 -0.09010625186317311
16.8 -0.17866666666666664 0
16.8 -0.14447148605154725 0.1619249050524724
16.8 -0.045233206736629894 0.3079994722012559
16.8 0.10933403706499212 0.4239249050524724
16.8 0.3041001265967034 0.49835361453866034
16.8 0.52 0.5239999999999999
16.8 0.7358998734032965 0.49835361453866045
16.8 0.9306659629350078 0.4239249050524724
16.8 1.08523320673663 0.30799947220125595
16.8 1.1844714860515473 0.16192490505247248
16.8 1.2186666666666666 6.41714922753213e-17
16.8 1.1844714860515473 -0.16192490505247215
16.8 1.0852332067366302 -0.3079994722012558
16.8 0.930665962935008 -0.4239249050524723
16.8 0.7358998734032967 -0.49835361453866034
16.8 0.5200000000000001 -0.5239999999999999
16.8 0.30410012659670355 -0.49835361453866045
16.8 0.10933403706499228 -0.42392490505247243
16.8 -0.045233206736629894 -0.307999472201256
16.8 -0.14447148605154725 -0.16192490505247253
17.4 -0.06158519568120702 0.07383706749898898
17.4 -0.0007401058892132495 0.2142835158770661
17.4 0.11499413237326578 0.33375440072005047
17.4 0.27428864549724497 0.42055507941690967
17.4 0.46155057666801447 0.46618889676090514
17.4 0.658449423331985 0.46618889676090514
17.4 0.8457113545027546 0.4205550794169097
17.4 1.0050058676267337 0.3337544007200505
17.4 1.1207401058892128 0.21428351587706615
17.4 1.1815851956812067 0.07383706749898904
17.4 1.1815851956812067 -0.07383706749898891
17.4 1.120740105889213 -0.21428351587706607
17.4 1.005005867626734 -0.33375440072005047
17.4 0.8457113545027548 -0.42055507941690967
17.4 0.6584494233319853 -0.4661888967609051
17.4 0.46155057666801463 -0.46618889676090514
17.4 0.2742886454972451 -0.4205550794169098
17.4 0.11499413237326589 -0.3337544007200506
17.4 -0.0007401058892131385 -0.2142835158770662
17.4 -0.06158519568120702 -0.0738370674989891
18 0.040000000000000036 0
18 0.06740835087471408 0.1297871376374779
18 0.14695048315002945 0.2468698059628387
18 0.27084025871621503 0.3397871376374779
18 0.4269504831500294 0.39944373684396445
18 0.6 0.42
18 0.7730495168499705 0.3994437368439645
18 0.9291597412837849 0.3397871376374779
18 1.0530495168499705 0.24686980596283875
18 1.1325916491252859 0.12978713763747796
18 1.16 5.143516556418883e-17
18 1.132591649125286 -0.12978713763747768
18 1.0530495168499705 -0.24686980596283867
18 0.929159741283785 -0.33978713763747787
18 0.7730495168499706 -0.39944373684396445
18 0.6000000000000001 -0.42
18 0.42695048315002954 -0.3994437368439645
18 0.2708402587162152 -0.339787137637478
18 0.1469504831500295 -0.2468698059628388
18 0.06740835087471408 -0.12978713763747798
$EndNodes
$Elements
1 1922 1 1922
1 1 1 1922
1 1 2
2 1 20
3 1 21
4 1 40
5 2 3
6 2 20
7 2 21
8 2 22
9 3 4
10 3 19
11 3 20
12 3 22
13 3 23
14 4 5
15 4 18
16 4 19
17 4 23
18 4 24
19 5 6
20 5 17
21 5 18
22 5 24
23 5 25
24 6 7
25 6 16
26 6 17
27 6 25
28 6 26
29 7 8
30 7 15
31 7 16
32 7 26
33 7 27
34 8 9
35 8 14
36 8 15
37 8 27
38 8 28
39 9 10
40 9 13
41 9 14
42 9 28
43 9 29
44 10 11
45 10 12
46 10 13
47 10 29
48 10 30
49 11 12
50 11 30
51 11 31
52 12 13
53 12 31
54 12 32
55 13 14
56 13 32
57 13 33
58 14 15
59 14 33
60 14 34
61 15 16
62 15 34
63 15 35
64 16 17
65 16 35
66 16 36
67 17 18
68 17 36
69 17 37
70 18 19
71 18 37
72 18 38
73 19 20
74 19 38
75 19 39
76 20 39
77 20 40
78 21 22
79 21 40
80 21 41
81 21 42
82 22 23
83 22 42
84 22 43
85 23 24
86 23 43
87 23 44
88 24 25
89 24 44
90 24 45
91 25 26
92 25 45
93 25 46
94 26 27
95 26 46
96 26 47
97 27 28
98 27 47
99 27 48
100 28 29
101 28 48
102 28 49
103 29 30
104 29 49
105 29 50
106 30 31
107 30 50
108 30 51
109 31 32
110 31 51
111 31 52
112 32 33
113 32 52
114 32 53
115 33 34
116 33 53
117 33 54
118 34 35
119 34 54
120 34 55
121 35 36
122 35 55
123 35 56
124 36 37
125 36 56
126 36 57
127 37 38
128 37 57
129 37 58
130 38 39
131 38 58
132 38 59
133 39 40
134 39 59
135 39 60
136 40 41
137 40 60
138 41 42
139 41 60
140 41 61
141 41 80
142 42 43
143 42 61
144 42 62
145 43 44
146 43 62
147 43 63
148 44 45
149 44 63
150 44 64
151 45 46
152 45 64
153 45 65
154 46 47
155 46 65
156 46 66
157 47 48
158 47 66
159 47 67
160 48 49
161 48 67
162 48 68
163 49 50
164 49 68
165 49 69
166 50 51
167 50 69
168 50 70
169 51 52
170 51 70
171 51 71
172 52 53
173 52 71
174 52 72
175 53 54
176 53 72
177 53 73
178 54 55
179 54 73
180 54 74
181 55 56
182 55 74
183 55 75
184 56 57
185 56 75
186 56 76
187 57 58
188 57 76
189 57 77
190 58 59
191 58 77
192 58 78
193 59 60
194 59 78
195 59 79
196 60 79
197 60 80
198 61 62
199 61 80
200 61 81
201 61 82
202 62 63
203 62 82
204 62 83
205 63 64
206 63 83
207 63 84
208 64 65
209 64 84
210 64 85
211 65 66
212 65 85
213 65 86
214 66 67
215 66 86
216 66 87
217 67 68
218 67 87
219 67 88
220 68 69
221 68 88
222 68 89
223 69 70
224 69 89
225 69 90
226 70 71
227 70 90
228 70 91
229 71 72
230 71 91
231 71 92
232 72 73
233 72 92
234 72 93
235 73 74
236 73 93
237 73 94
238 74 75
239 74 94
240 74 95
241 75 76
242 75 95
243 75 96
244 76 77
245 76 96
246 76 97
247 77 78
248 77 97
249 77 98
250 78 79
251 78 98
252 78 99
253 79 80
254 79 99
255 79 100
256 80 81
257 80 100
258 81 82
259 81 100
260 81 101
261 81 120
262 82 83
263 82 101
264 82 102
265 83 84
266 83 102
267 83 103
268 84 85
269 84 103
270 84 104
271 85 86
272 85 104
273 85 105
274 86 87
275 86 105
276 86 106
277 87 88
278 87 106
279 87 107
280 88 89
281 88 107
282 88 108
283 89 90
284 89 108
285 89 109
286 90 91
287 90 109
288 90 110
289 91 92
290 91 110
291 91 111
292 92 93
293 92 111
294 92 112
295 93 94
296 93 112
297 93 113
298 94 95
299 94 113
300 94 114
301 95 96
302 95 114
303 95 115
304 96 97
305 96 115
306 96 116
307 97 98
308 97 116
309 97 117
310 98 99
311 98 117
312 98 118
313 99 100
314 99 118
315 99 119
316 100 119
317 100 120
318 101 102
319 101 120
320 101 121
321 101 122
322 102 103
323 102 122
324 102 123
325 103 104
326 103 123
327 103 124
328 104 105
329 104 124
330 104 125
331 105 106
332 105 125
333 105 126
334 106 107
335 106 126
336 106 127
337 107 108
338 107 127
339 107 128
340 108 109
341 108 128
342 108 129
343 109 110
344 109 129
345 109 130
346 110 111
347 110 130
348 110 131
349 111 112
350 111 131
351 111 132
352 112 113
353 112 132
354 112 133
355 113 114
356 113 133
357 113 134
358 114 115
359 114 134
360 114 135
361 115 116
362 115 135
363 115 136
364 116 117
365 116 136
366 116 137
367 117 118
368 117 137
369 117 138
370 118 119
371 118 138
372 118 139
373 119 120
374 119 139
375 119 140
376 120 121
377 120 140
378 121 122
379 121 140
380 121 141
381 121 160
382 122 123
383 122 140
384 122 141
385 122 142
386 123 124
387 123 139
388 123 140
389 123 142
390 123 143
391 124 125
392 124 138
393 124 139
394 124 143
395 124 144
396 125 126
397 125 137
398 125 138
399 125 144
400 125 145
401 126 127
402 126 136
403 126 137
404 126 145
405 126 146
406 127 128
407 127 135
408 127 136
409 127 146
410 127 147
411 128 129
412 128 134
413 128 135
414 128 147
415 128 148
416 129 130
417 129 133
418 129 134
419 129 148
420 129 149
421 130 131
422 130 132
423 130 133
424 130 149
425 130 150
426 131 132
427 131 150
428 131 151
429 132 133
430 132 151
431 132 152
432 133 134
433 133 152
434 133 153
435 134 135
436 134 153
437 134 154
438 135 136
439 135 154
440 135 155
441 136 137
442 136 155
443 136 156
444 137 138
445 137 156
446 137 157
447 138 139
448 138 157
449 138 158
450 139 140
451 139 158
452 139 159
453 140 159
454 140 160
455 141 142
456 141 160
457 141 161
458 141 162
459 142 143
460 142 162
461 142 163
462 143 144
463 143 163
464 143 164
465 144 145
466 144 164
467 144 165
468 145 146
469 145 165
470 145 166
471 146 147
472 146 166
473 146 167
474 147 148
475 147 167
476 147 168
477 148 149
478 148 168
479 148 169
480 149 150
481 149 169
482 149 170
483 150 151
484 150 170
485 150 171
486 151 152
487 151 171
488 151 172
489 152 153
490 152 172
491 152 173
492 153 154
493 153 173
494 153 174
495 154 155
496 154 174
497 154 175
498 155 156
499 155 175
500 155 176
501 156 157
502 156 176
503 156 177
504 157 158
505 157 177
506 157 178
507 158 159
508 158 178
509 158 179
510 159 160
511 159 179
512 159 180
513 160 161
514 160 180
515 161 162
516 161 180
517 161 181
518 161 200
519 162 163
520 162 181
521 162 182
522 163 164
523 163 182
524 163 183
525 164 165
526 164 183
527 164 184
528 165 166
529 165 184
530 165 185
531 166 167
532 166 185
533 166 186
534 167 168
535 167 186
536 167 187
537 168 169
538 168 187
539 168 188
540 169 170
541 169 188
542 169 189
543 170 171
544 170 189
545 170 190
546 171 172
547 171 190
548 171 191
549 172 173
550 172 191
551 172 192
552 173 174
553 173 192
554 173 193
555 174 175
556 174 193
557 174 194
558 175 176
559 175 194
560 175 195
561 176 177
562 176 195
563 176 196
564 177 178
565 177 196
566 177 197
567 178 179
568 178 197
569 178 198
570 179 180
571 179 198
572 179 199
573 180 199
574 180 200
575 181 182
576 181 200
577 181 201
578 181 202
579 182 183
580 182 202
581 182 203
582 183 184
583 183 203
584 183 204
585 184 185
586 184 204
587 184 205
588 185 186
589 185 205
590 185 206
591 186 187
592 186 206
593 186 207
594 187 188
595 187 207
596 187 208
597 188 189
598 188 208
599 188 209
600 189 190
601 189 209
602 189 210
603 190 191
604 190 210
605 190 211
606 191 192
607 191 211
608 191 212
609 192 193
610 192 212
611 192 213
612 193 194
613 193 213
614 193 214
615 194 195
616 194 214
617 194 215
618 195 196
619 195 215
620 195 216
621 196 197
622 196 216
623 196 217
624 197 198
625 197 217
626 197 218
627 198 199
628 198 218
629 198 219
630 199 200
631 199 219
632 199 220
633 200 201
634 200 220
635 201 202
636 201 220
637 201 221
638 201 240
639 202 203
640 202 221
641 202 222
642 203 204
643 203 222
644 203 223
645 204 205
646 204 223
647 204 224
648 205 206
649 205 224
650 205 225
651 206 207
652 206 225
653 206 226
654 207 208
655 207 226
656 207 227
657 208 209
658 208 227
659 208 228
660 209 210
661 209 228
662 209 229
663 210 211
664 210 229
665 210 230
666 211 212
667 211 230
668 211 231
669 212 213
670 212 231
671 212 232
672 213 214
673 213 232
674 213 233
675 214 215
676 214 233
677 214 234
678 215 216
679 215 234
680 215 235
681 216 217
682 216 235
683 216 236
684 217 218
685 217 236
686 217 237
687 218 219
688 218 237
689 218 238
690 219 220
691 219 238
692 219 239
693 220 239
694 220 240
695 221 222
696 221 240
697 221 241
698 221 242
699 222 223
700 222 242
701 222 243
702 223 224
703 223 243
704 223 244
705 224 225
706 224 244
707 224 245
708 225 226
709 225 245
710 225 246
711 226 227
712 226 246
713 226 247
714 227 228
715 227 247
716 227 248
717 228 229
718 228 248
719 228 249
720 229 230
721 229 249
722 229 250
723 230 231
724 230 250
725 230 251
726 231 232
727 231 251
728 231 252
729 232 233
730 232 252
731 232 253
732 233 234
733 233 253
734 233 254
735 234 235
736 234 254
737 234 255
738 235 236
739 235 255
740 235 256
741 236 237
742 236 256
743 236 257
744 237 238
745 237 257
746 237 258
747 238 239
748 238 258
749 238 259
750 239 240
751 239 259
752 239 260
753 240 241
754 240 260
755 241 242
756 241 260
757 241 261
758 241 280
759 242 243
760 242 260
761 242 261
762 242 262
763 243 244
764 243 259
765 243 260
766 243 262
767 243 263
768 244 245
769 244 258
770 244 259
771 244 263
772 244 264
773 245 246
774 245 257
775 245 258
776 245 264
777 245 265
778 246 247
779 246 256
780 246 257
781 246 265
782 246 266
783 247 248
784 247 255
785 247 256
786 247 266
787 247 267
788 248 249
789 248 254
790 248 255
791 248 267
792 248 268
793 249 250
794 249 253
795 249 254
796 249 268
797 249 269
798 250 251
799 250 252
800 250 253
801 250 269
802 250 270
803 251 252
804 251 270
805 251 271
806 252 253
807 252 271
808 252 272
809 253 254
810 253 272
811 253 273
812 254 255
813 254 273
814 254 274
815 255 256
816 255 274
817 255 275
818 256 257
819 256 275
820 256 276
821 257 258
822 257 276
823 257 277
824 258 259
825 258 277
826 258 278
827 259 260
828 259 278
829 259 279
830 260 279
831 260 280
832 261 262
833 261 280
834 261 281
835 261 282
836 262 263
837 262 282
838 262 283
839 263 264
840 263 283
841 263 284
842 264 265
843 264 284
844 264 285
845 265 266
846 265 285
847 265 286
848 266 267
849 266 286
850 266 287
851 267 268
852 267 287
853 267 288
854 268 269
855 268 288
856 268 289
857 269 270
858 269 289
859 269 290
860 270 271
861 270 290
862 270 291
863 271 272
864 271 291
865 271 292
866 272 273
867 272 292
868 272 293
869 273 274
870 273 293
871 273 294
872 274 275
873 274 294
874 274 295
875 275 276
876 275 295
877 275 296
878 276 277
879 276 296
880 276 297
881 277 278
882 277 297
883 277 298
884 278 279
885 278 298
886 278 299
887 279 280
888 279 299
889 279 300
890 280 281
891 280 300
892 281 282
893 281 300
894 281 301
895 281 320
896 282 283
897 282 301
898 282 302
899 283 284
900 283 302
901 283 303
902 284 285
903 284 303
904 284 304
905 285 286
906 285 304
907 285 305
908 286 287
909 286 305
910 286 306
911 287 288
912 287 306
913 287 307
914 288 289
915 288 307
916 288 308
917 289 290
918 289 308
919 289 309
920 290 291
921 290 309
922 290 310
923 291 292
924 291 310
925 291 311
926 292 293
927 292 311
928 292 312
929 293 294
930 293 312
931 293 313
932 294 295
933 294 313
934 294 314
935 295 296
936 295 314
937 295 315
938 296 297
939 296 315
940 296 316
941 297 298
942 297 316
943 297 317
944 298 299
945 298 317
946 298 318
947 299 300
948 299 318
949 299 319
950 300 319
951 300 320
952 301 302
953 301 320
954 301 321
955 301 322
956 302 303
957 302 322
958 302 323
959 303 304
960 303 323
961 303 324
962 304 305
963 304 324
964 304 325
965 305 306
966 305 325
967 305 326
968 306 307
969 306 326
970 306 327
971 307 308
972 307 327
973 307 328
974 308 309
975 308 328
976 308 329
977 309 310
978 309 329
979 309 330
980 310 311
981 310 330
982 310 331
983 311 312
984 311 331
985 311 332
986 312 313
987 312 332
988 312 333
989 313 314
990 313 333
991 313 334
992 314 315
993 314 334
994 314 335
995 315 316
996 315 335
997 315 336
998 316 317
999 316 336
1000 316 337
1001 317 318
1002 317 337
1003 317 338
1004 318 319
1005 318 338
1006 318 339
1007 319 320
1008 319 339
1009 319 340
1010 320 321
1011 320 340
1012 321 322
1013 321 340
1014 321 341
1015 321 360
1016 322 323
1017 322 341
1018 322 342
1019 323 324
1020 323 342
1021 323 343
1022 324 325
1023 324 343
1024 324 344
1025 325 326
1026 325 344
1027 325 345
1028 326 327
1029 326 345
1030 326 346
1031 327 328
1032 327 346
1033 327 347
1034 328 329
1035 328 347
1036 328 348
1037 329 330
1038 329 348
1039 329 349
1040 330 331
1041 330 349
1042 330 350
1043 331 332
1044 331 350
1045 331 351
1046 332 333
1047 332 351
1048 332 352
1049 333 334
1050 333 352
1051 333 353
1052 334 335
1053 334 353
1054 334 354
1055 335 336
1056 335 354
1057 335 355
1058 336 337
1059 336 355
1060 336 356
1061 337 338
1062 337 356
1063 337 357
1064 338 339
1065 338 357
1066 338 358
1067 339 340
1068 339 358
1069 339 359
1070 340 359
1071 340 360
1072 341 342
1073 341 360
1074 341 361
1075 341 362
1076 342 343
1077 342 362
1078 342 363
1079 343 344
1080 343 363
1081 343 364
1082 344 345
1083 344 364
1084 344 365
1085 345 346
1086 345 365
1087 345 366
1088 346 347
1089 346 366
1090 346 367
1091 347 348
1092 347 367
1093 347 368
1094 348 349
1095 348 368
1096 348 369
1097 349 350
1098 349 369
1099 349 370
1100 350 351
1101 350 370
1102 350 371
1103 351 352
1104 351 371
1105 351 372
1106 352 353
1107 352 372
1108 352 373
1109 353 354
1110 353 373
1111 353 374
1112 354 355
1113 354 374
1114 354 375
1115 355 356
1116 355 375
1117 355 376
1118 356 357
1119 356 376
1120 356 377
1121 357 358
1122 357 377
1123 357 378
1124 358 359
1125 358 378
1126 358 379
1127 359 360
1128 359 379
1129 359 380
1130 360 361
1131 360 380
1132 361 362
1133 361 380
1134 361 381
1135 361 400
1136 362 363
1137 362 380
1138 362 381
1139 362 382
1140 363 364
1141 363 379
1142 363 380
1143 363 382
1144 363 383
1145 364 365
1146 364 378
1147 364 379
1148 364 383
1149 364 384
1150 365 366
1151 365 377
1152 365 378
1153 365 384
1154 365 385
1155 366 367
1156 366 376
1157 366 377
1158 366 385
1159 366 386
1160 367 368
1161 367 375
1162 367 376
1163 367 386
1164 367 387
1165 368 369
1166 368 374
1167 368 375
1168 368 387
1169 368 388
1170 369 370
1171 369 373
1172 369 374
1173 369 388
1174 369 389
1175 370 371
1176 370 372
1177 370 373
1178 370 389
1179 370 390
1180 371 372
1181 371 390
1182 371 391
1183 372 373
1184 372 391
1185 372 392
1186 373 374
1187 373 392
1188 373 393
1189 374 375
1190 374 393
1191 374 394
1192 375 376
1193 375 394
1194 375 395
1195 376 377
1196 376 395
1197 376 396
1198 377 378
1199 377 396
1200 377 397
1201 378 379
1202 378 397
1203 378 398
1204 379 380
1205 379 398
1206 379 399
1207 380 399
1208 380 400
1209 381 382
1210 381 400
1211 381 401
1212 381 402
1213 382 383
1214 382 402
1215 382 403
1216 383 384
1217 383 403
1218 383 404
1219 384 385
1220 384 404
1221 384 405
1222 385 386
1223 385 405
1224 385 406
1225 386 387
1226 386 406
1227 386 407
1228 387 388
1229 387 407
1230 387 408
1231 388 389
1232 388 408
1233 388 409
1234 389 390
1235 389 409
1236 389 410
1237 390 391
1238 390 410
1239 390 411
1240 391 392
1241 391 411
1242 391 412
1243 392 393
1244 392 412
1245 392 413
1246 393 394
1247 393 413
1248 393 414
1249 394 395
1250 394 414
1251 394 415
1252 395 396
1253 395 415
1254 395 416
1255 396 397
1256 396 416
1257 396 417
1258 397 398
1259 397 417
1260 397 418
1261 398 399
1262 398 418
1263 398 419
1264 399 400
1265 399 419
1266 399 420
1267 400 401
1268 400 420
1269 401 402
1270 401 420
1271 401 421
1272 401 440
1273 402 403
1274 402 421
1275 402 422
1276 403 404
1277 403 422
1278 403 423
1279 404 405
1280 404 423
1281 404 424
1282 405 406
1283 405 424
1284 405 425
1285 406 407
1286 406 425
1287 406 426
1288 407 408
1289 407 426
1290 407 427
1291 408 409
1292 408 427
1293 408 428
1294 409 410
1295 409 428
1296 409 429
1297 410 411
1298 410 429
1299 410 430
1300 411 412
1301 411 430
1302 411 431
1303 412 413
1304 412 431
1305 412 432
1306 413 414
1307 413 432
1308 413 433
1309 414 415
1310 414 433
1311 414 434
1312 415 416
1313 415 434
1314 415 435
1315 416 417
1316 416 435
1317 416 436
1318 417 418
1319 417 436
1320 417 437
1321 418 419
1322 418 437
1323 418 438
1324 419 420
1325 419 438
1326 419 439
1327 420 439
1328 420 440
1329 421 422
1330 421 440
1331 421 441
1332 421 442
1333 422 423
1334 422 442
1335 422 443
1336 423 424
1337 423 443
1338 423 444
1339 424 425
1340 424 444
1341 424 445
1342 425 426
1343 425 445
1344 425 446
1345 426 427
1346 426 446
1347 426 447
1348 427 428
1349 427 447
1350 427 448
1351 428 429
1352 428 448
1353 428 449
1354 429 430
1355 429 449
1356 429 450
1357 430 431
1358 430 450
1359 430 451
1360 431 432
1361 431 451
1362 431 452
1363 432 433
1364 432 452
1365 432 453
1366 433 434
1367 433 453
1368 433 454
1369 434 435
1370 434 454
1371 434 455
1372 435 436
1373 435 455
1374 435 456
1375 436 437
1376 436 456
1377 436 457
1378 437 438
1379 437 457
1380 437 458
1381 438 439
1382 438 458
1383 438 459
1384 439 440
1385 439 459
1386 439 460
1387 440 441
1388 440 460
1389 441 442
1390 441 460
1391 441 461
1392 441 480
1393 442 443
1394 442 461
1395 442 462
1396 443 444
1397 443 462
1398 443 463
1399 444 445
1400 444 463
1401 444 464
1402 445 446
1403 445 464
1404 445 465
1405 446 447
1406 446 465
1407 446 466
1408 447 448
1409 447 466
1410 447 467
1411 448 449
1412 448 467
1413 448 468
1414 449 450
1415 449 468
1416 449 469
1417 450 451
1418 450 469
1419 450 470
1420 451 452
1421 451 470
1422 451 471
1423 452 453
1424 452 471
1425 452 472
1426 453 454
1427 453 472
1428 453 473
1429 454 455
1430 454 473
1431 454 474
1432 455 456
1433 455 474
1434 455 475
1435 456 457
1436 456 475
1437 456 476
1438 457 458
1439 457 476
1440 457 477
1441 458 459
1442 458 477
1443 458 478
1444 459 460
1445 459 478
1446 459 479
1447 460 479
1448 460 480
1449 461 462
1450 461 480
1451 461 481
1452 461 482
1453 462 463
1454 462 482
1455 462 483
1456 463 464
1457 463 483
1458 463 484
1459 464 465
1460 464 484
1461 464 485
1462 465 466
1463 465 485
1464 465 486
1465 466 467
1466 466 486
1467 466 487
1468 467 468
1469 467 487
1470 467 488
1471 468 469
1472 468 488
1473 468 489
1474 469 470
1475 469 489
1476 469 490
1477 470 471
1478 470 490
1479 470 491
1480 471 472
1481 471 491
1482 471 492
1483 472 473
1484 472 492
1485 472 493
1486 473 474
1487 473 493
1488 473 494
1489 474 475
1490 474 494
1491 474 495
1492 475 476
1493 475 495
1494 475 496
1495 476 477
1496 476 496
1497 476 497
1498 477 478
1499 477 497
1500 477 498
1501 478 479
1502 478 498
1503 478 499
1504 479 480
1505 479 499
1506 479 500
1507 480 481
1508 480 500
1509 481 482
1510 481 500
1511 481 501
1512 481 520
1513 482 483
1514 482 500
1515 482 501
1516 482 502
1517 483 484
1518 483 499
1519 483 500
1520 483 502
1521 483 503
1522 484 485
1523 484 498
1524 484 499
1525 484 503
1526 484 504
1527 485 486
1528 485 497
1529 485 498
1530 485 504
1531 485 505
1532 486 487
1533 486 496
1534 486 497
1535 486 505
1536 486 506
1537 487 488
1538 487 495
1539 487 496
1540 487 506
1541 487 507
1542 488 489
1543 488 494
1544 488 495
1545 488 507
1546 488 508
1547 489 490
1548 489 493
1549 489 494
1550 489 508
1551 489 509
1552 490 491
1553 490 492
1554 490 493
1555 490 509
1556 490 510
1557 491 492
1558 491 510
1559 491 511
1560 492 493
1561 492 511
1562 492 512
1563 493 494
1564 493 512
1565 493 513
1566 494 495
1567 494 513
1568 494 514
1569 495 496
1570 495 514
1571 495 515
1572 496 497
1573 496 515
1574 496 516
1575 497 498
1576 497 516
1577 497 517
1578 498 499
1579 498 517
1580 498 518
1581 499 500
1582 499 518
1583 499 519
1584 500 519
1585 500 520
1586 501 502
1587 501 520
1588 501 521
1589 501 522
1590 502 503
1591 502 522
1592 502 523
1593 503 504
1594 503 523
1595 503 524
1596 504 505
1597 504 524
1598 504 525
1599 505 506
1600 505 525
1601 505 526
1602 506 507
1603 506 526
1604 506 527
1605 507 508
1606 507 527
1607 507 528
1608 508 509
1609 508 528
1610 508 529
1611 509 510
1612 509 529
1613 509 530
1614 510 511
1615 510 530
1616 510 531
1617 511 512
1618 511 531
1619 511 532
1620 512 513
1621 512 532
1622 512 533
1623 513 514
1624 513 533
1625 513 534
1626 514 515
1627 514 534
1628 514 535
1629 515 516
1630 515 535
1631 515 536
1632 516 517
1633 516 536
1634 516 537
1635 517 518
1636 517 537
1637 517 538
1638 518 519
1639 518 538
1640 518 539
1641 519 520
1642 519 539
1643 519 540
1644 520 521
1645 520 540
1646 521 522
1647 521 540
1648 521 541
1649 521 560
1650 522 523
1651 522 541
1652 522 542
1653 523 524
1654 523 542
1655 523 543
1656 524 525
1657 524 543
1658 524 544
1659 525 526
1660 525 544
1661 525 545
1662 526 527
1663 526 545
1664 526 546
1665 527 528
1666 527 546
1667 527 547
1668 528 529
1669 528 547
1670 528 548
1671 529 530
1672 529 548
1673 529 549
1674 530 531
1675 530 549
1676 530 550
1677 531 532
1678 531 550
1679 531 551
1680 532 533
1681 532 551
1682 532 552
1683 533 534
1684 533 552
1685 533 553
1686 534 535
1687 534 553
1688 534 554
1689 535 536
1690 535 554
1691 535 555
1692 536 537
1693 536 555
1694 536 556
1695 537 538
1696 537 556
1697 537 557
1698 538 539
1699 538 557
1700 538 558
1701 539 540
1702 539 558
1703 539 559
1704 540 559
1705 540 560
1706 541 542
1707 541 560
1708 541 561
1709 541 562
1710 542 543
1711 542 562
1712 542 563
1713 543 544
1714 543 563
1715 543 564
1716 544 545
1717 544 564
1718 544 565
1719 545 546
1720 545 565
1721 545 566
1722 546 547
1723 546 566
1724 546 567
1725 547 548
1726 547 567
1727 547 568
1728 548 549
1729 548 568
1730 548 569
1731 549 550
1732 549 569
1733 549 570
1734 550 551
1735 550 570
1736 550 571
1737 551 552
1738 551 571
1739 551 572
1740 552 553
1741 552 572
1742 552 573
1743 553 554
1744 553 573
1745 553 574
1746 554 555
1747 554 574
1748 554 575
1749 555 556
1750 555 575
1751 555 576
1752 556 557
1753 556 576
1754 556 577
1755 557 558
1756 557 577
1757 557 578
1758 558 559
1759 558 578
1760 558 579
1761 559 560
1762 559 579
1763 559 580
1764 560 561
1765 560 580
1766 561 562
1767 561 580
1768 561 581
1769 561 600
1770 562 563
1771 562 581
1772 562 582
1773 563 564
1774 563 582
1775 563 583
1776 564 565
1777 564 583
1778 564 584
1779 565 566
1780 565 584
1781 565 585
1782 566 567
1783 566 585
1784 566 586
1785 567 568
1786 567 586
1787 567 587
1788 568 569
1789 568 587
1790 568 588
1791 569 570
1792 569 588
1793 569 589
1794 570 571
1795 570 589
1796 570 590
1797 571 572
1798 571 590
1799 571 591
1800 572 573
1801 572 591
1802 572 592
1803 573 574
1804 573 592
1805 573 593
1806 574 575
1807 574 593
1808 574 594
1809 575 576
1810 575 594
1811 575 595
1812 576 577
1813 576 595
1814 576 596
1815 577 578
1816 577 596
1817 577 597
1818 578 579
1819 578 597
1820 578 598
1821 579 580
1822 579 598
1823 579 599
1824 580 599
1825 580 600
1826 581 582
1827 581 600
1828 581 601
1829 581 602
1830 582 583
1831 582 602
1832 582 603
1833 583 584
1834 583 603
1835 583 604
1836 584 585
1837 584 604
1838 584 605
1839 585 586
1840 585 605
1841 585 606
1842 586 587
1843 586 606
1844 586 607
1845 587 588
1846 587 607
1847 587 608
1848 588 589
1849 588 608
1850 588 609
1851 589 590
1852 589 609
1853 589 610
1854 590 591
1855 590 610
1856 590 611
1857 591 592
1858 591 611
1859 591 612
1860 592 593
1861 592 612
1862 592 613
1863 593 594
1864 593 613
1865 593 614
1866 594 595
1867 594 614
1868 594 615
1869 595 596
1870 595 615
1871 595 616
1872 596 597
1873 596 616
1874 596 617
1875 597 598
1876 597 617
1877 597 618
1878 598 599
1879 598 618
1880 598 619
1881 599 600
1882 599 619
1883 599 620
1884 600 601
1885 600 620
1886 601 602
1887 601 620
1888 602 603
1889 602 620
1890 603 604
1891 603 619
1892 603 620
1893 604 605
1894 604 618
1895 604 619
1896 605 606
1897 605 617
1898 605 618
1899 606 607
1900 606 616
1901 606 617
1902 607 608
1903 607 615
1904 607 616
1905 608 609
1906 608 614
1907 608 615
1908 609 610
1909 609 613
1910 609 614
1911 610 611
1912 610 612
1913 610 613
1914 611 612
1915 612 613
1916 613 614
1917 614 615
1918 615 616
1919 616 617
1920 617 618
1921 618 619
1922 619 620
$EndElements
$NodeData
1
"Fixity"
1
0
3
0
3
620
1 0 0 0
2 0 0 0
3 0 0 0
4 0 0 0
5 0 0 0
6 0 0 0
7 0 0 0
8 0 0 0
9 0 0 0
10 0 0 0
11 0 0 0
12 0 0 0
13 0 0 0
14 0 0 0
15 0 0 0
16 0 0 0
17 0 0 0
18 0 0 0
19 0 0 0
20 0 0 0
21 0 0 0
22 0 0 0
23 0 0 0
24 0 0 0
25 0 0 0
26 0 0 0
27 0 0 0
28 0 0 0
29 0 0 0
30 0 0 0
31 0 0 0
32 0 0 0
33 0 0 0
34 0 0 0
35 0 0 0
36 0 0 0
37 0 0 0
38 0 0 0
39 0 0 0
40 0 0 0
41 0 0 0
42 0 0 0
43 0 0 0
44 0 0 0
45 0 0 0
46 0 0 0
47 0 0 0
48 0 0 0
49 0 0 0
50 0 0 0
51 0 0 0
52 0 0 0
53 0 0 0
54 0 0 0
55 0 0 0
56 0 0 0
57 0 0 0
58 0 0 0
59 0 0 0
60 0 0 0
61 0 0 0
62 0 0 0
63 0 0 0
64 0 0 0
65 0 0 0
66 0 0 0
67 0 0 0
68 0 0 0
69 0 0 0
70 0 0 0
71 0 0 0
72 0 0 0
73 0 0 0
74 0 0 0
75 0 0 0
76 0 0 0
77 0 0 0
78 0 0 0
79 0 0 0
80 0 0 0
81 0 0 0
82 0 0 0
83 0 0 0
84 0 0 0
85 0 0 0
86 0 0 0
87 0 0 0
88 0 0 0
89 0 0 0
90 0 0 0
91 0 0 0
92 0 0 0
93 0 0 0
94 0 0 0
95 0 0 0
96 0 0 0
97 0 0 0
98 0 0 0
99 0 0 0
100 0 0 0
101 0 0 0
102 0 0 0
103 0 0 0
104 0 0 0
105 0 0 0
106 0 0 0
107 0 0 0
108 0 0 0
109 0 0 0
110 0 0 0
111 0 0 0
112 0 0 0
113 0 0 0
114 0 0 0
115 0 0 0
116 0 0 0
117 0 0 0
118 0 0 0
119 0 0 0
120 0 0 0
121 0 0 0
122 0 0 0
123 0 0 0
124 0 0 0
125 0 0 0
126 0 0 0
127 0 0 0
128 0 0 0
129 0 0 0
130 0 0 0
131 0 0 0
132 0 0 0
133 0 0 0
134 0 0 0
135 0 0 0
136 0 0 0
137 0 0 0
138 0 0 0
139 0 0 0
140 0 0 0
141 0 0 0
142 0 0 0
143 0 0 0
144 0 0 0
145 0 0 0
146 0 0 0
147 0 0 0
148 0 0 0
149 0 0 0
150 0 0 0
151 0 0 0
152 0 0 0
153 0 0 0
154 0 0 0
155 0 0 0
156 0 0 0
157 0 0 0
158 0 0 0
159 0 0 0
160 0 0 0
161 0 0 0
162 0 0 0
163 0 0 0
164 0 0 0
165 0 0 0
166 0 0 0
167 0 0 0
168 0 0 0
169 0 0 0
170 0 0 0
171 0 0 0
172 0 0 0
173 0 0 0
174 0 0 0
175 0 0 0
176 0 0 0
177 0 0 0
178 0 0 0
179 0 0 0
180 0 0 0
181 0 0 0
182 0 0 0
183 0 0 0
184 0 0 0
185 0 0 0
186 0 0 0
187 0 0 0
188 0 0 0
189 0 0 0
190 0 0 0
191 0 0 0
192 0 0 0
193 0 0 0
194 0 0 0
195 0 0 0
196 0 0 0
197 0 0 0
198 0 0 0
199 0 0 0
200 0 0 0
201 0 0 0
202 0 0 0
203 0 0 0
204 0 0 0
205 0 0 0
206 0 0 0
207 0 0 0
208 0 0 0
209 0 0 0
210 0 0 0
211 0 0 0
212 0 0 0
213 0 0 0
214 0 0 0
215 0 0 0
216 0 0 0
217 0 0 0
218 0 0 0
219 0 0 0
220 0 0 0
221 0 0 0
222 0 0 0
223 0 0 0
224 0 0 0
225 0 0 0
226 0 0 0
227 0 0 0
228 0 0 0
229 0 0 0
230 0 0 0
231 0 0 0
232 0 0 0
233 0 0 0
234 0 0 0
235 0 0 0
236 0 0 0
237 0 0 0
238 0 0 0
239 0 0 0
240 0 0 0
241 0 0 0
242 0 0 0
243 0 0 0
244 0 0 0
245 0 0 0
246 1 1 1
247 0 0 0
248 0 0 0
249 0 0 0
250 0 0 0
251 0 0 0
252 0 0 0
253 0 0 0
254 0 0 0
255 0 0 0
256 1 1 1
257 0 0 0
258 0 0 0
259 0 0 0
260 0 0 0
261 0 0 0
262 0 0 0
263 0 0 0
264 0 0 0
265 0 0 0
266 0 0 0
267 0 0 0
268 0 0 0
269 0 0 0
270 0 0 0
271 0 0 0
272 0 0 0
273 0 0 0
274 0 0 0
275 0 0 0
276 0 0 0
277 0 0 0
278 0 0 0
279 0 0 0
280 0 0 0
281 0 0 0
282 0 0 0
283 0 0 0
284 0 0 0
285 0 0 0
286 1 1 1
287 0 0 0
288 0 0 0
289 0 0 0
290 0 0 0
291 0 0 0
292 0 0 0
293 0 0 0
294 0 0 0
295 0 0 0
296 1 1 1
297 0 0 0
298 0 0 0
299 0 0 0
300 0 0 0
301 0 0 0
302 0 0 0
303 0 0 0
304 0 0 0
305 0 0 0
306 0 0 0
307 0 0 0
308 0 0 0
309 0 0 0
310 0 0 0
311 0 0 0
312 0 0 0
313 0 0 0
314 0 0 0
315 0 0 0
316 0 0 0
317 0 0 0
318 0 0 0
319 0 0 0
320 0 0 0
321 0 0 0
322 0 0 0
323 0 0 0
324 0 0 0
325 0 0 0
326 0 0 0
327 0 0 0
328 0 0 0
329 0 0 0
330 0 0 0
331 0 0 0
332 0 0 0
333 0 0 0
334 0 0 0
335 0 0 0
336 0 0 0
337 0 0 0
338 0 0 0
339 0 0 0
340 0 0 0
341 0 0 0
342 0 0 0
343 0 0 0
344 0 0 0
345 0 0 0
346 0 0 0
347 0 0 0
348 0 0 0
349 0 0 0
350 0 0 0
351 0 0 0
352 0 0 0
353 0 0 0
354 0 0 0
355 0 0 0
356 0 0 0
357 0 0 0
358 0 0 0
359 0 0 0
360 0 0 0
361 0 0 0
362 0 0 0
363 0 0 0
364 0 0 0
365 0 0 0
366 0 0 0
367 0 0 0
368 0 0 0
369 0 0 0
370 0 0 0
371 0 0 0
372 0 0 0
373 0 0 0
374 0 0 0
375 0 0 0
376 0 0 0
377 0 0 0
378 0 0 0
379 0 0 0
380 0 0 0
381 0 0 0
382 0 0 0
383 0 0 0
384 0 0 0
385 0 0 0
386 0 0 0
387 0 0 0
388 0 0 0
389 0 0 0
390 0 0 0
391 0 0 0
392 0 0 0
393 0 0 0
394 0 0 0
395 0 0 0
396 0 0 0
397 0 0 0
398 0 0 0
399 0 0 0
400 0 0 0
401 0 0 0
402 0 0 0
403 0 0 0
404 0 0 0
405 0 0 0
406 0 0 0
407 0 0 0
408 0 0 0
409 0 0 0
410 0 0 0
411 0 0 0
412 0 0 0
413 0 0 0
414 0 0 0
415 0 0 0
416 0 0 0
417 0 0 0
418 0 0 0
419 0 0 0
420 0 0 0
421 0 0 0
422 0 0 0
423 0 0 0
424 0 0 0
425 0 0 0
426 0 0 0
427 0 0 0
428 0 0 0
429 0 0 0
430 0 0 0
431 0 0 0
432 0 0 0
433 0 0 0
434 0 0 0
435 0 0 0
436 0 0 0
437 0 0 0
438 0 0 0
439 0 0 0
440 0 0 0
441 0 0 0
442 0 0 0
443 0 0 0
444 0 0 0
445 0 0 0
446 0 0 0
447 0 0 0
448 0 0 0
449 0 0 0
450 0 0 0
451 0 0 0
452 0 0 0
453 0 0 0
454 0 0 0
455 0 0 0
456 0 0 0
457 0 0 0
458 0 0 0
459 0 0 0
460 0 0 0
461 0 0 0
462 0 0 0
463 0 0 0
464 0 0 0
465 0 0 0
466 0 0 0
467 0 0 0
468 0 0 0
469 0 0 0
470 0 0 0
471 0 0 0
472 0 0 0
473 0 0 0
474 0 0 0
475 0 0 0
476 0 0 0
477 0 0 0
478 0 0 0
479 0 0 0
480 0 0 0
481 0 0 0
482 0 0 0
483 0 0 0
484 0 0 0
485 0 0 0
486 0 0 0
487 0 0 0
488 0 0 0
489 0 0 0
490 0 0 0
491 0 0 0
492 0 0 0
493 0 0 0
494 0 0 0
495 0 0 0
496 0 0 0
497 0 0 0
498 0 0 0
499 0 0 0
500 0 0 0
501 0 0 0
502 0 0 0
503 0 0 0
504 0 0 0
505 0 0 0
506 0 0 0
507 0 0 0
508 0 0 0
509 0 0 0
510 0 0 0
511 0 0 0
512 0 0 0
513 0 0 0
514 0 0 0
515 0 0 0
516 0 0 0
517 0 0 0
518 0 0 0
519 0 0 0
520 0 0 0
521 0 0 0
522 0 0 0
523 0 0 0
524 0 0 0
525 0 0 0
526 0 0 0
527 0 0 0
528 0 0 0
529 0 0 0
530 0 0 0
531 0 0 0
532 0 0 0
533 0 0 0
534 0 0 0
535 0 0 0
536 0 0 0
537 0 0 0
538 0 0 0
539 0 0 0
540 0 0 0
541 0 0 0
542 0 0 0
543 0 0 0
544 0 0 0
545 0 0 0
546 0 0 0
547 0 0 0
548 0 0 0
549 0 0 0
550 0 0 0
551 0 0 0
552 0 0 0
553 0 0 0
554 0 0 0
555 0 0 0
556 0 0 0
557 0 0 0
558 0 0 0
559 0 0 0
560 0 0 0
561 0 0 0
562 0 0 0
563 0 0 0
564 0 0 0
565 0 0 0
566 0 0 0
567 0 0 0
568 0 0 0
569 0 0 0
570 0 0 0
571 0 0 0
572 0 0 0
573 0 0 0
574 0 0 0
575 0 0 0
576 0 0 0
577 0 0 0
578 0 0 0
579 0 0 0
580 0 0 0
581 0 0 0
582 0 0 0
583 0 0 0
584 0 0 0
585 0 0 0
586 0 0 0
587 0 0 0
588 0 0 0
589 0 0 0
590 0 0 0
591 0 0 0
592 0 0 0
593 0 0 0
594 0 0 0
595 0 0 0
596 0 0 0
597 0 0 0
598 0 0 0
599 0 0 0
600 0 0 0
601 0 0 0
602 0 0 0
603 0 0 0
604 0 0 0
605 0 0 0
606 0 0 0
607 0 0 0
608 0 0 0
609 0 0 0
610 0 0 0
611 0 0 0
612 0 0 0
613 0 0 0
614 0 0 0
615 0 0 0
616 0 0 0
617 0 0 0
618 0 0 0
619 0 0 0
620 0 0 0
$EndNodeData
$NodeData
1
"NodalForce"
1
0
3
0
3
620
1 0 -588.399 0
2 0 -588.399 0
3 0 -588.399 0
4 0 -588.399 0
5 0 -588.399 0
6 0 -588.399 0
7 0 -588.399 0
8 0 -588.399 0
9 0 -588.399 0
10 0 -588.399 0
11 0 -588.399 0
12 0 -588.399 0
13 0 -588.399 0
14 0 -588.399 0
15 0 -588.399 0
16 0 -588.399 0
17 0 -588.399 0
18 0 -588.399 0
19 0 -588.399 0
20 0 -588.399 0
21 0 0 0
22 0 0 0
23 0 0 0
24 0 0 0
25 0 0 0
26 0 0 0
27 0 0 0
28 0 0 0
29 0 0 0
30 0 0 0
31 0 0 0
32 0 0 0
33 0 0 0
34 0 0 0
35 0 0 0
36 0 0 0
37 0 0 0
38 0 0 0
39 0 0 0
40 0 0 0
41 0 0 0
42 0 0 0
43 0 0 0
44 0 0 0
45 0 0 0
46 0 0 0
47 0 0 0
48 0 0 0
49 0 0 0
50 0 0 0
51 0 0 0
52 0 0 0
53 0 0 0
54 0 0 0
55 0 0 0
56 0 0 0
57 0 0 0
58 0 0 0
59 0 0 0
60 0 0 0
61 0 -735.49875 0
62 0 -735.49875 0
63 0 0 0
64 0 0 0
65 0 0 0
66 0 0 0
67 0 0 0
68 0 0 0
69 0 0 0
70 0 0 0
71 0 0 0
72 0 0 0
73 0 0 0
74 0 0 0
75 0 0 0
76 0 0 0
77 0 0 0
78 0 0 0
79 0 -735.49875 0
80 0 -735.49875 0
81 0 -588.399 0
82 0 -588.399 0
83 0 -588.399 0
84 0 0 0
85 0 0 0
86 0 0 0
87 0 0 0
88 0 0 0
89 0 0 0
90 0 0 0
91 0 0 0
92 0 0 0
93 0 0 0
94 0 0 0
95 0 0 0
96 0 0 0
97 0 0 0
98 0 0 0
99 0 -588.399 0
100 0 -588.399 0
101 0 -735.49875 0
102 0 -735.49875 0
103 0 0 0
104 0 0 0
105 0 0 0
106 0 0 0
107 0 0 0
108 0 0 0
109 0 0 0
110 0 0 0
111 0 0 0
112 0 0 0
113 0 0 0
114 0 0 0
115 0 0 0
116 0 0 0
117 0 0 0
118 0 0 0
119 0 -735.49875 0
120 0 -735.49875 0
121 0 -588.399 0
122 0 -588.399 0
123 0 -588.399 0
124 0 0 0
125 0 0 0
126 0 0 0
127 0 0 0
128 0 0 0
129 0 0 0
130 0 0 0
131 0 0 0
132 0 0 0
133 0 0 0
134 0 0 0
135 0 0 0
136 0 0 0
137 0 0 0
138 0 0 0
139 0 -588.399 0
140 0 -588.399 0
141 0 -735.49875 0
142 0 -735.49875 0
143 0 0 0
144 0 0 0
145 0 0 0
146 0 0 0
147 0 0 0
148 0 0 0
149 0 0 0
150 0 0 0
151 0 0 0
152 0 0 0
153 0 0 0
154 0 0 0
155 0 0 0
156 0 0 0
157 0 0 0
158 0 0 0
159 0 -735.49875 0
160 0 -735.49875 0
161 0 0 0
162 0 0 0
163 0 0 0
164 0 0 0
165 0 0 0
166 0 0 0
167 0 0 0
168 0 0 0
169 0 0 0
170 0 0 0
171 0 0 0
172 0 0 0
173 0 0 0
174 0 0 0
175 0 0 0
176 0 0 0
177 0 0 0
178 0 0 0
179 0 0 0
180 0 0 0
181 0 0 0
182 0 0 0
183 0 0 0
184 0 0 0
185 0 0 0
186 0 0 0
187 0 0 0
188 0 0 0
189 0 0 0
190 0 0 0
191 0 0 0
192 0 0 0
193 0 0 0
194 0 0 0
195 0 0 0
196 0 0 0
197 0 0 0
198 0 0 0
199 0 0 0
200 0 0 0
201 0 -1307.5533333333333 0
202 0 -1307.5533333333333 0
203 0 -1307.5533333333333 0
204 0 0 0
205 0 0 0
206 0 0 0
207 0 0 0
208 0 0 0
209 0 0 0
210 0 0 0
211 0 0 0
212 0 0 0
213 0 0 0
214 0 0 0
215 0 0 0
216 0 0 0
217 0 0 0
218 0 0 0
219 0 -1307.5533333333333 0
220 0 -1307.5533333333333 0
221 0 -1634.4416666666666 0
222 0 -1634.4416666666666 0
223 0 0 0
224 0 0 0
225 0 0 0
226 0 0 0
227 0 0 0
228 0 0 0
229 0 0 0
230 0 0 0
231 0 0 0
232 0 0 0
233 0 0 0
234 0 0 0
235 0 0 0
236 0 0 0
237 0 0 0
238 0 0 0
239 0 -1634.4416666666666 0
240 0 -1634.4416666666666 0
241 0 -1307.5533333333333 0
242 0 -1307.5533333333333 0
243 0 -1307.5533333333333 0
244 0 0 0
245 0 0 0
246 0 0 0
247 0 0 0
248 0 0 0
249 0 0 0
250 0 0 0
251 0 0 0
252 0 0 0
253 0 0 0
254 0 0 0
255 0 0 0
256 0 0 0
257 0 0 0
258 0 0 0
259 0 -1307.5533333333333 0
260 0 -1307.5533333333333 0
261 0 -1634.4416666666666 0
262 0 -1634.4416666666666 0
263 0 0 0
264 0 0 0
265 0 0 0
266 0 0 0
267 0 0 0
268 0 0 0
269 0 0 0
270 0 0 0
271 0 0 0
272 0 0 0
273 0 0 0
274 0 0 0
275 0 0 0
276 0 0 0
277 0 0 0
278 0 0 0
279 0 -1634.4416666666666 0
280 0 -1634.4416666666666 0
281 0 -1307.5533333333333 0
282 0 -1307.5533333333333 0
283 0 -1307.5533333333333 0
284 0 0 0
285 0 0 0
286 0 0 0
287 0 0 0
288 0 0 0
289 0 0 0
290 0 0 0
291 0 0 0
292 0 0 0
293 0 0 0
294 0 0 0
295 0 0 0
296 0 0 0
297 0 0 0
298 0 0 0
299 0 -1307.5533333333333 0
300 0 -1307.5533333333333 0
301 0 -1634.4416666666666 0
302 0 -1634.4416666666666 0
303 0 0 0
304 0 0 0
305 0 0 0
306 0 0 0
307 0 0 0
308 0 0 0
309 0 0 0
310 0 0 0
311 0 0 0
312 0 0 0
313 0 0 0
314 0 0 0
315 0 0 0
316 0 0 0
317 0 0 0
318 0 0 0
319 0 -1634.4416666666666 0
320 0 -1634.4416666666666 0
321 0 -1307.5533333333333 0
322 0 -1307.5533333333333 0
323 0 -1307.5533333333333 0
324 0 0 0
325 0 0 0
326 0 0 0
327 0 0 0
328 0 0 0
329 0 0 0
330 0 0 0
331 0 0 0
332 0 0 0
333 0 0 0
334 0 0 0
335 0 0 0
336 0 0 0
337 0 0 0
338 0 0 0
339 0 -1307.5533333333333 0
340 0 -1307.5533333333333 0
341 0 -1634.4416666666666 0
342 0 -1634.4416666666666 0
343 0 0 0
344 0 0 0
345 0 0 0
346 0 0 0
347 0 0 0
348 0 0 0
349 0 0 0
350 0 0 0
351 0 0 0
352 0 0 0
353 0 0 0
354 0 0 0
355 0 0 0
356 0 0 0
357 0 0 0
358 0 0 0
359 0 -1634.4416666666666 0
360 0 -1634.4416666666666 0
361 0 -1307.5533333333333 0
362 0 -1307.5533333333333 0
363 0 -1307.5533333333333 0
364 0 0 0
365 0 0 0
366 0 0 0
367 0 0 0
368 0 0 0
369 0 0 0
370 0 0 0
371 0 0 0
372 0 0 0
373 0 0 0
374 0 0 0
375 0 0 0
376 0 0 0
377 0 0 0
378 0 0 0
379 0 -1307.5533333333333 0
380 0 -1307.5533333333333 0
381 0 0 0
382 0 0 0
383 0 0 0
384 0 0 0
385 0 0 0
386 0 0 0
387 0 0 0
388 0 0 0
389 0 0 0
390 0 0 0
391 0 0 0
392 0 0 0
393 0 0 0
394 0 0 0
395 0 0 0
396 0 0 0
397 0 0 0
398 0 0 0
399 0 0 0
400 0 0 0
401 0 0 0
402 0 0 0
403 0 0 0
404 0 0 0
405 0 0 0
406 0 0 0
407 0 0 0
408 0 0 0
409 0 0 0
410 0 0 0
411 0 0 0
412 0 0 0
413 0 0 0
414 0 0 0
415 0 0 0
416 0 0 0
417 0 0 0
418 0 0 0
419 0 0 0
420 0 0 0
421 0 0 0
422 0 0 0
423 0 0 0
424 0 0 0
425 0 0 0
426 0 0 0
427 0 0 0
428 0 0 0
429 0 0 0
430 0 0 0
431 0 0 0
432 0 0 0
433 0 0 0
434 0 0 0
435 0 0 0
436 0 0 0
437 0 0 0
438 0 0 0
439 0 0 0
440 0 0 0
441 0 0 0
442 0 0 0
443 0 0 0
444 0 0 0
445 0 0 0
446 0 0 0
447 0 0 0
448 0 0 0
449 0 0 0
450 0 0 0
451 0 0 0
452 0 0 0
453 0 0 0
454 0 0 0
455 0 0 0
456 0 0 0
457 0 0 0
458 0 0 0
459 0 0 0
460 0 0 0
461 0 0 0
462 0 0 0
463 0 0 0
464 0 0 0
465 0 0 0
466 0 0 0
467 0 0 0
468 0 0 0
469 0 0 0
470 0 0 0
471 0 0 0
472 0 0 0
473 0 0 0
474 0 0 0
475 0 0 0
476 0 0 0
477 0 0 0
478 0 0 0
479 0 0 0
480 0 0 0
481 0 0 0
482 0 0 0
483 0 0 0
484 0 0 0
485 0 0 0
486 0 0 0
487 0 0 0
488 0 0 0
489 0 0 0
490 0 0 0
491 0 0 0
492 0 0 0
493 0 0 0
494 0 0 0
495 0 0 0
496 0 0 0
497 0 0 0
498 0 0 0
499 0 0 0
500 0 0 0
501 0 0 0
502 0 0 0
503 0 0 0
504 0 0 0
505 0 0 0
506 0 0 0
507 0 0 0
508 0 0 0
509 0 0 0
510 0 0 0
511 0 0 0
512 0 0 0
513 0 0 0
514 0 0 0
515 0 0 0
516 0 0 0
517 0 0 0
518 0 0 0
519 0 0 0
520 0 0 0
521 0 0 0
522 0 0 0
523 0 0 0
524 0 0 0
525 0 0 0
526 0 0 0
527 0 0 0
528 0 0 0
529 0 0 0
530 0 0 0
531 0 0 0
532 0 0 0
533 0 0 0
534 0 0 0
535 0 0 0
536 0 0 0
537 0 0 0
538 0 0 0
539 0 0 0
540 0 0 0
541 0 0 0
542 0 0 0
543 0 0 0
544 0 0 0
545 0 0 0
546 0 0 0
547 0 0 0
548 0 0 0
549 0 0 0
550 0 0 0
551 0 0 0
552 0 0 0
553 0 0 0
554 0 0 0
555 0 0 0
556 0 0 0
557 0 0 0
558 0 0 0
559 0 0 0
560 0 0 0
561 0 0 0
562 0 0 0
563 0 0 0
564 0 0 0
565 0 0 0
566 0 0 0
567 0 0 0
568 0 0 0
569 0 0 0
570 0 0 0
571 0 0 0
572 0 0 0
573 0 0 0
574 0 0 0
575 0 0 0
576 0 0 0
577 0 0 0
578 0 0 0
579 0 0 0
580 0 0 0
581 0 0 0
582 0 0 0
583 0 0 0
584 0 0 0
585 0 0 0
586 0 0 0
587 0 0 0
588 0 0 0
589 0 -1250 0
590 0 -1250 0
591 0 -1250 0
592 0 -1250 0
593 0 0 0
594 0 0 0
595 0 0 0
596 0 0 0
597 0 0 0
598 0 0 0
599 0 0 0
600 0 0 0
601 0 -735.49875 0
602 0 -735.49875 0
603 0 -735.49875 0
604 0 -735.49875 0
605 0 -735.49875 0
606 0 -735.49875 0
607 0 -735.49875 0
608 0 -735.49875 0
609 0 -1735.49875 0
610 0 -1735.49875 0
611 0 -1735.49875 0
612 0 -1735.49875 0
613 0 -1735.49875 0
614 0 -735.49875 0
615 0 -735.49875 0
616 0 -735.49875 0
617 0 -735.49875 0
618 0 -735.49875 0
619 0 -735.49875 0
620 0 -735.49875 0
$EndNodeData
$ElementData
1
"CrossSectionArea"
1
0
3
0
1
1922
1 0.00030000000000000003
2 0.00030000000000000003
3 5e-04
4 5e-04
5 0.00030000000000000003
6 0.00030000000000000003
7 5e-04
8 5e-04
9 0.00030000000000000003
10 0.00030000000000000003
11 0.00030000000000000003
12 5e-04
13 5e-04
14 0.00030000000000000003
15 0.00030000000000000003
16 0.00030000000000000003
17 5e-04
18 5e-04
19 0.00030000000000000003
20 0.00030000000000000003
21 0.00030000000000000003
22 5e-04
23 5e-04
24 0.00030000000000000003
25 0.00030000000000000003
26 0.00030000000000000003
27 5e-04
28 5e-04
29 0.00030000000000000003
30 0.00030000000000000003
31 0.00030000000000000003
32 5e-04
33 5e-04
34 0.00030000000000000003
35 0.00030000000000000003
36 0.00030000000000000003
37 5e-04
38 5e-04
39 0.00030000000000000003
40 0.00030000000000000003
41 0.00030000000000000003
42 5e-04
43 5e-04
44 0.00030000000000000003
45 0.00030000000000000003
46 0.00030000000000000003
47 5e-04
48 5e-04
49 0.00030000000000000003
50 5e-04
51 5e-04
52 0.00030000000000000003
53 5e-04
54 5e-04
55 0.00030000000000000003
56 5e-04
57 5e-04
58 0.00030000000000000003
59 5e-04
60 5e-04
61 0.00030000000000000003
62 5e-04
63 5e-04
64 0.00030000000000000003
65 5e-04
66 5e-04
67 0.00030000000000000003
68 5e-04
69 5e-04
70 0.00030000000000000003
71 5e-04
72 5e-04
73 0.00030000000000000003
74 5e-04
75 5e-04
76 5e-04
77 5e-04
78 0.00030000000000000003
79 0.00030000000000000003
80 5e-04
81 5e-04
82 0.00030000000000000003
83 5e-04
84 5e-04
85 0.00030000000000000003
86 5e-04
87 5e-04
88 0.00030000000000000003
89 5e-04
90 5e-04
91 0.00030000000000000003
92 5e-04
93 5e-04
94 0.00030000000000000003
95 5e-04
96 5e-04
97 0.00030000000000000003
98 5e-04
99 5e-04
100 0.00030000000000000003
101 5e-04
102 5e-04
103 0.00030000000000000003
104 5e-04
105 5e-04
106 0.00030000000000000003
107 5e-04
108 5e-04
109 0.00030000000000000003
110 5e-04
111 5e-04
112 0.00030000000000000003
113 5e-04
114 5e-04
115 0.00030000000000000003
116 5e-04
117 5e-04
118 0.00030000000000000003
119 5e-04
120 5e-04
121 0.00030000000000000003
122 5e-04
123 5e-04
124 0.00030000000000000003
125 5e-04
126 5e-04
127 0.00030000000000000003
128 5e-04
129 5e-04
130 0.00030000000000000003
131 5e-04
132 5e-04
133 0.00030000000000000003
134 5e-04
135 5e-04
136 5e-04
137 5e-04
138 0.00030000000000000003
139 0.00030000000000000003
140 5e-04
141 5e-04
142 0.00030000000000000003
143 5e-04
144 5e-04
145 0.00030000000000000003
146 5e-04
147 5e-04
148 0.00030000000000000003
149 5e-04
150 5e-04
151 0.00030000000000000003
152 5e-04
153 5e-04
154 0.00030000000000000003
155 5e-04
156 5e-04
157 0.00030000000000000003
158 5e-04
159 5e-04
160 0.00030000000000000003
161 5e-04
162 5e-04
163 0.00030000000000000003
164 5e-04
165 5e-04
166 0.00030000000000000003
167 5e-04
168 5e-04
169 0.00030000000000000003
170 5e-04
171 5e-04
172 0.00030000000000000003
173 5e-04
174 5e-04
175 0.00030000000000000003
176 5e-04
177 5e-04
178 0.00030000000000000003
179 5e-04
180 5e-04
181 0.00030000000000000003
182 5e-04
183 5e-04
184 0.00030000000000000003
185 5e-04
186 5e-04
187 0.00030000000000000003
188 5e-04
189 5e-04
190 0.00030000000000000003
191 5e-04
192 5e-04
193 0.00030000000000000003
194 5e-04
195 5e-04
196 5e-04
197 5e-04
198 0.00030000000000000003
199 0.00030000000000000003
200 5e-04
201 5e-04
202 0.00030000000000000003
203 5e-04
204 5e-04
205 0.00030000000000000003
206 5e-04
207 5e-04
208 0.00030000000000000003
209 5e-04
210 5e-04
211 0.00030000000000000003
212 5e-04
213 5e-04
214 0.00030000000000000003
215 5e-04
216 5e-04
217 0.00030000000000000003
218 5e-04
219 5e-04
220 0.00030000000000000003
221 5e-04
222 5e-04
223 0.00030000000000000003
224 5e-04
225 5e-04
226 0.00030000000000000003
227 5e-04
228 5e-04
229 0.00030000000000000003
230 5e-04
231 5e-04
232 0.00030000000000000003
233 5e-04
234 5e-04
235 0.00030000000000000003
236 5e-04
237 5e-04
238 0.00030000000000000003
239 5e-04
240 5e-04
241 0.00030000000000000003
242 5e-04
243 5e-04
244 0.00030000000000000003
245 5e-04
246 5e-04
247 0.00030000000000000003
248 5e-04
249 5e-04
250 0.00030000000000000003
251 5e-04
252 5e-04
253 0.00030000000000000003
254 5e-04
255 5e-04
256 5e-04
257 5e-04
258 0.00030000000000000003
259 0.00030000000000000003
260 5e-04
261 5e-04
262 0.00030000000000000003
263 5e-04
264 5e-04
265 0.00030000000000000003
266 5e-04
267 5e-04
268 0.00030000000000000003
269 5e-04
270 5e-04
271 0.00030000000000000003
272 5e-04
273 5e-04
274 0.00030000000000000003
275 5e-04
276 5e-04
277 0.00030000000000000003
278 5e-04
279 5e-04
280 0.00030000000000000003
281 5e-04
282 5e-04
283 0.00030000000000000003
284 5e-04
285 5e-04
286 0.00030000000000000003
287 5e-04
288 5e-04
289 0.00030000000000000003
290 5e-04
291 5e-04
292 0.00030000000000000003
293 5e-04
294 5e-04
295 0.00030000000000000003
296 5e-04
297 5e-04
298 0.00030000000000000003
299 5e-04
300 5e-04
301 0.00030000000000000003
302 5e-04
303 5e-04
304 0.00030000000000000003
305 5e-04
306 5e-04
307 0.00030000000000000003
308 5e-04
309 5e-04
310 0.00030000000000000003
311 5e-04
312 5e-04
313 0.00030000000000000003
314 5e-04
315 5e-04
316 5e-04
317 5e-04
318 0.00030000000000000003
319 0.00030000000000000003
320 5e-04
321 5e-04
322 0.00030000000000000003
323 5e-04
324 5e-04
325 0.00030000000000000003
326 5e-04
327 5e-04
328 0.00030000000000000003
329 5e-04
330 5e-04
331 0.00030000000000000003
332 5e-04
333 5e-04
334 0.00030000000000000003
335 5e-04
336 5e-04
337 0.00030000000000000003
338 5e-04
339 5e-04
340 0.00030000000000000003
341 5e-04
342 5e-04
343 0.00030000000000000003
344 5e-04
345 5e-04
346 0.00030000000000000003
347 5e-04
348 5e-04
349 0.00030000000000000003
350 5e-04
351 5e-04
352 0.00030000000000000003
353 5e-04
354 5e-04
355 0.00030000000000000003
356 5e-04
357 5e-04
358 0.00030000000000000003
359 5e-04
360 5e-04
361 0.00030000000000000003
362 5e-04
363 5e-04
364 0.00030000000000000003
365 5e-04
366 5e-04
367 0.00030000000000000003
368 5e-04
369 5e-04
370 0.00030000000000000003
371 5e-04
372 5e-04
373 0.00030000000000000003
374 5e-04
375 5e-04
376 5e-04
377 5e-04
378 0.00030000000000000003
379 0.00030000000000000003
380 5e-04
381 5e-04
382 0.00030000000000000003
383 0.00030000000000000003
384 5e-04
385 5e-04
386 0.00030000000000000003
387 0.00030000000000000003
388 0.00030000000000000003
389 5e-04
390 5e-04
391 0.00030000000000000003
392 0.00030000000000000003
393 0.00030000000000000003
394 5e-04
395 5e-04
396 0.00030000000000000003
397 0.00030000000000000003
398 0.00030000000000000003
399 5e-04
400 5e-04
401 0.00030000000000000003
402 0.00030000000000000003
403 0.00030000000000000003
404 5e-04
405 5e-04
406 0.00030000000000000003
407 0.00030000000000000003
408 0.00030000000000000003
409 5e-04
410 5e-04
411 0.00030000000000000003
412 0.00030000000000000003
413 0.00030000000000000003
414 5e-04
415 5e-04
416 0.00030000000000000003
417 0.00030000000000000003
418 0.00030000000000000003
419 5e-04
420 5e-04
421 0.00030000000000000003
422 0.00030000000000000003
423 0.00030000000000000003
424 5e-04
425 5e-04
426 0.00030000000000000003
427 5e-04
428 5e-04
429 0.00030000000000000003
430 5e-04
431 5e-04
432 0.00030000000000000003
433 5e-04
434 5e-04
435 0.00030000000000000003
436 5e-04
437 5e-04
438 0.00030000000000000003
439 5e-04
440 5e-04
441 0.00030000000000000003
442 5e-04
443 5e-04
444 0.00030000000000000003
445 5e-04
446 5e-04
447 0.00030000000000000003
448 5e-04
449 5e-04
450 0.00030000000000000003
451 5e-04
452 5e-04
453 5e-04
454 5e-04
455 0.00030000000000000003
456 0.00030000000000000003
457 5e-04
458 5e-04
459 0.00030000000000000003
460 5e-04
461 5e-04
462 0.00030000000000000003
463 5e-04
464 5e-04
465 0.00030000000000000003
466 5e-04
467 5e-04
468 0.00030000000000000003
469 5e-04
470 5e-04
471 0.00030000000000000003
472 5e-04
473 5e-04
474 0.00030000000000000003
475 5e-04
476 5e-04
477 0.00030000000000000003
478 5e-04
479 5e-04
480 0.00030000000000000003
481 5e-04
482 5e-04
483 0.00030000000000000003
484 5e-04
485 5e-04
486 0.00030000000000000003
487 5e-04
488 5e-04
489 0.00030000000000000003
490 5e-04
491 5e-04
492 0.00030000000000000003
493 5e-04
494 5e-04
495 0.00030000000000000003
496 5e-04
497 5e-04
498 0.00030000000000000003
499 5e-04
500 5e-04
501 0.00030000000000000003
502 5e-04
503 5e-04
504 0.00030000000000000003
505 5e-04
506 5e-04
507 0.00030000000000000003
508 5e-04
509 5e-04
510 0.00030000000000000003
511 5e-04
512 5e-04
513 5e-04
514 5e-04
515 0.00030000000000000003
516 0.00030000000000000003
517 5e-04
518 5e-04
519 0.00030000000000000003
520 5e-04
521 5e-04
522 0.00030000000000000003
523 5e-04
524 5e-04
525 0.00030000000000000003
526 5e-04
527 5e-04
528 0.00030000000000000003
529 5e-04
530 5e-04
531 0.00030000000000000003
532 5e-04
533 5e-04
534 0.00030000000000000003
535 5e-04
536 5e-04
537 0.00030000000000000003
538 5e-04
539 5e-04
540 0.00030000000000000003
541 5e-04
542 5e-04
543 0.00030000000000000003
544 5e-04
545 5e-04
546 0.00030000000000000003
547 5e-04
548 5e-04
549 0.00030000000000000003
550 5e-04
551 5e-04
552 0.00030000000000000003
553 5e-04
554 5e-04
555 0.00030000000000000003
556 5e-04
557 5e-04
558 0.00030000000000000003
559 5e-04
560 5e-04
561 0.00030000000000000003
562 5e-04
563 5e-04
564 0.00030000000000000003
565 5e-04
566 5e-04
567 0.00030000000000000003
568 5e-04
569 5e-04
570 0.00030000000000000003
571 5e-04
572 5e-04
573 5e-04
574 5e-04
575 0.00030000000000000003
576 0.00030000000000000003
577 5e-04
578 5e-04
579 0.00030000000000000003
580 5e-04
581 5e-04
582 0.00030000000000000003
583 5e-04
584 5e-04
585 0.00030000000000000003
586 5e-04
587 5e-04
588 0.00030000000000000003
589 5e-04
590 5e-04
591 0.00030000000000000003
592 5e-04
593 5e-04
594 0.00030000000000000003
595 5e-04
596 5e-04
597 0.00030000000000000003
598 5e-04
599 5e-04
600 0.00030000000000000003
601 5e-04
602 5e-04
603 0.00030000000000000003
604 5e-04
605 5e-04
606 0.00030000000000000003
607 5e-04
608 5e-04
609 0.00030000000000000003
610 5e-04
611 5e-04
612 0.00030000000000000003
613 5e-04
614 5e-04
615 0.00030000000000000003
616 5e-04
617 5e-04
618 0.00030000000000000003
619 5e-04
620 5e-04
621 0.00030000000000000003
622 5e-04
623 5e-04
624 0.00030000000000000003
625 5e-04
626 5e-04
627 0.00030000000000000003
628 5e-04
629 5e-04
630 0.00030000000000000003
631 5e-04
632 5e-04
633 5e-04
634 5e-04
635 0.00030000000000000003
636 0.00030000000000000003
637 5e-04
638 5e-04
639 0.00030000000000000003
640 5e-04
641 5e-04
642 0.00030000000000000003
643 5e-04
644 5e-04
645 0.00030000000000000003
646 5e-04
647 5e-04
648 0.00030000000000000003
649 5e-04
650 5e-04
651 0.00030000000000000003
652 5e-04
653 5e-04
654 0.00030000000000000003
655 5e-04
656 5e-04
657 0.00030000000000000003
658 5e-04
659 5e-04
660 0.00030000000000000003
661 5e-04
662 5e-04
663 0.00030000000000000003
664 5e-04
665 5e-04
666 0.00030000000000000003
667 5e-04
668 5e-04
669 0.00030000000000000003
670 5e-04
671 5e-04
672 0.00030000000000000003
673 5e-04
674 5e-04
675 0.00030000000000000003
676 5e-04
677 5e-04
678 0.00030000000000000003
679 5e-04
680 5e-04
681 0.00030000000000000003
682 5e-04
683 5e-04
684 0.00030000000000000003
685 5e-04
686 5e-04
687 0.00030000000000000003
688 5e-04
689 5e-04
690 0.00030000000000000003
691 5e-04
692 5e-04
693 5e-04
694 5e-04
695 0.00030000000000000003
696 0.00030000000000000003
697 5e-04
698 5e-04
699 0.00030000000000000003
700 5e-04
701 5e-04
702 0.00030000000000000003
703 5e-04
704 5e-04
705 0.00030000000000000003
706 5e-04
707 5e-04
708 0.00030000000000000003
709 5e-04
710 5e-04
711 0.00030000000000000003
712 5e-04
713 5e-04
714 0.00030000000000000003
715 5e-04
716 5e-04
717 0.00030000000000000003
718 5e-04
719 5e-04
720 0.00030000000000000003
721 5e-04
722 5e-04
723 0.00030000000000000003
724 5e-04
725 5e-04
726 0.00030000000000000003
727 5e-04
728 5e-04
729 0.00030000000000000003
730 5e-04
731 5e-04
732 0.00030000000000000003
733 5e-04
734 5e-04
735 0.00030000000000000003
736 5e-04
737 5e-04
738 0.00030000000000000003
739 5e-04
740 5e-04
741 0.00030000000000000003
742 5e-04
743 5e-04
744 0.00030000000000000003
745 5e-04
746 5e-04
747 0.00030000000000000003
748 5e-04
749 5e-04
750 0.00030000000000000003
751 5e-04
752 5e-04
753 5e-04
754 5e-04
755 0.00030000000000000003
756 0.00030000000000000003
757 5e-04
758 5e-04
759 0.00030000000000000003
760 0.00030000000000000003
761 5e-04
762 5e-04
763 0.00030000000000000003
764 0.00030000000000000003
765 0.00030000000000000003
766 5e-04
767 5e-04
768 0.00030000000000000003
769 0.00030000000000000003
770 0.00030000000000000003
771 5e-04
772 5e-04
773 0.00030000000000000003
774 0.00030000000000000003
775 0.00030000000000000003
776 5e-04
777 5e-04
778 0.00030000000000000003
779 0.00030000000000000003
780 0.00030000000000000003
781 5e-04
782 5e-04
783 0.00030000000000000003
784 0.00030000000000000003
785 0.00030000000000000003
786 5e-04
787 5e-04
788 0.00030000000000000003
789 0.00030000000000000003
790 0.00030000000000000003
791 5e-04
792 5e-04
793 0.00030000000000000003
794 0.00030000000000000003
795 0.00030000000000000003
796 5e-04
797 5e-04
798 0.00030000000000000003
799 0.00030000000000000003
800 0.00030000000000000003
801 5e-04
802 5e-04
803 0.00030000000000000003
804 5e-04
805 5e-04
806 0.00030000000000000003
807 5e-04
808 5e-04
809 0.00030000000000000003
810 5e-04
811 5e-04
812 0.00030000000000000003
813 5e-04
814 5e-04
815 0.00030000000000000003
816 5e-04
817 5e-04
818 0.00030000000000000003
819 5e-04
820 5e-04
821 0.00030000000000000003
822 5e-04
823 5e-04
824 0.00030000000000000003
825 5e-04
826 5e-04
827 0.00030000000000000003
828 5e-04
829 5e-04
830 5e-04
831 5e-04
832 0.00030000000000000003
833 0.00030000000000000003
834 5e-04
835 5e-04
836 0.00030000000000000003
837 5e-04
838 5e-04
839 0.00030000000000000003
840 5e-04
841 5e-04
842 0.00030000000000000003
843 5e-04
844 5e-04
845 0.00030000000000000003
846 5e-04
847 5e-04
848 0.00030000000000000003
849 5e-04
850 5e-04
851 0.00030000000000000003
852 5e-04
853 5e-04
854 0.00030000000000000003
855 5e-04
856 5e-04
857 0.00030000000000000003
858 5e-04
859 5e-04
860 0.00030000000000000003
861 5e-04
862 5e-04
863 0.00030000000000000003
864 5e-04
865 5e-04
866 0.00030000000000000003
867 5e-04
868 5e-04
869 0.00030000000000000003
870 5e-04
871 5e-04
872 0.00030000000000000003
873 5e-04
874 5e-04
875 0.00030000000000000003
876 5e-04
877 5e-04
878 0.00030000000000000003
879 5e-04
880 5e-04
881 0.00030000000000000003
882 5e-04
883 5e-04
884 0.00030000000000000003
885 5e-04
886 5e-04
887 0.00030000000000000003
888 5e-04
889 5e-04
890 5e-04
891 5e-04
892 0.00030000000000000003
893 0.00030000000000000003
894 5e-04
895 5e-04
896 0.00030000000000000003
897 5e-04
898 5e-04
899 0.00030000000000000003
900 5e-04
901 5e-04
902 0.00030000000000000003
903 5e-04
904 5e-04
905 0.00030000000000000003
906 5e-04
907 5e-04
908 0.00030000000000000003
909 5e-04
910 5e-04
911 0.00030000000000000003
912 5e-04
913 5e-04
914 0.00030000000000000003
915 5e-04
916 5e-04
917 0.00030000000000000003
918 5e-04
919 5e-04
920 0.00030000000000000003
921 5e-04
922 5e-04
923 0.00030000000000000003
924 5e-04
925 5e-04
926 0.00030000000000000003
927 5e-04
928 5e-04
929 0.00030000000000000003
930 5e-04
931 5e-04
932 0.00030000000000000003
933 5e-04
934 5e-04
935 0.00030000000000000003
936 5e-04
937 5e-04
938 0.00030000000000000003
939 5e-04
940 5e-04
941 0.00030000000000000003
942 5e-04
943 5e-04
944 0.00030000000000000003
945 5e-04
946 5e-04
947 0.00030000000000000003
948 5e-04
949 5e-04
950 5e-04
951 5e-04
952 0.00030000000000000003
953 0.00030000000000000003
954 5e-04
955 5e-04
956 0.00030000000000000003
957 5e-04
958 5e-04
959 0.00030000000000000003
960 5e-04
961 5e-04
962 0.00030000000000000003
963 5e-04
964 5e-04
965 0.00030000000000000003
966 5e-04
967 5e-04
968 0.00030000000000000003
969 5e-04
970 5e-04
971 0.00030000000000000003
972 5e-04
973 5e-04
974 0.00030000000000000003
975 5e-04
976 5e-04
977 0.00030000000000000003
978 5e-04
979 5e-04
980 0.00030000000000000003
981 5e-04
982 5e-04
983 0.00030000000000000003
984 5e-04
985 5e-04
986 0.00030000000000000003
987 5e-04
988 5e-04
989 0.00030000000000000003
990 5e-04
991 5e-04
992 0.00030000000000000003
993 5e-04
994 5e-04
995 0.00030000000000000003
996 5e-04
997 5e-04
998 0.00030000000000000003
999 5e-04
1000 5e-04
1001 0.00030000000000000003
1002 5e-04
1003 5e-04
1004 0.00030000000000000003
1005 5e-04
1006 5e-04
1007 0.00030000000000000003
1008 5e-04
1009 5e-04
1010 5e-04
1011 5e-04
1012 0.00030000000000000003
1013 0.00030000000000000003
1014 5e-04
1015 5e-04
1016 0.00030000000000000003
1017 5e-04
1018 5e-04
1019 0.00030000000000000003
1020 5e-04
1021 5e-04
1022 0.00030000000000000003
1023 5e-04
1024 5e-04
1025 0.00030000000000000003
1026 5e-04
1027 5e-04
1028 0.00030000000000000003
1029 5e-04
1030 5e-04
1031 0.00030000000000000003
1032 5e-04
1033 5e-04
1034 0.00030000000000000003
1035 5e-04
1036 5e-04
1037 0.00030000000000000003
1038 5e-04
1039 5e-04
1040 0.00030000000000000003
1041 5e-04
1042 5e-04
1043 0.00030000000000000003
1044 5e-04
1045 5e-04
1046 0.00030000000000000003
1047 5e-04
1048 5e-04
1049 0.00030000000000000003
1050 5e-04
1051 5e-04
1052 0.00030000000000000003
1053 5e-04
1054 5e-04
1055 0.00030000000000000003
1056 5e-04
1057 5e-04
1058 0.00030000000000000003
1059 5e-04
1060 5e-04
1061 0.00030000000000000003
1062 5e-04
1063 5e-04
1064 0.00030000000000000003
1065 5e-04
1066 5e-04
1067 0.00030000000000000003
1068 5e-04
1069 5e-04
1070 5e-04
1071 5e-04
1072 0.00030000000000000003
1073 0.00030000000000000003
1074 5e-04
1075 5e-04
1076 0.00030000000000000003
1077 5e-04
1078 5e-04
1079 0.00030000000000000003
1080 5e-04
1081 5e-04
1082 0.00030000000000000003
1083 5e-04
1084 5e-04
1085 0.00030000000000000003
1086 5e-04
1087 5e-04
1088 0.00030000000000000003
1089 5e-04
1090 5e-04
1091 0.00030000000000000003
1092 5e-04
1093 5e-04
1094 0.00030000000000000003
1095 5e-04
1096 5e-04
1097 0.00030000000000000003
1098 5e-04
1099 5e-04
1100 0.00030000000000000003
1101 5e-04
1102 5e-04
1103 0.00030000000000000003
1104 5e-04
1105 5e-04
1106 0.00030000000000000003
1107 5e-04
1108 5e-04
1109 0.00030000000000000003
1110 5e-04
1111 5e-04
1112 0.00030000000000000003
1113 5e-04
1114 5e-04
1115 0.00030000000000000003
1116 5e-04
1117 5e-04
1118 0.00030000000000000003
1119 5e-04
1120 5e-04
1121 0.00030000000000000003
1122 5e-04
1123 5e-04
1124 0.00030000000000000003
1125 5e-04
1126 5e-04
1127 0.00030000000000000003
1128 5e-04
1129 5e-04
1130 5e-04
1131 5e-04
1132 0.00030000000000000003
1133 0.00030000000000000003
1134 5e-04
1135 5e-04
1136 0.00030000000000000003
1137 0.00030000000000000003
1138 5e-04
1139 5e-04
1140 0.00030000000000000003
1141 0.00030000000000000003
1142 0.00030000000000000003
1143 5e-04
1144 5e-04
1145 0.00030000000000000003
1146 0.00030000000000000003
1147 0.00030000000000000003
1148 5e-04
1149 5e-04
1150 0.00030000000000000003
1151 0.00030000000000000003
1152 0.00030000000000000003
1153 5e-04
1154 5e-04
1155 0.00030000000000000003
1156 0.00030000000000000003
1157 0.00030000000000000003
1158 5e-04
1159 5e-04
1160 0.00030000000000000003
1161 0.00030000000000000003
1162 0.00030000000000000003
1163 5e-04
1164 5e-04
1165 0.00030000000000000003
1166 0.00030000000000000003
1167 0.00030000000000000003
1168 5e-04
1169 5e-04
1170 0.00030000000000000003
1171 0.00030000000000000003
1172 0.00030000000000000003
1173 5e-04
1174 5e-04
1175 0.00030000000000000003
1176 0.00030000000000000003
1177 0.00030000000000000003
1178 5e-04
1179 5e-04
1180 0.00030000000000000003
1181 5e-04
1182 5e-04
1183 0.00030000000000000003
1184 5e-04
1185 5e-04
1186 0.00030000000000000003
1187 5e-04
1188 5e-04
1189 0.00030000000000000003
1190 5e-04
1191 5e-04
1192 0.00030000000000000003
1193 5e-04
1194 5e-04
1195 0.00030000000000000003
1196 5e-04
1197 5e-04
1198 0.00030000000000000003
1199 5e-04
1200 5e-04
1201 0.00030000000000000003
1202 5e-04
1203 5e-04
1204 0.00030000000000000003
1205 5e-04
1206 5e-04
1207 5e-04
1208 5e-04
1209 0.00030000000000000003
1210 0.00030000000000000003
1211 5e-04
1212 5e-04
1213 0.00030000000000000003
1214 5e-04
1215 5e-04
1216 0.00030000000000000003
1217 5e-04
1218 5e-04
1219 0.00030000000000000003
1220 5e-04
1221 5e-04
1222 0.00030000000000000003
1223 5e-04
1224 5e-04
1225 0.00030000000000000003
1226 5e-04
1227 5e-04
1228 0.00030000000000000003
1229 5e-04
1230 5e-04
1231 0.00030000000000000003
1232 5e-04
1233 5e-04
1234 0.00030000000000000003
1235 5e-04
1236 5e-04
1237 0.00030000000000000003
1238 5e-04
1239 5e-04
1240 0.00030000000000000003
1241 5e-04
1242 5e-04
1243 0.00030000000000000003
1244 5e-04
1245 5e-04
1246 0.00030000000000000003
1247 5e-04
1248 5e-04
1249 0.00030000000000000003
1250 5e-04
1251 5e-04
1252 0.00030000000000000003
1253 5e-04
1254 5e-04
1255 0.00030000000000000003
1256 5e-04
1257 5e-04
1258 0.00030000000000000003
1259 5e-04
1260 5e-04
1261 0.00030000000000000003
1262 5e-04
1263 5e-04
1264 0.00030000000000000003
1265 5e-04
1266 5e-04
1267 5e-04
1268 5e-04
1269 0.00030000000000000003
1270 0.00030000000000000003
1271 5e-04
1272 5e-04
1273 0.00030000000000000003
1274 5e-04
1275 5e-04
1276 0.00030000000000000003
1277 5e-04
1278 5e-04
1279 0.00030000000000000003
1280 5e-04
1281 5e-04
1282 0.00030000000000000003
1283 5e-04
1284 5e-04
1285 0.00030000000000000003
1286 5e-04
1287 5e-04
1288 0.00030000000000000003
1289 5e-04
1290 5e-04
1291 0.00030000000000000003
1292 5e-04
1293 5e-04
1294 0.00030000000000000003
1295 5e-04
1296 5e-04
1297 0.00030000000000000003
1298 5e-04
1299 5e-04
1300 0.00030000000000000003
1301 5e-04
1302 5e-04
1303 0.00030000000000000003
1304 5e-04
1305 5e-04
1306 0.00030000000000000003
1307 5e-04
1308 5e-04
1309 0.00030000000000000003
1310 5e-04
1311 5e-04
1312 0.00030000000000000003
1313 5e-04
1314 5e-04
1315 0.00030000000000000003
1316 5e-04
1317 5e-04
1318 0.00030000000000000003
1319 5e-04
1320 5e-04
1321 0.00030000000000000003
1322 5e-04
1323 5e-04
1324 0.00030000000000000003
1325 5e-04
1326 5e-04
1327 5e-04
1328 5e-04
1329 0.00030000000000000003
1330 0.00030000000000000003
1331 5e-04
1332 5e-04
1333 0.00030000000000000003
1334 5e-04
1335 5e-04
1336 0.00030000000000000003
1337 5e-04
1338 5e-04
1339 0.00030000000000000003
1340 5e-04
1341 5e-04
1342 0.00030000000000000003
1343 5e-04
1344 5e-04
1345 0.00030000000000000003
1346 5e-04
1347 5e-04
1348 0.00030000000000000003
1349 5e-04
1350 5e-04
1351 0.00030000000000000003
1352 5e-04
1353 5e-04
1354 0.00030000000000000003
1355 5e-04
1356 5e-04
1357 0.00030000000000000003
1358 5e-04
1359 5e-04
1360 0.00030000000000000003
1361 5e-04
1362 5e-04
1363 0.00030000000000000003
1364 5e-04
1365 5e-04
1366 0.00030000000000000003
1367 5e-04
1368 5e-04
1369 0.00030000000000000003
1370 5e-04
1371 5e-04
1372 0.00030000000000000003
1373 5e-04
1374 5e-04
1375 0.00030000000000000003
1376 5e-04
1377 5e-04
1378 0.00030000000000000003
1379 5e-04
1380 5e-04
1381 0.00030000000000000003
1382 5e-04
1383 5e-04
1384 0.00030000000000000003
1385 5e-04
1386 5e-04
1387 5e-04
1388 5e-04
1389 0.00030000000000000003
1390 0.00030000000000000003
1391 5e-04
1392 5e-04
1393 0.00030000000000000003
1394 5e-04
1395 5e-04
1396 0.00030000000000000003
1397 5e-04
1398 5e-04
1399 0.00030000000000000003
1400 5e-04
1401 5e-04
1402 0.00030000000000000003
1403 5e-04
1404 5e-04
1405 0.00030000000000000003
1406 5e-04
1407 5e-04
1408 0.00030000000000000003
1409 5e-04
1410 5e-04
1411 0.00030000000000000003
1412 5e-04
1413 5e-04
1414 0.00030000000000000003
1415 5e-04
1416 5e-04
1417 0.00030000000000000003
1418 5e-04
1419 5e-04
1420 0.00030000000000000003
1421 5e-04
1422 5e-04
1423 0.00030000000000000003
1424 5e-04
1425 5e-04
1426 0.00030000000000000003
1427 5e-04
1428 5e-04
1429 0.00030000000000000003
1430 5e-04
1431 5e-04
1432 0.00030000000000000003
1433 5e-04
1434 5e-04
1435 0.00030000000000000003
1436 5e-04
1437 5e-04
1438 0.00030000000000000003
1439 5e-04
1440 5e-04
1441 0.00030000000000000003
1442 5e-04
1443 5e-04
1444 0.00030000000000000003
1445 5e-04
1446 5e-04
1447 5e-04
1448 5e-04
1449 0.00030000000000000003
1450 0.00030000000000000003
1451 5e-04
1452 5e-04
1453 0.00030000000000000003
1454 5e-04
1455 5e-04
1456 0.00030000000000000003
1457 5e-04
1458 5e-04
1459 0.00030000000000000003
1460 5e-04
1461 5e-04
1462 0.00030000000000000003
1463 5e-04
1464 5e-04
1465 0.00030000000000000003
1466 5e-04
1467 5e-04
1468 0.00030000000000000003
1469 5e-04
1470 5e-04
1471 0.00030000000000000003
1472 5e-04
1473 5e-04
1474 0.00030000000000000003
1475 5e-04
1476 5e-04
1477 0.00030000000000000003
1478 5e-04
1479 5e-04
1480 0.00030000000000000003
1481 5e-04
1482 5e-04
1483 0.00030000000000000003
1484 5e-04
1485 5e-04
1486 0.00030000000000000003
1487 5e-04
1488 5e-04
1489 0.00030000000000000003
1490 5e-04
1491 5e-04
1492 0.00030000000000000003
1493 5e-04
1494 5e-04
1495 0.00030000000000000003
1496 5e-04
1497 5e-04
1498 0.00030000000000000003
1499 5e-04
1500 5e-04
1501 0.00030000000000000003
1502 5e-04
1503 5e-04
1504 0.00030000000000000003
1505 5e-04
1506 5e-04
1507 5e-04
1508 5e-04
1509 0.00030000000000000003
1510 0.00030000000000000003
1511 5e-04
1512 5e-04
1513 0.00030000000000000003
1514 0.00030000000000000003
1515 5e-04
1516 5e-04
1517 0.00030000000000000003
1518 0.00030000000000000003
1519 0.00030000000000000003
1520 5e-04
1521 5e-04
1522 0.00030000000000000003
1523 0.00030000000000000003
1524 0.00030000000000000003
1525 5e-04
1526 5e-04
1527 0.00030000000000000003
1528 0.00030000000000000003
1529 0.00030000000000000003
1530 5e-04
1531 5e-04
1532 0.00030000000000000003
1533 0.00030000000000000003
1534 0.00030000000000000003
1535 5e-04
1536 5e-04
1537 0.00030000000000000003
1538 0.00030000000000000003
1539 0.00030000000000000003
1540 5e-04
1541 5e-04
1542 0.00030000000000000003
1543 0.00030000000000000003
1544 0.00030000000000000003
1545 5e-04
1546 5e-04
1547 0.00030000000000000003
1548 0.00030000000000000003
1549 0.00030000000000000003
1550 5e-04
1551 5e-04
1552 0.00030000000000000003
1553 0.00030000000000000003
1554 0.00030000000000000003
1555 5e-04
1556 5e-04
1557 0.00030000000000000003
1558 5e-04
1559 5e-04
1560 0.00030000000000000003
1561 5e-04
1562 5e-04
1563 0.00030000000000000003
1564 5e-04
1565 5e-04
1566 0.00030000000000000003
1567 5e-04
1568 5e-04
1569 0.00030000000000000003
1570 5e-04
1571 5e-04
1572 0.00030000000000000003
1573 5e-04
1574 5e-04
1575 0.00030000000000000003
1576 5e-04
1577 5e-04
1578 0.00030000000000000003
1579 5e-04
1580 5e-04
1581 0.00030000000000000003
1582 5e-04
1583 5e-04
1584 5e-04
1585 5e-04
1586 0.00030000000000000003
1587 0.00030000000000000003
1588 5e-04
1589 5e-04
1590 0.00030000000000000003
1591 5e-04
1592 5e-04
1593 0.00030000000000000003
1594 5e-04
1595 5e-04
1596 0.00030000000000000003
1597 5e-04
1598 5e-04
1599 0.00030000000000000003
1600 5e-04
1601 5e-04
1602 0.00030000000000000003
1603 5e-04
1604 5e-04
1605 0.00030000000000000003
1606 5e-04
1607 5e-04
1608 0.00030000000000000003
1609 5e-04
1610 5e-04
1611 0.00030000000000000003
1612 5e-04
1613 5e-04
1614 0.00030000000000000003
1615 5e-04
1616 5e-04
1617 0.00030000000000000003
1618 5e-04
1619 5e-04
1620 0.00030000000000000003
1621 5e-04
1622 5e-04
1623 0.00030000000000000003
1624 5e-04
1625 5e-04
1626 0.00030000000000000003
1627 5e-04
1628 5e-04
1629 0.00030000000000000003
1630 5e-04
1631 5e-04
1632 0.00030000000000000003
1633 5e-04
1634 5e-04
1635 0.00030000000000000003
1636 5e-04
1637 5e-04
1638 0.00030000000000000003
1639 5e-04
1640 5e-04
1641 0.00030000000000000003
1642 5e-04
1643 5e-04
1644 5e-04
1645 5e-04
1646 0.00030000000000000003
1647 0.00030000000000000003
1648 5e-04
1649 5e-04
1650 0.00030000000000000003
1651 5e-04
1652 5e-04
1653 0.00030000000000000003
1654 5e-04
1655 5e-04
1656 0.00030000000000000003
1657 5e-04
1658 5e-04
1659 0.00030000000000000003
1660 5e-04
1661 5e-04
1662 0.00030000000000000003
1663 5e-04
1664 5e-04
1665 0.00030000000000000003
1666 5e-04
1667 5e-04
1668 0.00030000000000000003
1669 5e-04
1670 5e-04
1671 0.00030000000000000003
1672 5e-04
1673 5e-04
1674 0.00030000000000000003
1675 5e-04
1676 5e-04
1677 0.00030000000000000003
1678 5e-04
1679 5e-04
1680 0.00030000000000000003
1681 5e-04
1682 5e-04
1683 0.00030000000000000003
1684 5e-04
1685 5e-04
1686 0.00030000000000000003
1687 5e-04
1688 5e-04
1689 0.00030000000000000003
1690 5e-04
1691 5e-04
1692 0.00030000000000000003
1693 5e-04
1694 5e-04
1695 0.00030000000000000003
1696 5e-04
1697 5e-04
1698 0.00030000000000000003
1699 5e-04
1700 5e-04
1701 0.00030000000000000003
1702 5e-04
1703 5e-04
1704 5e-04
1705 5e-04
1706 0.00030000000000000003
1707 0.00030000000000000003
1708 5e-04
1709 5e-04
1710 0.00030000000000000003
1711 5e-04
1712 5e-04
1713 0.00030000000000000003
1714 5e-04
1715 5e-04
1716 0.00030000000000000003
1717 5e-04
1718 5e-04
1719 0.00030000000000000003
1720 5e-04
1721 5e-04
1722 0.00030000000000000003
1723 5e-04
1724 5e-04
1725 0.00030000000000000003
1726 5e-04
1727 5e-04
1728 0.00030000000000000003
1729 5e-04
1730 5e-04
1731 0.00030000000000000003
1732 5e-04
1733 5e-04
1734 0.00030000000000000003
1735 5e-04
1736 5e-04
1737 0.00030000000000000003
1738 5e-04
1739 5e-04
1740 0.00030000000000000003
1741 5e-04
1742 5e-04
1743 0.00030000000000000003
1744 5e-04
1745 5e-04
1746 0.00030000000000000003
1747 5e-04
1748 5e-04
1749 0.00030000000000000003
1750 5e-04
1751 5e-04
1752 0.00030000000000000003
1753 5e-04
1754 5e-04
1755 0.00030000000000000003
1756 5e-04
1757 5e-04
1758 0.00030000000000000003
1759 5e-04
1760 5e-04
1761 0.00030000000000000003
1762 5e-04
1763 5e-04
1764 5e-04
1765 5e-04
1766 0.00030000000000000003
1767 0.00030000000000000003
1768 5e-04
1769 5e-04
1770 0.00030000000000000003
1771 5e-04
1772 5e-04
1773 0.00030000000000000003
1774 5e-04
1775 5e-04
1776 0.00030000000000000003
1777 5e-04
1778 5e-04
1779 0.00030000000000000003
1780 5e-04
1781 5e-04
1782 0.00030000000000000003
1783 5e-04
1784 5e-04
1785 0.00030000000000000003
1786 5e-04
1787 5e-04
1788 0.00030000000000000003
1789 5e-04
1790 5e-04
1791 0.00030000000000000003
1792 5e-04
1793 5e-04
1794 0.00030000000000000003
1795 5e-04
1796 5e-04
1797 0.00030000000000000003
1798 5e-04
1799 5e-04
1800 0.00030000000000000003
1801 5e-04
1802 5e-04
1803 0.00030000000000000003
1804 5e-04
1805 5e-04
1806 0.00030000000000000003
1807 5e-04
1808 5e-04
1809 0.00030000000000000003
1810 5e-04
1811 5e-04
1812 0.00030000000000000003
1813 5e-04
1814 5e-04
1815 0.00030000000000000003
1816 5e-04
1817 5e-04
1818 0.00030000000000000003
1819 5e-04
1820 5e-04
1821 0.00030000000000000003
1822 5e-04
1823 5e-04
1824 5e-04
1825 5e-04
1826 0.00030000000000000003
1827 0.00030000000000000003
1828 5e-04
1829 5e-04
1830 0.00030000000000000003
1831 5e-04
1832 5e-04
1833 0.00030000000000000003
1834 5e-04
1835 5e-04
1836 0.00030000000000000003
1837 5e-04
1838 5e-04
1839 0.00030000000000000003
1840 5e-04
1841 5e-04
1842 0.00030000000000000003
1843 5e-04
1844 5e-04
1845 0.00030000000000000003
1846 5e-04
1847 5e-04
1848 0.00030000000000000003
1849 5e-04
1850 5e-04
1851 0.00030000000000000003
1852 5e-04
1853 5e-04
1854 0.00030000000000000003
1855 5e-04
1856 5e-04
1857 0.00030000000000000003
1858 5e-04
1859 5e-04
1860 0.00030000000000000003
1861 5e-04
1862 5e-04
1863 0.00030000000000000003
1864 5e-04
1865 5e-04
1866 0.00030000000000000003
1867 5e-04
1868 5e-04
1869 0.00030000000000000003
1870 5e-04
1871 5e-04
1872 0.00030000000000000003
1873 5e-04
1874 5e-04
1875 0.00030000000000000003
1876 5e-04
1877 5e-04
1878 0.00030000000000000003
1879 5e-04
1880 5e-04
1881 0.00030000000000000003
1882 5e-04
1883 5e-04
1884 5e-04
1885 5e-04
1886 0.00030000000000000003
1887 0.00030000000000000003
1888 0.00030000000000000003
1889 0.00030000000000000003
1890 0.00030000000000000003
1891 0.00030000000000000003
1892 0.00030000000000000003
1893 0.00030000000000000003
1894 0.00030000000000000003
1895 0.00030000000000000003
1896 0.00030000000000000003
1897 0.00030000000000000003
1898 0.00030000000000000003
1899 0.00030000000000000003
1900 0.00030000000000000003
1901 0.00030000000000000003
1902 0.00030000000000000003
1903 0.00030000000000000003
1904 0.00030000000000000003
1905 0.00030000000000000003
1906 0.00030000000000000003
1907 0.00030000000000000003
1908 0.00030000000000000003
1909 0.00030000000000000003
1910 0.00030000000000000003
1911 0.00030000000000000003
1912 0.00030000000000000003
1913 0.00030000000000000003
1914 0.00030000000000000003
1915 0.00030000000000000003
1916 0.00030000000000000003
1917 0.00030000000000000003
1918 0.00030000000000000003
1919 0.00030000000000000003
1920 0.00030000000000000003
1921 0.00030000000000000003
1922 0.00030000000000000003
$EndElementData
$ElementData
1
"MaterialID"
1
0
3
0
1
1922
1 10
2 10
3 10
4 10
5 10
6 10
7 10
8 10
9 10
10 10
11 10
12 10
13 10
14 10
15 10
16 10
17 10
18 10
19 10
20 10
21 10
22 10
23 10
24 10
25 10
26 10
27 10
28 10
29 10
30 10
31 10
32 10
33 10
34 10
35 10
36 10
37 10
38 10
39 10
40 10
41 10
42 10
43 10
44 10
45 10
46 10
47 10
48 10
49 10
50 10
51 10
52 10
53 10
54 10
55 10
56 10
57 10
58 10
59 10
60 10
61 10
62 10
63 10
64 10
65 10
66 10
67 10
68 10
69 10
70 10
71 10
72 10
73 10
74 10
75 10
76 10
77 10
78 10
79 10
80 10
81 10
82 10
83 10
84 10
85 10
86 10
87 10
88 10
89 10
90 10
91 10
92 10
93 10
94 10
95 10
96 10
97 10
98 10
99 10
100 10
101 10
102 10
103 10
104 10
105 10
106 10
107 10
108 10
109 10
110 10
111 10
112 10
113 10
114 10
115 10
116 10
117 10
118 10
119 10
120 10
121 10
122 10
123 10
124 10
125 10
126 10
127 10
128 10
129 10
130 10
131 10
132 10
133 10
134 10
135 10
136 10
137 10
138 10
139 10
140 10
141 10
142 10
143 10
144 10
145 10
146 10
147 10
148 10
149 10
150 10
151 10
152 10
153 10
154 10
155 10
156 10
157 10
158 10
159 10
160 10
161 10
162 10
163 10
164 10
165 10
166 10
167 10
168 10
169 10
170 10
171 10
172 10
173 10
174 10
175 10
176 10
177 10
178 10
179 10
180 10
181 10
182 10
183 10
184 10
185 10
186 10
187 10
188 10
189 10
190 10
191 10
192 10
193 10
194 10
195 10
196 10
197 10
198 10
199 10
200 10
201 10
202 10
203 10
204 10
205 10
206 10
207 10
208 10
209 10
210 10
211 10
212 10
213 10
214 10
215 10
216 10
217 10
218 10
219 10
220 10
221 10
222 10
223 10
224 10
225 10
226 10
227 10
228 10
229 10
230 10
231 10
232 10
233 10
234 10
235 10
236 10
237 10
238 10
239 10
240 10
241 10
242 10
243 10
244 10
245 10
246 10
247 10
248 10
249 10
250 10
251 10
252 10
253 10
254 10
255 10
256 10
257 10
258 10
259 10
260 10
261 10
262 10
263 10
264 10
265 10
266 10
267 10
268 10
269 10
270 10
271 10
272 10
273 10
274 10
275 10
276 10
277 10
278 10
279 10
280 10
281 10
282 10
283 10
284 10
285 10
286 10
287 10
288 10
289 10
290 10
291 10
292 10
293 10
294 10
295 10
296 10
297 10
298 10
299 10
300 10
301 10
302 10
303 10
304 10
305 10
306 10
307 10
308 10
309 10
310 10
311 10
312 10
313 10
314 10
315 10
316 10
317 10
318 10
319 10
320 10
321 10
322 10
323 10
324 10
325 10
326 10
327 10
328 10
329 10
330 10
331 10
332 10
333 10
334 10
335 10
336 10
337 10
338 10
339 10
340 10
341 10
342 10
343 10
344 10
345 10
346 10
347 10
348 10
349 10
350 10
351 10
352 10
353 10
354 10
355 10
356 10
357 10
358 10
359 10
360 10
361 10
362 10
363 10
364 10
365 10
366 10
367 10
368 10
369 10
370 10
371 10
372 10
373 10
374 10
375 10
376 10
377 10
378 10
379 10
380 10
381 10
382 10
383 10
384 10
385 10
386 10
387 10
388 10
389 10
390 10
391 10
392 10
393 10
394 10
395 10
396 10
397 10
398 10
399 10
400 10
401 10
402 10
403 10
404 10
405 10
406 10
407 10
408 10
409 10
410 10
411 10
412 10
413 10
414 10
415 10
416 10
417 10
418 10
419 10
420 10
421 10
422 10
423 10
424 10
425 10
426 10
427 10
428 10
429 10
430 10
431 10
432 10
433 10
434 10
435 10
436 10
437 10
438 10
439 10
440 10
441 10
442 10
443 10
444 10
445 10
446 10
447 10
448 10
449 10
450 10
451 10
452 10
453 10
454 10
455 10
456 10
457 10
458 10
459 10
460 10
461 10
462 10
463 10
464 10
465 10
466 10
467 10
468 10
469 10
470 10
471 10
472 10
473 10
474 10
475 10
476 10
477 10
478 10
479 10
480 10
481 10
482 10
483 10
484 10
485 10
486 10
487 10
488 10
489 10
490 10
491 10
492 10
493 10
494 10
495 10
496 10
497 10
498 10
499 10
500 10
501 10
502 10
503 10
504 10
505 10
506 10
507 10
508 10
509 10
510 10
511 10
512 10
513 10
514 10
515 10
516 10
517 10
518 10
519 10
520 10
521 10
522 10
523 10
524 10
525 10
526 10
527 10
528 10
529 10
530 10
531 10
532 10
533 10
534 10
535 10
536 10
537 10
538 10
539 10
540 10
541 10
542 10
543 10
544 10
545 10
546 10
547 10
548 10
549 10
550 10
551 10
552 10
553 10
554 10
555 10
556 10
557 10
558 10
559 10
560 10
561 10
562 10
563 10
564 10
565 10
566 10
567 10
568 10
569 10
570 10
571 10
572 10
573 10
574 10
575 10
576 10
577 10
578 10
579 10
580 10
581 10
582 10
583 10
584 10
585 10
586 10
587 10
588 10
589 10
590 10
591 10
592 10
593 10
594 10
595 10
596 10
597 10
598 10
599 10
600 10
601 10
602 10
603 10
604 10
605 10
606 10
607 10
608 10
609 10
610 10
611 10
612 10
613 10
614 10
615 10
616 10
617 10
618 10
619 10
620 10
621 10
622 10
623 10
624 10
625 10
626 10
627 10
628 10
629 10
630 10
631 10
632 10
633 10
634 10
635 10
636 10
637 10
638 10
639 10
640 10
641 10
642 10
643 10
644 10
645 10
646 10
647 10
648 10
649 10
650 10
651 10
652 10
653 10
654 10
655 10
656 10
657 10
658 10
659 10
660 10
661 10
662 10
663 10
664 10
665 10
666 10
667 10
668 10
669 10
670 10
671 10
672 10
673 10
674 10
675 10
676 10
677 10
678 10
679 10
680 10
681 10
682 10
683 10
684 10
685 10
686 10
687 10
688 10
689 10
690 10
691 10
692 10
693 10
694 10
695 10
696 10
697 10
698 10
699 10
700 10
701 10
702 10
703 10
704 10
705 10
706 10
707 10
708 10
709 10
710 10
711 10
712 10
713 10
714 10
715 10
716 10
717 10
718 10
719 10
720 10
721 10
722 10
723 10
724 10
725 10
726 10
727 10
728 10
729 10
730 10
731 10
732 10
733 10
734 10
735 10
736 10
737 10
738 10
739 10
740 10
741 10
742 10
743 10
744 10
745 10
746 10
747 10
748 10
749 10
750 10
751 10
752 10
753 10
754 10
755 10
756 10
757 10
758 10
759 10
760 10
761 10
762 10
763 10
764 10
765 10
766 10
767 10
768 10
769 10
770 10
771 10
772 10
773 10
774 10
775 10
776 10
777 10
778 10
779 10
780 10
781 10
782 10
783 10
784 10
785 10
786 10
787 10
788 10
789 10
790 10
791 10
792 10
793 10
794 10
795 10
796 10
797 10
798 10
799 10
800 10
801 10
802 10
803 10
804 10
805 10
806 10
807 10
808 10
809 10
810 10
811 10
812 10
813 10
814 10
815 10
816 10
817 10
818 10
819 10
820 10
821 10
822 10
823 10
824 10
825 10
826 10
827 10
828 10
829 10
830 10
831 10
832 10
833 10
834 10
835 10
836 10
837 10
838 10
839 10
840 10
841 10
842 10
843 10
844 10
845 10
846 10
847 10
848 10
849 10
850 10
851 10
852 10
853 10
854 10
855 10
856 10
857 10
858 10
859 10
860 10
861 10
862 10
863 10
864 10
865 10
866 10
867 10
868 10
869 10
870 10
871 10
872 10
873 10
874 10
875 10
876 10
877 10
878 10
879 10
880 10
881 10
882 10
883 10
884 10
885 10
886 10
887 10
888 10
889 10
890 10
891 10
892 10
893 10
894 10
895 10
896 10
897 10
898 10
899 10
900 10
901 10
902 10
903 10
904 10
905 10
906 10
907 10
908 10
909 10
910 10
911 10
912 10
913 10
914 10
915 10
916 10
917 10
918 10
919 10
920 10
921 10
922 10
923 10
924 10
925 10
926 10
927 10
928 10
929 10
930 10
931 10
932 10
933 10
934 10
935 10
936 10
937 10
938 10
939 10
940 10
941 10
942 10
943 10
944 10
945 10
946 10
947 10
948 10
949 10
950 10
951 10
952 10
953 10
954 10
955 10
956 10
957 10
958 10
959 10
960 10
961 10
962 10
963 10
964 10
965 10
966 10
967 10
968 10
969 10
970 10
971 10
972 10
973 10
974 10
975 10
976 10
977 10
978 10
979 10
980 10
981 10
982 10
983 10
984 10
985 10
986 10
987 10
988 10
989 10
990 10
991 10
992 10
993 10
994 10
995 10
996 10
997 10
998 10
999 10
1000 10
1001 10
1002 10
1003 10
1004 10
1005 10
1006 10
1007 10
1008 10
1009 10
1010 10
1011 10
1012 10
1013 10
1014 10
1015 10
1016 10
1017 10
1018 10
1019 10
1020 10
1021 10
1022 10
1023 10
1024 10
1025 10
1026 10
1027 10
1028 10
1029 10
1030 10
1031 10
1032 10
1033 10
1034 10
1035 10
1036 10
1037 10
1038 10
1039 10
1040 10
1041 10
1042 10
1043 10
1044 10
1045 10
1046 10
1047 10
1048 10
1049 10
1050 10
1051 10
1052 10
1053 10
1054 10
1055 10
1056 10
1057 10
1058 10
1059 10
1060 10
1061 10
1062 10
1063 10
1064 10
1065 10
1066 10
1067 10
1068 10
1069 10
1070 10
1071 10
1072 10
1073 10
1074 10
1075 10
1076 10
1077 10
1078 10
1079 10
1080 10
1081 10
1082 10
1083 10
1084 10
1085 10
1086 10
1087 10
1088 10
1089 10
1090 10
1091 10
1092 10
1093 10
1094 10
1095 10
1096 10
1097 10
1098 10
1099 10
1100 10
1101 10
1102 10
1103 10
1104 10
1105 10
1106 10
1107 10
1108 10
1109 10
1110 10
1111 10
1112 10
1113 10
1114 10
1115 10
1116 10
1117 10
1118 10
1119 10
1120 10
1121 10
1122 10
1123 10
1124 10
1125 10
1126 10
1127 10
1128 10
1129 10
1130 10
1131 10
1132 10
1133 10
1134 10
1135 10
1136 10
1137 10
1138 10
1139 10
1140 10
1141 10
1142 10
1143 10
1144 10
1145 10
1146 10
1147 10
1148 10
1149 10
1150 10
1151 10
1152 10
1153 10
1154 10
1155 10
1156 10
1157 10
1158 10
1159 10
1160 10
1161 10
1162 10
1163 10
1164 10
1165 10
1166 10
1167 10
1168 10
1169 10
1170 10
1171 10
1172 10
1173 10
1174 10
1175 10
1176 10
1177 10
1178 10
1179 10
1180 10
1181 10
1182 10
1183 10
1184 10
1185 10
1186 10
1187 10
1188 10
1189 10
1190 10
1191 10
1192 10
1193 10
1194 10
1195 10
1196 10
1197 10
1198 10
1199 10
1200 10
1201 10
1202 10
1203 10
1204 10
1205 10
1206 10
1207 10
1208 10
1209 10
1210 10
1211 10
1212 10
1213 10
1214 10
1215 10
1216 10
1217 10
1218 10
1219 10
1220 10
1221 10
1222 10
1223 10
1224 10
1225 10
1226 10
1227 10
1228 10
1229 10
1230 10
1231 10
1232 10
1233 10
1234 10
1235 10
1236 10
1237 10
1238 10
1239 10
1240 10
1241 10
1242 10
1243 10
1244 10
1245 10
1246 10
1247 10
1248 10
1249 10
1250 10
1251 10
1252 10
1253 10
1254 10
1255 10
1256 10
1257 10
1258 10
1259 10
1260 10
1261 10
1262 10
1263 10
1264 10
1265 10
1266 10
1267 10
1268 10
1269 10
1270 10
1271 10
1272 10
1273 10
1274 10
1275 10
1276 10
1277 10
1278 10
1279 10
1280 10
1281 10
1282 10
1283 10
1284 10
1285 10
1286 10
1287 10
1288 10
1289 10
1290 10
1291 10
1292 10
1293 10
1294 10
1295 10
1296 10
1297 10
1298 10
1299 10
1300 10
1301 10
1302 10
1303 10
1304 10
1305 10
1306 10
1307 10
1308 10
1309 10
1310 10
1311 10
1312 10
1313 10
1314 10
1315 10
1316 10
1317 10
1318 10
1319 10
1320 10
1321 10
1322 10
1323 10
1324 10
1325 10
1326 10
1327 10
1328 10
1329 10
1330 10
1331 10
1332 10
1333 10
1334 10
1335 10
1336 10
1337 10
1338 10
1339 10
1340 10
1341 10
1342 10
1343 10
1344 10
1345 10
1346 10
1347 10
1348 10
1349 10
1350 10
1351 10
1352 10
1353 10
1354 10
1355 10
1356 10
1357 10
1358 10
1359 10
1360 10
1361 10
1362 10
1363 10
1364 10
1365 10
1366 10
1367 10
1368 10
1369 10
1370 10
1371 10
1372 10
1373 10
1374 10
1375 10
1376 10
1377 10
1378 10
1379 10
1380 10
1381 10
1382 10
1383 10
1384 10
1385 10
1386 10
1387 10
1388 10
1389 10
1390 10
1391 10
1392 10
1393 10
1394 10
1395 10
1396 10
1397 10
1398 10
1399 10
1400 10
1401 10
1402 10
1403 10
1404 10
1405 10
1406 10
1407 10
1408 10
1409 10
1410 10
1411 10
1412 10
1413 10
1414 10
1415 10
1416 10
1417 10
1418 10
1419 10
1420 10
1421 10
1422 10
1423 10
1424 10
1425 10
1426 10
1427 10
1428 10
1429 10
1430 10
1431 10
1432 10
1433 10
1434 10
1435 10
1436 10
1437 10
1438 10
1439 10
1440 10
1441 10
1442 10
1443 10
1444 10
1445 10
1446 10
1447 10
1448 10
1449 10
1450 10
1451 10
1452 10
1453 10
1454 10
1455 10
1456 10
1457 10
1458 10
1459 10
1460 10
1461 10
1462 10
1463 10
1464 10
1465 10
1466 10
1467 10
1468 10
1469 10
1470 10
1471 10
1472 10
1473 10
1474 10
1475 10
1476 10
1477 10
1478 10
1479 10
1480 10
1481 10
1482 10
1483 10
1484 10
1485 10
1486 10
1487 10
1488 10
1489 10
1490 10
1491 10
1492 10
1493 10
1494 10
1495 10
1496 10
1497 10
1498 10
1499 10
1500 10
1501 10
1502 10
1503 10
1504 10
1505 10
1506 10
1507 10
1508 10
1509 10
1510 10
1511 10
1512 10
1513 10
1514 10
1515 10
1516 10
1517 10
1518 10
1519 10
1520 10
1521 10
1522 10
1523 10
1524 10
1525 10
1526 10
1527 10
1528 10
1529 10
1530 10
1531 10
1532 10
1533 10
1534 10
1535 10
1536 10
1537 10
1538 10
1539 10
1540 10
1541 10
1542 10
1543 10
1544 10
1545 10
1546 10
1547 10
1548 10
1549 10
1550 10
1551 10
1552 10
1553 10
1554 10
1555 10
1556 10
1557 10
1558 10
1559 10
1560 10
1561 10
1562 10
1563 10
1564 10
1565 10
1566 10
1567 10
1568 10
1569 10
1570 10
1571 10
1572 10
1573 10
1574 10
1575 10
1576 10
1577 10
1578 10
1579 10
1580 10
1581 10
1582 10
1583 10
1584 10
1585 10
1586 10
1587 10
1588 10
1589 10
1590 10
1591 10
1592 10
1593 10
1594 10
1595 10
1596 10
1597 10
1598 10
1599 10
1600 10
1601 10
1602 10
1603 10
1604 10
1605 10
1606 10
1607 10
1608 10
1609 10
1610 10
1611 10
1612 10
1613 10
1614 10
1615 10
1616 10
1617 10
1618 10
1619 10
1620 10
1621 10
1622 10
1623 10
1624 10
1625 10
1626 10
1627 10
1628 10
1629 10
1630 10
1631 10
1632 10
1633 10
1634 10
1635 10
1636 10
1637 10
1638 10
1639 10
1640 10
1641 10
1642 10
1643 10
1644 10
1645 10
1646 10
1647 10
1648 10
1649 10
1650 10
1651 10
1652 10
1653 10
1654 10
1655 10
1656 10
1657 10
1658 10
1659 10
1660 10
1661 10
1662 10
1663 10
1664 10
1665 10
1666 10
1667 10
1668 10
1669 10
1670 10
1671 10
1672 10
1673 10
1674 10
1675 10
1676 10
1677 10
1678 10
1679 10
1680 10
1681 10
1682 10
1683 10
1684 10
1685 10
1686 10
1687 10
1688 10
1689 10
1690 10
1691 10
1692 10
1693 10
1694 10
1695 10
1696 10
1697 10
1698 10
1699 10
1700 10
1701 10
1702 10
1703 10
1704 10
1705 10
1706 10
1707 10
1708 10
1709 10
1710 10
1711 10
1712 10
1713 10
1714 10
1715 10
1716 10
1717 10
1718 10
1719 10
1720 10
1721 10
1722 10
1723 10
1724 10
1725 10
1726 10
1727 10
1728 10
1729 10
1730 10
1731 10
1732 10
1733 10
1734 10
1735 10
1736 10
1737 10
1738 10
1739 10
1740 10
1741 10
1742 10
1743 10
1744 10
1745 10
1746 10
1747 10
1748 10
1749 10
1750 10
1751 10
1752 10
1753 10
1754 10
1755 10
1756 10
1757 10
1758 10
1759 10
1760 10
1761 10
1762 10
1763 10
1764 10
1765 10
1766 10
1767 10
1768 10
1769 10
1770 10
1771 10
1772 10
1773 10
1774 10
1775 10
1776 10
1777 10
1778 10
1779 10
1780 10
1781 10
1782 10
1783 10
1784 10
1785 10
1786 10
1787 10
1788 10
1789 10
1790 10
1791 10
1792 10
1793 10
1794 10
1795 10
1796 10
1797 10
1798 10
1799 10
1800 10
1801 10
1802 10
1803 10
1804 10
1805 10
1806 10
1807 10
1808 10
1809 10
1810 10
1811 10
1812 10
1813 10
1814 10
1815 10
1816 10
1817 10
1818 10
1819 10
1820 10
1821 10
1822 10
1823 10
1824 10
1825 10
1826 10
1827 10
1828 10
1829 10
1830 10
1831 10
1832 10
1833 10
1834 10
1835 10
1836 10
1837 10
1838 10
1839 10
1840 10
1841 10
1842 10
1843 10
1844 10
1845 10
1846 10
1847 10
1848 10
1849 10
1850 10
1851 10
1852 10
1853 10
1854 10
1855 10
1856 10
1857 10
1858 10
1859 10
1860 10
1861 10
1862 10
1863 10
1864 10
1865 10
1866 10
1867 10
1868 10
1869 10
1870 10
1871 10
1872 10
1873 10
1874 10
1875 10
1876 10
1877 10
1878 10
1879 10
1880 10
1881 10
1882 10
1883 10
1884 10
1885 10
1886 10
1887 10
1888 10
1889 10
1890 10
1891 10
1892 10
1893 10
1894 10
1895 10
1896 10
1897 10
1898 10
1899 10
1900 10
1901 10
1902 10
1903 10
1904 10
1905 10
1906 10
1907 10
1908 10
1909 10
1910 10
1911 10
1912 10
1913 10
1914 10
1915 10
1916 10
1917 10
1918 10
1919 10
1920 10
1921 10
1922 10
$EndElementData
