$MeshFormat
4.1 0 8
$EndMeshFormat
$PhysicalNames
1
1 1 "Material:Structural Steel S355 (EN 10025)"
$EndPhysicalNames
$Entities
0 1 0 0
1 -120 24 -95 120 31.75 95 1 1 0
$EndEntities
$Nodes
1 720 1 720
1 1 0 720
1
2
3
4
5
6
7
8
9
10
11
12
13
14
15
16
17
18
19
20
21
22
23
24
25
26
27
28
29
30
31
32
33
34
35
36
37
38
39
40
41
42
43
44
45
46
47
48
49
50
51
52
53
54
55
56
57
58
59
60
61
62
63
64
65
66
67
68
69
70
71
72
73
74
75
76
77
78
79
80
81
82
83
84
85
86
87
88
89
90
91
92
93
94
95
96
97
98
99
100
101
102
103
104
105
106
107
108
109
110
111
112
113
114
115
116
117
118
119
120
121
122
123
124
125
126
127
128
129
130
131
132
133
134
135
136
137
138
139
140
141
142
143
144
145
146
147
148
149
150
151
152
153
154
155
156
157
158
159
160
161
162
163
164
165
166
167
168
169
170
171
172
173
174
175
176
177
178
179
180
181
182
183
184
185
186
187
188
189
190
191
192
193
194
195
196
197
198
199
200
201
202
203
204
205
206
207
208
209
210
211
212
213
214
215
216
217
218
219
220
221
222
223
224
225
226
227
228
229
230
231
232
233
234
235
236
237
238
239
240
241
242
243
244
245
246
247
248
249
250
251
252
253
254
255
256
257
258
259
260
261
262
263
264
265
266
267
268
269
270
271
272
273
274
275
276
277
278
279
280
281
282
283
284
285
286
287
288
289
290
291
292
293
294
295
296
297
298
299
300
301
302
303
304
305
306
307
308
309
310
311
312
313
314
315
316
317
318
319
320
321
322
323
324
325
326
327
328
329
330
331
332
333
334
335
336
337
338
339
340
341
342
343
344
345
346
347
348
349
350
351
352
353
354
355
356
357
358
359
360
361
362
363
364
365
366
367
368
369
370
371
372
373
374
375
376
377
378
379
380
381
382
383
384
385
386
387
388
389
390
391
392
393
394
395
396
397
398
399
400
401
402
403
404
405
406
407
408
409
410
411
412
413
414
415
416
417
418
419
420
421
422
423
424
425
426
427
428
429
430
431
432
433
434
435
436
437
438
439
440
441
442
443
444
445
446
447
448
449
450
451
452
453
454
455
456
457
458
459
460
461
462
463
464
465
466
467
468
469
470
471
472
473
474
475
476
477
478
479
480
481
482
483
484
485
486
487
488
489
490
491
492
493
494
495
496
497
498
499
500
501
502
503
504
505
506
507
508
509
510
511
512
513
514
515
516
517
518
519
520
521
522
523
524
525
526
527
528
529
530
531
532
533
534
535
536
537
538
539
540
541
542
543
544
545
546
547
548
549
550
551
552
553
554
555
556
557
558
559
560
561
562
563
564
565
566
567
568
569
570
571
572
573
574
575
576
577
578
579
580
581
582
583
584
585
586
587
588
589
590
591
592
593
594
595
596
597
598
599
600
601
602
603
604
605
606
607
608
609
610
611
612
613
614
615
616
617
618
619
620
621
622
623
624
625
626
627
628
629
630
631
632
633
634
635
636
637
638
639
640
641
642
643
644
645
646
647
648
649
650
651
652
653
654
655
656
657
658
659
660
661
662
663
664
665
666
667
668
669
670
671
672
673
674
675
676
677
678
679
680
681
682
683
684
685
686
687
688
689
690
691
692
693
694
695
696
697
698
699
700
701
702
703
704
705
706
707
708
709
710
711
712
713
714
715
716
717
718
719
720
120 30 0
120 24 0
115 30.25 0
115 25.107142857142858 0
110 30.5 0
110 26.214285714285715 0
105 30.75 0
105 27.321428571428573 0
100 31 0
100 28.428571428571427 0
95 31.25 0
95 29.535714285714285 0
90 31.5 0
90 30.642857142857142 0
84.99999999999999 31.75 0
118.97338336485724 30 12.3999882609049
118.97338336485724 24 12.3999882609049
114.00032116818332 30.25 11.881671380982313
114.00032116818332 25.107142857142858 11.881671380982313
109.02725897150938 30.5 11.363354501059726
109.02725897150938 26.214285714285715 11.363354501059726
104.05419677483546 30.75 10.845037621137138
104.05419677483546 27.321428571428573 10.845037621137138
99.08113457816154 31 10.326720741214551
99.08113457816154 28.428571428571427 10.326720741214551
94.1080723814876 31.25 9.808403861291964
94.1080723814876 29.535714285714285 9.808403861291964
89.13501018481368 31.5 9.290086981369377
89.13501018481368 30.642857142857142 9.290086981369377
84.16194798813973 31.75 8.771770101446789
115.9110991546882 30 24.58780928473947
115.9110991546882 24 24.58780928473947
111.01993372369728 30.25 23.550263754808647
111.01993372369728 25.107142857142858 23.550263754808647
106.12876829270637 30.5 22.512718224877826
106.12876829270637 26.214285714285715 22.512718224877826
101.23760286171544 30.75 21.475172694947002
101.23760286171544 27.321428571428573 21.475172694947002
96.34643743072454 31 20.437627165016178
96.34643743072454 28.428571428571427 20.437627165016178
91.45527199973361 31.25 19.400081635085353
91.45527199973361 29.535714285714285 19.400081635085353
86.5641065687427 31.5 18.36253610515453
86.5641065687427 30.642857142857142 18.36253610515453
81.67294113775178 31.75 17.324990575223705
110.86554390135441 30 36.354926074683526
110.86554390135441 24 36.354926074683526
106.1144668341946 30.25 34.796957300314766
106.1144668341946 25.107142857142858 34.796957300314766
101.36338976703479 30.5 33.238988525946006
101.36338976703479 26.214285714285715 33.238988525946006
96.61231269987496 30.75 31.681019751577242
96.61231269987496 27.321428571428573 31.681019751577242
91.86123563271515 31 30.12305097720848
91.86123563271515 28.428571428571427 30.12305097720848
87.11015856555535 31.25 28.565082202839722
87.11015856555535 29.535714285714285 28.565082202839722
82.35908149839553 31.5 27.007113428470955
82.35908149839553 30.642857142857142 27.007113428470955
77.60800443123573 31.75 25.4491446541022
103.92304845413264 30 47.49999999999999
103.92304845413264 24 47.49999999999999
99.375549022899 30.25 45.42147915022974
99.375549022899 25.107142857142858 45.42147915022974
94.82804959166533 30.5 43.34295830045949
94.82804959166533 26.214285714285715 43.34295830045949
90.28055016043169 30.75 41.26443745068925
90.28055016043169 27.321428571428573 41.26443745068925
85.73305072919804 31 39.18591660091901
85.73305072919804 28.428571428571427 39.18591660091901
81.1855512979644 31.25 37.10739575114876
81.1855512979644 29.535714285714285 37.10739575114876
76.63805186673073 31.5 35.02887490137851
76.63805186673073 30.642857142857142 35.02887490137851
72.0905524354971 31.75 32.950354051608265
95.20240083494822 30 57.83233575582846
95.20240083494822 24 57.83233575582846
90.92907823800336 30.25 55.23643244822235
90.92907823800336 25.107142857142858 55.23643244822235
86.65575564105848 30.5 52.64052914061624
86.65575564105848 26.214285714285715 52.64052914061624
82.38243304411361 30.75 50.04462583301013
82.38243304411361 27.321428571428573 50.04462583301013
78.10911044716873 31 47.44872252540403
78.10911044716873 28.428571428571427 47.44872252540403
73.83578785022385 31.25 44.852819217797915
73.83578785022385 29.535714285714285 44.852819217797915
69.56246525327899 31.5 42.25691591019181
69.56246525327899 30.642857142857142 42.25691591019181
65.28914265633412 31.75 39.6610126025857
84.8528137423857 30 67.175144212722
84.8528137423857 24 67.175144212722
80.93258462007691 30.25 64.0716294908942
80.93258462007691 25.107142857142858 64.0716294908942
77.0123554977681 30.5 60.968114769066396
77.0123554977681 26.214285714285715 60.968114769066396
73.09212637545927 30.75 57.86460004723858
73.09212637545927 27.321428571428573 57.86460004723858
69.17189725315048 31 54.76108532541078
69.17189725315048 28.428571428571427 54.76108532541078
65.25166813084168 31.25 51.65757060358298
65.25166813084168 29.535714285714285 51.65757060358298
61.33143900853286 31.5 48.554055881755176
61.33143900853286 30.642857142857142 48.554055881755176
57.41120988622405 31.75 45.45054115992736
73.05137148104647 30 75.36856732766734
73.05137148104647 24 75.36856732766734
69.57145993416219 30.25 71.77827268434605
69.57145993416219 25.107142857142858 71.77827268434605
66.09154838727792 30.5 68.18797804102476
66.09154838727792 26.214285714285715 68.18797804102476
62.61163684039366 30.75 64.59768339770349
62.61163684039366 27.321428571428573 64.59768339770349
59.131725293509376 31 61.0073887543822
59.131725293509376 28.428571428571427 61.0073887543822
55.65181374662511 31.25 57.41709411106092
55.65181374662511 29.535714285714285 57.41709411106092
52.171902199740835 31.5 53.82679946773963
52.171902199740835 30.642857142857142 53.82679946773963
48.69199065285656 31.75 50.23650482441835
60.000000000000014 30 82.27241335952166
60.000000000000014 24 82.27241335952166
57.053828303158596 30.25 78.23260243167732
57.053828303158596 25.107142857142858 78.23260243167732
54.10765660631718 30.5 74.19279150383298
54.10765660631718 26.214285714285715 74.19279150383298
51.16148490947576 30.75 70.15298057598864
51.16148490947576 27.321428571428573 70.15298057598864
48.21531321263434 31 66.1131696481443
48.21531321263434 28.428571428571427 66.1131696481443
45.269141515792924 31.25 62.073358720299964
45.269141515792924 29.535714285714285 62.073358720299964
42.322969818951506 31.5 58.03354779245562
42.322969818951506 30.642857142857142 58.03354779245562
39.37679812211008 31.75 53.99373686461127
45.92201188381078 30 87.76855558857224
45.92201188381078 24 87.76855558857224
43.6040365512436 30.25 83.33831966284436
43.6040365512436 25.107142857142858 83.33831966284436
41.28606121867642 30.5 78.90808373711646
41.28606121867642 26.214285714285715 78.90808373711646
38.96808588610924 30.75 74.47784781138857
38.96808588610924 27.321428571428573 74.47784781138857
36.65011055354206 31 70.04761188566067
36.65011055354206 28.428571428571427 70.04761188566067
34.332135220974884 31.25 65.61737595993277
34.332135220974884 29.535714285714285 65.61737595993277
32.014159888407704 31.5 61.18714003420489
32.014159888407704 30.642857142857142 61.18714003420489
29.69618455584052 31.75 56.75690410847699
31.05828541230249 30 91.7629534974615
31.05828541230249 24 91.7629534974615
29.45530199391906 30.25 87.02687451159272
29.45530199391906 25.107142857142858 87.02687451159272
27.85231857553563 30.5 82.29079552572395
27.85231857553563 26.214285714285715 82.29079552572395
26.249335157152203 30.75 77.55471653985518
26.249335157152203 27.321428571428573 77.55471653985518
24.646351738768775 31 72.8186375539864
24.646351738768775 28.428571428571427 72.8186375539864
23.043368320385348 31.25 68.08255856811763
23.043368320385348 29.535714285714285 68.08255856811763
21.440384902001913 31.5 63.34647958224886
21.440384902001913 30.642857142857142 63.34647958224886
19.837401483618482 31.75 58.61040059638008
15.663143066406205 30 94.18726183051199
15.663143066406205 24 94.18726183051199
14.842917919097063 30.25 89.2549975728184
14.842917919097063 25.107142857142858 89.2549975728184
14.022692771787918 30.5 84.32273331512481
14.022692771787918 26.214285714285715 84.32273331512481
13.202467624478777 30.75 79.39046905743122
13.202467624478777 27.321428571428573 79.39046905743122
12.382242477169633 31 74.45820479973763
12.382242477169633 28.428571428571427 74.45820479973763
11.562017329860492 31.25 69.52594054204404
11.562017329860492 29.535714285714285 69.52594054204404
10.741792182551348 31.5 64.59367628435045
10.741792182551348 30.642857142857142 64.59367628435045
9.921567035242205 31.75 59.661412026656855
7.34788079488412e-15 30 95
7.34788079488412e-15 24 95
6.961150226732324e-15 30.25 90
6.961150226732324e-15 25.107142857142858 90
6.5744196585805285e-15 30.5 85
6.5744196585805285e-15 26.214285714285715 85
6.187689090428732e-15 30.75 80
6.187689090428732e-15 27.321428571428573 80
5.800958522276937e-15 31 75
5.800958522276937e-15 28.428571428571427 75
5.4142279541251414e-15 31.25 70
5.4142279541251414e-15 29.535714285714285 70
5.027497385973346e-15 31.5 65
5.027497385973346e-15 30.642857142857142 65
4.640766817821549e-15 31.75 60
-15.663143066406192 30 94.18726183051199
-15.663143066406192 24 94.18726183051199
-14.84291791909705 30.25 89.2549975728184
-14.84291791909705 25.107142857142858 89.2549975728184
-14.022692771787908 30.5 84.32273331512481
-14.022692771787908 26.214285714285715 84.32273331512481
-13.202467624478766 30.75 79.39046905743122
-13.202467624478766 27.321428571428573 79.39046905743122
-12.382242477169623 31 74.45820479973763
-12.382242477169623 28.428571428571427 74.45820479973763
-11.562017329860481 31.25 69.52594054204404
-11.562017329860481 29.535714285714285 69.52594054204404
-10.74179218255134 31.5 64.59367628435045
-10.74179218255134 30.642857142857142 64.59367628435045
-9.921567035242196 31.75 59.661412026656855
-31.058285412302475 30 91.7629534974615
-31.058285412302475 24 91.7629534974615
-29.455301993919047 30.25 87.02687451159272
-29.455301993919047 25.107142857142858 87.02687451159272
-27.852318575535616 30.5 82.29079552572395
-27.852318575535616 26.214285714285715 82.29079552572395
-26.24933515715219 30.75 77.55471653985518
-26.24933515715219 27.321428571428573 77.55471653985518
-24.64635173876876 31 72.8186375539864
-24.64635173876876 28.428571428571427 72.8186375539864
-23.043368320385337 31.25 68.08255856811763
-23.043368320385337 29.535714285714285 68.08255856811763
-21.440384902001906 31.5 63.34647958224886
-21.440384902001906 30.642857142857142 63.34647958224886
-19.837401483618475 31.75 58.61040059638008
-45.92201188381074 30 87.76855558857226
-45.92201188381074 24 87.76855558857226
-43.60403655124356 30.25 83.33831966284437
-43.60403655124356 25.107142857142858 83.33831966284437
-41.28606121867639 30.5 78.90808373711647
-41.28606121867639 26.214285714285715 78.90808373711647
-38.96808588610921 30.75 74.47784781138859
-38.96808588610921 27.321428571428573 74.47784781138859
-36.65011055354203 31 70.04761188566069
-36.65011055354203 28.428571428571427 70.04761188566069
-34.332135220974855 31.25 65.61737595993279
-34.332135220974855 29.535714285714285 65.61737595993279
-32.014159888407676 31.5 61.1871400342049
-32.014159888407676 30.642857142857142 61.1871400342049
-29.696184555840492 31.75 56.756904108476995
-59.99999999999997 30 82.27241335952168
-59.99999999999997 24 82.27241335952168
-57.053828303158554 30.25 78.23260243167734
-57.053828303158554 25.107142857142858 78.23260243167734
-54.107656606317136 30.5 74.19279150383299
-54.107656606317136 26.214285714285715 74.19279150383299
-51.161484909475725 30.75 70.15298057598865
-51.161484909475725 27.321428571428573 70.15298057598865
-48.21531321263431 31 66.11316964814431
-48.21531321263431 28.428571428571427 66.11316964814431
-45.26914151579289 31.25 62.073358720299964
-45.26914151579289 29.535714285714285 62.073358720299964
-42.32296981895148 31.5 58.03354779245563
-42.32296981895148 30.642857142857142 58.03354779245563
-39.37679812211005 31.75 53.993736864611286
-73.05137148104647 30 75.36856732766734
-73.05137148104647 24 75.36856732766734
-69.57145993416219 30.25 71.77827268434605
-69.57145993416219 25.107142857142858 71.77827268434605
-66.09154838727792 30.5 68.18797804102476
-66.09154838727792 26.214285714285715 68.18797804102476
-62.61163684039366 30.75 64.59768339770349
-62.61163684039366 27.321428571428573 64.59768339770349
-59.131725293509376 31 61.0073887543822
-59.131725293509376 28.428571428571427 61.0073887543822
-55.65181374662511 31.25 57.41709411106092
-55.65181374662511 29.535714285714285 57.41709411106092
-52.171902199740835 31.5 53.82679946773963
-52.171902199740835 30.642857142857142 53.82679946773963
-48.69199065285656 31.75 50.23650482441835
-84.85281374238569 30 67.17514421272202
-84.85281374238569 24 67.17514421272202
-80.9325846200769 30.25 64.07162949089421
-80.9325846200769 25.107142857142858 64.07162949089421
-77.01235549776808 30.5 60.9681147690664
-77.01235549776808 26.214285714285715 60.9681147690664
-73.09212637545927 30.75 57.864600047238596
-73.09212637545927 27.321428571428573 57.864600047238596
-69.17189725315046 31 54.7610853254108
-69.17189725315046 28.428571428571427 54.7610853254108
-65.25166813084167 31.25 51.65757060358299
-65.25166813084167 29.535714285714285 51.65757060358299
-61.331439008532854 31.5 48.55405588175518
-61.331439008532854 30.642857142857142 48.55405588175518
-57.41120988622404 31.75 45.450541159927376
-95.20240083494821 30 57.83233575582848
-95.20240083494821 24 57.83233575582848
-90.92907823800334 30.25 55.236432448222374
-90.92907823800334 25.107142857142858 55.236432448222374
-86.65575564105846 30.5 52.64052914061626
-86.65575564105846 26.214285714285715 52.64052914061626
-82.3824330441136 30.75 50.04462583301015
-82.3824330441136 27.321428571428573 50.04462583301015
-78.10911044716872 31 47.448722525404044
-78.10911044716872 28.428571428571427 47.448722525404044
-73.83578785022385 31.25 44.85281921779793
-73.83578785022385 29.535714285714285 44.85281921779793
-69.56246525327897 31.5 42.25691591019182
-69.56246525327897 30.642857142857142 42.25691591019182
-65.2891426563341 31.75 39.661012602585714
-103.92304845413264 30 47.49999999999999
-103.92304845413264 24 47.49999999999999
-99.375549022899 30.25 45.42147915022974
-99.375549022899 25.107142857142858 45.42147915022974
-94.82804959166533 30.5 43.34295830045949
-94.82804959166533 26.214285714285715 43.34295830045949
-90.28055016043169 30.75 41.26443745068925
-90.28055016043169 27.321428571428573 41.26443745068925
-85.73305072919804 31 39.18591660091901
-85.73305072919804 28.428571428571427 39.18591660091901
-81.1855512979644 31.25 37.10739575114876
-81.1855512979644 29.535714285714285 37.10739575114876
-76.63805186673073 31.5 35.02887490137851
-76.63805186673073 30.642857142857142 35.02887490137851
-72.0905524354971 31.75 32.950354051608265
-110.86554390135441 30 36.35492607468354
-110.86554390135441 24 36.35492607468354
-106.1144668341946 30.25 34.79695730031478
-106.1144668341946 25.107142857142858 34.79695730031478
-101.36338976703479 30.5 33.23898852594601
-101.36338976703479 26.214285714285715 33.23898852594601
-96.61231269987496 30.75 31.681019751577253
-96.61231269987496 27.321428571428573 31.681019751577253
-91.86123563271515 31 30.12305097720849
-91.86123563271515 28.428571428571427 30.12305097720849
-87.11015856555535 31.25 28.565082202839733
-87.11015856555535 29.535714285714285 28.565082202839733
-82.35908149839553 31.5 27.007113428470966
-82.35908149839553 30.642857142857142 27.007113428470966
-77.60800443123573 31.75 25.449144654102206
-115.91109915468819 30 24.587809284739496
-115.91109915468819 24 24.587809284739496
-111.01993372369726 30.25 23.55026375480867
-111.01993372369726 25.107142857142858 23.55026375480867
-106.12876829270634 30.5 22.512718224877844
-106.12876829270634 26.214285714285715 22.512718224877844
-101.23760286171544 30.75 21.475172694947023
-101.23760286171544 27.321428571428573 21.475172694947023
-96.34643743072452 31 20.437627165016195
-96.34643743072452 28.428571428571427 20.437627165016195
-91.4552719997336 31.25 19.40008163508537
-91.4552719997336 29.535714285714285 19.40008163508537
-86.56410656874269 31.5 18.362536105154547
-86.56410656874269 30.642857142857142 18.362536105154547
-81.67294113775176 31.75 17.324990575223723
-118.97338336485724 30 12.399988260904939
-118.97338336485724 24 12.399988260904939
-114.00032116818332 30.25 11.88167138098235
-114.00032116818332 25.107142857142858 11.88167138098235
-109.02725897150938 30.5 11.363354501059762
-109.02725897150938 26.214285714285715 11.363354501059762
-104.05419677483546 30.75 10.845037621137173
-104.05419677483546 27.321428571428573 10.845037621137173
-99.08113457816154 31 10.326720741214585
-99.08113457816154 28.428571428571427 10.326720741214585
-94.1080723814876 31.25 9.808403861291994
-94.1080723814876 29.535714285714285 9.808403861291994
-89.13501018481368 31.5 9.290086981369406
-89.13501018481368 30.642857142857142 9.290086981369406
-84.16194798813973 31.75 8.771770101446817
-120 30 1.1634144591899855e-14
-120 24 1.1634144591899855e-14
-115 30.25 1.1149388567237362e-14
-115 25.107142857142858 1.1149388567237362e-14
-110 30.5 1.0664632542574867e-14
-110 26.214285714285715 1.0664632542574867e-14
-105 30.75 1.0179876517912373e-14
-105 27.321428571428573 1.0179876517912373e-14
-100 31 9.69512049324988e-15
-100 28.428571428571427 9.69512049324988e-15
-95 31.25 9.210364468587385e-15
-95 29.535714285714285 9.210364468587385e-15
-90 31.5 8.725608443924892e-15
-90 30.642857142857142 8.725608443924892e-15
-84.99999999999999 31.75 8.240852419262397e-15
-118.97338336485724 30 -12.399988260904918
-118.97338336485724 24 -12.399988260904918
-114.00032116818332 30.25 -11.881671380982329
-114.00032116818332 25.107142857142858 -11.881671380982329
-109.02725897150938 30.5 -11.363354501059742
-109.02725897150938 26.214285714285715 -11.363354501059742
-104.05419677483546 30.75 -10.845037621137154
-104.05419677483546 27.321428571428573 -10.845037621137154
-99.08113457816154 31 -10.326720741214567
-99.08113457816154 28.428571428571427 -10.326720741214567
-94.1080723814876 31.25 -9.808403861291978
-94.1080723814876 29.535714285714285 -9.808403861291978
-89.13501018481368 31.5 -9.29008698136939
-89.13501018481368 30.642857142857142 -9.29008698136939
-84.16194798813973 31.75 -8.771770101446801
-115.9110991546882 30 -24.587809284739475
-115.9110991546882 24 -24.587809284739475
-111.01993372369728 30.25 -23.55026375480865
-111.01993372369728 25.107142857142858 -23.55026375480865
-106.12876829270637 30.5 -22.51271822487783
-106.12876829270637 26.214285714285715 -22.51271822487783
-101.23760286171544 30.75 -21.475172694947002
-101.23760286171544 27.321428571428573 -21.475172694947002
-96.34643743072454 31 -20.437627165016178
-96.34643743072454 28.428571428571427 -20.437627165016178
-91.45527199973361 31.25 -19.400081635085353
-91.45527199973361 29.535714285714285 -19.400081635085353
-86.5641065687427 31.5 -18.362536105154533
-86.5641065687427 30.642857142857142 -18.362536105154533
-81.67294113775178 31.75 -17.32499057522371
-110.86554390135443 30 -36.35492607468352
-110.86554390135443 24 -36.35492607468352
-106.11446683419462 30.25 -34.79695730031476
-106.11446683419462 25.107142857142858 -34.79695730031476
-101.3633897670348 30.5 -33.238988525946
-101.3633897670348 26.214285714285715 -33.238988525946
-96.61231269987499 30.75 -31.68101975157724
-96.61231269987499 27.321428571428573 -31.68101975157724
-91.86123563271516 31 -30.12305097720847
-91.86123563271516 28.428571428571427 -30.12305097720847
-87.11015856555537 31.25 -28.565082202839715
-87.11015856555537 29.535714285714285 -28.565082202839715
-82.35908149839555 31.5 -27.007113428470955
-82.35908149839555 30.642857142857142 -27.007113428470955
-77.60800443123573 31.75 -25.44914465410219
-103.92304845413265 30 -47.49999999999997
-103.92304845413265 24 -47.49999999999997
-99.37554902289901 30.25 -45.42147915022972
-99.37554902289901 25.107142857142858 -45.42147915022972
-94.82804959166535 30.5 -43.34295830045948
-94.82804959166535 26.214285714285715 -43.34295830045948
-90.2805501604317 30.75 -41.26443745068923
-90.2805501604317 27.321428571428573 -41.26443745068923
-85.73305072919806 31 -39.185916600918986
-85.73305072919806 28.428571428571427 -39.185916600918986
-81.18555129796441 31.25 -37.107395751148744
-81.18555129796441 29.535714285714285 -37.107395751148744
-76.63805186673075 31.5 -35.028874901378494
-76.63805186673075 30.642857142857142 -35.028874901378494
-72.0905524354971 31.75 -32.95035405160825
-95.20240083494822 30 -57.83233575582846
-95.20240083494822 24 -57.83233575582846
-90.92907823800336 30.25 -55.23643244822235
-90.92907823800336 25.107142857142858 -55.23643244822235
-86.65575564105848 30.5 -52.64052914061624
-86.65575564105848 26.214285714285715 -52.64052914061624
-82.38243304411361 30.75 -50.04462583301013
-82.38243304411361 27.321428571428573 -50.04462583301013
-78.10911044716873 31 -47.44872252540403
-78.10911044716873 28.428571428571427 -47.44872252540403
-73.83578785022385 31.25 -44.852819217797915
-73.83578785022385 29.535714285714285 -44.852819217797915
-69.56246525327899 31.5 -42.25691591019181
-69.56246525327899 30.642857142857142 -42.25691591019181
-65.28914265633412 31.75 -39.6610126025857
-84.85281374238575 30 -67.17514421272197
-84.85281374238575 24 -67.17514421272197
-80.93258462007694 30.25 -64.07162949089417
-80.93258462007694 25.107142857142858 -64.07162949089417
-77.01235549776813 30.5 -60.96811476906637
-77.01235549776813 26.214285714285715 -60.96811476906637
-73.09212637545932 30.75 -57.86460004723856
-73.09212637545932 27.321428571428573 -57.86460004723856
-69.1718972531505 31 -54.76108532541076
-69.1718972531505 28.428571428571427 -54.76108532541076
-65.25166813084171 31.25 -51.65757060358296
-65.25166813084171 29.535714285714285 -51.65757060358296
-61.33143900853289 31.5 -48.554055881755154
-61.33143900853289 30.642857142857142 -48.554055881755154
-57.411209886224086 31.75 -45.450541159927354
-73.0513714810465 30 -75.36856732766732
-73.0513714810465 24 -75.36856732766732
-69.57145993416222 30.25 -71.77827268434604
-69.57145993416222 25.107142857142858 -71.77827268434604
-66.09154838727795 30.5 -68.18797804102475
-66.09154838727795 26.214285714285715 -68.18797804102475
-62.61163684039368 30.75 -64.59768339770348
-62.61163684039368 27.321428571428573 -64.59768339770348
-59.131725293509405 31 -61.00738875438219
-59.131725293509405 28.428571428571427 -61.00738875438219
-55.65181374662513 31.25 -57.41709411106091
-55.65181374662513 29.535714285714285 -57.41709411106091
-52.171902199740856 31.5 -53.826799467739626
-52.171902199740856 30.642857142857142 -53.826799467739626
-48.69199065285658 31.75 -50.23650482441834
-60.00000000000006 30 -82.27241335952165
-60.00000000000006 24 -82.27241335952165
-57.05382830315863 30.25 -78.23260243167731
-57.05382830315863 25.107142857142858 -78.23260243167731
-54.10765660631722 30.5 -74.19279150383298
-54.10765660631722 26.214285714285715 -74.19279150383298
-51.161484909475796 30.75 -70.15298057598864
-51.161484909475796 27.321428571428573 -70.15298057598864
-48.21531321263438 31 -66.1131696481443
-48.21531321263438 28.428571428571427 -66.1131696481443
-45.26914151579296 31.25 -62.07335872029995
-45.26914151579296 29.535714285714285 -62.07335872029995
-42.322969818951535 31.5 -58.03354779245561
-42.322969818951535 30.642857142857142 -58.03354779245561
-39.37679812211011 31.75 -53.993736864611265
-45.92201188381074 30 -87.76855558857226
-45.92201188381074 24 -87.76855558857226
-43.60403655124356 30.25 -83.33831966284437
-43.60403655124356 25.107142857142858 -83.33831966284437
-41.28606121867639 30.5 -78.90808373711647
-41.28606121867639 26.214285714285715 -78.90808373711647
-38.96808588610921 30.75 -74.47784781138859
-38.96808588610921 27.321428571428573 -74.47784781138859
-36.65011055354203 31 -70.04761188566069
-36.65011055354203 28.428571428571427 -70.04761188566069
-34.332135220974855 31.25 -65.61737595993279
-34.332135220974855 29.535714285714285 -65.61737595993279
-32.014159888407676 31.5 -61.1871400342049
-32.014159888407676 30.642857142857142 -61.1871400342049
-29.696184555840492 31.75 -56.756904108476995
-31.058285412302475 30 -91.7629534974615
-31.058285412302475 24 -91.7629534974615
-29.455301993919047 30.25 -87.02687451159272
-29.455301993919047 25.107142857142858 -87.02687451159272
-27.852318575535616 30.5 -82.29079552572395
-27.852318575535616 26.214285714285715 -82.29079552572395
-26.24933515715219 30.75 -77.55471653985518
-26.24933515715219 27.321428571428573 -77.55471653985518
-24.64635173876876 31 -72.8186375539864
-24.64635173876876 28.428571428571427 -72.8186375539864
-23.043368320385337 31.25 -68.08255856811763
-23.043368320385337 29.535714285714285 -68.08255856811763
-21.440384902001906 31.5 -63.34647958224886
-21.440384902001906 30.642857142857142 -63.34647958224886
-19.837401483618475 31.75 -58.61040059638008
-15.663143066406196 30 -94.18726183051199
-15.663143066406196 24 -94.18726183051199
-14.842917919097054 30.25 -89.2549975728184
-14.842917919097054 25.107142857142858 -89.2549975728184
-14.022692771787911 30.5 -84.32273331512481
-14.022692771787911 26.214285714285715 -84.32273331512481
-13.20246762447877 30.75 -79.39046905743122
-13.20246762447877 27.321428571428573 -79.39046905743122
-12.382242477169626 31 -74.45820479973763
-12.382242477169626 28.428571428571427 -74.45820479973763
-11.562017329860485 31.25 -69.52594054204404
-11.562017329860485 29.535714285714285 -69.52594054204404
-10.741792182551343 31.5 -64.59367628435045
-10.741792182551343 30.642857142857142 -64.59367628435045
-9.9215670352422 31.75 -59.661412026656855
-2.2043642384652355e-14 30 -95
-2.2043642384652355e-14 24 -95
-2.0883450680196968e-14 30.25 -90
-2.0883450680196968e-14 25.107142857142858 -90
-1.972325897574158e-14 30.5 -85
-1.972325897574158e-14 26.214285714285715 -85
-1.8563067271286194e-14 30.75 -80
-1.8563067271286194e-14 27.321428571428573 -80
-1.7402875566830807e-14 31 -75
-1.7402875566830807e-14 28.428571428571427 -75
-1.624268386237542e-14 31.25 -70
-1.624268386237542e-14 29.535714285714285 -70
-1.5082492157920032e-14 31.5 -65
-1.5082492157920032e-14 30.642857142857142 -65
-1.3922300453464645e-14 31.75 -60
15.663143066406152 30 -94.187261830512
15.663143066406152 24 -94.187261830512
14.842917919097012 30.25 -89.25499757281841
14.842917919097012 25.107142857142858 -89.25499757281841
14.022692771787872 30.5 -84.32273331512482
14.022692771787872 26.214285714285715 -84.32273331512482
13.202467624478732 30.75 -79.39046905743123
13.202467624478732 27.321428571428573 -79.39046905743123
12.38224247716959 31 -74.45820479973763
12.38224247716959 28.428571428571427 -74.45820479973763
11.562017329860451 31.25 -69.52594054204405
11.562017329860451 29.535714285714285 -69.52594054204405
10.741792182551313 31.5 -64.59367628435047
10.741792182551313 30.642857142857142 -64.59367628435047
9.921567035242173 31.75 -59.661412026656876
31.058285412302435 30 -91.7629534974615
31.058285412302435 24 -91.7629534974615
29.45530199391901 30.25 -87.02687451159272
29.45530199391901 25.107142857142858 -87.02687451159272
27.85231857553558 30.5 -82.29079552572395
27.85231857553558 26.214285714285715 -82.29079552572395
26.249335157152156 30.75 -77.55471653985518
26.249335157152156 27.321428571428573 -77.55471653985518
24.64635173876873 31 -72.8186375539864
24.64635173876873 28.428571428571427 -72.8186375539864
23.0433683203853 31.25 -68.08255856811763
23.0433683203853 29.535714285714285 -68.08255856811763
21.440384902001878 31.5 -63.34647958224886
21.440384902001878 30.642857142857142 -63.34647958224886
19.83740148361845 31.75 -58.61040059638008
45.9220118838107 30 -87.76855558857226
45.9220118838107 24 -87.76855558857226
43.604036551243524 30.25 -83.33831966284437
43.604036551243524 25.107142857142858 -83.33831966284437
41.286061218676345 30.5 -78.90808373711646
41.286061218676345 26.214285714285715 -78.90808373711646
38.96808588610917 30.75 -74.47784781138857
38.96808588610917 27.321428571428573 -74.47784781138857
36.65011055354199 31 -70.04761188566069
36.65011055354199 28.428571428571427 -70.04761188566069
34.33213522097481 31.25 -65.61737595993279
34.33213522097481 29.535714285714285 -65.61737595993279
32.01415988840764 31.5 -61.18714003420489
32.01415988840764 30.642857142857142 -61.18714003420489
29.696184555840468 31.75 -56.756904108476995
60.000000000000014 30 -82.27241335952166
60.000000000000014 24 -82.27241335952166
57.053828303158596 30.25 -78.23260243167732
57.053828303158596 25.107142857142858 -78.23260243167732
54.10765660631718 30.5 -74.19279150383298
54.10765660631718 26.214285714285715 -74.19279150383298
51.16148490947576 30.75 -70.15298057598864
51.16148490947576 27.321428571428573 -70.15298057598864
48.21531321263434 31 -66.1131696481443
48.21531321263434 28.428571428571427 -66.1131696481443
45.269141515792924 31.25 -62.073358720299964
45.269141515792924 29.535714285714285 -62.073358720299964
42.322969818951506 31.5 -58.03354779245562
42.322969818951506 30.642857142857142 -58.03354779245562
39.37679812211008 31.75 -53.99373686461127
73.05137148104639 30 -75.36856732766739
73.05137148104639 24 -75.36856732766739
69.57145993416212 30.25 -71.7782726843461
69.57145993416212 25.107142857142858 -71.7782726843461
66.09154838727785 30.5 -68.18797804102482
66.09154838727785 26.214285714285715 -68.18797804102482
62.61163684039358 30.75 -64.59768339770353
62.61163684039358 27.321428571428573 -64.59768339770353
59.131725293509305 31 -61.00738875438224
59.131725293509305 28.428571428571427 -61.00738875438224
55.65181374662504 31.25 -57.417094111060955
55.65181374662504 29.535714285714285 -57.417094111060955
52.171902199740764 31.5 -53.82679946773967
52.171902199740764 30.642857142857142 -53.82679946773967
48.691990652856504 31.75 -50.23650482441839
84.85281374238568 30 -67.17514421272203
84.85281374238568 24 -67.17514421272203
80.93258462007688 30.25 -64.07162949089422
80.93258462007688 25.107142857142858 -64.07162949089422
77.01235549776807 30.5 -60.96811476906642
77.01235549776807 26.214285714285715 -60.96811476906642
73.09212637545926 30.75 -57.86460004723861
73.09212637545926 27.321428571428573 -57.86460004723861
69.17189725315045 31 -54.761085325410804
69.17189725315045 28.428571428571427 -54.761085325410804
65.25166813084165 31.25 -51.657570603583004
65.25166813084165 29.535714285714285 -51.657570603583004
61.33143900853284 31.5 -48.55405588175519
61.33143900853284 30.642857142857142 -48.55405588175519
57.41120988622403 31.75 -45.45054115992738
95.2024008349482 30 -57.83233575582848
95.2024008349482 24 -57.83233575582848
90.92907823800333 30.25 -55.236432448222374
90.92907823800333 25.107142857142858 -55.236432448222374
86.65575564105845 30.5 -52.64052914061626
86.65575564105845 26.214285714285715 -52.64052914061626
82.38243304411358 30.75 -50.04462583301015
82.38243304411358 27.321428571428573 -50.04462583301015
78.1091104471687 31 -47.44872252540404
78.1091104471687 28.428571428571427 -47.44872252540404
73.83578785022384 31.25 -44.85281921779793
73.83578785022384 29.535714285714285 -44.85281921779793
69.56246525327897 31.5 -42.25691591019182
69.56246525327897 30.642857142857142 -42.25691591019182
65.28914265633409 31.75 -39.661012602585714
103.92304845413261 30 -47.50000000000004
103.92304845413261 24 -47.50000000000004
99.37554902289897 30.25 -45.42147915022979
99.37554902289897 25.107142857142858 -45.42147915022979
94.8280495916653 30.5 -43.34295830045954
94.8280495916653 26.214285714285715 -43.34295830045954
90.28055016043166 30.75 -41.26443745068929
90.28055016043166 27.321428571428573 -41.26443745068929
85.73305072919803 31 -39.18591660091905
85.73305072919803 28.428571428571427 -39.18591660091905
81.18555129796437 31.25 -37.10739575114879
81.18555129796437 29.535714285714285 -37.10739575114879
76.63805186673072 31.5 -35.02887490137854
76.63805186673072 30.642857142857142 -35.02887490137854
72.09055243549707 31.75 -32.9503540516083
110.86554390135443 30 -36.35492607468351
110.86554390135443 24 -36.35492607468351
106.11446683419462 30.25 -34.79695730031475
106.11446683419462 25.107142857142858 -34.79695730031475
101.3633897670348 30.5 -33.23898852594599
101.3633897670348 26.214285714285715 -33.23898852594599
96.61231269987499 30.75 -31.68101975157723
96.61231269987499 27.321428571428573 -31.68101975157723
91.86123563271516 31 -30.123050977208468
91.86123563271516 28.428571428571427 -30.123050977208468
87.11015856555537 31.25 -28.56508220283971
87.11015856555537 29.535714285714285 -28.56508220283971
82.35908149839555 31.5 -27.007113428470948
82.35908149839555 30.642857142857142 -27.007113428470948
77.60800443123573 31.75 -25.449144654102188
115.91109915468817 30 -24.58780928473955
115.91109915468817 24 -24.58780928473955
111.01993372369725 30.25 -23.55026375480872
111.01993372369725 25.107142857142858 -23.55026375480872
106.12876829270634 30.5 -22.512718224877894
106.12876829270634 26.214285714285715 -22.512718224877894
101.23760286171543 30.75 -21.47517269494707
101.23760286171543 27.321428571428573 -21.47517269494707
96.3464374307245 31 -20.43762716501624
96.3464374307245 28.428571428571427 -20.43762716501624
91.45527199973358 31.25 -19.400081635085414
91.45527199973358 29.535714285714285 -19.400081635085414
86.56410656874267 31.5 -18.36253610515459
86.56410656874267 30.642857142857142 -18.36253610515459
81.67294113775176 31.75 -17.32499057522376
118.97338336485724 30 -12.39998826090491
118.97338336485724 24 -12.39998826090491
114.00032116818332 30.25 -11.881671380982324
114.00032116818332 25.107142857142858 -11.881671380982324
109.02725897150938 30.5 -11.363354501059735
109.02725897150938 26.214285714285715 -11.363354501059735
104.05419677483546 30.75 -10.845037621137148
104.05419677483546 27.321428571428573 -10.845037621137148
99.08113457816154 31 -10.32672074121456
99.08113457816154 28.428571428571427 -10.32672074121456
94.1080723814876 31.25 -9.808403861291973
94.1080723814876 29.535714285714285 -9.808403861291973
89.13501018481368 31.5 -9.290086981369384
89.13501018481368 30.642857142857142 -9.290086981369384
84.16194798813973 31.75 -8.771770101446796
$EndNodes
$Elements
1 3312 1 3312
1 1 1 3312
1 1 2
2 1 3
3 1 4
4 1 16
5 1 18
6 1 19
7 1 706
8 1 707
9 2 4
10 2 16
11 2 17
12 2 19
13 2 707
14 3 4
15 3 5
16 3 6
17 3 18
18 3 20
19 3 21
20 3 706
21 3 708
22 3 709
23 4 6
24 4 18
25 4 19
26 4 21
27 4 706
28 4 707
29 4 709
30 5 6
31 5 7
32 5 8
33 5 20
34 5 22
35 5 23
36 5 708
37 5 710
38 5 711
39 6 8
40 6 20
41 6 21
42 6 23
43 6 708
44 6 709
45 6 711
46 7 8
47 7 9
48 7 10
49 7 22
50 7 24
51 7 25
52 7 710
53 7 712
54 7 713
55 8 10
56 8 22
57 8 23
58 8 25
59 8 710
60 8 711
61 8 713
62 9 10
63 9 11
64 9 12
65 9 24
66 9 26
67 9 27
68 9 712
69 9 714
70 9 715
71 10 12
72 10 24
73 10 25
74 10 27
75 10 712
76 10 713
77 10 715
78 11 12
79 11 13
80 11 14
81 11 26
82 11 28
83 11 29
84 11 714
85 11 716
86 11 717
87 12 14
88 12 26
89 12 27
90 12 29
91 12 714
92 12 715
93 12 717
94 13 14
95 13 15
96 13 28
97 13 30
98 13 716
99 13 718
100 13 719
101 14 15
102 14 28
103 14 29
104 14 30
105 14 716
106 14 717
107 14 719
108 15 30
109 15 718
110 15 719
111 15 720
112 16 17
113 16 18
114 16 19
115 16 31
116 16 33
117 16 34
118 17 19
119 17 31
120 17 32
121 17 34
122 18 19
123 18 20
124 18 21
125 18 33
126 18 35
127 18 36
128 19 21
129 19 33
130 19 34
131 19 36
132 20 21
133 20 22
134 20 23
135 20 35
136 20 37
137 20 38
138 21 23
139 21 35
140 21 36
141 21 38
142 22 23
143 22 24
144 22 25
145 22 37
146 22 39
147 22 40
148 23 25
149 23 37
150 23 38
151 23 40
152 24 25
153 24 26
154 24 27
155 24 39
156 24 41
157 24 42
158 25 27
159 25 39
160 25 40
161 25 42
162 26 27
163 26 28
164 26 29
165 26 41
166 26 43
167 26 44
168 27 29
169 27 41
170 27 42
171 27 44
172 28 29
173 28 30
174 28 43
175 28 45
176 29 30
177 29 43
178 29 44
179 29 45
180 30 45
181 31 32
182 31 33
183 31 34
184 31 46
185 31 48
186 31 49
187 32 34
188 32 46
189 32 47
190 32 49
191 33 34
192 33 35
193 33 36
194 33 48
195 33 50
196 33 51
197 34 36
198 34 48
199 34 49
200 34 51
201 35 36
202 35 37
203 35 38
204 35 50
205 35 52
206 35 53
207 36 38
208 36 50
209 36 51
210 36 53
211 37 38
212 37 39
213 37 40
214 37 52
215 37 54
216 37 55
217 38 40
218 38 52
219 38 53
220 38 55
221 39 40
222 39 41
223 39 42
224 39 54
225 39 56
226 39 57
227 40 42
228 40 54
229 40 55
230 40 57
231 41 42
232 41 43
233 41 44
234 41 56
235 41 58
236 41 59
237 42 44
238 42 56
239 42 57
240 42 59
241 43 44
242 43 45
243 43 58
244 43 60
245 44 45
246 44 58
247 44 59
248 44 60
249 45 60
250 46 47
251 46 48
252 46 49
253 46 61
254 46 63
255 46 64
256 47 49
257 47 61
258 47 62
259 47 64
260 48 49
261 48 50
262 48 51
263 48 63
264 48 65
265 48 66
266 49 51
267 49 63
268 49 64
269 49 66
270 50 51
271 50 52
272 50 53
273 50 65
274 50 67
275 50 68
276 51 53
277 51 65
278 51 66
279 51 68
280 52 53
281 52 54
282 52 55
283 52 67
284 52 69
285 52 70
286 53 55
287 53 67
288 53 68
289 53 70
290 54 55
291 54 56
292 54 57
293 54 69
294 54 71
295 54 72
296 55 57
297 55 69
298 55 70
299 55 72
300 56 57
301 56 58
302 56 59
303 56 71
304 56 73
305 56 74
306 57 59
307 57 71
308 57 72
309 57 74
310 58 59
311 58 60
312 58 73
313 58 75
314 59 60
315 59 73
316 59 74
317 59 75
318 60 75
319 61 62
320 61 63
321 61 64
322 61 76
323 61 78
324 61 79
325 62 64
326 62 76
327 62 77
328 62 79
329 63 64
330 63 65
331 63 66
332 63 78
333 63 80
334 63 81
335 64 66
336 64 78
337 64 79
338 64 81
339 65 66
340 65 67
341 65 68
342 65 80
343 65 82
344 65 83
345 66 68
346 66 80
347 66 81
348 66 83
349 67 68
350 67 69
351 67 70
352 67 82
353 67 84
354 67 85
355 68 70
356 68 82
357 68 83
358 68 85
359 69 70
360 69 71
361 69 72
362 69 84
363 69 86
364 69 87
365 70 72
366 70 84
367 70 85
368 70 87
369 71 72
370 71 73
371 71 74
372 71 86
373 71 88
374 71 89
375 72 74
376 72 86
377 72 87
378 72 89
379 73 74
380 73 75
381 73 88
382 73 90
383 74 75
384 74 88
385 74 89
386 74 90
387 75 90
388 76 77
389 76 78
390 76 79
391 76 91
392 76 93
393 76 94
394 77 79
395 77 91
396 77 92
397 77 94
398 78 79
399 78 80
400 78 81
401 78 93
402 78 95
403 78 96
404 79 81
405 79 93
406 79 94
407 79 96
408 80 81
409 80 82
410 80 83
411 80 95
412 80 97
413 80 98
414 81 83
415 81 95
416 81 96
417 81 98
418 82 83
419 82 84
420 82 85
421 82 97
422 82 99
423 82 100
424 83 85
425 83 97
426 83 98
427 83 100
428 84 85
429 84 86
430 84 87
431 84 99
432 84 101
433 84 102
434 85 87
435 85 99
436 85 100
437 85 102
438 86 87
439 86 88
440 86 89
441 86 101
442 86 103
443 86 104
444 87 89
445 87 101
446 87 102
447 87 104
448 88 89
449 88 90
450 88 103
451 88 105
452 89 90
453 89 103
454 89 104
455 89 105
456 90 105
457 91 92
458 91 93
459 91 94
460 91 106
461 91 108
462 91 109
463 92 94
464 92 106
465 92 107
466 92 109
467 93 94
468 93 95
469 93 96
470 93 108
471 93 110
472 93 111
473 94 96
474 94 108
475 94 109
476 94 111
477 95 96
478 95 97
479 95 98
480 95 110
481 95 112
482 95 113
483 96 98
484 96 110
485 96 111
486 96 113
487 97 98
488 97 99
489 97 100
490 97 112
491 97 114
492 97 115
493 98 100
494 98 112
495 98 113
496 98 115
497 99 100
498 99 101
499 99 102
500 99 114
501 99 116
502 99 117
503 100 102
504 100 114
505 100 115
506 100 117
507 101 102
508 101 103
509 101 104
510 101 116
511 101 118
512 101 119
513 102 104
514 102 116
515 102 117
516 102 119
517 103 104
518 103 105
519 103 118
520 103 120
521 104 105
522 104 118
523 104 119
524 104 120
525 105 120
526 106 107
527 106 108
528 106 109
529 106 121
530 106 123
531 106 124
532 107 109
533 107 121
534 107 122
535 107 124
536 108 109
537 108 110
538 108 111
539 108 123
540 108 125
541 108 126
542 109 111
543 109 123
544 109 124
545 109 126
546 110 111
547 110 112
548 110 113
549 110 125
550 110 127
551 110 128
552 111 113
553 111 125
554 111 126
555 111 128
556 112 113
557 112 114
558 112 115
559 112 127
560 112 129
561 112 130
562 113 115
563 113 127
564 113 128
565 113 130
566 114 115
567 114 116
568 114 117
569 114 129
570 114 131
571 114 132
572 115 117
573 115 129
574 115 130
575 115 132
576 116 117
577 116 118
578 116 119
579 116 131
580 116 133
581 116 134
582 117 119
583 117 131
584 117 132
585 117 134
586 118 119
587 118 120
588 118 133
589 118 135
590 119 120
591 119 133
592 119 134
593 119 135
594 120 135
595 121 122
596 121 123
597 121 124
598 121 136
599 121 138
600 121 139
601 122 124
602 122 136
603 122 137
604 122 139
605 123 124
606 123 125
607 123 126
608 123 138
609 123 140
610 123 141
611 124 126
612 124 138
613 124 139
614 124 141
615 125 126
616 125 127
617 125 128
618 125 140
619 125 142
620 125 143
621 126 128
622 126 140
623 126 141
624 126 143
625 127 128
626 127 129
627 127 130
628 127 142
629 127 144
630 127 145
631 128 130
632 128 142
633 128 143
634 128 145
635 129 130
636 129 131
637 129 132
638 129 144
639 129 146
640 129 147
641 130 132
642 130 144
643 130 145
644 130 147
645 131 132
646 131 133
647 131 134
648 131 146
649 131 148
650 131 149
651 132 134
652 132 146
653 132 147
654 132 149
655 133 134
656 133 135
657 133 148
658 133 150
659 134 135
660 134 148
661 134 149
662 134 150
663 135 150
664 136 137
665 136 138
666 136 139
667 136 151
668 136 153
669 136 154
670 137 139
671 137 151
672 137 152
673 137 154
674 138 139
675 138 140
676 138 141
677 138 153
678 138 155
679 138 156
680 139 141
681 139 153
682 139 154
683 139 156
684 140 141
685 140 142
686 140 143
687 140 155
688 140 157
689 140 158
690 141 143
691 141 155
692 141 156
693 141 158
694 142 143
695 142 144
696 142 145
697 142 157
698 142 159
699 142 160
700 143 145
701 143 157
702 143 158
703 143 160
704 144 145
705 144 146
706 144 147
707 144 159
708 144 161
709 144 162
710 145 147
711 145 159
712 145 160
713 145 162
714 146 147
715 146 148
716 146 149
717 146 161
718 146 163
719 146 164
720 147 149
721 147 161
722 147 162
723 147 164
724 148 149
725 148 150
726 148 163
727 148 165
728 149 150
729 149 163
730 149 164
731 149 165
732 150 165
733 151 152
734 151 153
735 151 154
736 151 166
737 151 168
738 151 169
739 152 154
740 152 166
741 152 167
742 152 169
743 153 154
744 153 155
745 153 156
746 153 168
747 153 170
748 153 171
749 154 156
750 154 168
751 154 169
752 154 171
753 155 156
754 155 157
755 155 158
756 155 170
757 155 172
758 155 173
759 156 158
760 156 170
761 156 171
762 156 173
763 157 158
764 157 159
765 157 160
766 157 172
767 157 174
768 157 175
769 158 160
770 158 172
771 158 173
772 158 175
773 159 160
774 159 161
775 159 162
776 159 174
777 159 176
778 159 177
779 160 162
780 160 174
781 160 175
782 160 177
783 161 162
784 161 163
785 161 164
786 161 176
787 161 178
788 161 179
789 162 164
790 162 176
791 162 177
792 162 179
793 163 164
794 163 165
795 163 178
796 163 180
797 164 165
798 164 178
799 164 179
800 164 180
801 165 180
802 166 167
803 166 168
804 166 169
805 166 181
806 166 183
807 166 184
808 167 169
809 167 181
810 167 182
811 167 184
812 168 169
813 168 170
814 168 171
815 168 183
816 168 185
817 168 186
818 169 171
819 169 183
820 169 184
821 169 186
822 170 171
823 170 172
824 170 173
825 170 185
826 170 187
827 170 188
828 171 173
829 171 185
830 171 186
831 171 188
832 172 173
833 172 174
834 172 175
835 172 187
836 172 189
837 172 190
838 173 175
839 173 187
840 173 188
841 173 190
842 174 175
843 174 176
844 174 177
845 174 189
846 174 191
847 174 192
848 175 177
849 175 189
850 175 190
851 175 192
852 176 177
853 176 178
854 176 179
855 176 191
856 176 193
857 176 194
858 177 179
859 177 191
860 177 192
861 177 194
862 178 179
863 178 180
864 178 193
865 178 195
866 179 180
867 179 193
868 179 194
869 179 195
870 180 195
871 181 182
872 181 183
873 181 184
874 181 196
875 181 198
876 181 199
877 182 184
878 182 196
879 182 197
880 182 199
881 183 184
882 183 185
883 183 186
884 183 198
885 183 200
886 183 201
887 184 186
888 184 198
889 184 199
890 184 201
891 185 186
892 185 187
893 185 188
894 185 200
895 185 202
896 185 203
897 186 188
898 186 200
899 186 201
900 186 203
901 187 188
902 187 189
903 187 190
904 187 202
905 187 204
906 187 205
907 188 190
908 188 202
909 188 203
910 188 205
911 189 190
912 189 191
913 189 192
914 189 204
915 189 206
916 189 207
917 190 192
918 190 204
919 190 205
920 190 207
921 191 192
922 191 193
923 191 194
924 191 206
925 191 208
926 191 209
927 192 194
928 192 206
929 192 207
930 192 209
931 193 194
932 193 195
933 193 208
934 193 210
935 194 195
936 194 208
937 194 209
938 194 210
939 195 210
940 196 197
941 196 198
942 196 199
943 196 211
944 196 213
945 196 214
946 197 199
947 197 211
948 197 212
949 197 214
950 198 199
951 198 200
952 198 201
953 198 213
954 198 215
955 198 216
956 199 201
957 199 213
958 199 214
959 199 216
960 200 201
961 200 202
962 200 203
963 200 215
964 200 217
965 200 218
966 201 203
967 201 215
968 201 216
969 201 218
970 202 203
971 202 204
972 202 205
973 202 217
974 202 219
975 202 220
976 203 205
977 203 217
978 203 218
979 203 220
980 204 205
981 204 206
982 204 207
983 204 219
984 204 221
985 204 222
986 205 207
987 205 219
988 205 220
989 205 222
990 206 207
991 206 208
992 206 209
993 206 221
994 206 223
995 206 224
996 207 209
997 207 221
998 207 222
999 207 224
1000 208 209
1001 208 210
1002 208 223
1003 208 225
1004 209 210
1005 209 223
1006 209 224
1007 209 225
1008 210 225
1009 211 212
1010 211 213
1011 211 214
1012 211 226
1013 211 228
1014 211 229
1015 212 214
1016 212 226
1017 212 227
1018 212 229
1019 213 214
1020 213 215
1021 213 216
1022 213 228
1023 213 230
1024 213 231
1025 214 216
1026 214 228
1027 214 229
1028 214 231
1029 215 216
1030 215 217
1031 215 218
1032 215 230
1033 215 232
1034 215 233
1035 216 218
1036 216 230
1037 216 231
1038 216 233
1039 217 218
1040 217 219
1041 217 220
1042 217 232
1043 217 234
1044 217 235
1045 218 220
1046 218 232
1047 218 233
1048 218 235
1049 219 220
1050 219 221
1051 219 222
1052 219 234
1053 219 236
1054 219 237
1055 220 222
1056 220 234
1057 220 235
1058 220 237
1059 221 222
1060 221 223
1061 221 224
1062 221 236
1063 221 238
1064 221 239
1065 222 224
1066 222 236
1067 222 237
1068 222 239
1069 223 224
1070 223 225
1071 223 238
1072 223 240
1073 224 225
1074 224 238
1075 224 239
1076 224 240
1077 225 240
1078 226 227
1079 226 228
1080 226 229
1081 226 241
1082 226 243
1083 226 244
1084 227 229
1085 227 241
1086 227 242
1087 227 244
1088 228 229
1089 228 230
1090 228 231
1091 228 243
1092 228 245
1093 228 246
1094 229 231
1095 229 243
1096 229 244
1097 229 246
1098 230 231
1099 230 232
1100 230 233
1101 230 245
1102 230 247
1103 230 248
1104 231 233
1105 231 245
1106 231 246
1107 231 248
1108 232 233
1109 232 234
1110 232 235
1111 232 247
1112 232 249
1113 232 250
1114 233 235
1115 233 247
1116 233 248
1117 233 250
1118 234 235
1119 234 236
1120 234 237
1121 234 249
1122 234 251
1123 234 252
1124 235 237
1125 235 249
1126 235 250
1127 235 252
1128 236 237
1129 236 238
1130 236 239
1131 236 251
1132 236 253
1133 236 254
1134 237 239
1135 237 251
1136 237 252
1137 237 254
1138 238 239
1139 238 240
1140 238 253
1141 238 255
1142 239 240
1143 239 253
1144 239 254
1145 239 255
1146 240 255
1147 241 242
1148 241 243
1149 241 244
1150 241 256
1151 241 258
1152 241 259
1153 242 244
1154 242 256
1155 242 257
1156 242 259
1157 243 244
1158 243 245
1159 243 246
1160 243 258
1161 243 260
1162 243 261
1163 244 246
1164 244 258
1165 244 259
1166 244 261
1167 245 246
1168 245 247
1169 245 248
1170 245 260
1171 245 262
1172 245 263
1173 246 248
1174 246 260
1175 246 261
1176 246 263
1177 247 248
1178 247 249
1179 247 250
1180 247 262
1181 247 264
1182 247 265
1183 248 250
1184 248 262
1185 248 263
1186 248 265
1187 249 250
1188 249 251
1189 249 252
1190 249 264
1191 249 266
1192 249 267
1193 250 252
1194 250 264
1195 250 265
1196 250 267
1197 251 252
1198 251 253
1199 251 254
1200 251 266
1201 251 268
1202 251 269
1203 252 254
1204 252 266
1205 252 267
1206 252 269
1207 253 254
1208 253 255
1209 253 268
1210 253 270
1211 254 255
1212 254 268
1213 254 269
1214 254 270
1215 255 270
1216 256 257
1217 256 258
1218 256 259
1219 256 271
1220 256 273
1221 256 274
1222 257 259
1223 257 271
1224 257 272
1225 257 274
1226 258 259
1227 258 260
1228 258 261
1229 258 273
1230 258 275
1231 258 276
1232 259 261
1233 259 273
1234 259 274
1235 259 276
1236 260 261
1237 260 262
1238 260 263
1239 260 275
1240 260 277
1241 260 278
1242 261 263
1243 261 275
1244 261 276
1245 261 278
1246 262 263
1247 262 264
1248 262 265
1249 262 277
1250 262 279
1251 262 280
1252 263 265
1253 263 277
1254 263 278
1255 263 280
1256 264 265
1257 264 266
1258 264 267
1259 264 279
1260 264 281
1261 264 282
1262 265 267
1263 265 279
1264 265 280
1265 265 282
1266 266 267
1267 266 268
1268 266 269
1269 266 281
1270 266 283
1271 266 284
1272 267 269
1273 267 281
1274 267 282
1275 267 284
1276 268 269
1277 268 270
1278 268 283
1279 268 285
1280 269 270
1281 269 283
1282 269 284
1283 269 285
1284 270 285
1285 271 272
1286 271 273
1287 271 274
1288 271 286
1289 271 288
1290 271 289
1291 272 274
1292 272 286
1293 272 287
1294 272 289
1295 273 274
1296 273 275
1297 273 276
1298 273 288
1299 273 290
1300 273 291
1301 274 276
1302 274 288
1303 274 289
1304 274 291
1305 275 276
1306 275 277
1307 275 278
1308 275 290
1309 275 292
1310 275 293
1311 276 278
1312 276 290
1313 276 291
1314 276 293
1315 277 278
1316 277 279
1317 277 280
1318 277 292
1319 277 294
1320 277 295
1321 278 280
1322 278 292
1323 278 293
1324 278 295
1325 279 280
1326 279 281
1327 279 282
1328 279 294
1329 279 296
1330 279 297
1331 280 282
1332 280 294
1333 280 295
1334 280 297
1335 281 282
1336 281 283
1337 281 284
1338 281 296
1339 281 298
1340 281 299
1341 282 284
1342 282 296
1343 282 297
1344 282 299
1345 283 284
1346 283 285
1347 283 298
1348 283 300
1349 284 285
1350 284 298
1351 284 299
1352 284 300
1353 285 300
1354 286 287
1355 286 288
1356 286 289
1357 286 301
1358 286 303
1359 286 304
1360 287 289
1361 287 301
1362 287 302
1363 287 304
1364 288 289
1365 288 290
1366 288 291
1367 288 303
1368 288 305
1369 288 306
1370 289 291
1371 289 303
1372 289 304
1373 289 306
1374 290 291
1375 290 292
1376 290 293
1377 290 305
1378 290 307
1379 290 308
1380 291 293
1381 291 305
1382 291 306
1383 291 308
1384 292 293
1385 292 294
1386 292 295
1387 292 307
1388 292 309
1389 292 310
1390 293 295
1391 293 307
1392 293 308
1393 293 310
1394 294 295
1395 294 296
1396 294 297
1397 294 309
1398 294 311
1399 294 312
1400 295 297
1401 295 309
1402 295 310
1403 295 312
1404 296 297
1405 296 298
1406 296 299
1407 296 311
1408 296 313
1409 296 314
1410 297 299
1411 297 311
1412 297 312
1413 297 314
1414 298 299
1415 298 300
1416 298 313
1417 298 315
1418 299 300
1419 299 313
1420 299 314
1421 299 315
1422 300 315
1423 301 302
1424 301 303
1425 301 304
1426 301 316
1427 301 318
1428 301 319
1429 302 304
1430 302 316
1431 302 317
1432 302 319
1433 303 304
1434 303 305
1435 303 306
1436 303 318
1437 303 320
1438 303 321
1439 304 306
1440 304 318
1441 304 319
1442 304 321
1443 305 306
1444 305 307
1445 305 308
1446 305 320
1447 305 322
1448 305 323
1449 306 308
1450 306 320
1451 306 321
1452 306 323
1453 307 308
1454 307 309
1455 307 310
1456 307 322
1457 307 324
1458 307 325
1459 308 310
1460 308 322
1461 308 323
1462 308 325
1463 309 310
1464 309 311
1465 309 312
1466 309 324
1467 309 326
1468 309 327
1469 310 312
1470 310 324
1471 310 325
1472 310 327
1473 311 312
1474 311 313
1475 311 314
1476 311 326
1477 311 328
1478 311 329
1479 312 314
1480 312 326
1481 312 327
1482 312 329
1483 313 314
1484 313 315
1485 313 328
1486 313 330
1487 314 315
1488 314 328
1489 314 329
1490 314 330
1491 315 330
1492 316 317
1493 316 318
1494 316 319
1495 316 331
1496 316 333
1497 316 334
1498 317 319
1499 317 331
1500 317 332
1501 317 334
1502 318 319
1503 318 320
1504 318 321
1505 318 333
1506 318 335
1507 318 336
1508 319 321
1509 319 333
1510 319 334
1511 319 336
1512 320 321
1513 320 322
1514 320 323
1515 320 335
1516 320 337
1517 320 338
1518 321 323
1519 321 335
1520 321 336
1521 321 338
1522 322 323
1523 322 324
1524 322 325
1525 322 337
1526 322 339
1527 322 340
1528 323 325
1529 323 337
1530 323 338
1531 323 340
1532 324 325
1533 324 326
1534 324 327
1535 324 339
1536 324 341
1537 324 342
1538 325 327
1539 325 339
1540 325 340
1541 325 342
1542 326 327
1543 326 328
1544 326 329
1545 326 341
1546 326 343
1547 326 344
1548 327 329
1549 327 341
1550 327 342
1551 327 344
1552 328 329
1553 328 330
1554 328 343
1555 328 345
1556 329 330
1557 329 343
1558 329 344
1559 329 345
1560 330 345
1561 331 332
1562 331 333
1563 331 334
1564 331 346
1565 331 348
1566 331 349
1567 332 334
1568 332 346
1569 332 347
1570 332 349
1571 333 334
1572 333 335
1573 333 336
1574 333 348
1575 333 350
1576 333 351
1577 334 336
1578 334 348
1579 334 349
1580 334 351
1581 335 336
1582 335 337
1583 335 338
1584 335 350
1585 335 352
1586 335 353
1587 336 338
1588 336 350
1589 336 351
1590 336 353
1591 337 338
1592 337 339
1593 337 340
1594 337 352
1595 337 354
1596 337 355
1597 338 340
1598 338 352
1599 338 353
1600 338 355
1601 339 340
1602 339 341
1603 339 342
1604 339 354
1605 339 356
1606 339 357
1607 340 342
1608 340 354
1609 340 355
1610 340 357
1611 341 342
1612 341 343
1613 341 344
1614 341 356
1615 341 358
1616 341 359
1617 342 344
1618 342 356
1619 342 357
1620 342 359
1621 343 344
1622 343 345
1623 343 358
1624 343 360
1625 344 345
1626 344 358
1627 344 359
1628 344 360
1629 345 360
1630 346 347
1631 346 348
1632 346 349
1633 346 361
1634 346 363
1635 346 364
1636 347 349
1637 347 361
1638 347 362
1639 347 364
1640 348 349
1641 348 350
1642 348 351
1643 348 363
1644 348 365
1645 348 366
1646 349 351
1647 349 363
1648 349 364
1649 349 366
1650 350 351
1651 350 352
1652 350 353
1653 350 365
1654 350 367
1655 350 368
1656 351 353
1657 351 365
1658 351 366
1659 351 368
1660 352 353
1661 352 354
1662 352 355
1663 352 367
1664 352 369
1665 352 370
1666 353 355
1667 353 367
1668 353 368
1669 353 370
1670 354 355
1671 354 356
1672 354 357
1673 354 369
1674 354 371
1675 354 372
1676 355 357
1677 355 369
1678 355 370
1679 355 372
1680 356 357
1681 356 358
1682 356 359
1683 356 371
1684 356 373
1685 356 374
1686 357 359
1687 357 371
1688 357 372
1689 357 374
1690 358 359
1691 358 360
1692 358 373
1693 358 375
1694 359 360
1695 359 373
1696 359 374
1697 359 375
1698 360 375
1699 361 362
1700 361 363
1701 361 364
1702 361 376
1703 361 378
1704 361 379
1705 362 364
1706 362 376
1707 362 377
1708 362 379
1709 363 364
1710 363 365
1711 363 366
1712 363 378
1713 363 380
1714 363 381
1715 364 366
1716 364 378
1717 364 379
1718 364 381
1719 365 366
1720 365 367
1721 365 368
1722 365 380
1723 365 382
1724 365 383
1725 366 368
1726 366 380
1727 366 381
1728 366 383
1729 367 368
1730 367 369
1731 367 370
1732 367 382
1733 367 384
1734 367 385
1735 368 370
1736 368 382
1737 368 383
1738 368 385
1739 369 370
1740 369 371
1741 369 372
1742 369 384
1743 369 386
1744 369 387
1745 370 372
1746 370 384
1747 370 385
1748 370 387
1749 371 372
1750 371 373
1751 371 374
1752 371 386
1753 371 388
1754 371 389
1755 372 374
1756 372 386
1757 372 387
1758 372 389
1759 373 374
1760 373 375
1761 373 388
1762 373 390
1763 374 375
1764 374 388
1765 374 389
1766 374 390
1767 375 390
1768 376 377
1769 376 378
1770 376 379
1771 376 391
1772 376 393
1773 376 394
1774 377 379
1775 377 391
1776 377 392
1777 377 394
1778 378 379
1779 378 380
1780 378 381
1781 378 393
1782 378 395
1783 378 396
1784 379 381
1785 379 393
1786 379 394
1787 379 396
1788 380 381
1789 380 382
1790 380 383
1791 380 395
1792 380 397
1793 380 398
1794 381 383
1795 381 395
1796 381 396
1797 381 398
1798 382 383
1799 382 384
1800 382 385
1801 382 397
1802 382 399
1803 382 400
1804 383 385
1805 383 397
1806 383 398
1807 383 400
1808 384 385
1809 384 386
1810 384 387
1811 384 399
1812 384 401
1813 384 402
1814 385 387
1815 385 399
1816 385 400
1817 385 402
1818 386 387
1819 386 388
1820 386 389
1821 386 401
1822 386 403
1823 386 404
1824 387 389
1825 387 401
1826 387 402
1827 387 404
1828 388 389
1829 388 390
1830 388 403
1831 388 405
1832 389 390
1833 389 403
1834 389 404
1835 389 405
1836 390 405
1837 391 392
1838 391 393
1839 391 394
1840 391 406
1841 391 408
1842 391 409
1843 392 394
1844 392 406
1845 392 407
1846 392 409
1847 393 394
1848 393 395
1849 393 396
1850 393 408
1851 393 410
1852 393 411
1853 394 396
1854 394 408
1855 394 409
1856 394 411
1857 395 396
1858 395 397
1859 395 398
1860 395 410
1861 395 412
1862 395 413
1863 396 398
1864 396 410
1865 396 411
1866 396 413
1867 397 398
1868 397 399
1869 397 400
1870 397 412
1871 397 414
1872 397 415
1873 398 400
1874 398 412
1875 398 413
1876 398 415
1877 399 400
1878 399 401
1879 399 402
1880 399 414
1881 399 416
1882 399 417
1883 400 402
1884 400 414
1885 400 415
1886 400 417
1887 401 402
1888 401 403
1889 401 404
1890 401 416
1891 401 418
1892 401 419
1893 402 404
1894 402 416
1895 402 417
1896 402 419
1897 403 404
1898 403 405
1899 403 418
1900 403 420
1901 404 405
1902 404 418
1903 404 419
1904 404 420
1905 405 420
1906 406 407
1907 406 408
1908 406 409
1909 406 421
1910 406 423
1911 406 424
1912 407 409
1913 407 421
1914 407 422
1915 407 424
1916 408 409
1917 408 410
1918 408 411
1919 408 423
1920 408 425
1921 408 426
1922 409 411
1923 409 423
1924 409 424
1925 409 426
1926 410 411
1927 410 412
1928 410 413
1929 410 425
1930 410 427
1931 410 428
1932 411 413
1933 411 425
1934 411 426
1935 411 428
1936 412 413
1937 412 414
1938 412 415
1939 412 427
1940 412 429
1941 412 430
1942 413 415
1943 413 427
1944 413 428
1945 413 430
1946 414 415
1947 414 416
1948 414 417
1949 414 429
1950 414 431
1951 414 432
1952 415 417
1953 415 429
1954 415 430
1955 415 432
1956 416 417
1957 416 418
1958 416 419
1959 416 431
1960 416 433
1961 416 434
1962 417 419
1963 417 431
1964 417 432
1965 417 434
1966 418 419
1967 418 420
1968 418 433
1969 418 435
1970 419 420
1971 419 433
1972 419 434
1973 419 435
1974 420 435
1975 421 422
1976 421 423
1977 421 424
1978 421 436
1979 421 438
1980 421 439
1981 422 424
1982 422 436
1983 422 437
1984 422 439
1985 423 424
1986 423 425
1987 423 426
1988 423 438
1989 423 440
1990 423 441
1991 424 426
1992 424 438
1993 424 439
1994 424 441
1995 425 426
1996 425 427
1997 425 428
1998 425 440
1999 425 442
2000 425 443
2001 426 428
2002 426 440
2003 426 441
2004 426 443
2005 427 428
2006 427 429
2007 427 430
2008 427 442
2009 427 444
2010 427 445
2011 428 430
2012 428 442
2013 428 443
2014 428 445
2015 429 430
2016 429 431
2017 429 432
2018 429 444
2019 429 446
2020 429 447
2021 430 432
2022 430 444
2023 430 445
2024 430 447
2025 431 432
2026 431 433
2027 431 434
2028 431 446
2029 431 448
2030 431 449
2031 432 434
2032 432 446
2033 432 447
2034 432 449
2035 433 434
2036 433 435
2037 433 448
2038 433 450
2039 434 435
2040 434 448
2041 434 449
2042 434 450
2043 435 450
2044 436 437
2045 436 438
2046 436 439
2047 436 451
2048 436 453
2049 436 454
2050 437 439
2051 437 451
2052 437 452
2053 437 454
2054 438 439
2055 438 440
2056 438 441
2057 438 453
2058 438 455
2059 438 456
2060 439 441
2061 439 453
2062 439 454
2063 439 456
2064 440 441
2065 440 442
2066 440 443
2067 440 455
2068 440 457
2069 440 458
2070 441 443
2071 441 455
2072 441 456
2073 441 458
2074 442 443
2075 442 444
2076 442 445
2077 442 457
2078 442 459
2079 442 460
2080 443 445
2081 443 457
2082 443 458
2083 443 460
2084 444 445
2085 444 446
2086 444 447
2087 444 459
2088 444 461
2089 444 462
2090 445 447
2091 445 459
2092 445 460
2093 445 462
2094 446 447
2095 446 448
2096 446 449
2097 446 461
2098 446 463
2099 446 464
2100 447 449
2101 447 461
2102 447 462
2103 447 464
2104 448 449
2105 448 450
2106 448 463
2107 448 465
2108 449 450
2109 449 463
2110 449 464
2111 449 465
2112 450 465
2113 451 452
2114 451 453
2115 451 454
2116 451 466
2117 451 468
2118 451 469
2119 452 454
2120 452 466
2121 452 467
2122 452 469
2123 453 454
2124 453 455
2125 453 456
2126 453 468
2127 453 470
2128 453 471
2129 454 456
2130 454 468
2131 454 469
2132 454 471
2133 455 456
2134 455 457
2135 455 458
2136 455 470
2137 455 472
2138 455 473
2139 456 458
2140 456 470
2141 456 471
2142 456 473
2143 457 458
2144 457 459
2145 457 460
2146 457 472
2147 457 474
2148 457 475
2149 458 460
2150 458 472
2151 458 473
2152 458 475
2153 459 460
2154 459 461
2155 459 462
2156 459 474
2157 459 476
2158 459 477
2159 460 462
2160 460 474
2161 460 475
2162 460 477
2163 461 462
2164 461 463
2165 461 464
2166 461 476
2167 461 478
2168 461 479
2169 462 464
2170 462 476
2171 462 477
2172 462 479
2173 463 464
2174 463 465
2175 463 478
2176 463 480
2177 464 465
2178 464 478
2179 464 479
2180 464 480
2181 465 480
2182 466 467
2183 466 468
2184 466 469
2185 466 481
2186 466 483
2187 466 484
2188 467 469
2189 467 481
2190 467 482
2191 467 484
2192 468 469
2193 468 470
2194 468 471
2195 468 483
2196 468 485
2197 468 486
2198 469 471
2199 469 483
2200 469 484
2201 469 486
2202 470 471
2203 470 472
2204 470 473
2205 470 485
2206 470 487
2207 470 488
2208 471 473
2209 471 485
2210 471 486
2211 471 488
2212 472 473
2213 472 474
2214 472 475
2215 472 487
2216 472 489
2217 472 490
2218 473 475
2219 473 487
2220 473 488
2221 473 490
2222 474 475
2223 474 476
2224 474 477
2225 474 489
2226 474 491
2227 474 492
2228 475 477
2229 475 489
2230 475 490
2231 475 492
2232 476 477
2233 476 478
2234 476 479
2235 476 491
2236 476 493
2237 476 494
2238 477 479
2239 477 491
2240 477 492
2241 477 494
2242 478 479
2243 478 480
2244 478 493
2245 478 495
2246 479 480
2247 479 493
2248 479 494
2249 479 495
2250 480 495
2251 481 482
2252 481 483
2253 481 484
2254 481 496
2255 481 498
2256 481 499
2257 482 484
2258 482 496
2259 482 497
2260 482 499
2261 483 484
2262 483 485
2263 483 486
2264 483 498
2265 483 500
2266 483 501
2267 484 486
2268 484 498
2269 484 499
2270 484 501
2271 485 486
2272 485 487
2273 485 488
2274 485 500
2275 485 502
2276 485 503
2277 486 488
2278 486 500
2279 486 501
2280 486 503
2281 487 488
2282 487 489
2283 487 490
2284 487 502
2285 487 504
2286 487 505
2287 488 490
2288 488 502
2289 488 503
2290 488 505
2291 489 490
2292 489 491
2293 489 492
2294 489 504
2295 489 506
2296 489 507
2297 490 492
2298 490 504
2299 490 505
2300 490 507
2301 491 492
2302 491 493
2303 491 494
2304 491 506
2305 491 508
2306 491 509
2307 492 494
2308 492 506
2309 492 507
2310 492 509
2311 493 494
2312 493 495
2313 493 508
2314 493 510
2315 494 495
2316 494 508
2317 494 509
2318 494 510
2319 495 510
2320 496 497
2321 496 498
2322 496 499
2323 496 511
2324 496 513
2325 496 514
2326 497 499
2327 497 511
2328 497 512
2329 497 514
2330 498 499
2331 498 500
2332 498 501
2333 498 513
2334 498 515
2335 498 516
2336 499 501
2337 499 513
2338 499 514
2339 499 516
2340 500 501
2341 500 502
2342 500 503
2343 500 515
2344 500 517
2345 500 518
2346 501 503
2347 501 515
2348 501 516
2349 501 518
2350 502 503
2351 502 504
2352 502 505
2353 502 517
2354 502 519
2355 502 520
2356 503 505
2357 503 517
2358 503 518
2359 503 520
2360 504 505
2361 504 506
2362 504 507
2363 504 519
2364 504 521
2365 504 522
2366 505 507
2367 505 519
2368 505 520
2369 505 522
2370 506 507
2371 506 508
2372 506 509
2373 506 521
2374 506 523
2375 506 524
2376 507 509
2377 507 521
2378 507 522
2379 507 524
2380 508 509
2381 508 510
2382 508 523
2383 508 525
2384 509 510
2385 509 523
2386 509 524
2387 509 525
2388 510 525
2389 511 512
2390 511 513
2391 511 514
2392 511 526
2393 511 528
2394 511 529
2395 512 514
2396 512 526
2397 512 527
2398 512 529
2399 513 514
2400 513 515
2401 513 516
2402 513 528
2403 513 530
2404 513 531
2405 514 516
2406 514 528
2407 514 529
2408 514 531
2409 515 516
2410 515 517
2411 515 518
2412 515 530
2413 515 532
2414 515 533
2415 516 518
2416 516 530
2417 516 531
2418 516 533
2419 517 518
2420 517 519
2421 517 520
2422 517 532
2423 517 534
2424 517 535
2425 518 520
2426 518 532
2427 518 533
2428 518 535
2429 519 520
2430 519 521
2431 519 522
2432 519 534
2433 519 536
2434 519 537
2435 520 522
2436 520 534
2437 520 535
2438 520 537
2439 521 522
2440 521 523
2441 521 524
2442 521 536
2443 521 538
2444 521 539
2445 522 524
2446 522 536
2447 522 537
2448 522 539
2449 523 524
2450 523 525
2451 523 538
2452 523 540
2453 524 525
2454 524 538
2455 524 539
2456 524 540
2457 525 540
2458 526 527
2459 526 528
2460 526 529
2461 526 541
2462 526 543
2463 526 544
2464 527 529
2465 527 541
2466 527 542
2467 527 544
2468 528 529
2469 528 530
2470 528 531
2471 528 543
2472 528 545
2473 528 546
2474 529 531
2475 529 543
2476 529 544
2477 529 546
2478 530 531
2479 530 532
2480 530 533
2481 530 545
2482 530 547
2483 530 548
2484 531 533
2485 531 545
2486 531 546
2487 531 548
2488 532 533
2489 532 534
2490 532 535
2491 532 547
2492 532 549
2493 532 550
2494 533 535
2495 533 547
2496 533 548
2497 533 550
2498 534 535
2499 534 536
2500 534 537
2501 534 549
2502 534 551
2503 534 552
2504 535 537
2505 535 549
2506 535 550
2507 535 552
2508 536 537
2509 536 538
2510 536 539
2511 536 551
2512 536 553
2513 536 554
2514 537 539
2515 537 551
2516 537 552
2517 537 554
2518 538 539
2519 538 540
2520 538 553
2521 538 555
2522 539 540
2523 539 553
2524 539 554
2525 539 555
2526 540 555
2527 541 542
2528 541 543
2529 541 544
2530 541 556
2531 541 558
2532 541 559
2533 542 544
2534 542 556
2535 542 557
2536 542 559
2537 543 544
2538 543 545
2539 543 546
2540 543 558
2541 543 560
2542 543 561
2543 544 546
2544 544 558
2545 544 559
2546 544 561
2547 545 546
2548 545 547
2549 545 548
2550 545 560
2551 545 562
2552 545 563
2553 546 548
2554 546 560
2555 546 561
2556 546 563
2557 547 548
2558 547 549
2559 547 550
2560 547 562
2561 547 564
2562 547 565
2563 548 550
2564 548 562
2565 548 563
2566 548 565
2567 549 550
2568 549 551
2569 549 552
2570 549 564
2571 549 566
2572 549 567
2573 550 552
2574 550 564
2575 550 565
2576 550 567
2577 551 552
2578 551 553
2579 551 554
2580 551 566
2581 551 568
2582 551 569
2583 552 554
2584 552 566
2585 552 567
2586 552 569
2587 553 554
2588 553 555
2589 553 568
2590 553 570
2591 554 555
2592 554 568
2593 554 569
2594 554 570
2595 555 570
2596 556 557
2597 556 558
2598 556 559
2599 556 571
2600 556 573
2601 556 574
2602 557 559
2603 557 571
2604 557 572
2605 557 574
2606 558 559
2607 558 560
2608 558 561
2609 558 573
2610 558 575
2611 558 576
2612 559 561
2613 559 573
2614 559 574
2615 559 576
2616 560 561
2617 560 562
2618 560 563
2619 560 575
2620 560 577
2621 560 578
2622 561 563
2623 561 575
2624 561 576
2625 561 578
2626 562 563
2627 562 564
2628 562 565
2629 562 577
2630 562 579
2631 562 580
2632 563 565
2633 563 577
2634 563 578
2635 563 580
2636 564 565
2637 564 566
2638 564 567
2639 564 579
2640 564 581
2641 564 582
2642 565 567
2643 565 579
2644 565 580
2645 565 582
2646 566 567
2647 566 568
2648 566 569
2649 566 581
2650 566 583
2651 566 584
2652 567 569
2653 567 581
2654 567 582
2655 567 584
2656 568 569
2657 568 570
2658 568 583
2659 568 585
2660 569 570
2661 569 583
2662 569 584
2663 569 585
2664 570 585
2665 571 572
2666 571 573
2667 571 574
2668 571 586
2669 571 588
2670 571 589
2671 572 574
2672 572 586
2673 572 587
2674 572 589
2675 573 574
2676 573 575
2677 573 576
2678 573 588
2679 573 590
2680 573 591
2681 574 576
2682 574 588
2683 574 589
2684 574 591
2685 575 576
2686 575 577
2687 575 578
2688 575 590
2689 575 592
2690 575 593
2691 576 578
2692 576 590
2693 576 591
2694 576 593
2695 577 578
2696 577 579
2697 577 580
2698 577 592
2699 577 594
2700 577 595
2701 578 580
2702 578 592
2703 578 593
2704 578 595
2705 579 580
2706 579 581
2707 579 582
2708 579 594
2709 579 596
2710 579 597
2711 580 582
2712 580 594
2713 580 595
2714 580 597
2715 581 582
2716 581 583
2717 581 584
2718 581 596
2719 581 598
2720 581 599
2721 582 584
2722 582 596
2723 582 597
2724 582 599
2725 583 584
2726 583 585
2727 583 598
2728 583 600
2729 584 585
2730 584 598
2731 584 599
2732 584 600
2733 585 600
2734 586 587
2735 586 588
2736 586 589
2737 586 601
2738 586 603
2739 586 604
2740 587 589
2741 587 601
2742 587 602
2743 587 604
2744 588 589
2745 588 590
2746 588 591
2747 588 603
2748 588 605
2749 588 606
2750 589 591
2751 589 603
2752 589 604
2753 589 606
2754 590 591
2755 590 592
2756 590 593
2757 590 605
2758 590 607
2759 590 608
2760 591 593
2761 591 605
2762 591 606
2763 591 608
2764 592 593
2765 592 594
2766 592 595
2767 592 607
2768 592 609
2769 592 610
2770 593 595
2771 593 607
2772 593 608
2773 593 610
2774 594 595
2775 594 596
2776 594 597
2777 594 609
2778 594 611
2779 594 612
2780 595 597
2781 595 609
2782 595 610
2783 595 612
2784 596 597
2785 596 598
2786 596 599
2787 596 611
2788 596 613
2789 596 614
2790 597 599
2791 597 611
2792 597 612
2793 597 614
2794 598 599
2795 598 600
2796 598 613
2797 598 615
2798 599 600
2799 599 613
2800 599 614
2801 599 615
2802 600 615
2803 601 602
2804 601 603
2805 601 604
2806 601 616
2807 601 618
2808 601 619
2809 602 604
2810 602 616
2811 602 617
2812 602 619
2813 603 604
2814 603 605
2815 603 606
2816 603 618
2817 603 620
2818 603 621
2819 604 606
2820 604 618
2821 604 619
2822 604 621
2823 605 606
2824 605 607
2825 605 608
2826 605 620
2827 605 622
2828 605 623
2829 606 608
2830 606 620
2831 606 621
2832 606 623
2833 607 608
2834 607 609
2835 607 610
2836 607 622
2837 607 624
2838 607 625
2839 608 610
2840 608 622
2841 608 623
2842 608 625
2843 609 610
2844 609 611
2845 609 612
2846 609 624
2847 609 626
2848 609 627
2849 610 612
2850 610 624
2851 610 625
2852 610 627
2853 611 612
2854 611 613
2855 611 614
2856 611 626
2857 611 628
2858 611 629
2859 612 614
2860 612 626
2861 612 627
2862 612 629
2863 613 614
2864 613 615
2865 613 628
2866 613 630
2867 614 615
2868 614 628
2869 614 629
2870 614 630
2871 615 630
2872 616 617
2873 616 618
2874 616 619
2875 616 631
2876 616 633
2877 616 634
2878 617 619
2879 617 631
2880 617 632
2881 617 634
2882 618 619
2883 618 620
2884 618 621
2885 618 633
2886 618 635
2887 618 636
2888 619 621
2889 619 633
2890 619 634
2891 619 636
2892 620 621
2893 620 622
2894 620 623
2895 620 635
2896 620 637
2897 620 638
2898 621 623
2899 621 635
2900 621 636
2901 621 638
2902 622 623
2903 622 624
2904 622 625
2905 622 637
2906 622 639
2907 622 640
2908 623 625
2909 623 637
2910 623 638
2911 623 640
2912 624 625
2913 624 626
2914 624 627
2915 624 639
2916 624 641
2917 624 642
2918 625 627
2919 625 639
2920 625 640
2921 625 642
2922 626 627
2923 626 628
2924 626 629
2925 626 641
2926 626 643
2927 626 644
2928 627 629
2929 627 641
2930 627 642
2931 627 644
2932 628 629
2933 628 630
2934 628 643
2935 628 645
2936 629 630
2937 629 643
2938 629 644
2939 629 645
2940 630 645
2941 631 632
2942 631 633
2943 631 634
2944 631 646
2945 631 648
2946 631 649
2947 632 634
2948 632 646
2949 632 647
2950 632 649
2951 633 634
2952 633 635
2953 633 636
2954 633 648
2955 633 650
2956 633 651
2957 634 636
2958 634 648
2959 634 649
2960 634 651
2961 635 636
2962 635 637
2963 635 638
2964 635 650
2965 635 652
2966 635 653
2967 636 638
2968 636 650
2969 636 651
2970 636 653
2971 637 638
2972 637 639
2973 637 640
2974 637 652
2975 637 654
2976 637 655
2977 638 640
2978 638 652
2979 638 653
2980 638 655
2981 639 640
2982 639 641
2983 639 642
2984 639 654
2985 639 656
2986 639 657
2987 640 642
2988 640 654
2989 640 655
2990 640 657
2991 641 642
2992 641 643
2993 641 644
2994 641 656
2995 641 658
2996 641 659
2997 642 644
2998 642 656
2999 642 657
3000 642 659
3001 643 644
3002 643 645
3003 643 658
3004 643 660
3005 644 645
3006 644 658
3007 644 659
3008 644 660
3009 645 660
3010 646 647
3011 646 648
3012 646 649
3013 646 661
3014 646 663
3015 646 664
3016 647 649
3017 647 661
3018 647 662
3019 647 664
3020 648 649
3021 648 650
3022 648 651
3023 648 663
3024 648 665
3025 648 666
3026 649 651
3027 649 663
3028 649 664
3029 649 666
3030 650 651
3031 650 652
3032 650 653
3033 650 665
3034 650 667
3035 650 668
3036 651 653
3037 651 665
3038 651 666
3039 651 668
3040 652 653
3041 652 654
3042 652 655
3043 652 667
3044 652 669
3045 652 670
3046 653 655
3047 653 667
3048 653 668
3049 653 670
3050 654 655
3051 654 656
3052 654 657
3053 654 669
3054 654 671
3055 654 672
3056 655 657
3057 655 669
3058 655 670
3059 655 672
3060 656 657
3061 656 658
3062 656 659
3063 656 671
3064 656 673
3065 656 674
3066 657 659
3067 657 671
3068 657 672
3069 657 674
3070 658 659
3071 658 660
3072 658 673
3073 658 675
3074 659 660
3075 659 673
3076 659 674
3077 659 675
3078 660 675
3079 661 662
3080 661 663
3081 661 664
3082 661 676
3083 661 678
3084 661 679
3085 662 664
3086 662 676
3087 662 677
3088 662 679
3089 663 664
3090 663 665
3091 663 666
3092 663 678
3093 663 680
3094 663 681
3095 664 666
3096 664 678
3097 664 679
3098 664 681
3099 665 666
3100 665 667
3101 665 668
3102 665 680
3103 665 682
3104 665 683
3105 666 668
3106 666 680
3107 666 681
3108 666 683
3109 667 668
3110 667 669
3111 667 670
3112 667 682
3113 667 684
3114 667 685
3115 668 670
3116 668 682
3117 668 683
3118 668 685
3119 669 670
3120 669 671
3121 669 672
3122 669 684
3123 669 686
3124 669 687
3125 670 672
3126 670 684
3127 670 685
3128 670 687
3129 671 672
3130 671 673
3131 671 674
3132 671 686
3133 671 688
3134 671 689
3135 672 674
3136 672 686
3137 672 687
3138 672 689
3139 673 674
3140 673 675
3141 673 688
3142 673 690
3143 674 675
3144 674 688
3145 674 689
3146 674 690
3147 675 690
3148 676 677
3149 676 678
3150 676 679
3151 676 691
3152 676 693
3153 676 694
3154 677 679
3155 677 691
3156 677 692
3157 677 694
3158 678 679
3159 678 680
3160 678 681
3161 678 693
3162 678 695
3163 678 696
3164 679 681
3165 679 693
3166 679 694
3167 679 696
3168 680 681
3169 680 682
3170 680 683
3171 680 695
3172 680 697
3173 680 698
3174 681 683
3175 681 695
3176 681 696
3177 681 698
3178 682 683
3179 682 684
3180 682 685
3181 682 697
3182 682 699
3183 682 700
3184 683 685
3185 683 697
3186 683 698
3187 683 700
3188 684 685
3189 684 686
3190 684 687
3191 684 699
3192 684 701
3193 684 702
3194 685 687
3195 685 699
3196 685 700
3197 685 702
3198 686 687
3199 686 688
3200 686 689
3201 686 701
3202 686 703
3203 686 704
3204 687 689
3205 687 701
3206 687 702
3207 687 704
3208 688 689
3209 688 690
3210 688 703
3211 688 705
3212 689 690
3213 689 703
3214 689 704
3215 689 705
3216 690 705
3217 691 692
3218 691 693
3219 691 694
3220 691 706
3221 691 708
3222 691 709
3223 692 694
3224 692 706
3225 692 707
3226 692 709
3227 693 694
3228 693 695
3229 693 696
3230 693 708
3231 693 710
3232 693 711
3233 694 696
3234 694 708
3235 694 709
3236 694 711
3237 695 696
3238 695 697
3239 695 698
3240 695 710
3241 695 712
3242 695 713
3243 696 698
3244 696 710
3245 696 711
3246 696 713
3247 697 698
3248 697 699
3249 697 700
3250 697 712
3251 697 714
3252 697 715
3253 698 700
3254 698 712
3255 698 713
3256 698 715
3257 699 700
3258 699 701
3259 699 702
3260 699 714
3261 699 716
3262 699 717
3263 700 702
3264 700 714
3265 700 715
3266 700 717
3267 701 702
3268 701 703
3269 701 704
3270 701 716
3271 701 718
3272 701 719
3273 702 704
3274 702 716
3275 702 717
3276 702 719
3277 703 704
3278 703 705
3279 703 718
3280 703 720
3281 704 705
3282 704 718
3283 704 719
3284 704 720
3285 705 720
3286 706 707
3287 706 708
3288 706 709
3289 707 709
3290 708 709
3291 708 710
3292 708 711
3293 709 711
3294 710 711
3295 710 712
3296 710 713
3297 711 713
3298 712 713
3299 712 714
3300 712 715
3301 713 715
3302 714 715
3303 714 716
3304 714 717
3305 715 717
3306 716 717
3307 716 718
3308 716 719
3309 717 719
3310 718 719
3311 718 720
3312 719 720
$EndElements
$NodeData
1
"Fixity"
1
0
3
0
3
720
1 1 1 1
2 1 1 1
3 0 0 0
4 0 0 0
5 0 0 0
6 0 0 0
7 0 0 0
8 0 0 0
9 0 0 0
10 0 0 0
11 0 0 0
12 0 0 0
13 0 0 0
14 0 0 0
15 0 0 0
16 1 1 1
17 1 1 1
18 0 0 0
19 0 0 0
20 0 0 0
21 0 0 0
22 0 0 0
23 0 0 0
24 0 0 0
25 0 0 0
26 0 0 0
27 0 0 0
28 0 0 0
29 0 0 0
30 0 0 0
31 1 1 1
32 1 1 1
33 0 0 0
34 0 0 0
35 0 0 0
36 0 0 0
37 0 0 0
38 0 0 0
39 0 0 0
40 0 0 0
41 0 0 0
42 0 0 0
43 0 0 0
44 0 0 0
45 0 0 0
46 1 1 1
47 1 1 1
48 0 0 0
49 0 0 0
50 0 0 0
51 0 0 0
52 0 0 0
53 0 0 0
54 0 0 0
55 0 0 0
56 0 0 0
57 0 0 0
58 0 0 0
59 0 0 0
60 0 0 0
61 1 1 1
62 1 1 1
63 0 0 0
64 0 0 0
65 0 0 0
66 0 0 0
67 0 0 0
68 0 0 0
69 0 0 0
70 0 0 0
71 0 0 0
72 0 0 0
73 0 0 0
74 0 0 0
75 0 0 0
76 1 1 1
77 1 1 1
78 0 0 0
79 0 0 0
80 0 0 0
81 0 0 0
82 0 0 0
83 0 0 0
84 0 0 0
85 0 0 0
86 0 0 0
87 0 0 0
88 0 0 0
89 0 0 0
90 0 0 0
91 1 1 1
92 1 1 1
93 0 0 0
94 0 0 0
95 0 0 0
96 0 0 0
97 0 0 0
98 0 0 0
99 0 0 0
100 0 0 0
101 0 0 0
102 0 0 0
103 0 0 0
104 0 0 0
105 0 0 0
106 1 1 1
107 1 1 1
108 0 0 0
109 0 0 0
110 0 0 0
111 0 0 0
112 0 0 0
113 0 0 0
114 0 0 0
115 0 0 0
116 0 0 0
117 0 0 0
118 0 0 0
119 0 0 0
120 0 0 0
121 1 1 1
122 1 1 1
123 0 0 0
124 0 0 0
125 0 0 0
126 0 0 0
127 0 0 0
128 0 0 0
129 0 0 0
130 0 0 0
131 0 0 0
132 0 0 0
133 0 0 0
134 0 0 0
135 0 0 0
136 1 1 1
137 1 1 1
138 0 0 0
139 0 0 0
140 0 0 0
141 0 0 0
142 0 0 0
143 0 0 0
144 0 0 0
145 0 0 0
146 0 0 0
147 0 0 0
148 0 0 0
149 0 0 0
150 0 0 0
151 1 1 1
152 1 1 1
153 0 0 0
154 0 0 0
155 0 0 0
156 0 0 0
157 0 0 0
158 0 0 0
159 0 0 0
160 0 0 0
161 0 0 0
162 0 0 0
163 0 0 0
164 0 0 0
165 0 0 0
166 1 1 1
167 1 1 1
168 0 0 0
169 0 0 0
170 0 0 0
171 0 0 0
172 0 0 0
173 0 0 0
174 0 0 0
175 0 0 0
176 0 0 0
177 0 0 0
178 0 0 0
179 0 0 0
180 0 0 0
181 1 1 1
182 1 1 1
183 0 0 0
184 0 0 0
185 0 0 0
186 0 0 0
187 0 0 0
188 0 0 0
189 0 0 0
190 0 0 0
191 0 0 0
192 0 0 0
193 0 0 0
194 0 0 0
195 0 0 0
196 1 1 1
197 1 1 1
198 0 0 0
199 0 0 0
200 0 0 0
201 0 0 0
202 0 0 0
203 0 0 0
204 0 0 0
205 0 0 0
206 0 0 0
207 0 0 0
208 0 0 0
209 0 0 0
210 0 0 0
211 1 1 1
212 1 1 1
213 0 0 0
214 0 0 0
215 0 0 0
216 0 0 0
217 0 0 0
218 0 0 0
219 0 0 0
220 0 0 0
221 0 0 0
222 0 0 0
223 0 0 0
224 0 0 0
225 0 0 0
226 1 1 1
227 1 1 1
228 0 0 0
229 0 0 0
230 0 0 0
231 0 0 0
232 0 0 0
233 0 0 0
234 0 0 0
235 0 0 0
236 0 0 0
237 0 0 0
238 0 0 0
239 0 0 0
240 0 0 0
241 1 1 1
242 1 1 1
243 0 0 0
244 0 0 0
245 0 0 0
246 0 0 0
247 0 0 0
248 0 0 0
249 0 0 0
250 0 0 0
251 0 0 0
252 0 0 0
253 0 0 0
254 0 0 0
255 0 0 0
256 1 1 1
257 1 1 1
258 0 0 0
259 0 0 0
260 0 0 0
261 0 0 0
262 0 0 0
263 0 0 0
264 0 0 0
265 0 0 0
266 0 0 0
267 0 0 0
268 0 0 0
269 0 0 0
270 0 0 0
271 1 1 1
272 1 1 1
273 0 0 0
274 0 0 0
275 0 0 0
276 0 0 0
277 0 0 0
278 0 0 0
279 0 0 0
280 0 0 0
281 0 0 0
282 0 0 0
283 0 0 0
284 0 0 0
285 0 0 0
286 1 1 1
287 1 1 1
288 0 0 0
289 0 0 0
290 0 0 0
291 0 0 0
292 0 0 0
293 0 0 0
294 0 0 0
295 0 0 0
296 0 0 0
297 0 0 0
298 0 0 0
299 0 0 0
300 0 0 0
301 1 1 1
302 1 1 1
303 0 0 0
304 0 0 0
305 0 0 0
306 0 0 0
307 0 0 0
308 0 0 0
309 0 0 0
310 0 0 0
311 0 0 0
312 0 0 0
313 0 0 0
314 0 0 0
315 0 0 0
316 1 1 1
317 1 1 1
318 0 0 0
319 0 0 0
320 0 0 0
321 0 0 0
322 0 0 0
323 0 0 0
324 0 0 0
325 0 0 0
326 0 0 0
327 0 0 0
328 0 0 0
329 0 0 0
330 0 0 0
331 1 1 1
332 1 1 1
333 0 0 0
334 0 0 0
335 0 0 0
336 0 0 0
337 0 0 0
338 0 0 0
339 0 0 0
340 0 0 0
341 0 0 0
342 0 0 0
343 0 0 0
344 0 0 0
345 0 0 0
346 1 1 1
347 1 1 1
348 0 0 0
349 0 0 0
350 0 0 0
351 0 0 0
352 0 0 0
353 0 0 0
354 0 0 0
355 0 0 0
356 0 0 0
357 0 0 0
358 0 0 0
359 0 0 0
360 0 0 0
361 1 1 1
362 1 1 1
363 0 0 0
364 0 0 0
365 0 0 0
366 0 0 0
367 0 0 0
368 0 0 0
369 0 0 0
370 0 0 0
371 0 0 0
372 0 0 0
373 0 0 0
374 0 0 0
375 0 0 0
376 1 1 1
377 1 1 1
378 0 0 0
379 0 0 0
380 0 0 0
381 0 0 0
382 0 0 0
383 0 0 0
384 0 0 0
385 0 0 0
386 0 0 0
387 0 0 0
388 0 0 0
389 0 0 0
390 0 0 0
391 1 1 1
392 1 1 1
393 0 0 0
394 0 0 0
395 0 0 0
396 0 0 0
397 0 0 0
398 0 0 0
399 0 0 0
400 0 0 0
401 0 0 0
402 0 0 0
403 0 0 0
404 0 0 0
405 0 0 0
406 1 1 1
407 1 1 1
408 0 0 0
409 0 0 0
410 0 0 0
411 0 0 0
412 0 0 0
413 0 0 0
414 0 0 0
415 0 0 0
416 0 0 0
417 0 0 0
418 0 0 0
419 0 0 0
420 0 0 0
421 1 1 1
422 1 1 1
423 0 0 0
424 0 0 0
425 0 0 0
426 0 0 0
427 0 0 0
428 0 0 0
429 0 0 0
430 0 0 0
431 0 0 0
432 0 0 0
433 0 0 0
434 0 0 0
435 0 0 0
436 1 1 1
437 1 1 1
438 0 0 0
439 0 0 0
440 0 0 0
441 0 0 0
442 0 0 0
443 0 0 0
444 0 0 0
445 0 0 0
446 0 0 0
447 0 0 0
448 0 0 0
449 0 0 0
450 0 0 0
451 1 1 1
452 1 1 1
453 0 0 0
454 0 0 0
455 0 0 0
456 0 0 0
457 0 0 0
458 0 0 0
459 0 0 0
460 0 0 0
461 0 0 0
462 0 0 0
463 0 0 0
464 0 0 0
465 0 0 0
466 1 1 1
467 1 1 1
468 0 0 0
469 0 0 0
470 0 0 0
471 0 0 0
472 0 0 0
473 0 0 0
474 0 0 0
475 0 0 0
476 0 0 0
477 0 0 0
478 0 0 0
479 0 0 0
480 0 0 0
481 1 1 1
482 1 1 1
483 0 0 0
484 0 0 0
485 0 0 0
486 0 0 0
487 0 0 0
488 0 0 0
489 0 0 0
490 0 0 0
491 0 0 0
492 0 0 0
493 0 0 0
494 0 0 0
495 0 0 0
496 1 1 1
497 1 1 1
498 0 0 0
499 0 0 0
500 0 0 0
501 0 0 0
502 0 0 0
503 0 0 0
504 0 0 0
505 0 0 0
506 0 0 0
507 0 0 0
508 0 0 0
509 0 0 0
510 0 0 0
511 1 1 1
512 1 1 1
513 0 0 0
514 0 0 0
515 0 0 0
516 0 0 0
517 0 0 0
518 0 0 0
519 0 0 0
520 0 0 0
521 0 0 0
522 0 0 0
523 0 0 0
524 0 0 0
525 0 0 0
526 1 1 1
527 1 1 1
528 0 0 0
529 0 0 0
530 0 0 0
531 0 0 0
532 0 0 0
533 0 0 0
534 0 0 0
535 0 0 0
536 0 0 0
537 0 0 0
538 0 0 0
539 0 0 0
540 0 0 0
541 1 1 1
542 1 1 1
543 0 0 0
544 0 0 0
545 0 0 0
546 0 0 0
547 0 0 0
548 0 0 0
549 0 0 0
550 0 0 0
551 0 0 0
552 0 0 0
553 0 0 0
554 0 0 0
555 0 0 0
556 1 1 1
557 1 1 1
558 0 0 0
559 0 0 0
560 0 0 0
561 0 0 0
562 0 0 0
563 0 0 0
564 0 0 0
565 0 0 0
566 0 0 0
567 0 0 0
568 0 0 0
569 0 0 0
570 0 0 0
571 1 1 1
572 1 1 1
573 0 0 0
574 0 0 0
575 0 0 0
576 0 0 0
577 0 0 0
578 0 0 0
579 0 0 0
580 0 0 0
581 0 0 0
582 0 0 0
583 0 0 0
584 0 0 0
585 0 0 0
586 1 1 1
587 1 1 1
588 0 0 0
589 0 0 0
590 0 0 0
591 0 0 0
592 0 0 0
593 0 0 0
594 0 0 0
595 0 0 0
596 0 0 0
597 0 0 0
598 0 0 0
599 0 0 0
600 0 0 0
601 1 1 1
602 1 1 1
603 0 0 0
604 0 0 0
605 0 0 0
606 0 0 0
607 0 0 0
608 0 0 0
609 0 0 0
610 0 0 0
611 0 0 0
612 0 0 0
613 0 0 0
614 0 0 0
615 0 0 0
616 1 1 1
617 1 1 1
618 0 0 0
619 0 0 0
620 0 0 0
621 0 0 0
622 0 0 0
623 0 0 0
624 0 0 0
625 0 0 0
626 0 0 0
627 0 0 0
628 0 0 0
629 0 0 0
630 0 0 0
631 1 1 1
632 1 1 1
633 0 0 0
634 0 0 0
635 0 0 0
636 0 0 0
637 0 0 0
638 0 0 0
639 0 0 0
640 0 0 0
641 0 0 0
642 0 0 0
643 0 0 0
644 0 0 0
645 0 0 0
646 1 1 1
647 1 1 1
648 0 0 0
649 0 0 0
650 0 0 0
651 0 0 0
652 0 0 0
653 0 0 0
654 0 0 0
655 0 0 0
656 0 0 0
657 0 0 0
658 0 0 0
659 0 0 0
660 0 0 0
661 1 1 1
662 1 1 1
663 0 0 0
664 0 0 0
665 0 0 0
666 0 0 0
667 0 0 0
668 0 0 0
669 0 0 0
670 0 0 0
671 0 0 0
672 0 0 0
673 0 0 0
674 0 0 0
675 0 0 0
676 1 1 1
677 1 1 1
678 0 0 0
679 0 0 0
680 0 0 0
681 0 0 0
682 0 0 0
683 0 0 0
684 0 0 0
685 0 0 0
686 0 0 0
687 0 0 0
688 0 0 0
689 0 0 0
690 0 0 0
691 1 1 1
692 1 1 1
693 0 0 0
694 0 0 0
695 0 0 0
696 0 0 0
697 0 0 0
698 0 0 0
699 0 0 0
700 0 0 0
701 0 0 0
702 0 0 0
703 0 0 0
704 0 0 0
705 0 0 0
706 1 1 1
707 1 1 1
708 0 0 0
709 0 0 0
710 0 0 0
711 0 0 0
712 0 0 0
713 0 0 0
714 0 0 0
715 0 0 0
716 0 0 0
717 0 0 0
718 0 0 0
719 0 0 0
720 0 0 0
$EndNodeData
$NodeData
1
"NodalForce"
1
0
3
0
3
720
1 0 0 0
2 0 0 0
3 0 -59618.25906809856 0
4 0 0 0
5 0 -57024.56721126067 0
6 0 0 0
7 0 -54431.00787800361 0
8 0 0 0
9 0 -51837.600959747666 0
10 0 0 0
11 0 -49244.37053686249 0
12 0 0 0
13 0 -46651.346042152116 0
14 0 0 0
15 0 -42029.281917373475 0
16 0 0 0
17 0 0 0
18 0 -59917.138986038124 0
19 0 0 0
20 0 -57312.192422879525 0
21 0 0 0
22 0 -54707.88617468522 0
23 0 0 0
24 0 -52104.31618024159 0
25 0 0 0
26 0 -49501.59849273631 0
27 0 0 0
28 0 -46899.874824477156 0
29 0 0 0
30 0 -42149.66001277312 0
31 0 0 0
32 0 0 0
33 0 -60782.88935299011 0
34 0 0 0
35 0 -58142.892120812285 0
36 0 0 0
37 0 -55504.94897194333 0
38 0 0 0
39 0 -52869.36727658427 0
40 0 0 0
41 0 -50236.51851094198 0
42 0 0 0
43 0 -47606.85575342357 0
44 0 0 0
45 0 -42490.46859421217 0
46 0 0 0
47 0 0 0
48 0 -62128.563887014505 0
49 0 0 0
50 0 -59426.2922567933 0
51 0 0 0
52 0 -56728.1016924851 0
53 0 0 0
54 0 -54034.60379680554 0
55 0 0 0
56 0 -51346.537277449985 0
57 0 0 0
58 0 -48664.80230012209 0
59 0 0 0
60 0 -42995.25321588328 0
61 0 0 0
62 0 0 0
63 0 -63826.14305250522 0
64 0 0 0
65 0 -61029.95779672966 0
66 0 0 0
67 0 -58240.096977968096 0
68 0 0 0
69 0 -55457.51599392903 0
70 0 0 0
71 0 -52683.36943635753 0
72 0 0 0
73 0 -49919.064773116734 0
74 0 0 0
75 0 -43583.16697221189 0
76 0 0 0
77 0 0 0
78 0 -65725.73771305846 0
79 0 0 0
80 0 -62800.20523077575 0
81 0 0 0
82 0 -59883.024053444344 0
83 0 0 0
84 0 -56975.47839166173 0
85 0 0 0
86 0 -54079.12422359903 0
87 0 0 0
88 0 -51195.86334092085 0
89 0 0 0
90 0 -44164.02111724657 0
91 0 0 0
92 0 0 0
93 0 -67674.14542612922 0
94 0 0 0
95 0 -64582.600599785976 0
96 0 0 0
97 0 -61500.78374778896 0
98 0 0 0
99 0 -58430.23516297821 0
100 0 0 0
101 0 -55372.83084103274 0
102 0 0 0
103 0 -52330.876668013334 0
104 0 0 0
105 0 -44653.6175597628 0
106 0 0 0
107 0 0 0
108 0 -69530.01634831713 0
109 0 0 0
110 0 -66239.43876973078 0
111 0 0 0
112 0 -62958.91585147601 0
113 0 0 0
114 0 -59690.104486506905 0
115 0 0 0
116 0 -56435.038799155875 0
117 0 0 0
118 0 -53196.24119187002 0
119 0 0 0
120 0 -44988.4369108521 0
121 0 0 0
122 0 0 0
123 0 -71174.86645776872 0
124 0 0 0
125 0 -67663.29424465926 0
126 0 0 0
127 0 -64160.78375528691 0
128 0 0 0
129 0 -60668.900355796206 0
130 0 0 0
131 0 -57189.585511206504 0
132 0 0 0
133 0 -53725.27457521121 0
134 0 0 0
135 0 -45139.530339296776 0
136 0 0 0
137 0 0 0
138 0 -72519.79723973016 0
139 0 0 0
140 0 -68785.63171644897 0
141 0 0 0
142 0 -65058.2673691604 0
143 0 0 0
144 0 -61338.93741978053 0
145 0 0 0
146 0 -57629.18865335017 0
147 0 0 0
148 0 -53930.98638525779 0
149 0 0 0
150 0 -45123.431945875156 0
151 0 0 0
152 0 0 0
153 0 -73507.28561816165 0
154 0 0 0
155 0 -69577.98573495775 0
156 0 0 0
157 0 -65652.53738622308 0
158 0 0 0
159 0 -61731.66934553349 0
160 0 0 0
161 0 -57816.305259664965 0
162 0 0 0
163 0 -53907.63289674367 0
164 0 0 0
165 0 -45003.60244525527 0
166 0 0 0
167 0 0 0
168 0 -74107.21253529971 0
169 0 0 0
170 0 -70042.85002093649 0
171 0 0 0
172 0 -65979.78597094011 0
173 0 0 0
174 0 -61918.27373044456 0
175 0 0 0
176 0 -57858.63690883954 0
177 0 0 0
178 0 -53801.29545641175 0
179 0 0 0
180 0 -44873.40211528275 0
181 0 0 0
182 0 0 0
183 0 -74308.01453570789 0
184 0 0 0
185 0 -70195.1926299791 0
186 0 0 0
187 0 -66082.65266795797 0
188 0 0 0
189 0 -61970.45078149166 0
190 0 0 0
191 0 -57858.65905499187 0
192 0 0 0
193 0 -53747.371622950195 0
194 0 0 0
195 0 -44818.35689697464 0
196 0 0 0
197 0 0 0
198 0 -74107.21253529971 0
199 0 0 0
200 0 -70042.85002093649 0
201 0 0 0
202 0 -65979.7859709401 0
203 0 0 0
204 0 -61918.27373044455 0
205 0 0 0
206 0 -57858.63690883954 0
207 0 0 0
208 0 -53801.29545641176 0
209 0 0 0
210 0 -44873.40211528275 0
211 0 0 0
212 0 0 0
213 0 -73507.28561816158 0
214 0 0 0
215 0 -69577.98573495768 0
216 0 0 0
217 0 -65652.537386223 0
218 0 0 0
219 0 -61731.66934553344 0
220 0 0 0
221 0 -57816.305259664914 0
222 0 0 0
223 0 -53907.63289674361 0
224 0 0 0
225 0 -45003.60244525524 0
226 0 0 0
227 0 0 0
228 0 -72519.79723973009 0
229 0 0 0
230 0 -68785.6317164489 0
231 0 0 0
232 0 -65058.26736916034 0
233 0 0 0
234 0 -61338.93741978048 0
235 0 0 0
236 0 -57629.1886533501 0
237 0 0 0
238 0 -53930.98638525774 0
239 0 0 0
240 0 -45123.43194587513 0
241 0 0 0
242 0 0 0
243 0 -71174.86645776883 0
244 0 0 0
245 0 -67663.29424465935 0
246 0 0 0
247 0 -64160.783755287004 0
248 0 0 0
249 0 -60668.900355796286 0
250 0 0 0
251 0 -57189.58551120657 0
252 0 0 0
253 0 -53725.27457521129 0
254 0 0 0
255 0 -45139.53033929681 0
256 0 0 0
257 0 0 0
258 0 -69530.0163483172 0
259 0 0 0
260 0 -66239.43876973086 0
261 0 0 0
262 0 -62958.915851476086 0
263 0 0 0
264 0 -59690.10448650696 0
265 0 0 0
266 0 -56435.03879915592 0
267 0 0 0
268 0 -53196.24119187007 0
269 0 0 0
270 0 -44988.43691085212 0
271 0 0 0
272 0 0 0
273 0 -67674.14542612915 0
274 0 0 0
275 0 -64582.60059978592 0
276 0 0 0
277 0 -61500.78374778891 0
278 0 0 0
279 0 -58430.23516297818 0
280 0 0 0
281 0 -55372.830841032715 0
282 0 0 0
283 0 -52330.87666801329 0
284 0 0 0
285 0 -44653.61755976278 0
286 0 0 0
287 0 0 0
288 0 -65725.73771305851 0
289 0 0 0
290 0 -62800.205230775784 0
291 0 0 0
292 0 -59883.02405344438 0
293 0 0 0
294 0 -56975.47839166178 0
295 0 0 0
296 0 -54079.124223599065 0
297 0 0 0
298 0 -51195.86334092087 0
299 0 0 0
300 0 -44164.02111724659 0
301 0 0 0
302 0 0 0
303 0 -63826.14305250526 0
304 0 0 0
305 0 -61029.957796729694 0
306 0 0 0
307 0 -58240.09697796814 0
308 0 0 0
309 0 -55457.51599392906 0
310 0 0 0
311 0 -52683.36943635753 0
312 0 0 0
313 0 -49919.06477311677 0
314 0 0 0
315 0 -43583.166972211904 0
316 0 0 0
317 0 0 0
318 0 -62128.56388701445 0
319 0 0 0
320 0 -59426.292256793226 0
321 0 0 0
322 0 -56728.101692485056 0
323 0 0 0
324 0 -54034.603796805495 0
325 0 0 0
326 0 -51346.537277449934 0
327 0 0 0
328 0 -48664.802300122035 0
329 0 0 0
330 0 -42995.25321588325 0
331 0 0 0
332 0 0 0
333 0 -60782.88935299005 0
334 0 0 0
335 0 -58142.892120812205 0
336 0 0 0
337 0 -55504.948971943275 0
338 0 0 0
339 0 -52869.3672765842 0
340 0 0 0
341 0 -50236.51851094193 0
342 0 0 0
343 0 -47606.85575342352 0
344 0 0 0
345 0 -42490.46859421214 0
346 0 0 0
347 0 0 0
348 0 -59917.138986038175 0
349 0 0 0
350 0 -57312.19242287957 0
351 0 0 0
352 0 -54707.886174685234 0
353 0 0 0
354 0 -52104.316180241614 0
355 0 0 0
356 0 -49501.59849273634 0
357 0 0 0
358 0 -46899.87482447719 0
359 0 0 0
360 0 -42149.660012773136 0
361 0 0 0
362 0 0 0
363 0 -59618.25906809867 0
364 0 0 0
365 0 -57024.56721126077 0
366 0 0 0
367 0 -54431.00787800372 0
368 0 0 0
369 0 -51837.60095974777 0
370 0 0 0
371 0 -49244.37053686256 0
372 0 0 0
373 0 -46651.3460421522 0
374 0 0 0
375 0 -42029.28191737352 0
376 0 0 0
377 0 0 0
378 0 -59917.13898603816 0
379 0 0 0
380 0 -57312.19242287956 0
381 0 0 0
382 0 -54707.886174685234 0
383 0 0 0
384 0 -52104.316180241614 0
385 0 0 0
386 0 -49501.59849273633 0
387 0 0 0
388 0 -46899.87482447719 0
389 0 0 0
390 0 -42149.660012773136 0
391 0 0 0
392 0 0 0
393 0 -60782.88935299005 0
394 0 0 0
395 0 -58142.89212081221 0
396 0 0 0
397 0 -55504.94897194326 0
398 0 0 0
399 0 -52869.3672765842 0
400 0 0 0
401 0 -50236.51851094191 0
402 0 0 0
403 0 -47606.85575342351 0
404 0 0 0
405 0 -42490.46859421216 0
406 0 0 0
407 0 0 0
408 0 -62128.56388701445 0
409 0 0 0
410 0 -59426.29225679324 0
411 0 0 0
412 0 -56728.10169248504 0
413 0 0 0
414 0 -54034.60379680549 0
415 0 0 0
416 0 -51346.537277449934 0
417 0 0 0
418 0 -48664.802300122035 0
419 0 0 0
420 0 -42995.25321588326 0
421 0 0 0
422 0 0 0
423 0 -63826.14305250526 0
424 0 0 0
425 0 -61029.95779672969 0
426 0 0 0
427 0 -58240.09697796815 0
428 0 0 0
429 0 -55457.51599392906 0
430 0 0 0
431 0 -52683.36943635756 0
432 0 0 0
433 0 -49919.06477311678 0
434 0 0 0
435 0 -43583.1669722119 0
436 0 0 0
437 0 0 0
438 0 -65725.73771305842 0
439 0 0 0
440 0 -62800.20523077568 0
441 0 0 0
442 0 -59883.02405344431 0
443 0 0 0
444 0 -56975.478391661716 0
445 0 0 0
446 0 -54079.124223598985 0
447 0 0 0
448 0 -51195.863340920805 0
449 0 0 0
450 0 -44164.02111724655 0
451 0 0 0
452 0 0 0
453 0 -67674.14542612914 0
454 0 0 0
455 0 -64582.6005997859 0
456 0 0 0
457 0 -61500.78374778891 0
458 0 0 0
459 0 -58430.23516297816 0
460 0 0 0
461 0 -55372.83084103269 0
462 0 0 0
463 0 -52330.87666801328 0
464 0 0 0
465 0 -44653.61755976278 0
466 0 0 0
467 0 0 0
468 0 -69530.01634831713 0
469 0 0 0
470 0 -66239.43876973078 0
471 0 0 0
472 0 -62958.91585147605 0
473 0 0 0
474 0 -59690.10448650691 0
475 0 0 0
476 0 -56435.03879915587 0
477 0 0 0
478 0 -53196.24119187003 0
479 0 0 0
480 0 -44988.436910852106 0
481 0 0 0
482 0 0 0
483 0 -71174.86645776892 0
484 0 0 0
485 0 -67663.29424465944 0
486 0 0 0
487 0 -64160.78375528708 0
488 0 0 0
489 0 -60668.900355796366 0
490 0 0 0
491 0 -57189.58551120662 0
492 0 0 0
493 0 -53725.27457521133 0
494 0 0 0
495 0 -45139.530339296834 0
496 0 0 0
497 0 0 0
498 0 -72519.79723973031 0
499 0 0 0
500 0 -68785.63171644912 0
501 0 0 0
502 0 -65058.267369160516 0
503 0 0 0
504 0 -61338.93741978065 0
505 0 0 0
506 0 -57629.188653350284 0
507 0 0 0
508 0 -53930.98638525789 0
509 0 0 0
510 0 -45123.4319458752 0
511 0 0 0
512 0 0 0
513 0 -73507.28561816156 0
514 0 0 0
515 0 -69577.98573495768 0
516 0 0 0
517 0 -65652.53738622299 0
518 0 0 0
519 0 -61731.66934553342 0
520 0 0 0
521 0 -57816.305259664914 0
522 0 0 0
523 0 -53907.632896743606 0
524 0 0 0
525 0 -45003.60244525524 0
526 0 0 0
527 0 0 0
528 0 -74107.21253529965 0
529 0 0 0
530 0 -70042.85002093643 0
531 0 0 0
532 0 -65979.78597094004 0
533 0 0 0
534 0 -61918.27373044449 0
535 0 0 0
536 0 -57858.63690883948 0
537 0 0 0
538 0 -53801.29545641172 0
539 0 0 0
540 0 -44873.40211528273 0
541 0 0 0
542 0 0 0
543 0 -74308.01453570776 0
544 0 0 0
545 0 -70195.19262997898 0
546 0 0 0
547 0 -66082.65266795787 0
548 0 0 0
549 0 -61970.450781491556 0
550 0 0 0
551 0 -57858.659054991775 0
552 0 0 0
553 0 -53747.3716229501 0
554 0 0 0
555 0 -44818.3568969746 0
556 0 0 0
557 0 0 0
558 0 -74107.21253529968 0
559 0 0 0
560 0 -70042.85002093643 0
561 0 0 0
562 0 -65979.78597094005 0
563 0 0 0
564 0 -61918.273730444496 0
565 0 0 0
566 0 -57858.63690883948 0
567 0 0 0
568 0 -53801.29545641171 0
569 0 0 0
570 0 -44873.40211528273 0
571 0 0 0
572 0 0 0
573 0 -73507.2856181616 0
574 0 0 0
575 0 -69577.98573495769 0
576 0 0 0
577 0 -65652.537386223 0
578 0 0 0
579 0 -61731.66934553342 0
580 0 0 0
581 0 -57816.30525966489 0
582 0 0 0
583 0 -53907.632896743606 0
584 0 0 0
585 0 -45003.60244525524 0
586 0 0 0
587 0 0 0
588 0 -72519.7972397303 0
589 0 0 0
590 0 -68785.6317164491 0
591 0 0 0
592 0 -65058.267369160494 0
593 0 0 0
594 0 -61338.93741978065 0
595 0 0 0
596 0 -57629.18865335028 0
597 0 0 0
598 0 -53930.98638525787 0
599 0 0 0
600 0 -45123.4319458752 0
601 0 0 0
602 0 0 0
603 0 -71174.86645776869 0
604 0 0 0
605 0 -67663.29424465922 0
606 0 0 0
607 0 -64160.78375528686 0
608 0 0 0
609 0 -60668.90035579618 0
610 0 0 0
611 0 -57189.58551120649 0
612 0 0 0
613 0 -53725.27457521116 0
614 0 0 0
615 0 -45139.53033929676 0
616 0 0 0
617 0 0 0
618 0 -69530.01634831702 0
619 0 0 0
620 0 -66239.43876973068 0
621 0 0 0
622 0 -62958.91585147595 0
623 0 0 0
624 0 -59690.10448650682 0
625 0 0 0
626 0 -56435.03879915578 0
627 0 0 0
628 0 -53196.24119186996 0
629 0 0 0
630 0 -44988.43691085207 0
631 0 0 0
632 0 0 0
633 0 -67674.14542612934 0
634 0 0 0
635 0 -64582.60059978612 0
636 0 0 0
637 0 -61500.78374778911 0
638 0 0 0
639 0 -58430.23516297836 0
640 0 0 0
641 0 -55372.83084103289 0
642 0 0 0
643 0 -52330.87666801349 0
644 0 0 0
645 0 -44653.61755976286 0
646 0 0 0
647 0 0 0
648 0 -65725.73771305842 0
649 0 0 0
650 0 -62800.20523077568 0
651 0 0 0
652 0 -59883.024053444286 0
653 0 0 0
654 0 -56975.478391661716 0
655 0 0 0
656 0 -54079.12422359899 0
657 0 0 0
658 0 -51195.86334092083 0
659 0 0 0
660 0 -44164.02111724655 0
661 0 0 0
662 0 0 0
663 0 -63826.14305250535 0
664 0 0 0
665 0 -61029.95779672979 0
666 0 0 0
667 0 -58240.09697796825 0
668 0 0 0
669 0 -55457.515993929126 0
670 0 0 0
671 0 -52683.369436357614 0
672 0 0 0
673 0 -49919.064773116836 0
674 0 0 0
675 0 -43583.16697221193 0
676 0 0 0
677 0 0 0
678 0 -62128.563887014454 0
679 0 0 0
680 0 -59426.292256793255 0
681 0 0 0
682 0 -56728.10169248507 0
683 0 0 0
684 0 -54034.60379680547 0
685 0 0 0
686 0 -51346.537277449934 0
687 0 0 0
688 0 -48664.80230012202 0
689 0 0 0
690 0 -42995.25321588326 0
691 0 0 0
692 0 0 0
693 0 -60782.88935299004 0
694 0 0 0
695 0 -58142.89212081222 0
696 0 0 0
697 0 -55504.94897194327 0
698 0 0 0
699 0 -52869.3672765842 0
700 0 0 0
701 0 -50236.51851094191 0
702 0 0 0
703 0 -47606.85575342351 0
704 0 0 0
705 0 -42490.46859421216 0
706 0 0 0
707 0 0 0
708 0 -59917.13898603833 0
709 0 0 0
710 0 -57312.19242287973 0
711 0 0 0
712 0 -54707.88617468538 0
713 0 0 0
714 0 -52104.31618024176 0
715 0 0 0
716 0 -49501.59849273648 0
717 0 0 0
718 0 -46899.87482447733 0
719 0 0 0
720 0 -42149.660012773194 0
$EndNodeData
$ElementData
1
"CrossSectionArea"
1
0
3
0
1
3312
1 0.006
2 0.014
3 0.006
4 0.0035
5 0.0035
6 0.0035
7 0.0035
8 0.0035
9 0.014
10 0.0035
11 0.0035
12 0.0035
13 0.0035
14 0.006
15 0.014
16 0.006
17 0.0035
18 0.0035
19 0.0035
20 0.0035
21 0.0035
22 0.0035
23 0.014
24 0.0035
25 0.0035
26 0.0035
27 0.0035
28 0.0035
29 0.0035
30 0.006
31 0.014
32 0.006
33 0.0035
34 0.0035
35 0.0035
36 0.0035
37 0.0035
38 0.0035
39 0.014
40 0.0035
41 0.0035
42 0.0035
43 0.0035
44 0.0035
45 0.0035
46 0.006
47 0.014
48 0.006
49 0.0035
50 0.0035
51 0.0035
52 0.0035
53 0.0035
54 0.0035
55 0.014
56 0.0035
57 0.0035
58 0.0035
59 0.0035
60 0.0035
61 0.0035
62 0.006
63 0.014
64 0.006
65 0.0035
66 0.0035
67 0.0035
68 0.0035
69 0.0035
70 0.0035
71 0.014
72 0.0035
73 0.0035
74 0.0035
75 0.0035
76 0.0035
77 0.0035
78 0.006
79 0.014
80 0.006
81 0.0035
82 0.0035
83 0.0035
84 0.0035
85 0.0035
86 0.0035
87 0.014
88 0.0035
89 0.0035
90 0.0035
91 0.0035
92 0.0035
93 0.0035
94 0.006
95 0.014
96 0.0035
97 0.0035
98 0.0035
99 0.0035
100 0.0035
101 0.014
102 0.0035
103 0.0035
104 0.0035
105 0.0035
106 0.0035
107 0.0035
108 0.0035
109 0.0035
110 0.0035
111 0.0035
112 0.006
113 0.014
114 0.006
115 0.0035
116 0.0035
117 0.0035
118 0.014
119 0.0035
120 0.0035
121 0.0035
122 0.006
123 0.014
124 0.006
125 0.0035
126 0.0035
127 0.0035
128 0.014
129 0.0035
130 0.0035
131 0.0035
132 0.006
133 0.014
134 0.006
135 0.0035
136 0.0035
137 0.0035
138 0.014
139 0.0035
140 0.0035
141 0.0035
142 0.006
143 0.014
144 0.006
145 0.0035
146 0.0035
147 0.0035
148 0.014
149 0.0035
150 0.0035
151 0.0035
152 0.006
153 0.014
154 0.006
155 0.0035
156 0.0035
157 0.0035
158 0.014
159 0.0035
160 0.0035
161 0.0035
162 0.006
163 0.014
164 0.006
165 0.0035
166 0.0035
167 0.0035
168 0.014
169 0.0035
170 0.0035
171 0.0035
172 0.006
173 0.014
174 0.0035
175 0.0035
176 0.014
177 0.0035
178 0.0035
179 0.0035
180 0.0035
181 0.006
182 0.014
183 0.006
184 0.0035
185 0.0035
186 0.0035
187 0.014
188 0.0035
189 0.0035
190 0.0035
191 0.006
192 0.014
193 0.006
194 0.0035
195 0.0035
196 0.0035
197 0.014
198 0.0035
199 0.0035
200 0.0035
201 0.006
202 0.014
203 0.006
204 0.0035
205 0.0035
206 0.0035
207 0.014
208 0.0035
209 0.0035
210 0.0035
211 0.006
212 0.014
213 0.006
214 0.0035
215 0.0035
216 0.0035
217 0.014
218 0.0035
219 0.0035
220 0.0035
221 0.006
222 0.014
223 0.006
224 0.0035
225 0.0035
226 0.0035
227 0.014
228 0.0035
229 0.0035
230 0.0035
231 0.006
232 0.014
233 0.006
234 0.0035
235 0.0035
236 0.0035
237 0.014
238 0.0035
239 0.0035
240 0.0035
241 0.006
242 0.014
243 0.0035
244 0.0035
245 0.014
246 0.0035
247 0.0035
248 0.0035
249 0.0035
250 0.006
251 0.014
252 0.006
253 0.0035
254 0.0035
255 0.0035
256 0.014
257 0.0035
258 0.0035
259 0.0035
260 0.006
261 0.014
262 0.006
263 0.0035
264 0.0035
265 0.0035
266 0.014
267 0.0035
268 0.0035
269 0.0035
270 0.006
271 0.014
272 0.006
273 0.0035
274 0.0035
275 0.0035
276 0.014
277 0.0035
278 0.0035
279 0.0035
280 0.006
281 0.014
282 0.006
283 0.0035
284 0.0035
285 0.0035
286 0.014
287 0.0035
288 0.0035
289 0.0035
290 0.006
291 0.014
292 0.006
293 0.0035
294 0.0035
295 0.0035
296 0.014
297 0.0035
298 0.0035
299 0.0035
300 0.006
301 0.014
302 0.006
303 0.0035
304 0.0035
305 0.0035
306 0.014
307 0.0035
308 0.0035
309 0.0035
310 0.006
311 0.014
312 0.0035
313 0.0035
314 0.014
315 0.0035
316 0.0035
317 0.0035
318 0.0035
319 0.006
320 0.014
321 0.006
322 0.0035
323 0.0035
324 0.0035
325 0.014
326 0.0035
327 0.0035
328 0.0035
329 0.006
330 0.014
331 0.006
332 0.0035
333 0.0035
334 0.0035
335 0.014
336 0.0035
337 0.0035
338 0.0035
339 0.006
340 0.014
341 0.006
342 0.0035
343 0.0035
344 0.0035
345 0.014
346 0.0035
347 0.0035
348 0.0035
349 0.006
350 0.014
351 0.006
352 0.0035
353 0.0035
354 0.0035
355 0.014
356 0.0035
357 0.0035
358 0.0035
359 0.006
360 0.014
361 0.006
362 0.0035
363 0.0035
364 0.0035
365 0.014
366 0.0035
367 0.0035
368 0.0035
369 0.006
370 0.014
371 0.006
372 0.0035
373 0.0035
374 0.0035
375 0.014
376 0.0035
377 0.0035
378 0.0035
379 0.006
380 0.014
381 0.0035
382 0.0035
383 0.014
384 0.0035
385 0.0035
386 0.0035
387 0.0035
388 0.006
389 0.014
390 0.006
391 0.0035
392 0.0035
393 0.0035
394 0.014
395 0.0035
396 0.0035
397 0.0035
398 0.006
399 0.014
400 0.006
401 0.0035
402 0.0035
403 0.0035
404 0.014
405 0.0035
406 0.0035
407 0.0035
408 0.006
409 0.014
410 0.006
411 0.0035
412 0.0035
413 0.0035
414 0.014
415 0.0035
416 0.0035
417 0.0035
418 0.006
419 0.014
420 0.006
421 0.0035
422 0.0035
423 0.0035
424 0.014
425 0.0035
426 0.0035
427 0.0035
428 0.006
429 0.014
430 0.006
431 0.0035
432 0.0035
433 0.0035
434 0.014
435 0.0035
436 0.0035
437 0.0035
438 0.006
439 0.014
440 0.006
441 0.0035
442 0.0035
443 0.0035
444 0.014
445 0.0035
446 0.0035
447 0.0035
448 0.006
449 0.014
450 0.0035
451 0.0035
452 0.014
453 0.0035
454 0.0035
455 0.0035
456 0.0035
457 0.006
458 0.014
459 0.006
460 0.0035
461 0.0035
462 0.0035
463 0.014
464 0.0035
465 0.0035
466 0.0035
467 0.006
468 0.014
469 0.006
470 0.0035
471 0.0035
472 0.0035
473 0.014
474 0.0035
475 0.0035
476 0.0035
477 0.006
478 0.014
479 0.006
480 0.0035
481 0.0035
482 0.0035
483 0.014
484 0.0035
485 0.0035
486 0.0035
487 0.006
488 0.014
489 0.006
490 0.0035
491 0.0035
492 0.0035
493 0.014
494 0.0035
495 0.0035
496 0.0035
497 0.006
498 0.014
499 0.006
500 0.0035
501 0.0035
502 0.0035
503 0.014
504 0.0035
505 0.0035
506 0.0035
507 0.006
508 0.014
509 0.006
510 0.0035
511 0.0035
512 0.0035
513 0.014
514 0.0035
515 0.0035
516 0.0035
517 0.006
518 0.014
519 0.0035
520 0.0035
521 0.014
522 0.0035
523 0.0035
524 0.0035
525 0.0035
526 0.006
527 0.014
528 0.006
529 0.0035
530 0.0035
531 0.0035
532 0.014
533 0.0035
534 0.0035
535 0.0035
536 0.006
537 0.014
538 0.006
539 0.0035
540 0.0035
541 0.0035
542 0.014
543 0.0035
544 0.0035
545 0.0035
546 0.006
547 0.014
548 0.006
549 0.0035
550 0.0035
551 0.0035
552 0.014
553 0.0035
554 0.0035
555 0.0035
556 0.006
557 0.014
558 0.006
559 0.0035
560 0.0035
561 0.0035
562 0.014
563 0.0035
564 0.0035
565 0.0035
566 0.006
567 0.014
568 0.006
569 0.0035
570 0.0035
571 0.0035
572 0.014
573 0.0035
574 0.0035
575 0.0035
576 0.006
577 0.014
578 0.006
579 0.0035
580 0.0035
581 0.0035
582 0.014
583 0.0035
584 0.0035
585 0.0035
586 0.006
587 0.014
588 0.0035
589 0.0035
590 0.014
591 0.0035
592 0.0035
593 0.0035
594 0.0035
595 0.006
596 0.014
597 0.006
598 0.0035
599 0.0035
600 0.0035
601 0.014
602 0.0035
603 0.0035
604 0.0035
605 0.006
606 0.014
607 0.006
608 0.0035
609 0.0035
610 0.0035
611 0.014
612 0.0035
613 0.0035
614 0.0035
615 0.006
616 0.014
617 0.006
618 0.0035
619 0.0035
620 0.0035
621 0.014
622 0.0035
623 0.0035
624 0.0035
625 0.006
626 0.014
627 0.006
628 0.0035
629 0.0035
630 0.0035
631 0.014
632 0.0035
633 0.0035
634 0.0035
635 0.006
636 0.014
637 0.006
638 0.0035
639 0.0035
640 0.0035
641 0.014
642 0.0035
643 0.0035
644 0.0035
645 0.006
646 0.014
647 0.006
648 0.0035
649 0.0035
650 0.0035
651 0.014
652 0.0035
653 0.0035
654 0.0035
655 0.006
656 0.014
657 0.0035
658 0.0035
659 0.014
660 0.0035
661 0.0035
662 0.0035
663 0.0035
664 0.006
665 0.014
666 0.006
667 0.0035
668 0.0035
669 0.0035
670 0.014
671 0.0035
672 0.0035
673 0.0035
674 0.006
675 0.014
676 0.006
677 0.0035
678 0.0035
679 0.0035
680 0.014
681 0.0035
682 0.0035
683 0.0035
684 0.006
685 0.014
686 0.006
687 0.0035
688 0.0035
689 0.0035
690 0.014
691 0.0035
692 0.0035
693 0.0035
694 0.006
695 0.014
696 0.006
697 0.0035
698 0.0035
699 0.0035
700 0.014
701 0.0035
702 0.0035
703 0.0035
704 0.006
705 0.014
706 0.006
707 0.0035
708 0.0035
709 0.0035
710 0.014
711 0.0035
712 0.0035
713 0.0035
714 0.006
715 0.014
716 0.006
717 0.0035
718 0.0035
719 0.0035
720 0.014
721 0.0035
722 0.0035
723 0.0035
724 0.006
725 0.014
726 0.0035
727 0.0035
728 0.014
729 0.0035
730 0.0035
731 0.0035
732 0.0035
733 0.006
734 0.014
735 0.006
736 0.0035
737 0.0035
738 0.0035
739 0.014
740 0.0035
741 0.0035
742 0.0035
743 0.006
744 0.014
745 0.006
746 0.0035
747 0.0035
748 0.0035
749 0.014
750 0.0035
751 0.0035
752 0.0035
753 0.006
754 0.014
755 0.006
756 0.0035
757 0.0035
758 0.0035
759 0.014
760 0.0035
761 0.0035
762 0.0035
763 0.006
764 0.014
765 0.006
766 0.0035
767 0.0035
768 0.0035
769 0.014
770 0.0035
771 0.0035
772 0.0035
773 0.006
774 0.014
775 0.006
776 0.0035
777 0.0035
778 0.0035
779 0.014
780 0.0035
781 0.0035
782 0.0035
783 0.006
784 0.014
785 0.006
786 0.0035
787 0.0035
788 0.0035
789 0.014
790 0.0035
791 0.0035
792 0.0035
793 0.006
794 0.014
795 0.0035
796 0.0035
797 0.014
798 0.0035
799 0.0035
800 0.0035
801 0.0035
802 0.006
803 0.014
804 0.006
805 0.0035
806 0.0035
807 0.0035
808 0.014
809 0.0035
810 0.0035
811 0.0035
812 0.006
813 0.014
814 0.006
815 0.0035
816 0.0035
817 0.0035
818 0.014
819 0.0035
820 0.0035
821 0.0035
822 0.006
823 0.014
824 0.006
825 0.0035
826 0.0035
827 0.0035
828 0.014
829 0.0035
830 0.0035
831 0.0035
832 0.006
833 0.014
834 0.006
835 0.0035
836 0.0035
837 0.0035
838 0.014
839 0.0035
840 0.0035
841 0.0035
842 0.006
843 0.014
844 0.006
845 0.0035
846 0.0035
847 0.0035
848 0.014
849 0.0035
850 0.0035
851 0.0035
852 0.006
853 0.014
854 0.006
855 0.0035
856 0.0035
857 0.0035
858 0.014
859 0.0035
860 0.0035
861 0.0035
862 0.006
863 0.014
864 0.0035
865 0.0035
866 0.014
867 0.0035
868 0.0035
869 0.0035
870 0.0035
871 0.006
872 0.014
873 0.006
874 0.0035
875 0.0035
876 0.0035
877 0.014
878 0.0035
879 0.0035
880 0.0035
881 0.006
882 0.014
883 0.006
884 0.0035
885 0.0035
886 0.0035
887 0.014
888 0.0035
889 0.0035
890 0.0035
891 0.006
892 0.014
893 0.006
894 0.0035
895 0.0035
896 0.0035
897 0.014
898 0.0035
899 0.0035
900 0.0035
901 0.006
902 0.014
903 0.006
904 0.0035
905 0.0035
906 0.0035
907 0.014
908 0.0035
909 0.0035
910 0.0035
911 0.006
912 0.014
913 0.006
914 0.0035
915 0.0035
916 0.0035
917 0.014
918 0.0035
919 0.0035
920 0.0035
921 0.006
922 0.014
923 0.006
924 0.0035
925 0.0035
926 0.0035
927 0.014
928 0.0035
929 0.0035
930 0.0035
931 0.006
932 0.014
933 0.0035
934 0.0035
935 0.014
936 0.0035
937 0.0035
938 0.0035
939 0.0035
940 0.006
941 0.014
942 0.006
943 0.0035
944 0.0035
945 0.0035
946 0.014
947 0.0035
948 0.0035
949 0.0035
950 0.006
951 0.014
952 0.006
953 0.0035
954 0.0035
955 0.0035
956 0.014
957 0.0035
958 0.0035
959 0.0035
960 0.006
961 0.014
962 0.006
963 0.0035
964 0.0035
965 0.0035
966 0.014
967 0.0035
968 0.0035
969 0.0035
970 0.006
971 0.014
972 0.006
973 0.0035
974 0.0035
975 0.0035
976 0.014
977 0.0035
978 0.0035
979 0.0035
980 0.006
981 0.014
982 0.006
983 0.0035
984 0.0035
985 0.0035
986 0.014
987 0.0035
988 0.0035
989 0.0035
990 0.006
991 0.014
992 0.006
993 0.0035
994 0.0035
995 0.0035
996 0.014
997 0.0035
998 0.0035
999 0.0035
1000 0.006
1001 0.014
1002 0.0035
1003 0.0035
1004 0.014
1005 0.0035
1006 0.0035
1007 0.0035
1008 0.0035
1009 0.006
1010 0.014
1011 0.006
1012 0.0035
1013 0.0035
1014 0.0035
1015 0.014
1016 0.0035
1017 0.0035
1018 0.0035
1019 0.006
1020 0.014
1021 0.006
1022 0.0035
1023 0.0035
1024 0.0035
1025 0.014
1026 0.0035
1027 0.0035
1028 0.0035
1029 0.006
1030 0.014
1031 0.006
1032 0.0035
1033 0.0035
1034 0.0035
1035 0.014
1036 0.0035
1037 0.0035
1038 0.0035
1039 0.006
1040 0.014
1041 0.006
1042 0.0035
1043 0.0035
1044 0.0035
1045 0.014
1046 0.0035
1047 0.0035
1048 0.0035
1049 0.006
1050 0.014
1051 0.006
1052 0.0035
1053 0.0035
1054 0.0035
1055 0.014
1056 0.0035
1057 0.0035
1058 0.0035
1059 0.006
1060 0.014
1061 0.006
1062 0.0035
1063 0.0035
1064 0.0035
1065 0.014
1066 0.0035
1067 0.0035
1068 0.0035
1069 0.006
1070 0.014
1071 0.0035
1072 0.0035
1073 0.014
1074 0.0035
1075 0.0035
1076 0.0035
1077 0.0035
1078 0.006
1079 0.014
1080 0.006
1081 0.0035
1082 0.0035
1083 0.0035
1084 0.014
1085 0.0035
1086 0.0035
1087 0.0035
1088 0.006
1089 0.014
1090 0.006
1091 0.0035
1092 0.0035
1093 0.0035
1094 0.014
1095 0.0035
1096 0.0035
1097 0.0035
1098 0.006
1099 0.014
1100 0.006
1101 0.0035
1102 0.0035
1103 0.0035
1104 0.014
1105 0.0035
1106 0.0035
1107 0.0035
1108 0.006
1109 0.014
1110 0.006
1111 0.0035
1112 0.0035
1113 0.0035
1114 0.014
1115 0.0035
1116 0.0035
1117 0.0035
1118 0.006
1119 0.014
1120 0.006
1121 0.0035
1122 0.0035
1123 0.0035
1124 0.014
1125 0.0035
1126 0.0035
1127 0.0035
1128 0.006
1129 0.014
1130 0.006
1131 0.0035
1132 0.0035
1133 0.0035
1134 0.014
1135 0.0035
1136 0.0035
1137 0.0035
1138 0.006
1139 0.014
1140 0.0035
1141 0.0035
1142 0.014
1143 0.0035
1144 0.0035
1145 0.0035
1146 0.0035
1147 0.006
1148 0.014
1149 0.006
1150 0.0035
1151 0.0035
1152 0.0035
1153 0.014
1154 0.0035
1155 0.0035
1156 0.0035
1157 0.006
1158 0.014
1159 0.006
1160 0.0035
1161 0.0035
1162 0.0035
1163 0.014
1164 0.0035
1165 0.0035
1166 0.0035
1167 0.006
1168 0.014
1169 0.006
1170 0.0035
1171 0.0035
1172 0.0035
1173 0.014
1174 0.0035
1175 0.0035
1176 0.0035
1177 0.006
1178 0.014
1179 0.006
1180 0.0035
1181 0.0035
1182 0.0035
1183 0.014
1184 0.0035
1185 0.0035
1186 0.0035
1187 0.006
1188 0.014
1189 0.006
1190 0.0035
1191 0.0035
1192 0.0035
1193 0.014
1194 0.0035
1195 0.0035
1196 0.0035
1197 0.006
1198 0.014
1199 0.006
1200 0.0035
1201 0.0035
1202 0.0035
1203 0.014
1204 0.0035
1205 0.0035
1206 0.0035
1207 0.006
1208 0.014
1209 0.0035
1210 0.0035
1211 0.014
1212 0.0035
1213 0.0035
1214 0.0035
1215 0.0035
1216 0.006
1217 0.014
1218 0.006
1219 0.0035
1220 0.0035
1221 0.0035
1222 0.014
1223 0.0035
1224 0.0035
1225 0.0035
1226 0.006
1227 0.014
1228 0.006
1229 0.0035
1230 0.0035
1231 0.0035
1232 0.014
1233 0.0035
1234 0.0035
1235 0.0035
1236 0.006
1237 0.014
1238 0.006
1239 0.0035
1240 0.0035
1241 0.0035
1242 0.014
1243 0.0035
1244 0.0035
1245 0.0035
1246 0.006
1247 0.014
1248 0.006
1249 0.0035
1250 0.0035
1251 0.0035
1252 0.014
1253 0.0035
1254 0.0035
1255 0.0035
1256 0.006
1257 0.014
1258 0.006
1259 0.0035
1260 0.0035
1261 0.0035
1262 0.014
1263 0.0035
1264 0.0035
1265 0.0035
1266 0.006
1267 0.014
1268 0.006
1269 0.0035
1270 0.0035
1271 0.0035
1272 0.014
1273 0.0035
1274 0.0035
1275 0.0035
1276 0.006
1277 0.014
1278 0.0035
1279 0.0035
1280 0.014
1281 0.0035
1282 0.0035
1283 0.0035
1284 0.0035
1285 0.006
1286 0.014
1287 0.006
1288 0.0035
1289 0.0035
1290 0.0035
1291 0.014
1292 0.0035
1293 0.0035
1294 0.0035
1295 0.006
1296 0.014
1297 0.006
1298 0.0035
1299 0.0035
1300 0.0035
1301 0.014
1302 0.0035
1303 0.0035
1304 0.0035
1305 0.006
1306 0.014
1307 0.006
1308 0.0035
1309 0.0035
1310 0.0035
1311 0.014
1312 0.0035
1313 0.0035
1314 0.0035
1315 0.006
1316 0.014
1317 0.006
1318 0.0035
1319 0.0035
1320 0.0035
1321 0.014
1322 0.0035
1323 0.0035
1324 0.0035
1325 0.006
1326 0.014
1327 0.006
1328 0.0035
1329 0.0035
1330 0.0035
1331 0.014
1332 0.0035
1333 0.0035
1334 0.0035
1335 0.006
1336 0.014
1337 0.006
1338 0.0035
1339 0.0035
1340 0.0035
1341 0.014
1342 0.0035
1343 0.0035
1344 0.0035
1345 0.006
1346 0.014
1347 0.0035
1348 0.0035
1349 0.014
1350 0.0035
1351 0.0035
1352 0.0035
1353 0.0035
1354 0.006
1355 0.014
1356 0.006
1357 0.0035
1358 0.0035
1359 0.0035
1360 0.014
1361 0.0035
1362 0.0035
1363 0.0035
1364 0.006
1365 0.014
1366 0.006
1367 0.0035
1368 0.0035
1369 0.0035
1370 0.014
1371 0.0035
1372 0.0035
1373 0.0035
1374 0.006
1375 0.014
1376 0.006
1377 0.0035
1378 0.0035
1379 0.0035
1380 0.014
1381 0.0035
1382 0.0035
1383 0.0035
1384 0.006
1385 0.014
1386 0.006
1387 0.0035
1388 0.0035
1389 0.0035
1390 0.014
1391 0.0035
1392 0.0035
1393 0.0035
1394 0.006
1395 0.014
1396 0.006
1397 0.0035
1398 0.0035
1399 0.0035
1400 0.014
1401 0.0035
1402 0.0035
1403 0.0035
1404 0.006
1405 0.014
1406 0.006
1407 0.0035
1408 0.0035
1409 0.0035
1410 0.014
1411 0.0035
1412 0.0035
1413 0.0035
1414 0.006
1415 0.014
1416 0.0035
1417 0.0035
1418 0.014
1419 0.0035
1420 0.0035
1421 0.0035
1422 0.0035
1423 0.006
1424 0.014
1425 0.006
1426 0.0035
1427 0.0035
1428 0.0035
1429 0.014
1430 0.0035
1431 0.0035
1432 0.0035
1433 0.006
1434 0.014
1435 0.006
1436 0.0035
1437 0.0035
1438 0.0035
1439 0.014
1440 0.0035
1441 0.0035
1442 0.0035
1443 0.006
1444 0.014
1445 0.006
1446 0.0035
1447 0.0035
1448 0.0035
1449 0.014
1450 0.0035
1451 0.0035
1452 0.0035
1453 0.006
1454 0.014
1455 0.006
1456 0.0035
1457 0.0035
1458 0.0035
1459 0.014
1460 0.0035
1461 0.0035
1462 0.0035
1463 0.006
1464 0.014
1465 0.006
1466 0.0035
1467 0.0035
1468 0.0035
1469 0.014
1470 0.0035
1471 0.0035
1472 0.0035
1473 0.006
1474 0.014
1475 0.006
1476 0.0035
1477 0.0035
1478 0.0035
1479 0.014
1480 0.0035
1481 0.0035
1482 0.0035
1483 0.006
1484 0.014
1485 0.0035
1486 0.0035
1487 0.014
1488 0.0035
1489 0.0035
1490 0.0035
1491 0.0035
1492 0.006
1493 0.014
1494 0.006
1495 0.0035
1496 0.0035
1497 0.0035
1498 0.014
1499 0.0035
1500 0.0035
1501 0.0035
1502 0.006
1503 0.014
1504 0.006
1505 0.0035
1506 0.0035
1507 0.0035
1508 0.014
1509 0.0035
1510 0.0035
1511 0.0035
1512 0.006
1513 0.014
1514 0.006
1515 0.0035
1516 0.0035
1517 0.0035
1518 0.014
1519 0.0035
1520 0.0035
1521 0.0035
1522 0.006
1523 0.014
1524 0.006
1525 0.0035
1526 0.0035
1527 0.0035
1528 0.014
1529 0.0035
1530 0.0035
1531 0.0035
1532 0.006
1533 0.014
1534 0.006
1535 0.0035
1536 0.0035
1537 0.0035
1538 0.014
1539 0.0035
1540 0.0035
1541 0.0035
1542 0.006
1543 0.014
1544 0.006
1545 0.0035
1546 0.0035
1547 0.0035
1548 0.014
1549 0.0035
1550 0.0035
1551 0.0035
1552 0.006
1553 0.014
1554 0.0035
1555 0.0035
1556 0.014
1557 0.0035
1558 0.0035
1559 0.0035
1560 0.0035
1561 0.006
1562 0.014
1563 0.006
1564 0.0035
1565 0.0035
1566 0.0035
1567 0.014
1568 0.0035
1569 0.0035
1570 0.0035
1571 0.006
1572 0.014
1573 0.006
1574 0.0035
1575 0.0035
1576 0.0035
1577 0.014
1578 0.0035
1579 0.0035
1580 0.0035
1581 0.006
1582 0.014
1583 0.006
1584 0.0035
1585 0.0035
1586 0.0035
1587 0.014
1588 0.0035
1589 0.0035
1590 0.0035
1591 0.006
1592 0.014
1593 0.006
1594 0.0035
1595 0.0035
1596 0.0035
1597 0.014
1598 0.0035
1599 0.0035
1600 0.0035
1601 0.006
1602 0.014
1603 0.006
1604 0.0035
1605 0.0035
1606 0.0035
1607 0.014
1608 0.0035
1609 0.0035
1610 0.0035
1611 0.006
1612 0.014
1613 0.006
1614 0.0035
1615 0.0035
1616 0.0035
1617 0.014
1618 0.0035
1619 0.0035
1620 0.0035
1621 0.006
1622 0.014
1623 0.0035
1624 0.0035
1625 0.014
1626 0.0035
1627 0.0035
1628 0.0035
1629 0.0035
1630 0.006
1631 0.014
1632 0.006
1633 0.0035
1634 0.0035
1635 0.0035
1636 0.014
1637 0.0035
1638 0.0035
1639 0.0035
1640 0.006
1641 0.014
1642 0.006
1643 0.0035
1644 0.0035
1645 0.0035
1646 0.014
1647 0.0035
1648 0.0035
1649 0.0035
1650 0.006
1651 0.014
1652 0.006
1653 0.0035
1654 0.0035
1655 0.0035
1656 0.014
1657 0.0035
1658 0.0035
1659 0.0035
1660 0.006
1661 0.014
1662 0.006
1663 0.0035
1664 0.0035
1665 0.0035
1666 0.014
1667 0.0035
1668 0.0035
1669 0.0035
1670 0.006
1671 0.014
1672 0.006
1673 0.0035
1674 0.0035
1675 0.0035
1676 0.014
1677 0.0035
1678 0.0035
1679 0.0035
1680 0.006
1681 0.014
1682 0.006
1683 0.0035
1684 0.0035
1685 0.0035
1686 0.014
1687 0.0035
1688 0.0035
1689 0.0035
1690 0.006
1691 0.014
1692 0.0035
1693 0.0035
1694 0.014
1695 0.0035
1696 0.0035
1697 0.0035
1698 0.0035
1699 0.006
1700 0.014
1701 0.006
1702 0.0035
1703 0.0035
1704 0.0035
1705 0.014
1706 0.0035
1707 0.0035
1708 0.0035
1709 0.006
1710 0.014
1711 0.006
1712 0.0035
1713 0.0035
1714 0.0035
1715 0.014
1716 0.0035
1717 0.0035
1718 0.0035
1719 0.006
1720 0.014
1721 0.006
1722 0.0035
1723 0.0035
1724 0.0035
1725 0.014
1726 0.0035
1727 0.0035
1728 0.0035
1729 0.006
1730 0.014
1731 0.006
1732 0.0035
1733 0.0035
1734 0.0035
1735 0.014
1736 0.0035
1737 0.0035
1738 0.0035
1739 0.006
1740 0.014
1741 0.006
1742 0.0035
1743 0.0035
1744 0.0035
1745 0.014
1746 0.0035
1747 0.0035
1748 0.0035
1749 0.006
1750 0.014
1751 0.006
1752 0.0035
1753 0.0035
1754 0.0035
1755 0.014
1756 0.0035
1757 0.0035
1758 0.0035
1759 0.006
1760 0.014
1761 0.0035
1762 0.0035
1763 0.014
1764 0.0035
1765 0.0035
1766 0.0035
1767 0.0035
1768 0.006
1769 0.014
1770 0.006
1771 0.0035
1772 0.0035
1773 0.0035
1774 0.014
1775 0.0035
1776 0.0035
1777 0.0035
1778 0.006
1779 0.014
1780 0.006
1781 0.0035
1782 0.0035
1783 0.0035
1784 0.014
1785 0.0035
1786 0.0035
1787 0.0035
1788 0.006
1789 0.014
1790 0.006
1791 0.0035
1792 0.0035
1793 0.0035
1794 0.014
1795 0.0035
1796 0.0035
1797 0.0035
1798 0.006
1799 0.014
1800 0.006
1801 0.0035
1802 0.0035
1803 0.0035
1804 0.014
1805 0.0035
1806 0.0035
1807 0.0035
1808 0.006
1809 0.014
1810 0.006
1811 0.0035
1812 0.0035
1813 0.0035
1814 0.014
1815 0.0035
1816 0.0035
1817 0.0035
1818 0.006
1819 0.014
1820 0.006
1821 0.0035
1822 0.0035
1823 0.0035
1824 0.014
1825 0.0035
1826 0.0035
1827 0.0035
1828 0.006
1829 0.014
1830 0.0035
1831 0.0035
1832 0.014
1833 0.0035
1834 0.0035
1835 0.0035
1836 0.0035
1837 0.006
1838 0.014
1839 0.006
1840 0.0035
1841 0.0035
1842 0.0035
1843 0.014
1844 0.0035
1845 0.0035
1846 0.0035
1847 0.006
1848 0.014
1849 0.006
1850 0.0035
1851 0.0035
1852 0.0035
1853 0.014
1854 0.0035
1855 0.0035
1856 0.0035
1857 0.006
1858 0.014
1859 0.006
1860 0.0035
1861 0.0035
1862 0.0035
1863 0.014
1864 0.0035
1865 0.0035
1866 0.0035
1867 0.006
1868 0.014
1869 0.006
1870 0.0035
1871 0.0035
1872 0.0035
1873 0.014
1874 0.0035
1875 0.0035
1876 0.0035
1877 0.006
1878 0.014
1879 0.006
1880 0.0035
1881 0.0035
1882 0.0035
1883 0.014
1884 0.0035
1885 0.0035
1886 0.0035
1887 0.006
1888 0.014
1889 0.006
1890 0.0035
1891 0.0035
1892 0.0035
1893 0.014
1894 0.0035
1895 0.0035
1896 0.0035
1897 0.006
1898 0.014
1899 0.0035
1900 0.0035
1901 0.014
1902 0.0035
1903 0.0035
1904 0.0035
1905 0.0035
1906 0.006
1907 0.014
1908 0.006
1909 0.0035
1910 0.0035
1911 0.0035
1912 0.014
1913 0.0035
1914 0.0035
1915 0.0035
1916 0.006
1917 0.014
1918 0.006
1919 0.0035
1920 0.0035
1921 0.0035
1922 0.014
1923 0.0035
1924 0.0035
1925 0.0035
1926 0.006
1927 0.014
1928 0.006
1929 0.0035
1930 0.0035
1931 0.0035
1932 0.014
1933 0.0035
1934 0.0035
1935 0.0035
1936 0.006
1937 0.014
1938 0.006
1939 0.0035
1940 0.0035
1941 0.0035
1942 0.014
1943 0.0035
1944 0.0035
1945 0.0035
1946 0.006
1947 0.014
1948 0.006
1949 0.0035
1950 0.0035
1951 0.0035
1952 0.014
1953 0.0035
1954 0.0035
1955 0.0035
1956 0.006
1957 0.014
1958 0.006
1959 0.0035
1960 0.0035
1961 0.0035
1962 0.014
1963 0.0035
1964 0.0035
1965 0.0035
1966 0.006
1967 0.014
1968 0.0035
1969 0.0035
1970 0.014
1971 0.0035
1972 0.0035
1973 0.0035
1974 0.0035
1975 0.006
1976 0.014
1977 0.006
1978 0.0035
1979 0.0035
1980 0.0035
1981 0.014
1982 0.0035
1983 0.0035
1984 0.0035
1985 0.006
1986 0.014
1987 0.006
1988 0.0035
1989 0.0035
1990 0.0035
1991 0.014
1992 0.0035
1993 0.0035
1994 0.0035
1995 0.006
1996 0.014
1997 0.006
1998 0.0035
1999 0.0035
2000 0.0035
2001 0.014
2002 0.0035
2003 0.0035
2004 0.0035
2005 0.006
2006 0.014
2007 0.006
2008 0.0035
2009 0.0035
2010 0.0035
2011 0.014
2012 0.0035
2013 0.0035
2014 0.0035
2015 0.006
2016 0.014
2017 0.006
2018 0.0035
2019 0.0035
2020 0.0035
2021 0.014
2022 0.0035
2023 0.0035
2024 0.0035
2025 0.006
2026 0.014
2027 0.006
2028 0.0035
2029 0.0035
2030 0.0035
2031 0.014
2032 0.0035
2033 0.0035
2034 0.0035
2035 0.006
2036 0.014
2037 0.0035
2038 0.0035
2039 0.014
2040 0.0035
2041 0.0035
2042 0.0035
2043 0.0035
2044 0.006
2045 0.014
2046 0.006
2047 0.0035
2048 0.0035
2049 0.0035
2050 0.014
2051 0.0035
2052 0.0035
2053 0.0035
2054 0.006
2055 0.014
2056 0.006
2057 0.0035
2058 0.0035
2059 0.0035
2060 0.014
2061 0.0035
2062 0.0035
2063 0.0035
2064 0.006
2065 0.014
2066 0.006
2067 0.0035
2068 0.0035
2069 0.0035
2070 0.014
2071 0.0035
2072 0.0035
2073 0.0035
2074 0.006
2075 0.014
2076 0.006
2077 0.0035
2078 0.0035
2079 0.0035
2080 0.014
2081 0.0035
2082 0.0035
2083 0.0035
2084 0.006
2085 0.014
2086 0.006
2087 0.0035
2088 0.0035
2089 0.0035
2090 0.014
2091 0.0035
2092 0.0035
2093 0.0035
2094 0.006
2095 0.014
2096 0.006
2097 0.0035
2098 0.0035
2099 0.0035
2100 0.014
2101 0.0035
2102 0.0035
2103 0.0035
2104 0.006
2105 0.014
2106 0.0035
2107 0.0035
2108 0.014
2109 0.0035
2110 0.0035
2111 0.0035
2112 0.0035
2113 0.006
2114 0.014
2115 0.006
2116 0.0035
2117 0.0035
2118 0.0035
2119 0.014
2120 0.0035
2121 0.0035
2122 0.0035
2123 0.006
2124 0.014
2125 0.006
2126 0.0035
2127 0.0035
2128 0.0035
2129 0.014
2130 0.0035
2131 0.0035
2132 0.0035
2133 0.006
2134 0.014
2135 0.006
2136 0.0035
2137 0.0035
2138 0.0035
2139 0.014
2140 0.0035
2141 0.0035
2142 0.0035
2143 0.006
2144 0.014
2145 0.006
2146 0.0035
2147 0.0035
2148 0.0035
2149 0.014
2150 0.0035
2151 0.0035
2152 0.0035
2153 0.006
2154 0.014
2155 0.006
2156 0.0035
2157 0.0035
2158 0.0035
2159 0.014
2160 0.0035
2161 0.0035
2162 0.0035
2163 0.006
2164 0.014
2165 0.006
2166 0.0035
2167 0.0035
2168 0.0035
2169 0.014
2170 0.0035
2171 0.0035
2172 0.0035
2173 0.006
2174 0.014
2175 0.0035
2176 0.0035
2177 0.014
2178 0.0035
2179 0.0035
2180 0.0035
2181 0.0035
2182 0.006
2183 0.014
2184 0.006
2185 0.0035
2186 0.0035
2187 0.0035
2188 0.014
2189 0.0035
2190 0.0035
2191 0.0035
2192 0.006
2193 0.014
2194 0.006
2195 0.0035
2196 0.0035
2197 0.0035
2198 0.014
2199 0.0035
2200 0.0035
2201 0.0035
2202 0.006
2203 0.014
2204 0.006
2205 0.0035
2206 0.0035
2207 0.0035
2208 0.014
2209 0.0035
2210 0.0035
2211 0.0035
2212 0.006
2213 0.014
2214 0.006
2215 0.0035
2216 0.0035
2217 0.0035
2218 0.014
2219 0.0035
2220 0.0035
2221 0.0035
2222 0.006
2223 0.014
2224 0.006
2225 0.0035
2226 0.0035
2227 0.0035
2228 0.014
2229 0.0035
2230 0.0035
2231 0.0035
2232 0.006
2233 0.014
2234 0.006
2235 0.0035
2236 0.0035
2237 0.0035
2238 0.014
2239 0.0035
2240 0.0035
2241 0.0035
2242 0.006
2243 0.014
2244 0.0035
2245 0.0035
2246 0.014
2247 0.0035
2248 0.0035
2249 0.0035
2250 0.0035
2251 0.006
2252 0.014
2253 0.006
2254 0.0035
2255 0.0035
2256 0.0035
2257 0.014
2258 0.0035
2259 0.0035
2260 0.0035
2261 0.006
2262 0.014
2263 0.006
2264 0.0035
2265 0.0035
2266 0.0035
2267 0.014
2268 0.0035
2269 0.0035
2270 0.0035
2271 0.006
2272 0.014
2273 0.006
2274 0.0035
2275 0.0035
2276 0.0035
2277 0.014
2278 0.0035
2279 0.0035
2280 0.0035
2281 0.006
2282 0.014
2283 0.006
2284 0.0035
2285 0.0035
2286 0.0035
2287 0.014
2288 0.0035
2289 0.0035
2290 0.0035
2291 0.006
2292 0.014
2293 0.006
2294 0.0035
2295 0.0035
2296 0.0035
2297 0.014
2298 0.0035
2299 0.0035
2300 0.0035
2301 0.006
2302 0.014
2303 0.006
2304 0.0035
2305 0.0035
2306 0.0035
2307 0.014
2308 0.0035
2309 0.0035
2310 0.0035
2311 0.006
2312 0.014
2313 0.0035
2314 0.0035
2315 0.014
2316 0.0035
2317 0.0035
2318 0.0035
2319 0.0035
2320 0.006
2321 0.014
2322 0.006
2323 0.0035
2324 0.0035
2325 0.0035
2326 0.014
2327 0.0035
2328 0.0035
2329 0.0035
2330 0.006
2331 0.014
2332 0.006
2333 0.0035
2334 0.0035
2335 0.0035
2336 0.014
2337 0.0035
2338 0.0035
2339 0.0035
2340 0.006
2341 0.014
2342 0.006
2343 0.0035
2344 0.0035
2345 0.0035
2346 0.014
2347 0.0035
2348 0.0035
2349 0.0035
2350 0.006
2351 0.014
2352 0.006
2353 0.0035
2354 0.0035
2355 0.0035
2356 0.014
2357 0.0035
2358 0.0035
2359 0.0035
2360 0.006
2361 0.014
2362 0.006
2363 0.0035
2364 0.0035
2365 0.0035
2366 0.014
2367 0.0035
2368 0.0035
2369 0.0035
2370 0.006
2371 0.014
2372 0.006
2373 0.0035
2374 0.0035
2375 0.0035
2376 0.014
2377 0.0035
2378 0.0035
2379 0.0035
2380 0.006
2381 0.014
2382 0.0035
2383 0.0035
2384 0.014
2385 0.0035
2386 0.0035
2387 0.0035
2388 0.0035
2389 0.006
2390 0.014
2391 0.006
2392 0.0035
2393 0.0035
2394 0.0035
2395 0.014
2396 0.0035
2397 0.0035
2398 0.0035
2399 0.006
2400 0.014
2401 0.006
2402 0.0035
2403 0.0035
2404 0.0035
2405 0.014
2406 0.0035
2407 0.0035
2408 0.0035
2409 0.006
2410 0.014
2411 0.006
2412 0.0035
2413 0.0035
2414 0.0035
2415 0.014
2416 0.0035
2417 0.0035
2418 0.0035
2419 0.006
2420 0.014
2421 0.006
2422 0.0035
2423 0.0035
2424 0.0035
2425 0.014
2426 0.0035
2427 0.0035
2428 0.0035
2429 0.006
2430 0.014
2431 0.006
2432 0.0035
2433 0.0035
2434 0.0035
2435 0.014
2436 0.0035
2437 0.0035
2438 0.0035
2439 0.006
2440 0.014
2441 0.006
2442 0.0035
2443 0.0035
2444 0.0035
2445 0.014
2446 0.0035
2447 0.0035
2448 0.0035
2449 0.006
2450 0.014
2451 0.0035
2452 0.0035
2453 0.014
2454 0.0035
2455 0.0035
2456 0.0035
2457 0.0035
2458 0.006
2459 0.014
2460 0.006
2461 0.0035
2462 0.0035
2463 0.0035
2464 0.014
2465 0.0035
2466 0.0035
2467 0.0035
2468 0.006
2469 0.014
2470 0.006
2471 0.0035
2472 0.0035
2473 0.0035
2474 0.014
2475 0.0035
2476 0.0035
2477 0.0035
2478 0.006
2479 0.014
2480 0.006
2481 0.0035
2482 0.0035
2483 0.0035
2484 0.014
2485 0.0035
2486 0.0035
2487 0.0035
2488 0.006
2489 0.014
2490 0.006
2491 0.0035
2492 0.0035
2493 0.0035
2494 0.014
2495 0.0035
2496 0.0035
2497 0.0035
2498 0.006
2499 0.014
2500 0.006
2501 0.0035
2502 0.0035
2503 0.0035
2504 0.014
2505 0.0035
2506 0.0035
2507 0.0035
2508 0.006
2509 0.014
2510 0.006
2511 0.0035
2512 0.0035
2513 0.0035
2514 0.014
2515 0.0035
2516 0.0035
2517 0.0035
2518 0.006
2519 0.014
2520 0.0035
2521 0.0035
2522 0.014
2523 0.0035
2524 0.0035
2525 0.0035
2526 0.0035
2527 0.006
2528 0.014
2529 0.006
2530 0.0035
2531 0.0035
2532 0.0035
2533 0.014
2534 0.0035
2535 0.0035
2536 0.0035
2537 0.006
2538 0.014
2539 0.006
2540 0.0035
2541 0.0035
2542 0.0035
2543 0.014
2544 0.0035
2545 0.0035
2546 0.0035
2547 0.006
2548 0.014
2549 0.006
2550 0.0035
2551 0.0035
2552 0.0035
2553 0.014
2554 0.0035
2555 0.0035
2556 0.0035
2557 0.006
2558 0.014
2559 0.006
2560 0.0035
2561 0.0035
2562 0.0035
2563 0.014
2564 0.0035
2565 0.0035
2566 0.0035
2567 0.006
2568 0.014
2569 0.006
2570 0.0035
2571 0.0035
2572 0.0035
2573 0.014
2574 0.0035
2575 0.0035
2576 0.0035
2577 0.006
2578 0.014
2579 0.006
2580 0.0035
2581 0.0035
2582 0.0035
2583 0.014
2584 0.0035
2585 0.0035
2586 0.0035
2587 0.006
2588 0.014
2589 0.0035
2590 0.0035
2591 0.014
2592 0.0035
2593 0.0035
2594 0.0035
2595 0.0035
2596 0.006
2597 0.014
2598 0.006
2599 0.0035
2600 0.0035
2601 0.0035
2602 0.014
2603 0.0035
2604 0.0035
2605 0.0035
2606 0.006
2607 0.014
2608 0.006
2609 0.0035
2610 0.0035
2611 0.0035
2612 0.014
2613 0.0035
2614 0.0035
2615 0.0035
2616 0.006
2617 0.014
2618 0.006
2619 0.0035
2620 0.0035
2621 0.0035
2622 0.014
2623 0.0035
2624 0.0035
2625 0.0035
2626 0.006
2627 0.014
2628 0.006
2629 0.0035
2630 0.0035
2631 0.0035
2632 0.014
2633 0.0035
2634 0.0035
2635 0.0035
2636 0.006
2637 0.014
2638 0.006
2639 0.0035
2640 0.0035
2641 0.0035
2642 0.014
2643 0.0035
2644 0.0035
2645 0.0035
2646 0.006
2647 0.014
2648 0.006
2649 0.0035
2650 0.0035
2651 0.0035
2652 0.014
2653 0.0035
2654 0.0035
2655 0.0035
2656 0.006
2657 0.014
2658 0.0035
2659 0.0035
2660 0.014
2661 0.0035
2662 0.0035
2663 0.0035
2664 0.0035
2665 0.006
2666 0.014
2667 0.006
2668 0.0035
2669 0.0035
2670 0.0035
2671 0.014
2672 0.0035
2673 0.0035
2674 0.0035
2675 0.006
2676 0.014
2677 0.006
2678 0.0035
2679 0.0035
2680 0.0035
2681 0.014
2682 0.0035
2683 0.0035
2684 0.0035
2685 0.006
2686 0.014
2687 0.006
2688 0.0035
2689 0.0035
2690 0.0035
2691 0.014
2692 0.0035
2693 0.0035
2694 0.0035
2695 0.006
2696 0.014
2697 0.006
2698 0.0035
2699 0.0035
2700 0.0035
2701 0.014
2702 0.0035
2703 0.0035
2704 0.0035
2705 0.006
2706 0.014
2707 0.006
2708 0.0035
2709 0.0035
2710 0.0035
2711 0.014
2712 0.0035
2713 0.0035
2714 0.0035
2715 0.006
2716 0.014
2717 0.006
2718 0.0035
2719 0.0035
2720 0.0035
2721 0.014
2722 0.0035
2723 0.0035
2724 0.0035
2725 0.006
2726 0.014
2727 0.0035
2728 0.0035
2729 0.014
2730 0.0035
2731 0.0035
2732 0.0035
2733 0.0035
2734 0.006
2735 0.014
2736 0.006
2737 0.0035
2738 0.0035
2739 0.0035
2740 0.014
2741 0.0035
2742 0.0035
2743 0.0035
2744 0.006
2745 0.014
2746 0.006
2747 0.0035
2748 0.0035
2749 0.0035
2750 0.014
2751 0.0035
2752 0.0035
2753 0.0035
2754 0.006
2755 0.014
2756 0.006
2757 0.0035
2758 0.0035
2759 0.0035
2760 0.014
2761 0.0035
2762 0.0035
2763 0.0035
2764 0.006
2765 0.014
2766 0.006
2767 0.0035
2768 0.0035
2769 0.0035
2770 0.014
2771 0.0035
2772 0.0035
2773 0.0035
2774 0.006
2775 0.014
2776 0.006
2777 0.0035
2778 0.0035
2779 0.0035
2780 0.014
2781 0.0035
2782 0.0035
2783 0.0035
2784 0.006
2785 0.014
2786 0.006
2787 0.0035
2788 0.0035
2789 0.0035
2790 0.014
2791 0.0035
2792 0.0035
2793 0.0035
2794 0.006
2795 0.014
2796 0.0035
2797 0.0035
2798 0.014
2799 0.0035
2800 0.0035
2801 0.0035
2802 0.0035
2803 0.006
2804 0.014
2805 0.006
2806 0.0035
2807 0.0035
2808 0.0035
2809 0.014
2810 0.0035
2811 0.0035
2812 0.0035
2813 0.006
2814 0.014
2815 0.006
2816 0.0035
2817 0.0035
2818 0.0035
2819 0.014
2820 0.0035
2821 0.0035
2822 0.0035
2823 0.006
2824 0.014
2825 0.006
2826 0.0035
2827 0.0035
2828 0.0035
2829 0.014
2830 0.0035
2831 0.0035
2832 0.0035
2833 0.006
2834 0.014
2835 0.006
2836 0.0035
2837 0.0035
2838 0.0035
2839 0.014
2840 0.0035
2841 0.0035
2842 0.0035
2843 0.006
2844 0.014
2845 0.006
2846 0.0035
2847 0.0035
2848 0.0035
2849 0.014
2850 0.0035
2851 0.0035
2852 0.0035
2853 0.006
2854 0.014
2855 0.006
2856 0.0035
2857 0.0035
2858 0.0035
2859 0.014
2860 0.0035
2861 0.0035
2862 0.0035
2863 0.006
2864 0.014
2865 0.0035
2866 0.0035
2867 0.014
2868 0.0035
2869 0.0035
2870 0.0035
2871 0.0035
2872 0.006
2873 0.014
2874 0.006
2875 0.0035
2876 0.0035
2877 0.0035
2878 0.014
2879 0.0035
2880 0.0035
2881 0.0035
2882 0.006
2883 0.014
2884 0.006
2885 0.0035
2886 0.0035
2887 0.0035
2888 0.014
2889 0.0035
2890 0.0035
2891 0.0035
2892 0.006
2893 0.014
2894 0.006
2895 0.0035
2896 0.0035
2897 0.0035
2898 0.014
2899 0.0035
2900 0.0035
2901 0.0035
2902 0.006
2903 0.014
2904 0.006
2905 0.0035
2906 0.0035
2907 0.0035
2908 0.014
2909 0.0035
2910 0.0035
2911 0.0035
2912 0.006
2913 0.014
2914 0.006
2915 0.0035
2916 0.0035
2917 0.0035
2918 0.014
2919 0.0035
2920 0.0035
2921 0.0035
2922 0.006
2923 0.014
2924 0.006
2925 0.0035
2926 0.0035
2927 0.0035
2928 0.014
2929 0.0035
2930 0.0035
2931 0.0035
2932 0.006
2933 0.014
2934 0.0035
2935 0.0035
2936 0.014
2937 0.0035
2938 0.0035
2939 0.0035
2940 0.0035
2941 0.006
2942 0.014
2943 0.006
2944 0.0035
2945 0.0035
2946 0.0035
2947 0.014
2948 0.0035
2949 0.0035
2950 0.0035
2951 0.006
2952 0.014
2953 0.006
2954 0.0035
2955 0.0035
2956 0.0035
2957 0.014
2958 0.0035
2959 0.0035
2960 0.0035
2961 0.006
2962 0.014
2963 0.006
2964 0.0035
2965 0.0035
2966 0.0035
2967 0.014
2968 0.0035
2969 0.0035
2970 0.0035
2971 0.006
2972 0.014
2973 0.006
2974 0.0035
2975 0.0035
2976 0.0035
2977 0.014
2978 0.0035
2979 0.0035
2980 0.0035
2981 0.006
2982 0.014
2983 0.006
2984 0.0035
2985 0.0035
2986 0.0035
2987 0.014
2988 0.0035
2989 0.0035
2990 0.0035
2991 0.006
2992 0.014
2993 0.006
2994 0.0035
2995 0.0035
2996 0.0035
2997 0.014
2998 0.0035
2999 0.0035
3000 0.0035
3001 0.006
3002 0.014
3003 0.0035
3004 0.0035
3005 0.014
3006 0.0035
3007 0.0035
3008 0.0035
3009 0.0035
3010 0.006
3011 0.014
3012 0.006
3013 0.0035
3014 0.0035
3015 0.0035
3016 0.014
3017 0.0035
3018 0.0035
3019 0.0035
3020 0.006
3021 0.014
3022 0.006
3023 0.0035
3024 0.0035
3025 0.0035
3026 0.014
3027 0.0035
3028 0.0035
3029 0.0035
3030 0.006
3031 0.014
3032 0.006
3033 0.0035
3034 0.0035
3035 0.0035
3036 0.014
3037 0.0035
3038 0.0035
3039 0.0035
3040 0.006
3041 0.014
3042 0.006
3043 0.0035
3044 0.0035
3045 0.0035
3046 0.014
3047 0.0035
3048 0.0035
3049 0.0035
3050 0.006
3051 0.014
3052 0.006
3053 0.0035
3054 0.0035
3055 0.0035
3056 0.014
3057 0.0035
3058 0.0035
3059 0.0035
3060 0.006
3061 0.014
3062 0.006
3063 0.0035
3064 0.0035
3065 0.0035
3066 0.014
3067 0.0035
3068 0.0035
3069 0.0035
3070 0.006
3071 0.014
3072 0.0035
3073 0.0035
3074 0.014
3075 0.0035
3076 0.0035
3077 0.0035
3078 0.0035
3079 0.006
3080 0.014
3081 0.006
3082 0.0035
3083 0.0035
3084 0.0035
3085 0.014
3086 0.0035
3087 0.0035
3088 0.0035
3089 0.006
3090 0.014
3091 0.006
3092 0.0035
3093 0.0035
3094 0.0035
3095 0.014
3096 0.0035
3097 0.0035
3098 0.0035
3099 0.006
3100 0.014
3101 0.006
3102 0.0035
3103 0.0035
3104 0.0035
3105 0.014
3106 0.0035
3107 0.0035
3108 0.0035
3109 0.006
3110 0.014
3111 0.006
3112 0.0035
3113 0.0035
3114 0.0035
3115 0.014
3116 0.0035
3117 0.0035
3118 0.0035
3119 0.006
3120 0.014
3121 0.006
3122 0.0035
3123 0.0035
3124 0.0035
3125 0.014
3126 0.0035
3127 0.0035
3128 0.0035
3129 0.006
3130 0.014
3131 0.006
3132 0.0035
3133 0.0035
3134 0.0035
3135 0.014
3136 0.0035
3137 0.0035
3138 0.0035
3139 0.006
3140 0.014
3141 0.0035
3142 0.0035
3143 0.014
3144 0.0035
3145 0.0035
3146 0.0035
3147 0.0035
3148 0.006
3149 0.014
3150 0.006
3151 0.0035
3152 0.0035
3153 0.0035
3154 0.014
3155 0.0035
3156 0.0035
3157 0.0035
3158 0.006
3159 0.014
3160 0.006
3161 0.0035
3162 0.0035
3163 0.0035
3164 0.014
3165 0.0035
3166 0.0035
3167 0.0035
3168 0.006
3169 0.014
3170 0.006
3171 0.0035
3172 0.0035
3173 0.0035
3174 0.014
3175 0.0035
3176 0.0035
3177 0.0035
3178 0.006
3179 0.014
3180 0.006
3181 0.0035
3182 0.0035
3183 0.0035
3184 0.014
3185 0.0035
3186 0.0035
3187 0.0035
3188 0.006
3189 0.014
3190 0.006
3191 0.0035
3192 0.0035
3193 0.0035
3194 0.014
3195 0.0035
3196 0.0035
3197 0.0035
3198 0.006
3199 0.014
3200 0.006
3201 0.0035
3202 0.0035
3203 0.0035
3204 0.014
3205 0.0035
3206 0.0035
3207 0.0035
3208 0.006
3209 0.014
3210 0.0035
3211 0.0035
3212 0.014
3213 0.0035
3214 0.0035
3215 0.0035
3216 0.0035
3217 0.006
3218 0.014
3219 0.006
3220 0.0035
3221 0.0035
3222 0.0035
3223 0.014
3224 0.0035
3225 0.0035
3226 0.0035
3227 0.006
3228 0.014
3229 0.006
3230 0.0035
3231 0.0035
3232 0.0035
3233 0.014
3234 0.0035
3235 0.0035
3236 0.0035
3237 0.006
3238 0.014
3239 0.006
3240 0.0035
3241 0.0035
3242 0.0035
3243 0.014
3244 0.0035
3245 0.0035
3246 0.0035
3247 0.006
3248 0.014
3249 0.006
3250 0.0035
3251 0.0035
3252 0.0035
3253 0.014
3254 0.0035
3255 0.0035
3256 0.0035
3257 0.006
3258 0.014
3259 0.006
3260 0.0035
3261 0.0035
3262 0.0035
3263 0.014
3264 0.0035
3265 0.0035
3266 0.0035
3267 0.006
3268 0.014
3269 0.006
3270 0.0035
3271 0.0035
3272 0.0035
3273 0.014
3274 0.0035
3275 0.0035
3276 0.0035
3277 0.006
3278 0.014
3279 0.0035
3280 0.0035
3281 0.014
3282 0.0035
3283 0.0035
3284 0.0035
3285 0.0035
3286 0.006
3287 0.014
3288 0.006
3289 0.014
3290 0.006
3291 0.014
3292 0.006
3293 0.014
3294 0.006
3295 0.014
3296 0.006
3297 0.014
3298 0.006
3299 0.014
3300 0.006
3301 0.014
3302 0.006
3303 0.014
3304 0.006
3305 0.014
3306 0.006
3307 0.014
3308 0.006
3309 0.014
3310 0.006
3311 0.014
3312 0.014
$EndElementData
$ElementData
1
"MaterialID"
1
0
3
0
1
3312
1 3
2 3
3 3
4 3
5 3
6 3
7 3
8 3
9 3
10 3
11 3
12 3
13 3
14 3
15 3
16 3
17 3
18 3
19 3
20 3
21 3
22 3
23 3
24 3
25 3
26 3
27 3
28 3
29 3
30 3
31 3
32 3
33 3
34 3
35 3
36 3
37 3
38 3
39 3
40 3
41 3
42 3
43 3
44 3
45 3
46 3
47 3
48 3
49 3
50 3
51 3
52 3
53 3
54 3
55 3
56 3
57 3
58 3
59 3
60 3
61 3
62 3
63 3
64 3
65 3
66 3
67 3
68 3
69 3
70 3
71 3
72 3
73 3
74 3
75 3
76 3
77 3
78 3
79 3
80 3
81 3
82 3
83 3
84 3
85 3
86 3
87 3
88 3
89 3
90 3
91 3
92 3
93 3
94 3
95 3
96 3
97 3
98 3
99 3
100 3
101 3
102 3
103 3
104 3
105 3
106 3
107 3
108 3
109 3
110 3
111 3
112 3
113 3
114 3
115 3
116 3
117 3
118 3
119 3
120 3
121 3
122 3
123 3
124 3
125 3
126 3
127 3
128 3
129 3
130 3
131 3
132 3
133 3
134 3
135 3
136 3
137 3
138 3
139 3
140 3
141 3
142 3
143 3
144 3
145 3
146 3
147 3
148 3
149 3
150 3
151 3
152 3
153 3
154 3
155 3
156 3
157 3
158 3
159 3
160 3
161 3
162 3
163 3
164 3
165 3
166 3
167 3
168 3
169 3
170 3
171 3
172 3
173 3
174 3
175 3
176 3
177 3
178 3
179 3
180 3
181 3
182 3
183 3
184 3
185 3
186 3
187 3
188 3
189 3
190 3
191 3
192 3
193 3
194 3
195 3
196 3
197 3
198 3
199 3
200 3
201 3
202 3
203 3
204 3
205 3
206 3
207 3
208 3
209 3
210 3
211 3
212 3
213 3
214 3
215 3
216 3
217 3
218 3
219 3
220 3
221 3
222 3
223 3
224 3
225 3
226 3
227 3
228 3
229 3
230 3
231 3
232 3
233 3
234 3
235 3
236 3
237 3
238 3
239 3
240 3
241 3
242 3
243 3
244 3
245 3
246 3
247 3
248 3
249 3
250 3
251 3
252 3
253 3
254 3
255 3
256 3
257 3
258 3
259 3
260 3
261 3
262 3
263 3
264 3
265 3
266 3
267 3
268 3
269 3
270 3
271 3
272 3
273 3
274 3
275 3
276 3
277 3
278 3
279 3
280 3
281 3
282 3
283 3
284 3
285 3
286 3
287 3
288 3
289 3
290 3
291 3
292 3
293 3
294 3
295 3
296 3
297 3
298 3
299 3
300 3
301 3
302 3
303 3
304 3
305 3
306 3
307 3
308 3
309 3
310 3
311 3
312 3
313 3
314 3
315 3
316 3
317 3
318 3
319 3
320 3
321 3
322 3
323 3
324 3
325 3
326 3
327 3
328 3
329 3
330 3
331 3
332 3
333 3
334 3
335 3
336 3
337 3
338 3
339 3
340 3
341 3
342 3
343 3
344 3
345 3
346 3
347 3
348 3
349 3
350 3
351 3
352 3
353 3
354 3
355 3
356 3
357 3
358 3
359 3
360 3
361 3
362 3
363 3
364 3
365 3
366 3
367 3
368 3
369 3
370 3
371 3
372 3
373 3
374 3
375 3
376 3
377 3
378 3
379 3
380 3
381 3
382 3
383 3
384 3
385 3
386 3
387 3
388 3
389 3
390 3
391 3
392 3
393 3
394 3
395 3
396 3
397 3
398 3
399 3
400 3
401 3
402 3
403 3
404 3
405 3
406 3
407 3
408 3
409 3
410 3
411 3
412 3
413 3
414 3
415 3
416 3
417 3
418 3
419 3
420 3
421 3
422 3
423 3
424 3
425 3
426 3
427 3
428 3
429 3
430 3
431 3
432 3
433 3
434 3
435 3
436 3
437 3
438 3
439 3
440 3
441 3
442 3
443 3
444 3
445 3
446 3
447 3
448 3
449 3
450 3
451 3
452 3
453 3
454 3
455 3
456 3
457 3
458 3
459 3
460 3
461 3
462 3
463 3
464 3
465 3
466 3
467 3
468 3
469 3
470 3
471 3
472 3
473 3
474 3
475 3
476 3
477 3
478 3
479 3
480 3
481 3
482 3
483 3
484 3
485 3
486 3
487 3
488 3
489 3
490 3
491 3
492 3
493 3
494 3
495 3
496 3
497 3
498 3
499 3
500 3
501 3
502 3
503 3
504 3
505 3
506 3
507 3
508 3
509 3
510 3
511 3
512 3
513 3
514 3
515 3
516 3
517 3
518 3
519 3
520 3
521 3
522 3
523 3
524 3
525 3
526 3
527 3
528 3
529 3
530 3
531 3
532 3
533 3
534 3
535 3
536 3
537 3
538 3
539 3
540 3
541 3
542 3
543 3
544 3
545 3
546 3
547 3
548 3
549 3
550 3
551 3
552 3
553 3
554 3
555 3
556 3
557 3
558 3
559 3
560 3
561 3
562 3
563 3
564 3
565 3
566 3
567 3
568 3
569 3
570 3
571 3
572 3
573 3
574 3
575 3
576 3
577 3
578 3
579 3
580 3
581 3
582 3
583 3
584 3
585 3
586 3
587 3
588 3
589 3
590 3
591 3
592 3
593 3
594 3
595 3
596 3
597 3
598 3
599 3
600 3
601 3
602 3
603 3
604 3
605 3
606 3
607 3
608 3
609 3
610 3
611 3
612 3
613 3
614 3
615 3
616 3
617 3
618 3
619 3
620 3
621 3
622 3
623 3
624 3
625 3
626 3
627 3
628 3
629 3
630 3
631 3
632 3
633 3
634 3
635 3
636 3
637 3
638 3
639 3
640 3
641 3
642 3
643 3
644 3
645 3
646 3
647 3
648 3
649 3
650 3
651 3
652 3
653 3
654 3
655 3
656 3
657 3
658 3
659 3
660 3
661 3
662 3
663 3
664 3
665 3
666 3
667 3
668 3
669 3
670 3
671 3
672 3
673 3
674 3
675 3
676 3
677 3
678 3
679 3
680 3
681 3
682 3
683 3
684 3
685 3
686 3
687 3
688 3
689 3
690 3
691 3
692 3
693 3
694 3
695 3
696 3
697 3
698 3
699 3
700 3
701 3
702 3
703 3
704 3
705 3
706 3
707 3
708 3
709 3
710 3
711 3
712 3
713 3
714 3
715 3
716 3
717 3
718 3
719 3
720 3
721 3
722 3
723 3
724 3
725 3
726 3
727 3
728 3
729 3
730 3
731 3
732 3
733 3
734 3
735 3
736 3
737 3
738 3
739 3
740 3
741 3
742 3
743 3
744 3
745 3
746 3
747 3
748 3
749 3
750 3
751 3
752 3
753 3
754 3
755 3
756 3
757 3
758 3
759 3
760 3
761 3
762 3
763 3
764 3
765 3
766 3
767 3
768 3
769 3
770 3
771 3
772 3
773 3
774 3
775 3
776 3
777 3
778 3
779 3
780 3
781 3
782 3
783 3
784 3
785 3
786 3
787 3
788 3
789 3
790 3
791 3
792 3
793 3
794 3
795 3
796 3
797 3
798 3
799 3
800 3
801 3
802 3
803 3
804 3
805 3
806 3
807 3
808 3
809 3
810 3
811 3
812 3
813 3
814 3
815 3
816 3
817 3
818 3
819 3
820 3
821 3
822 3
823 3
824 3
825 3
826 3
827 3
828 3
829 3
830 3
831 3
832 3
833 3
834 3
835 3
836 3
837 3
838 3
839 3
840 3
841 3
842 3
843 3
844 3
845 3
846 3
847 3
848 3
849 3
850 3
851 3
852 3
853 3
854 3
855 3
856 3
857 3
858 3
859 3
860 3
861 3
862 3
863 3
864 3
865 3
866 3
867 3
868 3
869 3
870 3
871 3
872 3
873 3
874 3
875 3
876 3
877 3
878 3
879 3
880 3
881 3
882 3
883 3
884 3
885 3
886 3
887 3
888 3
889 3
890 3
891 3
892 3
893 3
894 3
895 3
896 3
897 3
898 3
899 3
900 3
901 3
902 3
903 3
904 3
905 3
906 3
907 3
908 3
909 3
910 3
911 3
912 3
913 3
914 3
915 3
916 3
917 3
918 3
919 3
920 3
921 3
922 3
923 3
924 3
925 3
926 3
927 3
928 3
929 3
930 3
931 3
932 3
933 3
934 3
935 3
936 3
937 3
938 3
939 3
940 3
941 3
942 3
943 3
944 3
945 3
946 3
947 3
948 3
949 3
950 3
951 3
952 3
953 3
954 3
955 3
956 3
957 3
958 3
959 3
960 3
961 3
962 3
963 3
964 3
965 3
966 3
967 3
968 3
969 3
970 3
971 3
972 3
973 3
974 3
975 3
976 3
977 3
978 3
979 3
980 3
981 3
982 3
983 3
984 3
985 3
986 3
987 3
988 3
989 3
990 3
991 3
992 3
993 3
994 3
995 3
996 3
997 3
998 3
999 3
1000 3
1001 3
1002 3
1003 3
1004 3
1005 3
1006 3
1007 3
1008 3
1009 3
1010 3
1011 3
1012 3
1013 3
1014 3
1015 3
1016 3
1017 3
1018 3
1019 3
1020 3
1021 3
1022 3
1023 3
1024 3
1025 3
1026 3
1027 3
1028 3
1029 3
1030 3
1031 3
1032 3
1033 3
1034 3
1035 3
1036 3
1037 3
1038 3
1039 3
1040 3
1041 3
1042 3
1043 3
1044 3
1045 3
1046 3
1047 3
1048 3
1049 3
1050 3
1051 3
1052 3
1053 3
1054 3
1055 3
1056 3
1057 3
1058 3
1059 3
1060 3
1061 3
1062 3
1063 3
1064 3
1065 3
1066 3
1067 3
1068 3
1069 3
1070 3
1071 3
1072 3
1073 3
1074 3
1075 3
1076 3
1077 3
1078 3
1079 3
1080 3
1081 3
1082 3
1083 3
1084 3
1085 3
1086 3
1087 3
1088 3
1089 3
1090 3
1091 3
1092 3
1093 3
1094 3
1095 3
1096 3
1097 3
1098 3
1099 3
1100 3
1101 3
1102 3
1103 3
1104 3
1105 3
1106 3
1107 3
1108 3
1109 3
1110 3
1111 3
1112 3
1113 3
1114 3
1115 3
1116 3
1117 3
1118 3
1119 3
1120 3
1121 3
1122 3
1123 3
1124 3
1125 3
1126 3
1127 3
1128 3
1129 3
1130 3
1131 3
1132 3
1133 3
1134 3
1135 3
1136 3
1137 3
1138 3
1139 3
1140 3
1141 3
1142 3
1143 3
1144 3
1145 3
1146 3
1147 3
1148 3
1149 3
1150 3
1151 3
1152 3
1153 3
1154 3
1155 3
1156 3
1157 3
1158 3
1159 3
1160 3
1161 3
1162 3
1163 3
1164 3
1165 3
1166 3
1167 3
1168 3
1169 3
1170 3
1171 3
1172 3
1173 3
1174 3
1175 3
1176 3
1177 3
1178 3
1179 3
1180 3
1181 3
1182 3
1183 3
1184 3
1185 3
1186 3
1187 3
1188 3
1189 3
1190 3
1191 3
1192 3
1193 3
1194 3
1195 3
1196 3
1197 3
1198 3
1199 3
1200 3
1201 3
1202 3
1203 3
1204 3
1205 3
1206 3
1207 3
1208 3
1209 3
1210 3
1211 3
1212 3
1213 3
1214 3
1215 3
1216 3
1217 3
1218 3
1219 3
1220 3
1221 3
1222 3
1223 3
1224 3
1225 3
1226 3
1227 3
1228 3
1229 3
1230 3
1231 3
1232 3
1233 3
1234 3
1235 3
1236 3
1237 3
1238 3
1239 3
1240 3
1241 3
1242 3
1243 3
1244 3
1245 3
1246 3
1247 3
1248 3
1249 3
1250 3
1251 3
1252 3
1253 3
1254 3
1255 3
1256 3
1257 3
1258 3
1259 3
1260 3
1261 3
1262 3
1263 3
1264 3
1265 3
1266 3
1267 3
1268 3
1269 3
1270 3
1271 3
1272 3
1273 3
1274 3
1275 3
1276 3
1277 3
1278 3
1279 3
1280 3
1281 3
1282 3
1283 3
1284 3
1285 3
1286 3
1287 3
1288 3
1289 3
1290 3
1291 3
1292 3
1293 3
1294 3
1295 3
1296 3
1297 3
1298 3
1299 3
1300 3
1301 3
1302 3
1303 3
1304 3
1305 3
1306 3
1307 3
1308 3
1309 3
1310 3
1311 3
1312 3
1313 3
1314 3
1315 3
1316 3
1317 3
1318 3
1319 3
1320 3
1321 3
1322 3
1323 3
1324 3
1325 3
1326 3
1327 3
1328 3
1329 3
1330 3
1331 3
1332 3
1333 3
1334 3
1335 3
1336 3
1337 3
1338 3
1339 3
1340 3
1341 3
1342 3
1343 3
1344 3
1345 3
1346 3
1347 3
1348 3
1349 3
1350 3
1351 3
1352 3
1353 3
1354 3
1355 3
1356 3
1357 3
1358 3
1359 3
1360 3
1361 3
1362 3
1363 3
1364 3
1365 3
1366 3
1367 3
1368 3
1369 3
1370 3
1371 3
1372 3
1373 3
1374 3
1375 3
1376 3
1377 3
1378 3
1379 3
1380 3
1381 3
1382 3
1383 3
1384 3
1385 3
1386 3
1387 3
1388 3
1389 3
1390 3
1391 3
1392 3
1393 3
1394 3
1395 3
1396 3
1397 3
1398 3
1399 3
1400 3
1401 3
1402 3
1403 3
1404 3
1405 3
1406 3
1407 3
1408 3
1409 3
1410 3
1411 3
1412 3
1413 3
1414 3
1415 3
1416 3
1417 3
1418 3
1419 3
1420 3
1421 3
1422 3
1423 3
1424 3
1425 3
1426 3
1427 3
1428 3
1429 3
1430 3
1431 3
1432 3
1433 3
1434 3
1435 3
1436 3
1437 3
1438 3
1439 3
1440 3
1441 3
1442 3
1443 3
1444 3
1445 3
1446 3
1447 3
1448 3
1449 3
1450 3
1451 3
1452 3
1453 3
1454 3
1455 3
1456 3
1457 3
1458 3
1459 3
1460 3
1461 3
1462 3
1463 3
1464 3
1465 3
1466 3
1467 3
1468 3
1469 3
1470 3
1471 3
1472 3
1473 3
1474 3
1475 3
1476 3
1477 3
1478 3
1479 3
1480 3
1481 3
1482 3
1483 3
1484 3
1485 3
1486 3
1487 3
1488 3
1489 3
1490 3
1491 3
1492 3
1493 3
1494 3
1495 3
1496 3
1497 3
1498 3
1499 3
1500 3
1501 3
1502 3
1503 3
1504 3
1505 3
1506 3
1507 3
1508 3
1509 3
1510 3
1511 3
1512 3
1513 3
1514 3
1515 3
1516 3
1517 3
1518 3
1519 3
1520 3
1521 3
1522 3
1523 3
1524 3
1525 3
1526 3
1527 3
1528 3
1529 3
1530 3
1531 3
1532 3
1533 3
1534 3
1535 3
1536 3
1537 3
1538 3
1539 3
1540 3
1541 3
1542 3
1543 3
1544 3
1545 3
1546 3
1547 3
1548 3
1549 3
1550 3
1551 3
1552 3
1553 3
1554 3
1555 3
1556 3
1557 3
1558 3
1559 3
1560 3
1561 3
1562 3
1563 3
1564 3
1565 3
1566 3
1567 3
1568 3
1569 3
1570 3
1571 3
1572 3
1573 3
1574 3
1575 3
1576 3
1577 3
1578 3
1579 3
1580 3
1581 3
1582 3
1583 3
1584 3
1585 3
1586 3
1587 3
1588 3
1589 3
1590 3
1591 3
1592 3
1593 3
1594 3
1595 3
1596 3
1597 3
1598 3
1599 3
1600 3
1601 3
1602 3
1603 3
1604 3
1605 3
1606 3
1607 3
1608 3
1609 3
1610 3
1611 3
1612 3
1613 3
1614 3
1615 3
1616 3
1617 3
1618 3
1619 3
1620 3
1621 3
1622 3
1623 3
1624 3
1625 3
1626 3
1627 3
1628 3
1629 3
1630 3
1631 3
1632 3
1633 3
1634 3
1635 3
1636 3
1637 3
1638 3
1639 3
1640 3
1641 3
1642 3
1643 3
1644 3
1645 3
1646 3
1647 3
1648 3
1649 3
1650 3
1651 3
1652 3
1653 3
1654 3
1655 3
1656 3
1657 3
1658 3
1659 3
1660 3
1661 3
1662 3
1663 3
1664 3
1665 3
1666 3
1667 3
1668 3
1669 3
1670 3
1671 3
1672 3
1673 3
1674 3
1675 3
1676 3
1677 3
1678 3
1679 3
1680 3
1681 3
1682 3
1683 3
1684 3
1685 3
1686 3
1687 3
1688 3
1689 3
1690 3
1691 3
1692 3
1693 3
1694 3
1695 3
1696 3
1697 3
1698 3
1699 3
1700 3
1701 3
1702 3
1703 3
1704 3
1705 3
1706 3
1707 3
1708 3
1709 3
1710 3
1711 3
1712 3
1713 3
1714 3
1715 3
1716 3
1717 3
1718 3
1719 3
1720 3
1721 3
1722 3
1723 3
1724 3
1725 3
1726 3
1727 3
1728 3
1729 3
1730 3
1731 3
1732 3
1733 3
1734 3
1735 3
1736 3
1737 3
1738 3
1739 3
1740 3
1741 3
1742 3
1743 3
1744 3
1745 3
1746 3
1747 3
1748 3
1749 3
1750 3
1751 3
1752 3
1753 3
1754 3
1755 3
1756 3
1757 3
1758 3
1759 3
1760 3
1761 3
1762 3
1763 3
1764 3
1765 3
1766 3
1767 3
1768 3
1769 3
1770 3
1771 3
1772 3
1773 3
1774 3
1775 3
1776 3
1777 3
1778 3
1779 3
1780 3
1781 3
1782 3
1783 3
1784 3
1785 3
1786 3
1787 3
1788 3
1789 3
1790 3
1791 3
1792 3
1793 3
1794 3
1795 3
1796 3
1797 3
1798 3
1799 3
1800 3
1801 3
1802 3
1803 3
1804 3
1805 3
1806 3
1807 3
1808 3
1809 3
1810 3
1811 3
1812 3
1813 3
1814 3
1815 3
1816 3
1817 3
1818 3
1819 3
1820 3
1821 3
1822 3
1823 3
1824 3
1825 3
1826 3
1827 3
1828 3
1829 3
1830 3
1831 3
1832 3
1833 3
1834 3
1835 3
1836 3
1837 3
1838 3
1839 3
1840 3
1841 3
1842 3
1843 3
1844 3
1845 3
1846 3
1847 3
1848 3
1849 3
1850 3
1851 3
1852 3
1853 3
1854 3
1855 3
1856 3
1857 3
1858 3
1859 3
1860 3
1861 3
1862 3
1863 3
1864 3
1865 3
1866 3
1867 3
1868 3
1869 3
1870 3
1871 3
1872 3
1873 3
1874 3
1875 3
1876 3
1877 3
1878 3
1879 3
1880 3
1881 3
1882 3
1883 3
1884 3
1885 3
1886 3
1887 3
1888 3
1889 3
1890 3
1891 3
1892 3
1893 3
1894 3
1895 3
1896 3
1897 3
1898 3
1899 3
1900 3
1901 3
1902 3
1903 3
1904 3
1905 3
1906 3
1907 3
1908 3
1909 3
1910 3
1911 3
1912 3
1913 3
1914 3
1915 3
1916 3
1917 3
1918 3
1919 3
1920 3
1921 3
1922 3
1923 3
1924 3
1925 3
1926 3
1927 3
1928 3
1929 3
1930 3
1931 3
1932 3
1933 3
1934 3
1935 3
1936 3
1937 3
1938 3
1939 3
1940 3
1941 3
1942 3
1943 3
1944 3
1945 3
1946 3
1947 3
1948 3
1949 3
1950 3
1951 3
1952 3
1953 3
1954 3
1955 3
1956 3
1957 3
1958 3
1959 3
1960 3
1961 3
1962 3
1963 3
1964 3
1965 3
1966 3
1967 3
1968 3
1969 3
1970 3
1971 3
1972 3
1973 3
1974 3
1975 3
1976 3
1977 3
1978 3
1979 3
1980 3
1981 3
1982 3
1983 3
1984 3
1985 3
1986 3
1987 3
1988 3
1989 3
1990 3
1991 3
1992 3
1993 3
1994 3
1995 3
1996 3
1997 3
1998 3
1999 3
2000 3
2001 3
2002 3
2003 3
2004 3
2005 3
2006 3
2007 3
2008 3
2009 3
2010 3
2011 3
2012 3
2013 3
2014 3
2015 3
2016 3
2017 3
2018 3
2019 3
2020 3
2021 3
2022 3
2023 3
2024 3
2025 3
2026 3
2027 3
2028 3
2029 3
2030 3
2031 3
2032 3
2033 3
2034 3
2035 3
2036 3
2037 3
2038 3
2039 3
2040 3
2041 3
2042 3
2043 3
2044 3
2045 3
2046 3
2047 3
2048 3
2049 3
2050 3
2051 3
2052 3
2053 3
2054 3
2055 3
2056 3
2057 3
2058 3
2059 3
2060 3
2061 3
2062 3
2063 3
2064 3
2065 3
2066 3
2067 3
2068 3
2069 3
2070 3
2071 3
2072 3
2073 3
2074 3
2075 3
2076 3
2077 3
2078 3
2079 3
2080 3
2081 3
2082 3
2083 3
2084 3
2085 3
2086 3
2087 3
2088 3
2089 3
2090 3
2091 3
2092 3
2093 3
2094 3
2095 3
2096 3
2097 3
2098 3
2099 3
2100 3
2101 3
2102 3
2103 3
2104 3
2105 3
2106 3
2107 3
2108 3
2109 3
2110 3
2111 3
2112 3
2113 3
2114 3
2115 3
2116 3
2117 3
2118 3
2119 3
2120 3
2121 3
2122 3
2123 3
2124 3
2125 3
2126 3
2127 3
2128 3
2129 3
2130 3
2131 3
2132 3
2133 3
2134 3
2135 3
2136 3
2137 3
2138 3
2139 3
2140 3
2141 3
2142 3
2143 3
2144 3
2145 3
2146 3
2147 3
2148 3
2149 3
2150 3
2151 3
2152 3
2153 3
2154 3
2155 3
2156 3
2157 3
2158 3
2159 3
2160 3
2161 3
2162 3
2163 3
2164 3
2165 3
2166 3
2167 3
2168 3
2169 3
2170 3
2171 3
2172 3
2173 3
2174 3
2175 3
2176 3
2177 3
2178 3
2179 3
2180 3
2181 3
2182 3
2183 3
2184 3
2185 3
2186 3
2187 3
2188 3
2189 3
2190 3
2191 3
2192 3
2193 3
2194 3
2195 3
2196 3
2197 3
2198 3
2199 3
2200 3
2201 3
2202 3
2203 3
2204 3
2205 3
2206 3
2207 3
2208 3
2209 3
2210 3
2211 3
2212 3
2213 3
2214 3
2215 3
2216 3
2217 3
2218 3
2219 3
2220 3
2221 3
2222 3
2223 3
2224 3
2225 3
2226 3
2227 3
2228 3
2229 3
2230 3
2231 3
2232 3
2233 3
2234 3
2235 3
2236 3
2237 3
2238 3
2239 3
2240 3
2241 3
2242 3
2243 3
2244 3
2245 3
2246 3
2247 3
2248 3
2249 3
2250 3
2251 3
2252 3
2253 3
2254 3
2255 3
2256 3
2257 3
2258 3
2259 3
2260 3
2261 3
2262 3
2263 3
2264 3
2265 3
2266 3
2267 3
2268 3
2269 3
2270 3
2271 3
2272 3
2273 3
2274 3
2275 3
2276 3
2277 3
2278 3
2279 3
2280 3
2281 3
2282 3
2283 3
2284 3
2285 3
2286 3
2287 3
2288 3
2289 3
2290 3
2291 3
2292 3
2293 3
2294 3
2295 3
2296 3
2297 3
2298 3
2299 3
2300 3
2301 3
2302 3
2303 3
2304 3
2305 3
2306 3
2307 3
2308 3
2309 3
2310 3
2311 3
2312 3
2313 3
2314 3
2315 3
2316 3
2317 3
2318 3
2319 3
2320 3
2321 3
2322 3
2323 3
2324 3
2325 3
2326 3
2327 3
2328 3
2329 3
2330 3
2331 3
2332 3
2333 3
2334 3
2335 3
2336 3
2337 3
2338 3
2339 3
2340 3
2341 3
2342 3
2343 3
2344 3
2345 3
2346 3
2347 3
2348 3
2349 3
2350 3
2351 3
2352 3
2353 3
2354 3
2355 3
2356 3
2357 3
2358 3
2359 3
2360 3
2361 3
2362 3
2363 3
2364 3
2365 3
2366 3
2367 3
2368 3
2369 3
2370 3
2371 3
2372 3
2373 3
2374 3
2375 3
2376 3
2377 3
2378 3
2379 3
2380 3
2381 3
2382 3
2383 3
2384 3
2385 3
2386 3
2387 3
2388 3
2389 3
2390 3
2391 3
2392 3
2393 3
2394 3
2395 3
2396 3
2397 3
2398 3
2399 3
2400 3
2401 3
2402 3
2403 3
2404 3
2405 3
2406 3
2407 3
2408 3
2409 3
2410 3
2411 3
2412 3
2413 3
2414 3
2415 3
2416 3
2417 3
2418 3
2419 3
2420 3
2421 3
2422 3
2423 3
2424 3
2425 3
2426 3
2427 3
2428 3
2429 3
2430 3
2431 3
2432 3
2433 3
2434 3
2435 3
2436 3
2437 3
2438 3
2439 3
2440 3
2441 3
2442 3
2443 3
2444 3
2445 3
2446 3
2447 3
2448 3
2449 3
2450 3
2451 3
2452 3
2453 3
2454 3
2455 3
2456 3
2457 3
2458 3
2459 3
2460 3
2461 3
2462 3
2463 3
2464 3
2465 3
2466 3
2467 3
2468 3
2469 3
2470 3
2471 3
2472 3
2473 3
2474 3
2475 3
2476 3
2477 3
2478 3
2479 3
2480 3
2481 3
2482 3
2483 3
2484 3
2485 3
2486 3
2487 3
2488 3
2489 3
2490 3
2491 3
2492 3
2493 3
2494 3
2495 3
2496 3
2497 3
2498 3
2499 3
2500 3
2501 3
2502 3
2503 3
2504 3
2505 3
2506 3
2507 3
2508 3
2509 3
2510 3
2511 3
2512 3
2513 3
2514 3
2515 3
2516 3
2517 3
2518 3
2519 3
2520 3
2521 3
2522 3
2523 3
2524 3
2525 3
2526 3
2527 3
2528 3
2529 3
2530 3
2531 3
2532 3
2533 3
2534 3
2535 3
2536 3
2537 3
2538 3
2539 3
2540 3
2541 3
2542 3
2543 3
2544 3
2545 3
2546 3
2547 3
2548 3
2549 3
2550 3
2551 3
2552 3
2553 3
2554 3
2555 3
2556 3
2557 3
2558 3
2559 3
2560 3
2561 3
2562 3
2563 3
2564 3
2565 3
2566 3
2567 3
2568 3
2569 3
2570 3
2571 3
2572 3
2573 3
2574 3
2575 3
2576 3
2577 3
2578 3
2579 3
2580 3
2581 3
2582 3
2583 3
2584 3
2585 3
2586 3
2587 3
2588 3
2589 3
2590 3
2591 3
2592 3
2593 3
2594 3
2595 3
2596 3
2597 3
2598 3
2599 3
2600 3
2601 3
2602 3
2603 3
2604 3
2605 3
2606 3
2607 3
2608 3
2609 3
2610 3
2611 3
2612 3
2613 3
2614 3
2615 3
2616 3
2617 3
2618 3
2619 3
2620 3
2621 3
2622 3
2623 3
2624 3
2625 3
2626 3
2627 3
2628 3
2629 3
2630 3
2631 3
2632 3
2633 3
2634 3
2635 3
2636 3
2637 3
2638 3
2639 3
2640 3
2641 3
2642 3
2643 3
2644 3
2645 3
2646 3
2647 3
2648 3
2649 3
2650 3
2651 3
2652 3
2653 3
2654 3
2655 3
2656 3
2657 3
2658 3
2659 3
2660 3
2661 3
2662 3
2663 3
2664 3
2665 3
2666 3
2667 3
2668 3
2669 3
2670 3
2671 3
2672 3
2673 3
2674 3
2675 3
2676 3
2677 3
2678 3
2679 3
2680 3
2681 3
2682 3
2683 3
2684 3
2685 3
2686 3
2687 3
2688 3
2689 3
2690 3
2691 3
2692 3
2693 3
2694 3
2695 3
2696 3
2697 3
2698 3
2699 3
2700 3
2701 3
2702 3
2703 3
2704 3
2705 3
2706 3
2707 3
2708 3
2709 3
2710 3
2711 3
2712 3
2713 3
2714 3
2715 3
2716 3
2717 3
2718 3
2719 3
2720 3
2721 3
2722 3
2723 3
2724 3
2725 3
2726 3
2727 3
2728 3
2729 3
2730 3
2731 3
2732 3
2733 3
2734 3
2735 3
2736 3
2737 3
2738 3
2739 3
2740 3
2741 3
2742 3
2743 3
2744 3
2745 3
2746 3
2747 3
2748 3
2749 3
2750 3
2751 3
2752 3
2753 3
2754 3
2755 3
2756 3
2757 3
2758 3
2759 3
2760 3
2761 3
2762 3
2763 3
2764 3
2765 3
2766 3
2767 3
2768 3
2769 3
2770 3
2771 3
2772 3
2773 3
2774 3
2775 3
2776 3
2777 3
2778 3
2779 3
2780 3
2781 3
2782 3
2783 3
2784 3
2785 3
2786 3
2787 3
2788 3
2789 3
2790 3
2791 3
2792 3
2793 3
2794 3
2795 3
2796 3
2797 3
2798 3
2799 3
2800 3
2801 3
2802 3
2803 3
2804 3
2805 3
2806 3
2807 3
2808 3
2809 3
2810 3
2811 3
2812 3
2813 3
2814 3
2815 3
2816 3
2817 3
2818 3
2819 3
2820 3
2821 3
2822 3
2823 3
2824 3
2825 3
2826 3
2827 3
2828 3
2829 3
2830 3
2831 3
2832 3
2833 3
2834 3
2835 3
2836 3
2837 3
2838 3
2839 3
2840 3
2841 3
2842 3
2843 3
2844 3
2845 3
2846 3
2847 3
2848 3
2849 3
2850 3
2851 3
2852 3
2853 3
2854 3
2855 3
2856 3
2857 3
2858 3
2859 3
2860 3
2861 3
2862 3
2863 3
2864 3
2865 3
2866 3
2867 3
2868 3
2869 3
2870 3
2871 3
2872 3
2873 3
2874 3
2875 3
2876 3
2877 3
2878 3
2879 3
2880 3
2881 3
2882 3
2883 3
2884 3
2885 3
2886 3
2887 3
2888 3
2889 3
2890 3
2891 3
2892 3
2893 3
2894 3
2895 3
2896 3
2897 3
2898 3
2899 3
2900 3
2901 3
2902 3
2903 3
2904 3
2905 3
2906 3
2907 3
2908 3
2909 3
2910 3
2911 3
2912 3
2913 3
2914 3
2915 3
2916 3
2917 3
2918 3
2919 3
2920 3
2921 3
2922 3
2923 3
2924 3
2925 3
2926 3
2927 3
2928 3
2929 3
2930 3
2931 3
2932 3
2933 3
2934 3
2935 3
2936 3
2937 3
2938 3
2939 3
2940 3
2941 3
2942 3
2943 3
2944 3
2945 3
2946 3
2947 3
2948 3
2949 3
2950 3
2951 3
2952 3
2953 3
2954 3
2955 3
2956 3
2957 3
2958 3
2959 3
2960 3
2961 3
2962 3
2963 3
2964 3
2965 3
2966 3
2967 3
2968 3
2969 3
2970 3
2971 3
2972 3
2973 3
2974 3
2975 3
2976 3
2977 3
2978 3
2979 3
2980 3
2981 3
2982 3
2983 3
2984 3
2985 3
2986 3
2987 3
2988 3
2989 3
2990 3
2991 3
2992 3
2993 3
2994 3
2995 3
2996 3
2997 3
2998 3
2999 3
3000 3
3001 3
3002 3
3003 3
3004 3
3005 3
3006 3
3007 3
3008 3
3009 3
3010 3
3011 3
3012 3
3013 3
3014 3
3015 3
3016 3
3017 3
3018 3
3019 3
3020 3
3021 3
3022 3
3023 3
3024 3
3025 3
3026 3
3027 3
3028 3
3029 3
3030 3
3031 3
3032 3
3033 3
3034 3
3035 3
3036 3
3037 3
3038 3
3039 3
3040 3
3041 3
3042 3
3043 3
3044 3
3045 3
3046 3
3047 3
3048 3
3049 3
3050 3
3051 3
3052 3
3053 3
3054 3
3055 3
3056 3
3057 3
3058 3
3059 3
3060 3
3061 3
3062 3
3063 3
3064 3
3065 3
3066 3
3067 3
3068 3
3069 3
3070 3
3071 3
3072 3
3073 3
3074 3
3075 3
3076 3
3077 3
3078 3
3079 3
3080 3
3081 3
3082 3
3083 3
3084 3
3085 3
3086 3
3087 3
3088 3
3089 3
3090 3
3091 3
3092 3
3093 3
3094 3
3095 3
3096 3
3097 3
3098 3
3099 3
3100 3
3101 3
3102 3
3103 3
3104 3
3105 3
3106 3
3107 3
3108 3
3109 3
3110 3
3111 3
3112 3
3113 3
3114 3
3115 3
3116 3
3117 3
3118 3
3119 3
3120 3
3121 3
3122 3
3123 3
3124 3
3125 3
3126 3
3127 3
3128 3
3129 3
3130 3
3131 3
3132 3
3133 3
3134 3
3135 3
3136 3
3137 3
3138 3
3139 3
3140 3
3141 3
3142 3
3143 3
3144 3
3145 3
3146 3
3147 3
3148 3
3149 3
3150 3
3151 3
3152 3
3153 3
3154 3
3155 3
3156 3
3157 3
3158 3
3159 3
3160 3
3161 3
3162 3
3163 3
3164 3
3165 3
3166 3
3167 3
3168 3
3169 3
3170 3
3171 3
3172 3
3173 3
3174 3
3175 3
3176 3
3177 3
3178 3
3179 3
3180 3
3181 3
3182 3
3183 3
3184 3
3185 3
3186 3
3187 3
3188 3
3189 3
3190 3
3191 3
3192 3
3193 3
3194 3
3195 3
3196 3
3197 3
3198 3
3199 3
3200 3
3201 3
3202 3
3203 3
3204 3
3205 3
3206 3
3207 3
3208 3
3209 3
3210 3
3211 3
3212 3
3213 3
3214 3
3215 3
3216 3
3217 3
3218 3
3219 3
3220 3
3221 3
3222 3
3223 3
3224 3
3225 3
3226 3
3227 3
3228 3
3229 3
3230 3
3231 3
3232 3
3233 3
3234 3
3235 3
3236 3
3237 3
3238 3
3239 3
3240 3
3241 3
3242 3
3243 3
3244 3
3245 3
3246 3
3247 3
3248 3
3249 3
3250 3
3251 3
3252 3
3253 3
3254 3
3255 3
3256 3
3257 3
3258 3
3259 3
3260 3
3261 3
3262 3
3263 3
3264 3
3265 3
3266 3
3267 3
3268 3
3269 3
3270 3
3271 3
3272 3
3273 3
3274 3
3275 3
3276 3
3277 3
3278 3
3279 3
3280 3
3281 3
3282 3
3283 3
3284 3
3285 3
3286 3
3287 3
3288 3
3289 3
3290 3
3291 3
3292 3
3293 3
3294 3
3295 3
3296 3
3297 3
3298 3
3299 3
3300 3
3301 3
3302 3
3303 3
3304 3
3305 3
3306 3
3307 3
3308 3
3309 3
3310 3
3311 3
3312 3
$EndElementData
